Gymnast,Meet,Team,Bars,Beam,Floor,Vault,Day_of_Week,Day,Month,Year
Aleah Radojevich,28967,UW-Oshkosh,,,9.475,,Friday,5,1,2024
Amaya McConkay,28967,UW-Oshkosh,9.45,,,9.65,Friday,5,1,2024
Anna Beaudry,28967,Hamline,8.8,,,,Friday,5,1,2024
Anna Johnson,28967,Hamline,,7.575,,9.2,Friday,5,1,2024
Anna Zoromski,28967,UW-Oshkosh,9.45,9.6,,9.625,Friday,5,1,2024
Annelise Smaby,28967,Hamline,8.075,,,,Friday,5,1,2024
Brianna Weikel,28967,Hamline,7.625,9.475,9.3,,Friday,5,1,2024
Brooke Reardon,28967,Hamline,,8.425,,8.45,Friday,5,1,2024
Caledonia Norton,28967,Hamline,5.85,,,,Friday,5,1,2024
Catelyn Zack,28967,Hamline,,,8.975,8.3,Friday,5,1,2024
Delaney Cienkus,28967,UW-Oshkosh,,9.575,9.525,,Friday,5,1,2024
Emily Buffington,28967,UW-Oshkosh,,9.25,9.6,8.95,Friday,5,1,2024
Jay Ratkowski,28967,UW-Oshkosh,,,9.5,,Friday,5,1,2024
Julia Cheely,28967,Hamline,9.275,9.2,,9.525,Friday,5,1,2024
Kaitlyn Morgan,28967,Hamline,,7.625,,,Friday,5,1,2024
Kaylie Berens,28967,UW-Oshkosh,9.425,9.0,,,Friday,5,1,2024
Laurel Raymond,28967,Hamline,,,9.2,9.325,Friday,5,1,2024
Lily Ramsdell,28967,Hamline,8.775,,,,Friday,5,1,2024
Liz Romano,28967,UW-Oshkosh,,9.45,,,Friday,5,1,2024
Lizzie Green,28967,Hamline,,7.65,8.875,,Friday,5,1,2024
Lydia Hayden,28967,UW-Oshkosh,9.375,9.55,,,Friday,5,1,2024
Meighan White,28967,Hamline,,,9.3,9.225,Friday,5,1,2024
Mia Lucero,28967,UW-Oshkosh,,,9.675,9.725,Friday,5,1,2024
Reanna McGibboney,28967,UW-Oshkosh,9.45,,9.675,9.65,Friday,5,1,2024
Samantha Zeilinger,28967,UW-Oshkosh,9.525,,,9.525,Friday,5,1,2024
Shea Campbell,28967,Hamline,,,9.2,,Friday,5,1,2024
Alisha Werlen,28969,Pennsylvania,9.625,9.65,,,Friday,5,1,2024
Alyssa Kramer,28969,Penn State,,,9.675,,Friday,5,1,2024
Amani Herring,28969,Penn State,,9.8,9.075,,Friday,5,1,2024
Amelia Budd,28969,Temple,,,,9.75,Friday,5,1,2024
Ana Kenefick,28969,Pennsylvania,,9.15,,,Friday,5,1,2024
Angelina Hogan,28969,Temple,9.625,,,,Friday,5,1,2024
Arayah Simons,28969,Pittsburgh,9.825,9.25,,,Friday,5,1,2024
Ashley Maul,28969,Penn State,,9.575,,,Friday,5,1,2024
Ava Piedrahita,28969,Penn State,9.675,9.825,9.625,9.875,Friday,5,1,2024
Bella Salcedo,28969,Penn State,,9.9,9.85,9.8,Friday,5,1,2024
Brooke Donabedian,28969,Temple,,9.55,9.775,,Friday,5,1,2024
Campbell Marr,28969,Pennsylvania,,9.675,,,Friday,5,1,2024
Carla Ferzoco,28969,Pittsburgh,,8.8,,,Friday,5,1,2024
Cassidy Rushlow,28969,Penn State,9.25,,,,Friday,5,1,2024
Ciara Ward,28969,Pittsburgh,,,9.7,9.75,Friday,5,1,2024
Cyrena Whalen,28969,Temple,9.7,,,,Friday,5,1,2024
Elina Vihrova,28969,Penn State,9.125,,9.75,9.75,Friday,5,1,2024
Emily Todd,28969,Pittsburgh,9.8,9.65,9.525,,Friday,5,1,2024
Emma Davies,28969,Pennsylvania,9.75,,9.8,,Friday,5,1,2024
Faith Lerro,28969,Pittsburgh,9.8,,,,Friday,5,1,2024
Haleigh Gibble,28969,Penn State,,9.15,,,Friday,5,1,2024
Hallie Copperwheat,28969,Pittsburgh,,9.65,,,Friday,5,1,2024
Hannah Stallings,28969,Temple,,,9.675,9.675,Friday,5,1,2024
Hannah Weklar,28969,Temple,,,,9.625,Friday,5,1,2024
Isabel Song,28969,Pennsylvania,,,,9.775,Friday,5,1,2024
Jah'Liyah Bedminster,28969,Pittsburgh,9.85,,9.55,9.725,Friday,5,1,2024
Jessica Johanson,28969,Penn State,9.775,,,9.7,Friday,5,1,2024
Jordan Barrow,28969,Pennsylvania,,,,9.625,Friday,5,1,2024
Jordyn Ewing,28969,Pittsburgh,9.825,9.525,9.725,,Friday,5,1,2024
Julie Madso,28969,Pittsburgh,,,,9.4,Friday,5,1,2024
Kalea McElligott,28969,Penn State,9.675,,9.8,9.75,Friday,5,1,2024
Kaylee Larson,28969,Pittsburgh,,,9.675,,Friday,5,1,2024
Kennedy Duke,28969,Pittsburgh,9.675,9.025,9.725,9.725,Friday,5,1,2024
Kiersten Belkoff,28969,Pennsylvania,,9.075,9.75,9.825,Friday,5,1,2024
Lucia Jakab,28969,Pittsburgh,,,,9.55,Friday,5,1,2024
Mackenzie Aresta,28969,Temple,,9.3,,9.725,Friday,5,1,2024
Maddie Johnston,28969,Penn State,9.8,9.75,,9.825,Friday,5,1,2024
Madison Dorunda,28969,Temple,8.9,8.775,9.425,9.75,Friday,5,1,2024
Madisson Elmore,28969,Temple,9.675,,,,Friday,5,1,2024
Marissa Lassiter,28969,Pennsylvania,,,9.65,9.7,Friday,5,1,2024
Megan White,28969,Temple,,8.85,,,Friday,5,1,2024
Olivia Vanhorn,28969,Pennsylvania,,9.325,9.075,,Friday,5,1,2024
Payton Monk,28969,Temple,,,9.825,,Friday,5,1,2024
Reese DeHaan,28969,Temple,9.7,,,,Friday,5,1,2024
Renee Schugman,28969,Temple,,9.7,9.75,9.7,Friday,5,1,2024
Sara Kenefick,28969,Pennsylvania,9.675,,9.525,9.75,Friday,5,1,2024
Sarah Stallings,28969,Temple,9.875,8.95,,,Friday,5,1,2024
Shruthi Anand,28969,Pittsburgh,,,,9.8,Friday,5,1,2024
Skyelar Kerico,28969,Pennsylvania,9.825,9.275,,9.0,Friday,5,1,2024
Sophia Paris,28969,Pennsylvania,9.525,,,,Friday,5,1,2024
Summer Ruskey,28969,Temple,,,9.7,,Friday,5,1,2024
Zara Gazdak,28969,Pennsylvania,9.7,,9.525,,Friday,5,1,2024
Ayzhia Hall,28973,Nebraska,,9.85,,9.825,Friday,5,1,2024
Clara Colombo,28973,Nebraska,9.775,,,,Friday,5,1,2024
Csenge Bacskay,28973,Nebraska,,9.7,9.85,9.65,Friday,5,1,2024
Ella Schell,28973,Iowa State,9.8,,,,Friday,5,1,2024
Emilie Hong,28973,Iowa State,,,,9.625,Friday,5,1,2024
Emma Simpton,28973,Nebraska,9.725,9.775,,,Friday,5,1,2024
Emma Spence,28973,Nebraska,9.875,9.825,9.9,,Friday,5,1,2024
Genesis Gibson,28973,Nebraska,9.6,,,,Friday,5,1,2024
Halle Rourke,28973,Nebraska,,,9.875,,Friday,5,1,2024
Hannah Loyim,28973,Iowa State,9.7,9.825,9.8,9.725,Friday,5,1,2024
Isabel Sikon,28973,Nebraska,,9.725,,9.725,Friday,5,1,2024
Josie Bergstrom-Te Slaa,28973,Iowa State,,,,9.9,Friday,5,1,2024
Kaia Parker,28973,Iowa State,,,9.85,9.8,Friday,5,1,2024
Kinsey Davis,28973,Nebraska,9.875,,,9.775,Friday,5,1,2024
Laura Cooke,28973,Iowa State,9.85,,9.8,,Friday,5,1,2024
Lauren O'Brochta,28973,Iowa State,,9.425,,,Friday,5,1,2024
Lauren Thomas,28973,Iowa State,9.825,9.875,,,Friday,5,1,2024
Loganne Basuel,28973,Iowa State,9.825,,,,Friday,5,1,2024
Lucy Stanhope,28973,Nebraska,,9.725,9.85,9.825,Friday,5,1,2024
Madelyn Manternach,28973,Iowa State,,9.225,9.775,,Friday,5,1,2024
Martina Comin,28973,Nebraska,,,9.875,9.7,Friday,5,1,2024
Noelle Adams,28973,Iowa State,,9.875,9.9,9.85,Friday,5,1,2024
Paige Wills,28973,Iowa State,9.75,,9.75,9.8,Friday,5,1,2024
Rachel Wilke,28973,Iowa State,,9.575,,,Friday,5,1,2024
Whitney Jencks,28973,Nebraska,9.775,,9.8,,Friday,5,1,2024
Abby Paulson,28975,Utah,,9.875,9.825,,Friday,5,1,2024
Adriana Popp,28975,Boise State,,9.7,,9.8,Friday,5,1,2024
Alani Sabado,28975,Utah,9.85,,,,Friday,5,1,2024
Alyssa Vulaj,28975,Boise State,,9.675,9.625,9.775,Friday,5,1,2024
Amelie Morgan,28975,Utah,9.775,9.85,,,Friday,5,1,2024
Ashley Glynn,28975,Utah,,,,9.85,Friday,5,1,2024
Blake Pascal,28975,Boise State,,,9.825,,Friday,5,1,2024
Camie Winger,28975,Utah,,,,9.775,Friday,5,1,2024
Courtney Blackson,28975,Boise State,9.325,,9.875,9.825,Friday,5,1,2024
Elaina McGovern,28975,Boise State,9.175,,9.8,9.7,Friday,5,1,2024
Ella Zirbes,28975,Utah,9.55,,,9.75,Friday,5,1,2024
Emily Lopez,28975,Boise State,9.875,9.7,,9.725,Friday,5,1,2024
Emma Loyim,28975,Boise State,,9.775,9.825,,Friday,5,1,2024
Grace McCallum,28975,Utah,9.925,9.875,9.9,,Friday,5,1,2024
Jaedyn Rucker,28975,Utah,,,9.85,9.875,Friday,5,1,2024
Jaylene Gilstrap,28975,Utah,,9.775,9.875,9.7,Friday,5,1,2024
Kylee Hamby,28975,Boise State,9.775,,,,Friday,5,1,2024
Mahleea Werline,28975,Boise State,9.725,,,,Friday,5,1,2024
Maile O'Keefe,28975,Utah,9.925,10.0,9.95,,Friday,5,1,2024
Makenna Smith,28975,Utah,9.85,9.7,9.875,9.9,Friday,5,1,2024
Sydney Kho,28975,Boise State,,9.675,,9.65,Friday,5,1,2024
Sydney Leitch,28975,Boise State,,9.75,9.35,,Friday,5,1,2024
Victoria Smirnov,28975,Boise State,9.275,,,,Friday,5,1,2024
Aleah Finnegan,28977,LSU,,9.95,9.9,9.875,Friday,5,1,2024
Alexis Hankins,28977,Ohio State,,9.85,,,Friday,5,1,2024
Alexis Jeffrey,28977,LSU,9.9,9.775,,,Friday,5,1,2024
Amari Drayton,28977,LSU,,,9.925,9.925,Friday,5,1,2024
Ashley Cowan,28977,LSU,9.8,,,,Friday,5,1,2024
Ella Hodges,28977,Ohio State,,9.75,9.95,,Friday,5,1,2024
Emma Pritchard,28977,Ohio State,9.775,9.8,,,Friday,5,1,2024
Haleigh Bryant,28977,LSU,9.875,9.925,9.925,9.95,Friday,5,1,2024
Jojo Warga,28977,Ohio State,,7.8,,,Friday,5,1,2024
KJ Johnson,28977,LSU,,,9.85,9.825,Friday,5,1,2024
Kaitlyn Grimes,28977,Ohio State,,,9.8,9.725,Friday,5,1,2024
Kaylyn Mintz,28977,Ohio State,,,9.825,9.825,Friday,5,1,2024
Kiya Johnson,28977,LSU,9.925,9.85,,9.8,Friday,5,1,2024
Konnor McClain,28977,LSU,9.825,8.95,,,Friday,5,1,2024
Nicole Riccardi,28977,Ohio State,9.85,,,9.875,Friday,5,1,2024
Olivia Dunne,28977,LSU,,,9.875,,Friday,5,1,2024
Payton Harris,28977,Ohio State,9.875,9.825,9.875,9.875,Friday,5,1,2024
Samara Buchanan,28977,Ohio State,9.725,,,,Friday,5,1,2024
Savannah Schoenherr,28977,LSU,9.85,,,9.625,Friday,5,1,2024
Sidney Washington,28977,Ohio State,9.775,,9.775,9.875,Friday,5,1,2024
Sierra Ballard,28977,LSU,,9.2,9.9,,Friday,5,1,2024
Tory Vetter,28977,Ohio State,9.85,9.825,9.85,9.85,Friday,5,1,2024
Alivia Ostendorf,28979,Utah State,,9.7,9.8,9.75,Friday,5,1,2024
Amari Evans,28979,Utah State,9.2,,9.025,,Friday,5,1,2024
Amy Wozniak,28979,North Carolina,,,9.775,,Friday,5,1,2024
Angel Stuart,28979,Utah State,,,,9.575,Friday,5,1,2024
Anna Pagliaro,28979,Rutgers,,,,9.575,Friday,5,1,2024
Ashley Szymanski,28979,Ball State,9.825,,,,Friday,5,1,2024
Ava Molina,28979,Ball State,,,9.725,,Friday,5,1,2024
Avery Balser,28979,Rutgers,9.875,,,,Friday,5,1,2024
Avery Bibbey,28979,Utah State,9.7,,,,Friday,5,1,2024
Bella Miller,28979,North Carolina,9.7,,9.05,,Friday,5,1,2024
Brianna Brooks,28979,Utah State,9.8,9.825,9.2,9.75,Friday,5,1,2024
Camryn Rueda,28979,North Carolina,,9.825,9.2,,Friday,5,1,2024
Carissa Martinez,28979,Ball State,,,9.6,9.575,Friday,5,1,2024
Dani Kirstine,28979,Utah State,,9.7,,,Friday,5,1,2024
Elia Aird,28979,Rutgers,9.8,9.775,9.3,9.75,Friday,5,1,2024
Emily Leese,28979,Rutgers,,9.85,9.8,9.775,Friday,5,1,2024
Emily Wood,28979,Rutgers,,,9.15,,Friday,5,1,2024
Gabrielle Dildy,28979,Rutgers,,,9.725,9.85,Friday,5,1,2024
Grace Sumner,28979,Ball State,9.775,9.025,,,Friday,5,1,2024
Gwen Fink,28979,North Carolina,9.8,9.825,,9.8,Friday,5,1,2024
Hallie Thompson,28979,North Carolina,,8.8,,,Friday,5,1,2024
Hannah Ruthberg,28979,Ball State,9.8,9.8,9.775,9.775,Friday,5,1,2024
Harmony Webster,28979,Rutgers,,,9.725,,Friday,5,1,2024
Isabella Vater,28979,Utah State,,9.575,9.675,,Friday,5,1,2024
Isabelle Schaefer,28979,North Carolina,9.875,,,9.775,Friday,5,1,2024
Jackie Manifold,28979,Rutgers,9.15,9.775,,,Friday,5,1,2024
Jamie Shearer,28979,North Carolina,9.675,9.0,,,Friday,5,1,2024
Jenna Eagles,28979,Utah State,,9.475,9.7,9.5,Friday,5,1,2024
Julia Knower,28979,North Carolina,9.675,9.725,9.725,9.775,Friday,5,1,2024
Juliette Boyer,28979,Utah State,9.775,,,,Friday,5,1,2024
Kaya Forbes,28979,North Carolina,,,9.875,9.875,Friday,5,1,2024
Lali Dekanoidze,28979,North Carolina,9.825,,,9.925,Friday,5,1,2024
Lexi Aragon,28979,Utah State,9.675,9.85,,,Friday,5,1,2024
Lindsay Fuller,28979,Ball State,,9.725,,,Friday,5,1,2024
Marley Peterson,28979,Utah State,,,9.475,,Friday,5,1,2024
Matis Rains,28979,Rutgers,,9.175,,,Friday,5,1,2024
Megan Teter,28979,Ball State,9.7,8.925,9.775,9.725,Friday,5,1,2024
Myra Daniels,28979,Rutgers,9.4,,,,Friday,5,1,2024
Nyla Morabito,28979,Utah State,,,,9.8,Friday,5,1,2024
Olivia DiNovi,28979,Rutgers,9.7,,,,Friday,5,1,2024
Paige Prejean,28979,North Carolina,,,,9.65,Friday,5,1,2024
Payton Gatzlaff,28979,Utah State,,,,9.65,Friday,5,1,2024
Rachael Riley,28979,Rutgers,,8.95,,9.725,Friday,5,1,2024
Riley Sorrell,28979,Utah State,9.0,,,,Friday,5,1,2024
Stephanie Zannella,28979,Rutgers,,9.8,9.7,,Friday,5,1,2024
Suki Pfister,28979,Ball State,,,,9.925,Friday,5,1,2024
Taylor Schulze,28979,North Carolina,,9.7,,,Friday,5,1,2024
Valentina Lorente-Garcia,28979,Rutgers,9.075,,,9.75,Friday,5,1,2024
Victoria Henry,28979,Ball State,9.725,9.775,9.9,9.875,Friday,5,1,2024
Zoe Middleton,28979,Ball State,9.7,9.6,9.85,9.85,Friday,5,1,2024
Ady Wahl,28983,Georgia,9.8,9.775,9.825,9.775,Saturday,6,1,2024
Alexis Ortega,28983,North Carolina State,8.8,8.75,9.55,9.65,Saturday,6,1,2024
Amanda Cashman,28983,Georgia,9.2,,9.5,9.8,Saturday,6,1,2024
Anya Turner,28983,Georgia,,9.875,,,Saturday,6,1,2024
Ashley Knight,28983,North Carolina State,,,9.775,9.775,Saturday,6,1,2024
Ashlyn LaClair,28983,Georgia,,,9.8,9.75,Saturday,6,1,2024
Chloe Negrete,28983,North Carolina State,,9.9,9.625,9.875,Saturday,6,1,2024
Emily Shepard,28983,North Carolina State,9.6,9.75,9.85,9.85,Saturday,6,1,2024
Eryn Williams,28983,Georgia,,,9.725,,Saturday,6,1,2024
Ja' Free Scott,28983,Georgia,9.875,9.25,,,Saturday,6,1,2024
Jaydah Battle,28983,Georgia,,9.85,,9.8,Saturday,6,1,2024
Kailee Adomaites,28983,North Carolina State,9.725,,,,Saturday,6,1,2024
Katie Finnegan,28983,Georgia,9.775,,,9.85,Saturday,6,1,2024
Katie Harper,28983,North Carolina State,9.8,,,,Saturday,6,1,2024
Krista Zultevicz,28983,North Carolina State,,,9.75,,Saturday,6,1,2024
Lily Smith,28983,Georgia,9.975,9.75,9.825,,Saturday,6,1,2024
Macy Jennings,28983,North Carolina State,,9.225,,,Saturday,6,1,2024
Maddie Hall,28983,North Carolina State,9.8,9.075,9.7,9.8,Saturday,6,1,2024
Meg Adler,28983,North Carolina State,,9.825,,9.725,Saturday,6,1,2024
Peyton Childs,28983,North Carolina State,9.8,,,,Saturday,6,1,2024
Sidney Fitzgerald,28983,Georgia,9.75,9.85,9.775,,Saturday,6,1,2024
Ailey Kuehn,28985,S.E. Missouri,,9.55,,9.6,Saturday,6,1,2024
Alana Anderson,28985,Northern Illinois,,,9.725,,Saturday,6,1,2024
Allie Berkley,28985,Lindenwood,,,,9.6,Saturday,6,1,2024
Alonna Kratzer,28985,Missouri,,,9.85,,Saturday,6,1,2024
Alyssa Al-Ashari,28985,Northern Illinois,9.775,9.85,,,Saturday,6,1,2024
Amari Celestine,28985,Missouri,,9.875,9.875,9.875,Saturday,6,1,2024
Amaya Marshall,28985,Missouri,9.825,9.725,,,Saturday,6,1,2024
Anna Speller,28985,S.E. Missouri,,9.3,,,Saturday,6,1,2024
Ava Johnston,28985,S.E. Missouri,9.55,,,,Saturday,6,1,2024
Dawsyn Sallee,28985,Northern Illinois,,,9.55,9.775,Saturday,6,1,2024
Ellery Werner,28985,Northern Illinois,,9.575,,,Saturday,6,1,2024
Emmalise Nock,28985,Northern Illinois,9.35,,9.8,9.725,Saturday,6,1,2024
Gayla Griswold,28985,Lindenwood,,9.75,9.875,,Saturday,6,1,2024
Grace Anne Davis,28985,Missouri,,9.9,,9.825,Saturday,6,1,2024
Hannah Appleget,28985,Lindenwood,9.75,9.725,9.375,9.45,Saturday,6,1,2024
Hannah Drielick,28985,Northern Illinois,9.65,,,,Saturday,6,1,2024
Hannah Horton,28985,Missouri,,,9.9,9.875,Saturday,6,1,2024
Hannah Moon,28985,Lindenwood,9.625,9.6,,,Saturday,6,1,2024
Hollyn Patrick,28985,Missouri,9.875,,,,Saturday,6,1,2024
Isabella Ross,28985,Northern Illinois,,9.65,9.775,9.525,Saturday,6,1,2024
Jaidan Kossuth,28985,Lindenwood,9.625,,,8.95,Saturday,6,1,2024
Jaly Jones,28985,Lindenwood,9.775,9.625,9.85,,Saturday,6,1,2024
Janelle Lopez,28985,S.E. Missouri,9.025,,,9.625,Saturday,6,1,2024
Jenna Blair,28985,Northern Illinois,,,9.5,,Saturday,6,1,2024
Jocelyn Moore,28985,Missouri,9.75,,9.975,9.8,Saturday,6,1,2024
Jordan Napolitano,28985,S.E. Missouri,,9.3,9.725,9.65,Saturday,6,1,2024
Kailyn Hamilton,28985,S.E. Missouri,9.675,,9.65,,Saturday,6,1,2024
Kendall George,28985,Northern Illinois,,9.675,,,Saturday,6,1,2024
Kiera O'Shea,28985,Northern Illinois,9.525,,,9.2,Saturday,6,1,2024
Kyra Burns,28985,Missouri,9.8,,,,Saturday,6,1,2024
Lindsay Ockler,28985,S.E. Missouri,9.725,,,9.3,Saturday,6,1,2024
Lydia Webb,28985,S.E. Missouri,9.7,9.775,9.675,9.675,Saturday,6,1,2024
Madison Greene,28985,S.E. Missouri,,9.25,9.825,9.725,Saturday,6,1,2024
Madison Rush,28985,Lindenwood,,8.9,,,Saturday,6,1,2024
Mara Titarsolej,28985,Missouri,9.825,9.825,,,Saturday,6,1,2024
Mikayla Brown,28985,Northern Illinois,9.35,9.0,9.575,,Saturday,6,1,2024
Natalia Kraus,28985,Northern Illinois,9.0,,,9.575,Saturday,6,1,2024
Nya Kraus,28985,Lindenwood,9.775,9.825,9.725,9.4,Saturday,6,1,2024
Rayna Light,28985,Missouri,,,9.8,9.825,Saturday,6,1,2024
Reese Baechle,28985,Lindenwood,9.7,,,9.7,Saturday,6,1,2024
Samantha Nickle,28985,Northern Illinois,,9.7,,9.65,Saturday,6,1,2024
Sienna Schreiber,28985,Missouri,9.85,9.925,9.85,9.775,Saturday,6,1,2024
Simone Evans,28985,Lindenwood,,,9.675,,Saturday,6,1,2024
Sydney Crouch,28985,S.E. Missouri,,,9.4,,Saturday,6,1,2024
Sydney Schaffer,28985,Missouri,,9.8,,,Saturday,6,1,2024
Taylor Ingle,28985,S.E. Missouri,9.55,9.675,9.825,,Saturday,6,1,2024
Trinity Caffey,28985,Lindenwood,,,9.775,9.8,Saturday,6,1,2024
Abby Brushwood,28989,Eastern Michigan,,,9.325,9.775,Sunday,7,1,2024
Abby Singh,28989,Western Michigan,9.7,9.425,,9.725,Sunday,7,1,2024
Alana Fisher,28989,Eastern Michigan,,,9.65,9.65,Sunday,7,1,2024
Ally Schaupp,28989,Western Michigan,,,9.775,,Sunday,7,1,2024
Amanda Gruber,28989,Western Michigan,,9.8,9.725,,Sunday,7,1,2024
Cassie Bergin,28989,Eastern Michigan,,9.725,,,Sunday,7,1,2024
Cassie St. Clair,28989,Western Michigan,,,9.9,9.875,Sunday,7,1,2024
Dani Petrousek,28989,Western Michigan,9.65,,,,Sunday,7,1,2024
DonnaKathryn Roy,28989,Western Michigan,9.75,,9.825,,Sunday,7,1,2024
Ella Chemotti,28989,Eastern Michigan,9.0,9.925,9.7,,Sunday,7,1,2024
Emily Krzciok,28989,Western Michigan,,8.5,,,Sunday,7,1,2024
Genae Daniel,28989,Eastern Michigan,,,,9.825,Sunday,7,1,2024
Gwendelyn Cantu,28989,Eastern Michigan,,,,9.55,Sunday,7,1,2024
Hannah Milton,28989,Western Michigan,,9.75,,9.675,Sunday,7,1,2024
Jacquelyn Patterson,28989,Eastern Michigan,,9.15,,9.575,Sunday,7,1,2024
Jordan Jankowski,28989,Eastern Michigan,8.175,,,,Sunday,7,1,2024
Josephine Thomas,28989,Western Michigan,,,,9.825,Sunday,7,1,2024
Kyrie Lowe,28989,Eastern Michigan,9.85,9.725,9.75,,Sunday,7,1,2024
Molly Parris,28989,Eastern Michigan,9.6,,,,Sunday,7,1,2024
Payton Murphy,28989,Western Michigan,9.175,9.625,9.75,9.775,Sunday,7,1,2024
Priya Karle,28989,Eastern Michigan,,,9.5,,Sunday,7,1,2024
Raisa Boris,28989,Eastern Michigan,9.825,9.825,9.9,9.875,Sunday,7,1,2024
Reese Samuelson,28989,Western Michigan,8.75,,,,Sunday,7,1,2024
Sarah Moravansky,28989,Western Michigan,9.7,9.7,9.725,9.85,Sunday,7,1,2024
Trinity Macy,28989,Eastern Michigan,9.75,8.9,,,Sunday,7,1,2024
Alana Laster,28991,Illinois State,,,,9.8,Sunday,7,1,2024
Angelica Labat,28991,Illinois State,9.8,9.2,9.8,9.875,Sunday,7,1,2024
Charniya Brown,28991,Bowling Green,8.7,,,9.8,Sunday,7,1,2024
Elise Brzoska,28991,Bowling Green,,9.725,9.05,,Sunday,7,1,2024
Emily Castiglia,28991,Bowling Green,,9.65,9.25,,Sunday,7,1,2024
Isabella Rivelli,28991,Bowling Green,9.825,,,,Sunday,7,1,2024
Jaye Mack,28991,Illinois State,,,9.9,9.875,Sunday,7,1,2024
Julia Heiner,28991,Illinois State,9.8,,,,Sunday,7,1,2024
Kaitlyn Donovan,28991,Illinois State,,,9.825,9.6,Sunday,7,1,2024
Kathryn Weilbacher,28991,Bowling Green,9.75,9.8,9.875,9.8,Sunday,7,1,2024
Keira Thornton,28991,Bowling Green,9.65,,8.9,9.575,Sunday,7,1,2024
Leah Davis,28991,Illinois State,,9.85,,,Sunday,7,1,2024
Love Akpan,28991,Bowling Green,9.725,8.4,9.575,9.675,Sunday,7,1,2024
Madison Coburn,28991,Bowling Green,,,9.575,9.025,Sunday,7,1,2024
Madison Kipp,28991,Illinois State,9.775,9.775,,,Sunday,7,1,2024
Megan Bingham,28991,Bowling Green,9.625,9.75,,9.75,Sunday,7,1,2024
Mya Robinson,28991,Illinois State,,9.85,9.6,9.775,Sunday,7,1,2024
Nadia Parente,28991,Bowling Green,,9.55,,,Sunday,7,1,2024
Nirel Bart-Williams,28991,Illinois State,9.6,9.9,9.825,9.7,Sunday,7,1,2024
Reese Grolla,28991,Illinois State,9.75,9.8,,,Sunday,7,1,2024
Sara Wabi,28991,Illinois State,9.25,,9.675,,Sunday,7,1,2024
Amelia Moneymaker,28993,UC Davis,9.875,9.75,9.875,9.725,Sunday,7,1,2024
Anna Holtan,28993,UC Davis,,,9.775,,Sunday,7,1,2024
Athena Jones,28993,Sacramento State,,9.1,9.75,,Sunday,7,1,2024
Ava Scafani,28993,UC Davis,9.8,9.075,,,Sunday,7,1,2024
Ayumi Oshiro,28993,UC Davis,9.725,9.725,,9.525,Sunday,7,1,2024
Bella Lahmidi,28993,Sacramento State,9.65,,,,Sunday,7,1,2024
Emma Morgenthaler,28993,Sacramento State,9.475,9.7,9.8,9.7,Sunday,7,1,2024
Emma Otsu,28993,UC Davis,9.525,9.825,9.8,9.825,Sunday,7,1,2024
Grace Gilman,28993,Sacramento State,,8.35,9.725,9.725,Sunday,7,1,2024
Jadyn Wakita,28993,UC Davis,9.575,,,9.5,Sunday,7,1,2024
Jillianne Lastra,28993,Sacramento State,9.7,,,,Sunday,7,1,2024
Kara Houghton,28993,Sacramento State,9.7,9.725,,,Sunday,7,1,2024
Keanna Abraham,28993,UC Davis,,9.625,9.9,9.825,Sunday,7,1,2024
Marisa Laird,28993,UC Davis,7.4,,,,Sunday,7,1,2024
Megan Ray,28993,UC Davis,,9.65,9.875,9.675,Sunday,7,1,2024
Nandhini Senthil,28993,UC Davis,,,9.725,,Sunday,7,1,2024
Rose Wilson,28993,Sacramento State,,,,9.775,Sunday,7,1,2024
Rylin Zimmerman,28993,Sacramento State,,9.65,9.75,9.775,Sunday,7,1,2024
Sarah Fitzgerald,28993,Sacramento State,8.4,,,,Sunday,7,1,2024
Sarah Lutrel,28993,Sacramento State,9.6,9.25,9.75,9.775,Sunday,7,1,2024
Simone Dumas-Guzman,28993,Sacramento State,,,9.775,8.85,Sunday,7,1,2024
Abbie Pierson,28995,West Virginia,9.65,9.05,9.775,9.725,Sunday,7,1,2024
Amber Lowe,28995,West Virginia,9.725,9.75,9.6,,Sunday,7,1,2024
Angelina Hogan,28995,Temple,9.425,,,,Sunday,7,1,2024
Brooke Alban,28995,West Virginia,9.7,,9.75,9.725,Sunday,7,1,2024
Brooke Donabedian,28995,Temple,,9.75,9.825,,Sunday,7,1,2024
Carlee Nelson,28995,West Virginia,,9.575,5.25,9.75,Sunday,7,1,2024
Cyrena Whalen,28995,Temple,9.05,,,,Sunday,7,1,2024
Emma Wehry,28995,West Virginia,9.825,9.775,,9.7,Sunday,7,1,2024
Hannah Stallings,28995,Temple,,,9.65,8.7,Sunday,7,1,2024
Hannah Weklar,28995,Temple,8.875,,,9.575,Sunday,7,1,2024
Jayden McDonnell,28995,West Virginia,9.675,,,,Sunday,7,1,2024
Julia Brown,28995,West Virginia,,8.925,,,Sunday,7,1,2024
Jurnee Lane,28995,West Virginia,,,9.775,,Sunday,7,1,2024
Kiana Lewis,28995,West Virginia,,,9.575,9.75,Sunday,7,1,2024
Mackenzie Aresta,28995,Temple,,8.95,,9.5,Sunday,7,1,2024
Madison Dorunda,28995,Temple,,9.775,9.75,9.775,Sunday,7,1,2024
Madisson Elmore,28995,Temple,9.35,,,,Sunday,7,1,2024
Megan White,28995,Temple,,8.975,,,Sunday,7,1,2024
Miranda Smith,28995,West Virginia,9.75,9.8,,,Sunday,7,1,2024
Payton Monk,28995,Temple,,,9.775,,Sunday,7,1,2024
Reese DeHaan,28995,Temple,9.45,,,,Sunday,7,1,2024
Renee Schugman,28995,Temple,,9.8,9.025,9.675,Sunday,7,1,2024
Sarah Stallings,28995,Temple,9.8,9.75,,,Sunday,7,1,2024
Sierra Muns,28995,West Virginia,,,,9.75,Sunday,7,1,2024
Summer Ruskey,28995,Temple,,,9.65,9.6,Sunday,7,1,2024
Adriana Bustelo,28997,Central Michigan,,9.825,,,Monday,8,1,2024
Alex Theodorou,28997,Arizona State,,,8.325,9.825,Monday,8,1,2024
Amber Mueller,28997,Central Michigan,,9.625,8.9,,Monday,8,1,2024
Anaya Smith,28997,Arizona State,,,,9.85,Monday,8,1,2024
Ashley Veglucci,28997,Central Michigan,9.775,9.1,9.85,,Monday,8,1,2024
Cassi Barbanente,28997,Arizona State,9.875,,,,Monday,8,1,2024
Cienna Samiley,28997,Arizona State,9.7,,,,Monday,8,1,2024
Elizabeth Cesarone,28997,Central Michigan,,,9.775,9.75,Monday,8,1,2024
Emily White,28997,Arizona State,9.825,9.8,9.025,,Monday,8,1,2024
Gabrielle Johnson,28997,Central Michigan,9.25,,,,Monday,8,1,2024
Gracie Reeves,28997,Arizona State,9.825,9.8,,9.225,Monday,8,1,2024
Halle Gregoire,28997,Arizona State,,,,9.775,Monday,8,1,2024
Hallie Hornbacher,28997,Central Michigan,,,9.85,9.8,Monday,8,1,2024
Hannah Scharf,28997,Arizona State,,9.85,9.875,9.85,Monday,8,1,2024
Jada Mangahas,28997,Arizona State,9.85,,9.85,9.825,Monday,8,1,2024
Jenna Germond,28997,Central Michigan,9.775,,,9.75,Monday,8,1,2024
Karina Lankamer,28997,Central Michigan,,9.825,,,Monday,8,1,2024
Kayla Lee,28997,Arizona State,,9.725,,,Monday,8,1,2024
Kimberly Smith,28997,Arizona State,,9.775,9.825,,Monday,8,1,2024
Lia Kmieciak,28997,Central Michigan,9.9,,,9.825,Monday,8,1,2024
Lilia Purler,28997,Arizona State,,,9.75,,Monday,8,1,2024
Luciana Alvarado-Reid,28997,Central Michigan,9.85,9.35,9.85,9.825,Monday,8,1,2024
Quinn Skrupa,28997,Central Michigan,,9.775,9.75,,Monday,8,1,2024
Samantha Shannon,28997,Central Michigan,9.375,,,9.775,Monday,8,1,2024
Sarah Clark,28997,Arizona State,9.8,9.875,,,Monday,8,1,2024
Addie Gallun,28999,UW-Eau Claire,,,9.4,,Thursday,11,1,2024
Ashley Phillips,28999,Winona State,8.375,,,,Thursday,11,1,2024
Ashley Roth,28999,Winona State,8.35,,,,Thursday,11,1,2024
Ashnaya Gupta,28999,UW-Whitewater,,9.275,,,Thursday,11,1,2024
Ava Obermoller,28999,UW-Eau Claire,8.675,,,9.225,Thursday,11,1,2024
Ava Pesch,28999,UW-Whitewater,9.3,,,9.575,Thursday,11,1,2024
Bryce Stoltz,28999,Winona State,8.2,9.7,9.525,8.65,Thursday,11,1,2024
Cadence Cordova,28999,UW-Eau Claire,,,,9.35,Thursday,11,1,2024
Carleigh Moore,28999,UW-Whitewater,,,9.625,9.575,Thursday,11,1,2024
Chloe Hammond,28999,UW-Whitewater,9.175,9.525,8.8,9.6,Thursday,11,1,2024
Courtney Knutson,28999,Winona State,,,9.525,8.725,Thursday,11,1,2024
Danielle Dudziak,28999,UW-Whitewater,9.175,9.575,9.6,9.525,Thursday,11,1,2024
Elena Bailey,28999,UW-Whitewater,,,,9.4,Thursday,11,1,2024
Emily Leese,28999,UW-Eau Claire,,,9.5,9.4,Thursday,11,1,2024
Erin Donovan,28999,UW-Eau Claire,9.375,,,,Thursday,11,1,2024
Georgia Guynn,28999,UW-Eau Claire,,8.925,,,Thursday,11,1,2024
Harriet Toth,28999,UW-Eau Claire,9.325,9.375,9.55,9.525,Thursday,11,1,2024
Hayden Gough,28999,UW-Whitewater,9.35,,,,Thursday,11,1,2024
Izzy Kropiwiec,28999,Winona State,,,9.575,9.55,Thursday,11,1,2024
Jessisca Miley,28999,Winona State,9.4,9.2,9.45,9.325,Thursday,11,1,2024
Kaelyn Duman,28999,Winona State,,8.675,,,Thursday,11,1,2024
Kaylee Bateman,28999,Winona State,9.45,8.55,,9.225,Thursday,11,1,2024
Kelsey Donovan,28999,UW-Eau Claire,,,9.325,,Thursday,11,1,2024
Kelsey Kollhoff,28999,UW-Whitewater,9.675,,,,Thursday,11,1,2024
Kendra Aitken,28999,Winona State,,8.45,,,Thursday,11,1,2024
Kora Donley,28999,UW-Whitewater,,,,9.3,Thursday,11,1,2024
Linnea Vasali,28999,UW-Eau Claire,,9.2,,,Thursday,11,1,2024
Madison Daly,28999,UW-Eau Claire,8.075,,,8.825,Thursday,11,1,2024
Madysen Disekrud,28999,Winona State,,,9.5,9.475,Thursday,11,1,2024
Meghan Dahlin,28999,UW-Eau Claire,,9.6,,,Thursday,11,1,2024
Molly Campbell,28999,UW-Eau Claire,,8.925,9.55,9.275,Thursday,11,1,2024
Paige Magel,28999,UW-Whitewater,9.375,9.425,9.475,,Thursday,11,1,2024
Rachel Hettiarachchy,28999,UW-Eau Claire,9.125,,,,Thursday,11,1,2024
Sarah Knetzke,28999,UW-Whitewater,,9.45,9.525,,Thursday,11,1,2024
Taryn Sellner,28999,Winona State,,9.5,9.675,,Thursday,11,1,2024
Taylor Magierka,28999,Winona State,9.325,,,,Thursday,11,1,2024
Tegan Haberstock,28999,UW-Whitewater,,9.35,8.75,,Thursday,11,1,2024
Tia Ravara,28999,UW-Eau Claire,9.575,9.625,9.25,,Thursday,11,1,2024
Abigayle Martin,29003,Arizona,9.825,9.825,,9.75,Friday,12,1,2024
Adriana Popp,29003,Boise State,,9.875,,9.85,Friday,12,1,2024
Ainsley Greever,29003,Arizona,,,,9.775,Friday,12,1,2024
Alysen Fears,29003,Arizona,9.825,9.75,9.85,9.825,Friday,12,1,2024
Alyssa Vulaj,29003,Boise State,,9.825,9.85,9.85,Friday,12,1,2024
Amy Wozniak,29003,North Carolina,,,9.725,,Friday,12,1,2024
Ayzhia Hall,29003,Nebraska,,9.8,,9.825,Friday,12,1,2024
Bailey McCabe,29003,Arizona,9.8,,,,Friday,12,1,2024
Bella Miller,29003,North Carolina,,,9.825,,Friday,12,1,2024
Blake Pascal,29003,Boise State,,,9.875,,Friday,12,1,2024
Camryn Rueda,29003,North Carolina,,9.375,9.55,,Friday,12,1,2024
Caroline Herry,29003,Arizona,,9.875,9.9,9.675,Friday,12,1,2024
Clara Colombo,29003,Nebraska,9.6,,,,Friday,12,1,2024
Courtney Blackson,29003,Boise State,9.825,,9.9,9.675,Friday,12,1,2024
Csenge Bacskay,29003,Nebraska,,,9.9,9.825,Friday,12,1,2024
Elaina McGovern,29003,Boise State,9.575,,9.85,9.675,Friday,12,1,2024
Elena Deets,29003,Arizona,,9.8,9.825,,Friday,12,1,2024
Emily Lopez,29003,Boise State,9.9,9.775,,9.65,Friday,12,1,2024
Emily Mueller,29003,Arizona,9.8,9.775,9.925,,Friday,12,1,2024
Emma Loyim,29003,Boise State,,9.725,9.95,,Friday,12,1,2024
Emma Simpton,29003,Nebraska,9.85,8.65,,,Friday,12,1,2024
Emma Spence,29003,Nebraska,9.8,9.775,9.825,9.5,Friday,12,1,2024
Emma Strom,29003,Arizona,,,9.825,9.75,Friday,12,1,2024
Genesis Gibson,29003,Nebraska,9.5,,,,Friday,12,1,2024
Gwen Fink,29003,North Carolina,9.775,9.8,9.7,9.725,Friday,12,1,2024
Halle Rourke,29003,Nebraska,,,8.925,,Friday,12,1,2024
Hallie Thompson,29003,North Carolina,,9.65,,,Friday,12,1,2024
Isabel Sikon,29003,Nebraska,,9.8,,,Friday,12,1,2024
Isabelle Schaefer,29003,North Carolina,9.925,,,9.625,Friday,12,1,2024
Jessica Naranjo,29003,North Carolina,9.65,9.725,,,Friday,12,1,2024
Julia Knower,29003,North Carolina,9.7,9.675,9.8,9.825,Friday,12,1,2024
Kaya Forbes,29003,North Carolina,9.475,,9.8,9.35,Friday,12,1,2024
Kinsey Davis,29003,Nebraska,9.975,,,9.825,Friday,12,1,2024
Kylee Hamby,29003,Boise State,9.825,,,,Friday,12,1,2024
Lali Dekanoidze,29003,North Carolina,9.9,,,9.825,Friday,12,1,2024
Lucy Stanhope,29003,Nebraska,,9.225,9.825,9.675,Friday,12,1,2024
Mahleea Werline,29003,Boise State,9.825,,,,Friday,12,1,2024
Malia Hargrove,29003,Arizona,9.8,8.95,9.9,9.9,Friday,12,1,2024
Martina Comin,29003,Nebraska,,,9.925,9.85,Friday,12,1,2024
Paige Prejean,29003,North Carolina,,,,9.75,Friday,12,1,2024
Sophia McClelland,29003,Nebraska,,9.9,9.875,,Friday,12,1,2024
Sophie Derr,29003,Arizona,9.725,,,,Friday,12,1,2024
Sydney Kho,29003,Boise State,,9.675,,9.675,Friday,12,1,2024
Sydney Leitch,29003,Boise State,,9.45,9.825,,Friday,12,1,2024
Taylor Schulze,29003,North Carolina,,9.75,,,Friday,12,1,2024
Victoria Smirnov,29003,Boise State,9.85,,,,Friday,12,1,2024
Whitney Jencks,29003,Nebraska,9.8,,,,Friday,12,1,2024
Alonna Kratzer,29006,Missouri,,,9.875,,Friday,12,1,2024
Amari Celestine,29006,Missouri,,9.75,9.7,9.875,Friday,12,1,2024
Amaya Marshall,29006,Missouri,9.725,9.7,,,Friday,12,1,2024
Cameron Machado,29006,Alabama,9.9,,9.875,,Friday,12,1,2024
Chloe LaCoursiere,29006,Alabama,9.925,,,9.825,Friday,12,1,2024
Ella Burgess,29006,Alabama,,9.875,9.875,,Friday,12,1,2024
Gabby Gladieux,29006,Alabama,,9.8,9.9,9.775,Friday,12,1,2024
Grace Anne Davis,29006,Missouri,,9.6,,9.8,Friday,12,1,2024
Hannah Horton,29006,Missouri,,,9.9,9.9,Friday,12,1,2024
Hollyn Patrick,29006,Missouri,9.65,,,,Friday,12,1,2024
Jamison Sears,29006,Alabama,,,,9.75,Friday,12,1,2024
Jocelyn Moore,29006,Missouri,9.725,,9.9,9.925,Friday,12,1,2024
Karis German,29006,Alabama,,,,9.825,Friday,12,1,2024
Kennedy Griffin,29006,Missouri,,,9.825,,Friday,12,1,2024
Kyra Burns,29006,Missouri,9.8,,,,Friday,12,1,2024
Lilly Hudson,29006,Alabama,,9.7,9.875,9.825,Friday,12,1,2024
Luisa Blanco,29006,Alabama,9.95,9.925,9.925,9.875,Friday,12,1,2024
Makarri Doggette,29006,Alabama,9.9,,,,Friday,12,1,2024
Mara Titarsolej,29006,Missouri,9.85,9.55,,,Friday,12,1,2024
Mati Waligora,29006,Alabama,9.875,,,,Friday,12,1,2024
Natalia Pawlak,29006,Alabama,9.775,,,,Friday,12,1,2024
Rachel Rybicki,29006,Alabama,,9.8,,,Friday,12,1,2024
Rayna Light,29006,Missouri,,,,9.825,Friday,12,1,2024
Shania Adams,29006,Alabama,,9.7,9.75,,Friday,12,1,2024
Sienna Schreiber,29006,Missouri,9.85,9.95,9.85,9.85,Friday,12,1,2024
Sydney Schaffer,29006,Missouri,,9.8,,,Friday,12,1,2024
Aaliyah Gilmore,29008,Texas Woman's,9.75,,,,Friday,12,1,2024
Adriana Bustelo,29008,Central Michigan,,9.25,,,Friday,12,1,2024
Alana Laster,29008,Illinois State,9.65,,9.85,9.725,Friday,12,1,2024
Alessia Russo,29008,Greenville,7.7,,,,Friday,12,1,2024
Ally Lau,29008,Illinois State,,9.775,,,Friday,12,1,2024
Amara Nelson,29008,Greenville,9.475,9.45,9.55,9.525,Friday,12,1,2024
Amber Mueller,29008,Central Michigan,,9.725,9.625,,Friday,12,1,2024
Angelica Labat,29008,Illinois State,9.825,9.75,9.65,9.825,Friday,12,1,2024
Ashley Veglucci,29008,Central Michigan,,,8.95,,Friday,12,1,2024
Ashlie Leage,29008,Greenville,9.65,9.425,,9.475,Friday,12,1,2024
Audra Kaiser,29008,Greenville,,,9.5,,Friday,12,1,2024
Brooke Ferrari,29008,Texas Woman's,9.775,,,,Friday,12,1,2024
Caroline Bowns,29008,Texas Woman's,9.8,,,9.675,Friday,12,1,2024
Daisy Woodring,29008,Texas Woman's,,9.525,9.825,9.725,Friday,12,1,2024
Doree Shelton,29008,Greenville,,8.95,,,Friday,12,1,2024
Elizabeth Cesarone,29008,Central Michigan,,9.5,9.8,9.775,Friday,12,1,2024
Ellery Gilmer,29008,Greenville,,8.8,9.65,,Friday,12,1,2024
Elli Schnieders,29008,Greenville,,,,9.225,Friday,12,1,2024
Emily Six,29008,Texas Woman's,,9.65,9.55,,Friday,12,1,2024
Emma Brkljacic,29008,Texas Woman's,,9.775,,9.7,Friday,12,1,2024
Gabrielle Johnson,29008,Central Michigan,9.725,,,,Friday,12,1,2024
Hallie Hornbacher,29008,Central Michigan,,,9.85,9.4,Friday,12,1,2024
Isabella Feltman,29008,Greenville,,8.65,8.35,9.3,Friday,12,1,2024
Jaye Mack,29008,Illinois State,,,9.775,9.775,Friday,12,1,2024
Jenna Germond,29008,Central Michigan,9.8,,,9.7,Friday,12,1,2024
Julia Heiner,29008,Illinois State,9.775,,,,Friday,12,1,2024
Kaitlyn Donovan,29008,Illinois State,,,9.8,9.025,Friday,12,1,2024
Kaitlyn Hoiland,29008,Texas Woman's,9.8,,,9.8,Friday,12,1,2024
Kami Zarlengo,29008,Texas Woman's,9.75,,9.45,,Friday,12,1,2024
Karina Lankamer,29008,Central Michigan,,8.975,,,Friday,12,1,2024
Leah Davis,29008,Illinois State,,9.725,9.825,,Friday,12,1,2024
Lia Kmieciak,29008,Central Michigan,9.85,,,9.75,Friday,12,1,2024
Luciana Alvarado-Reid,29008,Central Michigan,9.85,9.8,9.9,9.675,Friday,12,1,2024
Madeline Gose,29008,Texas Woman's,,9.775,9.775,9.55,Friday,12,1,2024
Madison Carter,29008,Greenville,8.9,,,9.225,Friday,12,1,2024
Madison Kipp,29008,Illinois State,9.8,9.875,,9.725,Friday,12,1,2024
Mya Robinson,29008,Illinois State,9.675,9.8,,9.675,Friday,12,1,2024
Olivia Tocco,29008,Greenville,,9.05,,,Friday,12,1,2024
Quinn Skrupa,29008,Central Michigan,9.75,9.5,9.6,,Friday,12,1,2024
Rachel Miller,29008,Greenville,,,9.75,9.4,Friday,12,1,2024
Reagan Rodriguez,29008,Greenville,8.45,,,,Friday,12,1,2024
Reese Grolla,29008,Illinois State,,9.825,,,Friday,12,1,2024
Samantha Shannon,29008,Central Michigan,9.725,,,,Friday,12,1,2024
Sara Wabi,29008,Illinois State,9.8,,9.875,,Friday,12,1,2024
Sienna Blake,29008,Greenville,8.45,,,,Friday,12,1,2024
Sofia Steffan,29008,Texas Woman's,,,9.6,,Friday,12,1,2024
Sophie Hernandez,29008,Texas Woman's,,9.275,9.675,,Friday,12,1,2024
Steelie King,29008,Texas Woman's,9.55,8.95,,9.575,Friday,12,1,2024
Taylor Templin,29008,Greenville,,,9.625,,Friday,12,1,2024
Zoie Pelfrey,29008,Central Michigan,,,,9.575,Friday,12,1,2024
Alyssa Kramer,29012,Penn State,,,9.825,,Friday,12,1,2024
Amani Herring,29012,Penn State,,9.825,9.775,9.75,Friday,12,1,2024
Ashley Maul,29012,Penn State,,9.775,,,Friday,12,1,2024
Ava Piedrahita,29012,Penn State,9.875,9.85,9.9,9.85,Friday,12,1,2024
Bella Salcedo,29012,Penn State,,9.8,9.9,9.8,Friday,12,1,2024
Cassidy Rushlow,29012,Penn State,9.875,,,,Friday,12,1,2024
Elina Vihrova,29012,Penn State,8.9,,9.025,9.775,Friday,12,1,2024
Ella Schell,29012,Iowa State,9.725,,,,Friday,12,1,2024
Emilie Hong,29012,Iowa State,,,,9.825,Friday,12,1,2024
Hannah Loyim,29012,Iowa State,9.825,9.85,9.85,9.825,Friday,12,1,2024
Jessica Johanson,29012,Penn State,9.775,,,,Friday,12,1,2024
Josie Bergstrom-Te Slaa,29012,Iowa State,,9.825,,9.825,Friday,12,1,2024
Kaia Parker,29012,Iowa State,,,9.875,9.85,Friday,12,1,2024
Kalea McElligott,29012,Penn State,9.775,9.8,9.9,9.85,Friday,12,1,2024
Laura Cooke,29012,Iowa State,9.85,,9.45,,Friday,12,1,2024
Lauren O'Brochta,29012,Iowa State,,9.725,,,Friday,12,1,2024
Lauren Thomas,29012,Iowa State,9.8,9.725,,,Friday,12,1,2024
Loganne Basuel,29012,Iowa State,9.8,,,,Friday,12,1,2024
Maddie Johnston,29012,Penn State,9.8,9.875,,9.8,Friday,12,1,2024
Madelyn Manternach,29012,Iowa State,,,9.775,,Friday,12,1,2024
Noelle Adams,29012,Iowa State,,9.775,9.825,9.9,Friday,12,1,2024
Paige Wills,29012,Iowa State,9.8,,9.6,9.85,Friday,12,1,2024
Rachel Wilke,29012,Iowa State,,8.05,,,Friday,12,1,2024
Abby Willis,29014,Gustavus Adolphus,8.575,,9.25,9.3,Friday,12,1,2024
Addison Dack,29014,Gustavus Adolphus,,7.9,,,Friday,12,1,2024
Alia Wilson,29014,UW-Stout,8.85,,,,Friday,12,1,2024
Anna Beaudry,29014,Hamline,9.225,8.65,9.125,,Friday,12,1,2024
Anna Johnson,29014,Hamline,,,,9.125,Friday,12,1,2024
Anna Mielke,29014,UW-Stout,,,9.65,9.4,Friday,12,1,2024
Annelise Smaby,29014,Hamline,8.75,8.6,,,Friday,12,1,2024
Ashtyn Gagner,29014,UW-Stout,,9.7,9.25,8.85,Friday,12,1,2024
Brianna Weikel,29014,Hamline,8.4,9.4,9.4,,Friday,12,1,2024
Brooke Reardon,29014,Hamline,,8.15,,,Friday,12,1,2024
Cailey Price,29014,Hamline,,,,8.725,Friday,12,1,2024
Caledonia Norton,29014,Hamline,7.1,,,,Friday,12,1,2024
Catelyn Zack,29014,Hamline,,,9.2,,Friday,12,1,2024
Effie Ferguson,29014,UW-Stout,8.65,9.625,8.7,,Friday,12,1,2024
Ella Binfet,29014,Gustavus Adolphus,,,9.3,,Friday,12,1,2024
Ella Nash,29014,Gustavus Adolphus,,,,9.175,Friday,12,1,2024
Genevieve Czaplewski,29014,UW-Stout,,9.475,,,Friday,12,1,2024
Gillian Cummins,29014,UW-Stout,9.05,9.25,8.7,9.55,Friday,12,1,2024
Isabela Krulich,29014,UW-Stout,,9.625,9.675,,Friday,12,1,2024
Izzy Breitkreutz,29014,Gustavus Adolphus,,8.775,,,Friday,12,1,2024
Jessica Qualich,29014,UW-Stout,,,9.575,9.6,Friday,12,1,2024
Julia Cheely,29014,Hamline,8.125,8.2,,9.275,Friday,12,1,2024
Kaitlyn Vaz,29014,UW-Stout,8.825,,,,Friday,12,1,2024
Katy Cash,29014,Gustavus Adolphus,,7.325,,,Friday,12,1,2024
Kendra Smaby,29014,Gustavus Adolphus,9.1,,,,Friday,12,1,2024
Kiara Brown,29014,UW-Stout,9.55,,,9.6,Friday,12,1,2024
Laurel Raymond,29014,Hamline,,9.25,9.025,9.275,Friday,12,1,2024
Lili Guy,29014,Gustavus Adolphus,9.1,,8.75,9.35,Friday,12,1,2024
Lily Horsch,29014,Gustavus Adolphus,,,,9.15,Friday,12,1,2024
Lily Ramsdell,29014,Hamline,8.2,,,9.125,Friday,12,1,2024
Maddox Lee,29014,Gustavus Adolphus,7.875,8.95,9.475,9.2,Friday,12,1,2024
Marley Michaud,29014,Gustavus Adolphus,7.575,8.125,8.675,9.35,Friday,12,1,2024
Meighan White,29014,Hamline,,,9.15,9.2,Friday,12,1,2024
Olivia Jahnke,29014,Gustavus Adolphus,,8.9,9.65,,Friday,12,1,2024
Sarah Lutz,29014,UW-Stout,8.45,,,,Friday,12,1,2024
Shea Campbell,29014,Hamline,,,8.7,,Friday,12,1,2024
Sophie Schmitz,29014,Gustavus Adolphus,9.125,,,,Friday,12,1,2024
Taylar Schaefer,29014,UW-Stout,,9.125,,9.625,Friday,12,1,2024
Adeline Kenlin,29016,Iowa,9.85,9.95,9.925,9.85,Friday,12,1,2024
Alexa Ebeling,29016,Iowa,,9.875,9.75,,Friday,12,1,2024
Alyse Karenbauer,29016,Iowa,,,9.85,9.625,Friday,12,1,2024
Avery Chambers,29016,Iowa,,,,9.75,Friday,12,1,2024
Bailey Libby,29016,Iowa,,,9.875,,Friday,12,1,2024
Caitlin McWilliams,29016,Washington,,,9.85,,Friday,12,1,2024
Chelsea Hallinan,29016,Washington,,9.85,,,Friday,12,1,2024
Deiah Moody,29016,Washington,9.8,9.825,,,Friday,12,1,2024
Emily Erb,29016,Iowa,,,9.875,,Friday,12,1,2024
Emily Innes,29016,Washington,,9.85,9.825,9.75,Friday,12,1,2024
Emily Pires,29016,Washington,,,9.775,,Friday,12,1,2024
Eva Volpe,29016,Iowa,9.8,9.775,9.775,9.75,Friday,12,1,2024
Gianna Masella,29016,Iowa,9.825,,,9.55,Friday,12,1,2024
Ilka Juk,29016,Iowa,9.75,9.525,,,Friday,12,1,2024
Karina Munoz,29016,Iowa,9.875,9.725,,9.875,Friday,12,1,2024
Kristin Lin,29016,Washington,9.825,,9.725,9.65,Friday,12,1,2024
Lana Navarro,29016,Washington,,9.775,9.75,9.75,Friday,12,1,2024
Lilly Tubbs,29016,Washington,9.825,,,9.8,Friday,12,1,2024
Marissa Rojas,29016,Iowa,9.7,9.825,,,Friday,12,1,2024
McKenna Carnesi,29016,Washington,,,,9.675,Friday,12,1,2024
Olivia Oppegard,29016,Washington,9.8,,,,Friday,12,1,2024
Skylar Killough-Wilhelm,29016,Washington,9.85,9.925,9.85,9.775,Friday,12,1,2024
Taylor Russon,29016,Washington,9.825,9.875,,,Friday,12,1,2024
Ailey Kuehn,29018,S.E. Missouri,,8.425,,9.675,Friday,12,1,2024
Amy Foret,29018,Centenary College,,9.675,,,Friday,12,1,2024
Anna Chodon,29018,S.E. Missouri,,9.275,,,Friday,12,1,2024
Ava Johnston,29018,S.E. Missouri,9.55,,,,Friday,12,1,2024
Brooke Murdock,29018,Centenary College,,8.7,8.65,,Friday,12,1,2024
Claire Flores,29018,Centenary College,7.95,,,,Friday,12,1,2024
Emma Lavelle,29018,Centenary College,8.6,9.1,9.25,,Friday,12,1,2024
Hayden Cagle,29018,Centenary College,,,,8.8,Friday,12,1,2024
Isabel Plaza,29018,Centenary College,8.3,,9.15,9.575,Friday,12,1,2024
Janelle Lopez,29018,S.E. Missouri,9.45,,,9.725,Friday,12,1,2024
Jordan Napolitano,29018,S.E. Missouri,,9.725,8.075,9.65,Friday,12,1,2024
Kailyn Hamilton,29018,S.E. Missouri,9.725,,9.675,,Friday,12,1,2024
Kendall Huff,29018,Centenary College,8.7,,9.35,9.3,Friday,12,1,2024
Lacey Wedge,29018,Centenary College,,,7.6,9.175,Friday,12,1,2024
Lindsay Ockler,29018,S.E. Missouri,9.9,,,9.25,Friday,12,1,2024
Lydia Webb,29018,S.E. Missouri,9.525,9.8,9.025,9.675,Friday,12,1,2024
Madison Greene,29018,S.E. Missouri,,9.325,9.85,9.8,Friday,12,1,2024
Mylia Vidtor,29018,Centenary College,,8.425,,,Friday,12,1,2024
Olivia Stratmann,29018,Centenary College,8.8,,,9.075,Friday,12,1,2024
Olivia Williams,29018,Centenary College,,,8.725,,Friday,12,1,2024
Rylie Molina,29018,Centenary College,,9.6,,,Friday,12,1,2024
Sophie Schmitz,29018,Centenary College,9.6,8.55,,9.45,Friday,12,1,2024
Sydney Crouch,29018,S.E. Missouri,,,9.5,,Friday,12,1,2024
Taylor Ingle,29018,S.E. Missouri,9.625,9.65,9.675,,Friday,12,1,2024
Abbie Lain,29020,Simpson,7.825,9.5,9.15,9.2,Friday,12,1,2024
Abby Mitchell,29020,UW-La Crosse,,,,9.3,Friday,12,1,2024
Alex Wood,29020,UW-La Crosse,,,,9.475,Friday,12,1,2024
Annika Cole,29020,Simpson,8.3,,,,Friday,12,1,2024
Ashlyn Barker,29020,UW-La Crosse,9.525,,8.975,,Friday,12,1,2024
Baily Tessena,29020,Simpson,,8.775,8.0,,Friday,12,1,2024
Bella Dix,29020,Simpson,,,9.325,9.1,Friday,12,1,2024
Brooklen Morgan,29020,Simpson,,9.35,9.075,9.4,Friday,12,1,2024
Caelen Lansing,29020,UW-La Crosse,,,9.0,,Friday,12,1,2024
Chloe Radmer,29020,Simpson,,8.275,,,Friday,12,1,2024
Claire Robbins,29020,UW-La Crosse,8.775,9.525,9.65,,Friday,12,1,2024
Claudia Walter,29020,UW-La Crosse,9.45,,,,Friday,12,1,2024
Elizabeth Janssen,29020,UW-La Crosse,7.8,,,,Friday,12,1,2024
Emma Charles,29020,Simpson,8.875,8.95,,9.15,Friday,12,1,2024
Emma Tolbert,29020,Simpson,,,9.45,,Friday,12,1,2024
Erin Baugh,29020,Simpson,5.85,,,,Friday,12,1,2024
Grace Kehr,29020,UW-La Crosse,,,,8.625,Friday,12,1,2024
Hannah Hautala,29020,UW-La Crosse,,9.55,,,Friday,12,1,2024
Hunter Matulka,29020,UW-La Crosse,,,8.9,,Friday,12,1,2024
Izzy Brown,29020,Simpson,,8.925,,,Friday,12,1,2024
Jessica Taylor,29020,UW-La Crosse,,,9.75,,Friday,12,1,2024
Jordan Halcom,29020,UW-La Crosse,,9.625,,,Friday,12,1,2024
Kaelyn Tally,29020,Simpson,,,8.6,9.5,Friday,12,1,2024
Kyla Dickson,29020,UW-La Crosse,,9.475,,,Friday,12,1,2024
Lauren Main,29020,UW-La Crosse,9.675,,,,Friday,12,1,2024
Lilly Millington,29020,UW-La Crosse,,,,9.6,Friday,12,1,2024
Marisa Zepeda,29020,UW-La Crosse,,9.4,,,Friday,12,1,2024
Morgan Svec,29020,Simpson,7.45,,,,Friday,12,1,2024
Paige Breckwoldt,29020,UW-La Crosse,,,,9.4,Friday,12,1,2024
Rachel Chesley,29020,UW-La Crosse,9.125,,9.675,9.625,Friday,12,1,2024
Raina Christenson,29020,UW-La Crosse,,9.775,,,Friday,12,1,2024
Winter Poolaw,29020,Simpson,8.6,,,9.325,Friday,12,1,2024
Ady Wahl,29023,Georgia,9.9,9.725,9.85,9.85,Friday,12,1,2024
Amanda Cashman,29023,Georgia,9.825,,9.75,9.7,Friday,12,1,2024
Anya Turner,29023,Georgia,,9.85,,,Friday,12,1,2024
Ashlyn LaClair,29023,Georgia,,,9.725,9.7,Friday,12,1,2024
Cally Swaney,29023,Arkansas,9.8,,,,Friday,12,1,2024
Cami Weaver,29023,Arkansas,,9.775,,9.9,Friday,12,1,2024
Eryn Williams,29023,Georgia,,,9.125,,Friday,12,1,2024
Frankie Price,29023,Arkansas,,,9.95,9.7,Friday,12,1,2024
Hailey Klein,29023,Arkansas,,,9.85,,Friday,12,1,2024
Ja' Free Scott,29023,Georgia,9.95,9.9,,,Friday,12,1,2024
Jaime Pratt,29023,Arkansas,9.9,,,,Friday,12,1,2024
Jaydah Battle,29023,Georgia,,9.85,,9.725,Friday,12,1,2024
Jensen Scalzo,29023,Arkansas,9.9,,,,Friday,12,1,2024
Kalyxta Gamiao,29023,Arkansas,,9.875,9.85,,Friday,12,1,2024
Katie Finnegan,29023,Georgia,9.875,,,9.775,Friday,12,1,2024
Lauren Williams,29023,Arkansas,,9.75,9.95,9.9,Friday,12,1,2024
Leah Smith,29023,Arkansas,,,9.9,9.775,Friday,12,1,2024
Lily Smith,29023,Georgia,9.875,9.85,9.925,,Friday,12,1,2024
Maddie Jones,29023,Arkansas,9.875,9.9,9.925,,Friday,12,1,2024
Makenzie Sedlacek,29023,Arkansas,,,,9.825,Friday,12,1,2024
Priscilla Park,29023,Arkansas,9.825,9.725,,9.825,Friday,12,1,2024
Sidney Fitzgerald,29023,Georgia,9.8,9.075,9.75,,Friday,12,1,2024
Sirena Linton,29023,Arkansas,9.825,9.15,,,Friday,12,1,2024
Alexa Chuy,29025,Talladega,8.85,9.2,9.675,9.2,Friday,12,1,2024
Aliyah Reed-Hammon,29025,Fisk,,9.8,,8.775,Friday,12,1,2024
Alondra Maldonado,29025,Talladega,,9.775,9.825,,Friday,12,1,2024
Alyssa Arana,29025,Florida,8.45,,,,Friday,12,1,2024
Alyssa Wiggins,29025,Fisk,9.525,9.6,9.55,,Friday,12,1,2024
Aniyah Taylor,29025,Fisk,,9.725,,9.725,Friday,12,1,2024
Anneliese Silverman,29025,George Washington,9.7,9.8,9.525,9.65,Friday,12,1,2024
Anya Pilgrim,29025,Florida,9.875,9.85,9.925,9.875,Friday,12,1,2024
Breyana Daniels,29025,Fisk,,,,9.25,Friday,12,1,2024
Bri Edwards,29025,Florida,,,,9.85,Friday,12,1,2024
Ciniah Rosby,29025,Fisk,9.5,9.55,9.5,9.1,Friday,12,1,2024
Danie Ferris,29025,Florida,,,,9.825,Friday,12,1,2024
Deana Sheremeta,29025,George Washington,,9.2,9.7,,Friday,12,1,2024
Delaney DeHaan,29025,George Washington,9.775,,,,Friday,12,1,2024
Diamond Cook,29025,Talladega,,,9.4,,Friday,12,1,2024
Ellie Lazzari,29025,Florida,,9.975,,,Friday,12,1,2024
Gabby Disidore,29025,Florida,9.825,,,,Friday,12,1,2024
Jaidyn Bryant,29025,Talladega,,,9.5,9.375,Friday,12,1,2024
Jamilia Duffus,29025,Talladega,9.2,,8.925,9.575,Friday,12,1,2024
Jordynn Cromartie,29025,Fisk,,,8.05,,Friday,12,1,2024
Kasey Burke,29025,George Washington,,,9.575,9.75,Friday,12,1,2024
Kendall Whitman,29025,George Washington,,9.85,9.875,9.85,Friday,12,1,2024
Kiara Richmon,29025,Fisk,9.65,,,,Friday,12,1,2024
Kiora Peart-Williams,29025,Talladega,9.425,,,9.525,Friday,12,1,2024
Krystin Johnson,29025,Talladega,9.05,,,9.65,Friday,12,1,2024
Landyn Williams,29025,Talladega,,9.275,9.5,9.0,Friday,12,1,2024
Leanne Wong,29025,Florida,9.825,9.925,,9.875,Friday,12,1,2024
Liberty Mora,29025,Fisk,,9.55,,,Friday,12,1,2024
Lori Brubach,29025,Florida,,,9.875,,Friday,12,1,2024
Mackenzie Butler,29025,Talladega,,9.5,,,Friday,12,1,2024
Marlee York,29025,George Washington,8.95,9.8,9.575,9.725,Friday,12,1,2024
Maya Peters,29025,George Washington,9.625,9.825,,,Friday,12,1,2024
Morgan Hurd,29025,Florida,,9.8,9.875,,Friday,12,1,2024
Morgan Price,29025,Fisk,9.85,9.875,9.6,9.7,Friday,12,1,2024
Morgan Swaby,29025,Talladega,,8.85,,,Friday,12,1,2024
Naimah Muhammad,29025,Fisk,,,8.825,,Friday,12,1,2024
Payton Lynch,29025,George Washington,,,9.775,,Friday,12,1,2024
Payton Richards,29025,Florida,,,9.775,,Friday,12,1,2024
Promise Jean-Marie,29025,Talladega,8.85,,,,Friday,12,1,2024
Rachel Katz,29025,George Washington,9.175,,,9.85,Friday,12,1,2024
Sarah Zois,29025,George Washington,,9.9,,9.775,Friday,12,1,2024
Sidnei Heubach,29025,Talladega,,9.4,,,Friday,12,1,2024
Skylar Draser,29025,Florida,,9.875,9.85,9.85,Friday,12,1,2024
Sloane Blakely,29025,Florida,9.575,,,9.825,Friday,12,1,2024
Sophia Tyeryar,29025,George Washington,9.65,,,,Friday,12,1,2024
Sydney Smith,29025,Fisk,9.55,,,9.225,Friday,12,1,2024
Victoria Nguyen,29025,Florida,9.85,9.775,9.925,,Friday,12,1,2024
Zanna Brewer,29025,Fisk,9.475,,,,Friday,12,1,2024
Zyia Coleman,29025,Fisk,,,8.85,,Friday,12,1,2024
Alexa Rothenbuescher,29029,Maryland,,,9.925,9.75,Friday,12,1,2024
Bridget Sullivan,29029,West Chester,,,,9.5,Friday,12,1,2024
Caroline Cascadden,29029,West Chester,,9.725,9.75,,Friday,12,1,2024
Corinne Gruber,29029,West Chester,,,9.725,9.55,Friday,12,1,2024
Emma Silberman,29029,Maryland,9.0,9.775,9.8,9.8,Friday,12,1,2024
Hailey Merchant,29029,Maryland,9.425,,,,Friday,12,1,2024
Hannah Shelton,29029,West Chester,9.625,,,,Friday,12,1,2024
Hyla Betts,29029,West Chester,9.725,,,,Friday,12,1,2024
Jordan Coleman,29029,West Chester,9.925,,,9.475,Friday,12,1,2024
Josephine Kogler,29029,Maryland,,9.925,,9.775,Friday,12,1,2024
Kiley Fred,29029,West Chester,,,9.8,,Friday,12,1,2024
Kristina Rodriguez,29029,West Chester,9.675,8.375,9.725,9.7,Friday,12,1,2024
Lily McFarland,29029,West Chester,,9.875,9.675,,Friday,12,1,2024
Maddie Komoroski,29029,Maryland,,9.075,9.9,,Friday,12,1,2024
Madison Whitaker,29029,West Chester,,9.625,,,Friday,12,1,2024
Melina Ringas,29029,West Chester,9.1,,,,Friday,12,1,2024
Natalie Marshall,29029,West Chester,,9.875,,,Friday,12,1,2024
Natalie Martin,29029,Maryland,,9.85,9.875,9.85,Friday,12,1,2024
Olivia Weir,29029,Maryland,,9.8,,9.725,Friday,12,1,2024
Rhea Leblanc,29029,Maryland,9.875,,9.825,,Friday,12,1,2024
Sarah Eskew,29029,West Chester,9.65,9.6,,9.575,Friday,12,1,2024
Shannon Carroll,29029,West Chester,,,9.625,9.2,Friday,12,1,2024
Sierra Kondo,29029,Maryland,9.75,,,,Friday,12,1,2024
Tasha Brozowski,29029,Maryland,9.8,,,,Friday,12,1,2024
Taylor Rech,29029,Maryland,,,9.85,9.525,Friday,12,1,2024
Victoria Gatzendorfer,29029,Maryland,9.8,9.875,,,Friday,12,1,2024
Amanda Zeng,29031,Stanford,,,9.85,9.8,Friday,12,1,2024
Ashley Carter,29031,Stanford,,9.75,,,Friday,12,1,2024
Ava Jordan,29031,Michigan,,,,9.85,Friday,12,1,2024
Ava Sorrento,29031,Stanford,9.325,,,,Friday,12,1,2024
Brenna Neault,29031,Stanford,7.4,9.85,9.85,9.725,Friday,12,1,2024
Carly Bauman,29031,Michigan,9.925,9.9,9.925,,Friday,12,1,2024
Chloe Widner,29031,Stanford,9.875,9.95,9.85,9.85,Friday,12,1,2024
Claire Dean,29031,Stanford,9.7,9.925,9.85,9.725,Friday,12,1,2024
Gabby Wilson,29031,Michigan,9.8,9.85,9.85,9.9,Friday,12,1,2024
Haylen Zabrowski,29031,Michigan,9.8,,,,Friday,12,1,2024
Ira Alexeeva,29031,Stanford,9.825,9.875,,,Friday,12,1,2024
Jacey Vore,29031,Michigan,9.025,9.675,,,Friday,12,1,2024
Jenna Mulligan,29031,Michigan,,9.825,9.925,9.85,Friday,12,1,2024
Naomi Morrison,29031,Michigan,9.8,,9.925,9.875,Friday,12,1,2024
Reyna Guggino,29031,Michigan,,9.775,9.925,9.875,Friday,12,1,2024
Sandra Jessen,29031,Stanford,,,9.775,,Friday,12,1,2024
Sierra Brooks,29031,Michigan,9.9,9.975,10.0,9.975,Friday,12,1,2024
Taralyn Nguyen,29031,Stanford,,9.825,9.9,9.675,Friday,12,1,2024
Anne Marie Kuebler,29033,William & Mary,,,,9.0,Friday,12,1,2024
Ascha Laird,29033,William & Mary,9.55,,,,Friday,12,1,2024
Brie Clark,29033,Clemson,,9.85,9.9,,Friday,12,1,2024
Caroline Blatchford,29033,William & Mary,8.55,9.65,9.1,9.375,Friday,12,1,2024
Catherine Bare,29033,William & Mary,9.6,,,,Friday,12,1,2024
Eve Jackson,29033,Clemson,9.825,9.775,,9.75,Friday,12,1,2024
Grace Costello,29033,William & Mary,,9.675,9.025,9.55,Friday,12,1,2024
Hannah Burke,29033,William & Mary,,,9.55,9.675,Friday,12,1,2024
Kaitlin DeGuzman,29033,Clemson,9.875,,,,Friday,12,1,2024
Kielyn McCright,29033,Clemson,,9.675,,,Friday,12,1,2024
Lauren Rutherford,29033,Clemson,9.825,,9.85,9.825,Friday,12,1,2024
Lilly Lippeatt,29033,Clemson,9.9,9.75,9.825,,Friday,12,1,2024
Madeline Frazier,29033,William & Mary,,9.625,,,Friday,12,1,2024
Madison Minner,29033,Clemson,,,,9.6,Friday,12,1,2024
Maggie Holman,29033,Clemson,,,9.825,,Friday,12,1,2024
Melanie Faulkner,29033,William & Mary,,9.475,,,Friday,12,1,2024
Michelle Ngo,29033,William & Mary,,9.8,9.7,,Friday,12,1,2024
Molly Arnold,29033,Clemson,,,9.875,9.775,Friday,12,1,2024
Quinn Kuhl,29033,Clemson,,9.7,,,Friday,12,1,2024
Rebecca Wells,29033,Clemson,9.8,9.875,9.15,9.725,Friday,12,1,2024
Samantha Burd,29033,William & Mary,,,,9.575,Friday,12,1,2024
Sarah Kuper,29033,William & Mary,9.55,9.4,,9.625,Friday,12,1,2024
Sarah Wozniak,29033,William & Mary,9.25,,,,Friday,12,1,2024
Sophie Chandler,29033,William & Mary,,,8.5,,Friday,12,1,2024
Summer Penzi,29033,William & Mary,,,9.05,,Friday,12,1,2024
Tori Sipes,29033,William & Mary,9.65,,,,Friday,12,1,2024
Trinity Brown,29033,Clemson,9.8,,,9.8,Friday,12,1,2024
Annie Reigert,29035,Kentucky,9.75,,,,Friday,12,1,2024
Aria Brusch,29035,Auburn,9.825,9.65,9.85,,Friday,12,1,2024
Arianna Patterson,29035,Kentucky,,9.85,,9.875,Friday,12,1,2024
Bailey Bunn,29035,Kentucky,9.8,9.95,,,Friday,12,1,2024
Cadence Gormley,29035,Kentucky,9.775,9.75,,,Friday,12,1,2024
Cassie Stevens,29035,Auburn,9.8,9.825,9.85,9.875,Friday,12,1,2024
Cecily Rizo,29035,Kentucky,,,,9.9,Friday,12,1,2024
Creslyn Brose,29035,Kentucky,,,9.95,,Friday,12,1,2024
Delaynee Rodriguez,29035,Kentucky,9.825,9.85,9.825,9.85,Friday,12,1,2024
Gabby McLaughlin,29035,Auburn,9.875,9.9,9.9,,Friday,12,1,2024
Hailey Davis,29035,Kentucky,,,9.9,,Friday,12,1,2024
Hannah Hagle,29035,Auburn,9.2,,,,Friday,12,1,2024
Isabella Magnelli,29035,Kentucky,,9.875,,9.8,Friday,12,1,2024
Jillian Procasky,29035,Kentucky,9.85,,9.875,,Friday,12,1,2024
Julianne Huff,29035,Auburn,,9.25,9.85,9.8,Friday,12,1,2024
Makenzie Wilson,29035,Kentucky,,,9.825,9.875,Friday,12,1,2024
Olivia Hollingsworth,29035,Auburn,9.85,9.85,9.925,9.875,Friday,12,1,2024
Raena Worley,29035,Kentucky,9.925,9.9,9.95,9.875,Friday,12,1,2024
Sara Hubbard,29035,Auburn,,,,9.775,Friday,12,1,2024
Sophia Groth,29035,Auburn,9.85,9.9,9.9,9.825,Friday,12,1,2024
Sydney Schumaker,29035,Auburn,,,,9.9,Friday,12,1,2024
Alana Anderson,29037,Northern Illinois,,,9.575,,Saturday,13,1,2024
Alyssa Al-Ashari,29037,Northern Illinois,9.85,9.75,,,Saturday,13,1,2024
Charniya Brown,29037,Bowling Green,9.525,,,9.75,Saturday,13,1,2024
Dawsyn Sallee,29037,Northern Illinois,,,9.675,9.725,Saturday,13,1,2024
Elise Brzoska,29037,Bowling Green,,9.8,9.575,,Saturday,13,1,2024
Ellery Werner,29037,Northern Illinois,,9.525,,,Saturday,13,1,2024
Emily Castiglia,29037,Bowling Green,,9.7,,,Saturday,13,1,2024
Emmalise Nock,29037,Northern Illinois,9.475,,9.775,9.775,Saturday,13,1,2024
Hannah Drielick,29037,Northern Illinois,9.775,,,,Saturday,13,1,2024
Isabella Rivelli,29037,Bowling Green,8.875,,,,Saturday,13,1,2024
Isabella Ross,29037,Northern Illinois,,9.55,9.75,9.775,Saturday,13,1,2024
Isabella Sissi,29037,Northern Illinois,9.475,,,9.7,Saturday,13,1,2024
Kathryn Weilbacher,29037,Bowling Green,9.8,9.75,9.825,9.85,Saturday,13,1,2024
Keira Thornton,29037,Bowling Green,8.625,9.375,9.675,9.65,Saturday,13,1,2024
Kendall George,29037,Northern Illinois,,9.625,,,Saturday,13,1,2024
Kiera O'Shea,29037,Northern Illinois,9.525,,,9.8,Saturday,13,1,2024
Lauren Bannister,29037,Bowling Green,,,9.525,,Saturday,13,1,2024
Love Akpan,29037,Bowling Green,9.625,,9.625,9.8,Saturday,13,1,2024
Madison Coburn,29037,Bowling Green,,,9.625,9.75,Saturday,13,1,2024
Megan Bingham,29037,Bowling Green,9.625,9.75,,9.7,Saturday,13,1,2024
Mikayla Brown,29037,Northern Illinois,9.675,9.75,9.775,,Saturday,13,1,2024
Nadia Parente,29037,Bowling Green,,9.325,,,Saturday,13,1,2024
Samantha Nickle,29037,Northern Illinois,,9.75,9.55,9.675,Saturday,13,1,2024
Abby Paulson,29040,Utah,,9.925,9.875,,Saturday,13,1,2024
Alani Sabado,29040,Utah,9.75,,,,Saturday,13,1,2024
Aleah Finnegan,29040,LSU,,9.925,9.975,9.8,Saturday,13,1,2024
Alexis Jeffrey,29040,LSU,9.9,9.775,,,Saturday,13,1,2024
Amari Drayton,29040,LSU,,,,9.825,Saturday,13,1,2024
Amelie Morgan,29040,Utah,9.825,9.825,,,Saturday,13,1,2024
Annie Beard,29040,LSU,,9.225,,,Saturday,13,1,2024
Ashley Glynn,29040,Utah,,,,9.725,Saturday,13,1,2024
Audrey Davis,29040,Oklahoma,9.975,9.9,9.9,9.85,Saturday,13,1,2024
Brooklyn Moors,29040,UCLA,,9.35,9.9,,Saturday,13,1,2024
Camie Winger,29040,Utah,,,,9.95,Saturday,13,1,2024
Chae Campbell,29040,UCLA,9.9,,9.825,9.9,Saturday,13,1,2024
Danielle Sievers,29040,Oklahoma,9.875,,,,Saturday,13,1,2024
Ella Zirbes,29040,Utah,9.15,,,9.85,Saturday,13,1,2024
Emily Lee,29040,UCLA,9.675,9.675,9.7,9.9,Saturday,13,1,2024
Emma Andres,29040,UCLA,,9.9,,,Saturday,13,1,2024
Emma Malabuyo,29040,UCLA,9.775,9.875,9.75,,Saturday,13,1,2024
Faith Torrez,29040,Oklahoma,9.85,9.925,9.925,9.9,Saturday,13,1,2024
Grace McCallum,29040,Utah,9.85,9.8,9.875,9.875,Saturday,13,1,2024
Haleigh Bryant,29040,LSU,9.925,9.9,9.9,9.9,Saturday,13,1,2024
Hannah Scheible,29040,Oklahoma,,,,9.925,Saturday,13,1,2024
Jaedyn Rucker,29040,Utah,,,9.85,9.8,Saturday,13,1,2024
Jaylene Gilstrap,29040,Utah,,9.75,9.85,,Saturday,13,1,2024
Jordan Bowers,29040,Oklahoma,9.85,9.95,9.875,9.725,Saturday,13,1,2024
KJ Johnson,29040,LSU,,,9.925,9.925,Saturday,13,1,2024
Katelyn Rosen,29040,UCLA,9.9,9.85,,9.85,Saturday,13,1,2024
Katherine LeVasseur,29040,Oklahoma,9.85,9.9,9.875,9.9,Saturday,13,1,2024
Keira Wells,29040,Oklahoma,,9.85,,9.875,Saturday,13,1,2024
Kiya Johnson,29040,LSU,9.95,9.375,9.875,9.775,Saturday,13,1,2024
Konnor McClain,29040,LSU,10.0,,,,Saturday,13,1,2024
Maile O'Keefe,29040,Utah,9.875,9.15,9.575,,Saturday,13,1,2024
Makenna Smith,29040,Utah,9.75,9.875,9.9,9.925,Saturday,13,1,2024
Margzetta Frazier,29040,UCLA,9.75,,,,Saturday,13,1,2024
Nya Reed,29040,UCLA,,,9.9,9.775,Saturday,13,1,2024
Olivia Dunne,29040,LSU,,,9.85,,Saturday,13,1,2024
Paige Anastasi,29040,UCLA,,,,9.8,Saturday,13,1,2024
Ragan Smith,29040,Oklahoma,9.9,9.375,9.9,,Saturday,13,1,2024
Savannah Schoenherr,29040,LSU,9.875,,,9.7,Saturday,13,1,2024
Selena Harris-Miranda,29040,UCLA,9.925,9.95,9.825,9.95,Saturday,13,1,2024
Sierra Ballard,29040,LSU,,9.775,9.825,,Saturday,13,1,2024
Soraya Hawthorne,29040,Oklahoma,,,9.825,,Saturday,13,1,2024
Tori Tatum,29040,LSU,9.85,,,,Saturday,13,1,2024
Abby Chesshire,29043,Ithaca College,,,9.15,,Saturday,13,1,2024
Aladiana Tosado,29043,Brockport,9.55,,9.725,,Saturday,13,1,2024
Caitlin Pellegrino,29043,Ithaca College,,9.625,9.6,9.2,Saturday,13,1,2024
Coral Cotteleer,29043,Ithaca College,8.4,,,,Saturday,13,1,2024
Corey Foster,29043,Ithaca College,,9.55,9.675,,Saturday,13,1,2024
Emily Kobusky,29043,Ithaca College,,9.65,,,Saturday,13,1,2024
Emma Grace Sargent,29043,Brockport,8.925,,,9.375,Saturday,13,1,2024
Grace Murray,29043,Ithaca College,,,9.775,9.275,Saturday,13,1,2024
Gracie Weaver,29043,Brockport,,,,9.25,Saturday,13,1,2024
Hana Miller,29043,Ithaca College,,9.175,,9.525,Saturday,13,1,2024
Jillian Freyman,29043,Ithaca College,,9.35,,9.225,Saturday,13,1,2024
Kaylie Goodwin,29043,Ithaca College,9.05,9.8,,,Saturday,13,1,2024
Kiara Hockman,29043,Brockport,,9.4,,,Saturday,13,1,2024
Kirsten Paultre,29043,Brockport,,,9.725,9.5,Saturday,13,1,2024
Laken Sooy,29043,Brockport,,9.4,9.625,,Saturday,13,1,2024
Lauren Babineaux,29043,Ithaca College,9.45,,,9.5,Saturday,13,1,2024
Lienna Kay,29043,Brockport,9.375,9.375,9.5,9.325,Saturday,13,1,2024
Maren Eramo,29043,Brockport,,,,9.7,Saturday,13,1,2024
Marina DelVecchio,29043,Brockport,7.45,,,,Saturday,13,1,2024
Marlena Bailey,29043,Ithaca College,9.025,,,,Saturday,13,1,2024
Maya Pecoraro,29043,Brockport,,9.0,9.525,,Saturday,13,1,2024
Natalie Galioto,29043,Brockport,,9.525,9.65,9.25,Saturday,13,1,2024
Nicole Lonski,29043,Ithaca College,9.575,,9.5,9.725,Saturday,13,1,2024
Olivia Stinnette,29043,Brockport,,9.15,,,Saturday,13,1,2024
Rachel Swick,29043,Brockport,9.775,,,,Saturday,13,1,2024
Skye Cohen,29043,Ithaca College,8.45,,8.6,,Saturday,13,1,2024
Taylor Bushey,29043,Brockport,9.65,,,,Saturday,13,1,2024
Abbie Pierson,29045,West Virginia,9.7,9.8,9.825,9.85,Saturday,13,1,2024
Abby Mueller,29045,Illinois,9.825,9.025,9.875,9.8,Saturday,13,1,2024
Abby Singh,29045,Western Michigan,9.825,,,9.825,Saturday,13,1,2024
Alea Byrne,29045,Illinois,,9.65,9.875,9.75,Saturday,13,1,2024
Ally Schaupp,29045,Western Michigan,,,9.85,,Saturday,13,1,2024
Amanda Gruber,29045,Western Michigan,,9.775,9.825,,Saturday,13,1,2024
Amaya McConkay,29045,UW-Oshkosh,8.75,,,9.775,Saturday,13,1,2024
Amber Lowe,29045,West Virginia,9.825,9.6,9.775,,Saturday,13,1,2024
Amelia Knight,29045,Illinois,9.85,9.9,9.875,,Saturday,13,1,2024
Anna Zoromski,29045,UW-Oshkosh,9.575,9.525,,9.45,Saturday,13,1,2024
Arielle Ward,29045,Illinois,9.3,,9.875,9.825,Saturday,13,1,2024
Breckin Quoss,29045,Western Michigan,9.725,,,,Saturday,13,1,2024
Brooke Alban,29045,West Virginia,9.775,,9.725,9.75,Saturday,13,1,2024
Cassie St. Clair,29045,Western Michigan,,,9.85,,Saturday,13,1,2024
Dani Petrousek,29045,Western Michigan,9.75,,9.9,9.775,Saturday,13,1,2024
Delaney Cienkus,29045,UW-Oshkosh,,8.9,9.625,,Saturday,13,1,2024
Destiny Denning,29045,Illinois,9.9,,,,Saturday,13,1,2024
DonnaKathryn Roy,29045,Western Michigan,9.75,,9.8,,Saturday,13,1,2024
Ellen Collins,29045,West Virginia,,,9.625,9.25,Saturday,13,1,2024
Emily Buffington,29045,UW-Oshkosh,,8.3,9.775,,Saturday,13,1,2024
Emma Wehry,29045,West Virginia,9.875,9.875,,9.775,Saturday,13,1,2024
Gigi Singh,29045,Western Michigan,,9.8,,,Saturday,13,1,2024
Hannah Milton,29045,Western Michigan,,9.575,,9.725,Saturday,13,1,2024
Jay Ratkowski,29045,UW-Oshkosh,,,9.625,,Saturday,13,1,2024
Jayden McDonnell,29045,West Virginia,9.575,,,,Saturday,13,1,2024
Josephine Thomas,29045,Western Michigan,,9.675,,9.8,Saturday,13,1,2024
Julia Brown,29045,West Virginia,,9.675,,,Saturday,13,1,2024
Jurnee Lane,29045,West Virginia,,,9.85,,Saturday,13,1,2024
Kadyn Fitzgibbon,29045,Illinois,,,9.875,,Saturday,13,1,2024
Kaitlyn Ewald,29045,Illinois,9.95,,,,Saturday,13,1,2024
Kaylie Berens,29045,UW-Oshkosh,9.8,9.7,,,Saturday,13,1,2024
Kiana Lewis,29045,West Virginia,,9.625,9.725,9.725,Saturday,13,1,2024
Liz Romano,29045,UW-Oshkosh,,9.6,,,Saturday,13,1,2024
Lydia Hayden,29045,UW-Oshkosh,9.7,9.825,,,Saturday,13,1,2024
Mia Lucero,29045,UW-Oshkosh,,,9.6,9.725,Saturday,13,1,2024
Mia Takekawa,29045,Illinois,9.4,9.9,9.75,9.85,Saturday,13,1,2024
Mia Townes,29045,Illinois,,9.825,,,Saturday,13,1,2024
Miranda Smith,29045,West Virginia,9.675,9.55,,,Saturday,13,1,2024
Olivia Coppola,29045,Illinois,,,,9.675,Saturday,13,1,2024
Paige Vitek,29045,UW-Oshkosh,,,,9.05,Saturday,13,1,2024
Payton Murphy,29045,Western Michigan,9.725,9.8,9.85,9.825,Saturday,13,1,2024
Reanna McGibboney,29045,UW-Oshkosh,9.675,,9.8,9.725,Saturday,13,1,2024
Ruthuja Nataraj,29045,Illinois,,9.85,,9.85,Saturday,13,1,2024
Samantha Zeilinger,29045,UW-Oshkosh,9.75,,,9.325,Saturday,13,1,2024
Sarah Moravansky,29045,Western Michigan,9.9,9.675,,9.825,Saturday,13,1,2024
Sierra Muns,29045,West Virginia,,,,9.575,Saturday,13,1,2024
Taylor Leaman,29045,UW-Oshkosh,,,9.5,,Saturday,13,1,2024
Alexa Melanson,29049,Southern Conn.,,9.55,9.575,,Saturday,13,1,2024
Alexis Castellaneta,29049,Utica,7.45,9.125,9.625,9.5,Saturday,13,1,2024
Angelina Merulla,29049,Utica,,,8.675,,Saturday,13,1,2024
Angelina Stanfa,29049,Southern Conn.,,9.225,,,Saturday,13,1,2024
Anna Pagliaro,29049,Rutgers,,,9.775,9.65,Saturday,13,1,2024
Ariana Young,29049,Oregon State,,9.875,9.825,,Saturday,13,1,2024
Audrey Arnold,29049,Southern Conn.,8.9,,,,Saturday,13,1,2024
Ava Kelly,29049,Southern Conn.,,,,9.55,Saturday,13,1,2024
Avery Balser,29049,Rutgers,9.875,,,,Saturday,13,1,2024
Brianna Dorr,29049,Southern Conn.,,,,9.375,Saturday,13,1,2024
Christina Troche,29049,Utica,8.825,,,,Saturday,13,1,2024
Elia Aird,29049,Rutgers,8.8,9.725,9.825,9.775,Saturday,13,1,2024
Ellie Weaver,29049,Oregon State,9.9,9.625,9.825,,Saturday,13,1,2024
Emelia Diaz,29049,Southern Conn.,,9.675,,,Saturday,13,1,2024
Emiley Kahl,29049,Southern Conn.,,9.5,,,Saturday,13,1,2024
Emily Leese,29049,Rutgers,,9.725,9.925,9.775,Saturday,13,1,2024
Erica Beyer,29049,Southern Conn.,,,9.45,,Saturday,13,1,2024
Gabriela Dinisoe,29049,Southern Conn.,,8.9,,,Saturday,13,1,2024
Gabrielle Dildy,29049,Rutgers,,,9.8,9.75,Saturday,13,1,2024
Gigi Mastellone,29049,Southern Conn.,9.7,,,,Saturday,13,1,2024
Grace Marra,29049,Utica,8.15,8.475,9.75,9.525,Saturday,13,1,2024
Haley Miller,29049,Utica,,8.425,,9.25,Saturday,13,1,2024
Hanna Zebdi,29049,Southern Conn.,,,9.55,9.625,Saturday,13,1,2024
Harmony Webster,29049,Rutgers,,,9.85,,Saturday,13,1,2024
Jackie Manifold,29049,Rutgers,9.225,9.5,,,Saturday,13,1,2024
Jade Carey,29049,Oregon State,9.975,9.75,,,Saturday,13,1,2024
Jayci Jordan,29049,Southern Conn.,9.75,,,,Saturday,13,1,2024
Jennifer McMillan,29049,Oregon State,9.825,9.825,,,Saturday,13,1,2024
Jensen Todd,29049,Utica,,9.125,,9.5,Saturday,13,1,2024
Joscelyn Wabick,29049,Utica,,,,9.175,Saturday,13,1,2024
Kaitlin Garcia,29049,Oregon State,,,9.175,9.825,Saturday,13,1,2024
Katy Koopman,29049,Rutgers,,9.65,,,Saturday,13,1,2024
Kylie Sitty,29049,Southern Conn.,9.425,,9.025,9.05,Saturday,13,1,2024
Lenee Dimkin,29049,Southern Conn.,,,8.725,,Saturday,13,1,2024
Lexi Bracher,29049,Southern Conn.,,,,9.575,Saturday,13,1,2024
Libby Allen,29049,Southern Conn.,,8.425,9.6,,Saturday,13,1,2024
Madison Reed,29049,Utica,,8.9,,,Saturday,13,1,2024
Melissa Ainsley Pinkard,29049,Utica,7.15,,,,Saturday,13,1,2024
Myra Daniels,29049,Rutgers,9.725,,,,Saturday,13,1,2024
Natalie Briones,29049,Oregon State,9.75,,,9.825,Saturday,13,1,2024
Olivia Buckner,29049,Oregon State,,,,9.775,Saturday,13,1,2024
Olivia DiNovi,29049,Rutgers,9.725,,,,Saturday,13,1,2024
Olivia Fragala,29049,Utica,,8.25,,,Saturday,13,1,2024
Olivia Rosen,29049,Utica,,,9.225,,Saturday,13,1,2024
Rachael Riley,29049,Rutgers,,9.75,,9.675,Saturday,13,1,2024
Ryli McGorry,29049,Utica,8.6,,8.225,9.225,Saturday,13,1,2024
Sage Thompson,29049,Oregon State,9.925,,9.85,9.85,Saturday,13,1,2024
Savannah Miller,29049,Oregon State,,,9.1,,Saturday,13,1,2024
Shreya Munshi,29049,Southern Conn.,9.6,,,,Saturday,13,1,2024
Sophia Esposito,29049,Oregon State,,9.775,,9.9,Saturday,13,1,2024
Sophia Ruecker,29049,Southern Conn.,8.6,,,9.475,Saturday,13,1,2024
Stephanie Zannella,29049,Rutgers,,9.7,9.8,,Saturday,13,1,2024
Sydney Gonzales,29049,Oregon State,,9.575,9.7,9.725,Saturday,13,1,2024
Taylor DeVries,29049,Oregon State,9.825,,,,Saturday,13,1,2024
Valentina Lorente-Garcia,29049,Rutgers,9.625,,,9.75,Saturday,13,1,2024
Abby Brushwood,29053,Eastern Michigan,,,9.8,9.75,Saturday,13,1,2024
Alana Fisher,29053,Eastern Michigan,,,9.725,9.675,Saturday,13,1,2024
Cassie Bergin,29053,Eastern Michigan,,9.8,,,Saturday,13,1,2024
Ella Chemotti,29053,Eastern Michigan,,9.775,9.675,,Saturday,13,1,2024
Ella Sirjord,29053,Minnesota,9.725,9.8,,,Saturday,13,1,2024
Emily Koch,29053,Minnesota,,9.775,9.875,,Saturday,13,1,2024
Genae Daniel,29053,Eastern Michigan,9.55,,,9.775,Saturday,13,1,2024
Gianna Gerdes,29053,Minnesota,9.825,9.9,9.925,9.825,Saturday,13,1,2024
Gwendelyn Cantu,29053,Eastern Michigan,,,,9.625,Saturday,13,1,2024
Jacquelyn Patterson,29053,Eastern Michigan,,9.875,,9.575,Saturday,13,1,2024
Jordan Jankowski,29053,Eastern Michigan,9.7,,,,Saturday,13,1,2024
Jordyn Lyden,29053,Minnesota,9.85,,,,Saturday,13,1,2024
Katie Horak,29053,Minnesota,,9.8,,,Saturday,13,1,2024
Kyrie Lowe,29053,Eastern Michigan,9.625,9.775,9.55,,Saturday,13,1,2024
Lauren Pearl,29053,Minnesota,,9.525,9.875,9.75,Saturday,13,1,2024
Marissa Jencks,29053,Minnesota,9.75,,9.775,9.725,Saturday,13,1,2024
Molly Parris,29053,Eastern Michigan,9.35,,,,Saturday,13,1,2024
Mya Hooten,29053,Minnesota,9.875,,10.0,9.775,Saturday,13,1,2024
Priya Karle,29053,Eastern Michigan,,,9.775,,Saturday,13,1,2024
Raisa Boris,29053,Eastern Michigan,9.8,9.025,9.825,9.825,Saturday,13,1,2024
Sarah Moraw,29053,Minnesota,,9.05,,9.775,Saturday,13,1,2024
Seria Johnson,29053,Minnesota,,,9.9,,Saturday,13,1,2024
Sophia Nguyen,29053,Minnesota,9.75,,,9.75,Saturday,13,1,2024
Trinity Macy,29053,Eastern Michigan,9.8,9.75,,,Saturday,13,1,2024
Alyssa Guns,29055,Kent State,,9.675,9.9,,Saturday,13,1,2024
Arayah Simons,29055,Pittsburgh,,9.225,,,Saturday,13,1,2024
Brynne Tsipis,29055,Kent State,9.825,,,,Saturday,13,1,2024
Carla Ferzoco,29055,Pittsburgh,,9.675,,,Saturday,13,1,2024
Charlie Behner,29055,Kent State,,,,9.725,Saturday,13,1,2024
Ciara Ward,29055,Pittsburgh,,,8.875,9.7,Saturday,13,1,2024
Dani Fuertez,29055,Kent State,,9.1,9.825,,Saturday,13,1,2024
Emily Todd,29055,Pittsburgh,9.9,9.025,9.825,,Saturday,13,1,2024
Faith Lerro,29055,Pittsburgh,9.75,,,,Saturday,13,1,2024
Gabby Riley,29055,Kent State,,,,9.55,Saturday,13,1,2024
Hallie Copperwheat,29055,Pittsburgh,,9.25,,,Saturday,13,1,2024
Heidi Schultz,29055,Kent State,9.825,9.825,9.85,,Saturday,13,1,2024
Jah'Liyah Bedminster,29055,Pittsburgh,9.8,,9.85,9.8,Saturday,13,1,2024
Jordyn Ewing,29055,Pittsburgh,9.8,9.825,9.775,,Saturday,13,1,2024
Julie Madso,29055,Pittsburgh,9.775,,,9.425,Saturday,13,1,2024
Karlie Franz,29055,Kent State,9.825,,9.9,,Saturday,13,1,2024
Kaylee Larson,29055,Pittsburgh,,,9.325,,Saturday,13,1,2024
Kennedy Duke,29055,Pittsburgh,9.675,9.725,9.775,9.75,Saturday,13,1,2024
Kennedy Weinpert,29055,Kent State,,,9.7,9.675,Saturday,13,1,2024
Kyndall Gilbert,29055,Kent State,9.775,,,9.475,Saturday,13,1,2024
Lucia Jakab,29055,Pittsburgh,,,,9.5,Saturday,13,1,2024
Nastia Rudnitskaya,29055,Kent State,9.85,,,9.675,Saturday,13,1,2024
Nene Alvine,29055,Kent State,,8.9,,,Saturday,13,1,2024
Sarah Haxton,29055,Kent State,9.725,9.75,,,Saturday,13,1,2024
Shruthi Anand,29055,Pittsburgh,,,,9.675,Saturday,13,1,2024
Zoe Rankin,29055,Kent State,,9.6,9.85,9.55,Saturday,13,1,2024
Alexis Ortega,29057,North Carolina State,9.8,9.65,8.95,9.8,Saturday,13,1,2024
Alilah Alvarado,29057,BYU,9.65,,,,Saturday,13,1,2024
Allix Mason,29057,BYU,9.825,9.85,,,Saturday,13,1,2024
Andi Li,29057,California,9.825,9.825,,,Saturday,13,1,2024
Anna Bramblett-Wilde,29057,BYU,9.825,,,,Saturday,13,1,2024
Anyssa Alvarado,29057,BYU,9.85,,,,Saturday,13,1,2024
Ashley Knight,29057,North Carolina State,,,9.75,9.875,Saturday,13,1,2024
Ava Jorgensen,29057,BYU,,,9.75,9.8,Saturday,13,1,2024
Baleigh Garcia,29057,Michigan State,,9.6,,,Saturday,13,1,2024
Brynlee Andersen,29057,BYU,,9.775,,,Saturday,13,1,2024
Casey Brown,29057,California,,,,9.875,Saturday,13,1,2024
Chloe Negrete,29057,North Carolina State,,9.825,9.9,9.9,Saturday,13,1,2024
Delanie Harkness,29057,Michigan State,9.875,9.75,9.85,,Saturday,13,1,2024
Elease Rollins,29057,BYU,,9.9,,,Saturday,13,1,2024
Eliza Millar-Crossman,29057,BYU,,9.825,,,Saturday,13,1,2024
Ella Cesario,29057,California,9.875,9.725,9.85,9.675,Saturday,13,1,2024
Elle Beaufait,29057,Michigan State,,,9.9,,Saturday,13,1,2024
Emily Shepard,29057,North Carolina State,9.775,9.8,9.775,9.8,Saturday,13,1,2024
Gabby Perea,29057,California,9.9,9.825,,,Saturday,13,1,2024
Gabrielle Stephen,29057,Michigan State,9.825,9.775,,9.775,Saturday,13,1,2024
Giana Kalefe,29057,Michigan State,,9.85,,,Saturday,13,1,2024
Jordan Kane,29057,California,,,9.875,,Saturday,13,1,2024
Kailee Adomaites,29057,North Carolina State,9.6,,,,Saturday,13,1,2024
Katie Harper,29057,North Carolina State,9.625,,,,Saturday,13,1,2024
Krista Zultevicz,29057,North Carolina State,,9.575,9.8,9.725,Saturday,13,1,2024
Kyen Mayhew,29057,California,,,9.25,9.95,Saturday,13,1,2024
Kylie Eaquinto,29057,BYU,9.775,,9.85,9.775,Saturday,13,1,2024
Linsey Hunter-Kempler,29057,BYU,9.4,,,,Saturday,13,1,2024
MaKayla Tucker,29057,Michigan State,,9.575,9.875,9.825,Saturday,13,1,2024
Macy Jennings,29057,North Carolina State,,9.75,,,Saturday,13,1,2024
Maddie Hall,29057,North Carolina State,9.775,,9.775,,Saturday,13,1,2024
Madelyn Williams,29057,California,9.925,9.675,9.9,9.825,Saturday,13,1,2024
Madison Raesly-Patton,29057,BYU,,,,9.8,Saturday,13,1,2024
Meg Adler,29057,North Carolina State,,9.725,,9.8,Saturday,13,1,2024
Melissa Earl,29057,BYU,,,,9.75,Saturday,13,1,2024
Mina Margraf-Benson,29057,BYU,,9.725,9.8,,Saturday,13,1,2024
Mya Lauzon,29057,California,9.875,9.925,9.975,9.975,Saturday,13,1,2024
Nikki Smith,29057,Michigan State,9.925,,9.9,9.85,Saturday,13,1,2024
Nyah Smith,29057,Michigan State,,,9.85,9.775,Saturday,13,1,2024
Olivia Matern,29057,BYU,,,9.8,,Saturday,13,1,2024
Olivia Zsarmani,29057,Michigan State,9.85,,,9.575,Saturday,13,1,2024
Peyton Childs,29057,North Carolina State,9.775,,,,Saturday,13,1,2024
Sage Kellerman,29057,Michigan State,9.85,,,9.925,Saturday,13,1,2024
Skyla Schulte,29057,Michigan State,9.2,9.825,9.925,,Saturday,13,1,2024
Sophie Dudley,29057,BYU,,9.55,9.875,9.775,Saturday,13,1,2024
Sydney Benson,29057,BYU,,,9.725,9.875,Saturday,13,1,2024
eMjae Frazier,29057,California,9.925,10.0,9.95,9.9,Saturday,13,1,2024
Addy Rothstein,29061,Cornell,9.5,,,9.275,Sunday,14,1,2024
Alexandra Quiana,29061,Cornell,,9.8,9.75,,Sunday,14,1,2024
Alisha Werlen,29061,Pennsylvania,9.575,9.725,,,Sunday,14,1,2024
Amelia Budd,29061,Temple,,,,9.575,Sunday,14,1,2024
Angelina Hogan,29061,Temple,9.625,,,,Sunday,14,1,2024
Anneliese Silverman,29061,George Washington,9.7,9.85,,9.7,Sunday,14,1,2024
Avery Byun,29061,Cornell,,,,9.45,Sunday,14,1,2024
Brooke Donabedian,29061,Temple,9.1,9.75,9.9,,Sunday,14,1,2024
Caitlyn Walsh,29061,Cornell,,,9.85,,Sunday,14,1,2024
Cami Whitaker,29061,Cornell,,,,8.875,Sunday,14,1,2024
Campbell Marr,29061,Pennsylvania,,9.8,,,Sunday,14,1,2024
Carly Oniki,29061,Pennsylvania,,9.725,,,Sunday,14,1,2024
Chloe DeJoy,29061,Yale,9.675,,9.775,,Sunday,14,1,2024
Cyrena Whalen,29061,Temple,9.575,,,,Sunday,14,1,2024
Deana Sheremeta,29061,George Washington,,9.1,9.8,,Sunday,14,1,2024
Delaney DeHaan,29061,George Washington,9.55,,,,Sunday,14,1,2024
Ella Tashjian,29061,Yale,,9.75,9.825,9.55,Sunday,14,1,2024
Emily Johnson,29061,Temple,9.75,,,,Sunday,14,1,2024
Emma Davies,29061,Pennsylvania,,,9.925,,Sunday,14,1,2024
Emma Mangiacapre,29061,Yale,,9.825,,9.275,Sunday,14,1,2024
Gigi Sabatini,29061,Yale,9.625,9.825,9.75,9.625,Sunday,14,1,2024
Hailey Best,29061,Temple,,,,9.65,Sunday,14,1,2024
Hana Strause,29061,Yale,,9.8,9.75,,Sunday,14,1,2024
Hannah Stallings,29061,Temple,,,9.775,9.675,Sunday,14,1,2024
Hannah Weklar,29061,Temple,,,,9.625,Sunday,14,1,2024
Isabel Song,29061,Pennsylvania,9.6,,,9.55,Sunday,14,1,2024
Jordan Barrow,29061,Pennsylvania,,,,9.725,Sunday,14,1,2024
Josie Moylan,29061,Cornell,,,9.75,,Sunday,14,1,2024
Kasey Burke,29061,George Washington,,,9.8,9.725,Sunday,14,1,2024
Kate Michelini,29061,Cornell,,,9.675,,Sunday,14,1,2024
Kendall Whitman,29061,George Washington,,9.8,9.925,9.775,Sunday,14,1,2024
Kiersten Belkoff,29061,Pennsylvania,,9.825,9.825,9.8,Sunday,14,1,2024
Lauren Holt,29061,Yale,9.425,,,,Sunday,14,1,2024
Lily Aucoin,29061,Yale,9.625,,,8.85,Sunday,14,1,2024
Maddie Sakalosky,29061,Cornell,9.5,,,,Sunday,14,1,2024
Madi McMullen,29061,George Washington,9.45,,,,Sunday,14,1,2024
Madison Dorunda,29061,Temple,,9.85,9.725,,Sunday,14,1,2024
Madison Perkins,29061,Pennsylvania,,,,9.675,Sunday,14,1,2024
Marissa Lassiter,29061,Pennsylvania,,,9.85,,Sunday,14,1,2024
Marlee York,29061,George Washington,,9.775,9.825,9.65,Sunday,14,1,2024
Maya Peters,29061,George Washington,9.55,9.8,,,Sunday,14,1,2024
Megan Brueck,29061,Yale,,9.225,9.75,,Sunday,14,1,2024
Megan White,29061,Temple,,8.8,,,Sunday,14,1,2024
Melanie Stone,29061,Cornell,9.575,9.725,8.9,,Sunday,14,1,2024
Michaela Defranscisco,29061,Cornell,,,,9.6,Sunday,14,1,2024
Mikayla Burton,29061,Cornell,,9.825,,,Sunday,14,1,2024
Morgen Shambo,29061,Cornell,9.075,,,,Sunday,14,1,2024
Natalia Tehrani,29061,Cornell,,9.85,,,Sunday,14,1,2024
Olivia Vanhorn,29061,Pennsylvania,,,9.675,,Sunday,14,1,2024
Payton Lynch,29061,George Washington,,,9.825,,Sunday,14,1,2024
Payton Monk,29061,Temple,,,9.85,,Sunday,14,1,2024
Rachel Katz,29061,George Washington,9.375,,,9.725,Sunday,14,1,2024
Reese DeHaan,29061,Temple,9.7,,,,Sunday,14,1,2024
Regina Walton,29061,Cornell,9.4,9.825,,,Sunday,14,1,2024
Renee Schugman,29061,Temple,,9.825,9.85,9.7,Sunday,14,1,2024
Samantha Wu,29061,Pennsylvania,,9.775,,,Sunday,14,1,2024
Sara Kenefick,29061,Pennsylvania,9.725,,9.85,9.75,Sunday,14,1,2024
Sarah Stallings,29061,Temple,9.8,9.05,,,Sunday,14,1,2024
Sarah Wilson,29061,Yale,9.8,9.3,,9.6,Sunday,14,1,2024
Sarah Zois,29061,George Washington,,9.8,9.875,9.85,Sunday,14,1,2024
Sherry Wang,29061,Yale,9.725,,9.775,9.45,Sunday,14,1,2024
Skyelar Kerico,29061,Pennsylvania,9.8,9.775,,9.725,Sunday,14,1,2024
Sophia Paris,29061,Pennsylvania,9.775,,,,Sunday,14,1,2024
Sophia Tyeryar,29061,George Washington,9.725,,,,Sunday,14,1,2024
Summer Ruskey,29061,Temple,,9.7,9.8,9.65,Sunday,14,1,2024
Sydney Beers,29061,Cornell,9.625,9.225,9.75,9.75,Sunday,14,1,2024
Victoria McMillan,29061,Cornell,,,,9.375,Sunday,14,1,2024
Zara Gazdak,29061,Pennsylvania,9.6,,9.85,,Sunday,14,1,2024
Alessia Russo,29066,Greenville,8.3,,,,Sunday,14,1,2024
Allie Berkley,29066,Lindenwood,,,,9.75,Sunday,14,1,2024
Amara Nelson,29066,Greenville,9.325,9.8,8.025,8.85,Sunday,14,1,2024
Ashlie Leage,29066,Greenville,9.4,8.95,,9.475,Sunday,14,1,2024
Audra Kaiser,29066,Greenville,,,9.35,,Sunday,14,1,2024
Doree Shelton,29066,Greenville,,9.7,,,Sunday,14,1,2024
Ellery Gilmer,29066,Greenville,,8.6,9.7,,Sunday,14,1,2024
Elli Schnieders,29066,Greenville,,,,9.3,Sunday,14,1,2024
Gayla Griswold,29066,Lindenwood,,9.15,9.875,9.775,Sunday,14,1,2024
Hannah Appleget,29066,Lindenwood,9.85,9.775,,9.525,Sunday,14,1,2024
Hannah Moon,29066,Lindenwood,9.725,9.825,9.55,,Sunday,14,1,2024
Isabella Feltman,29066,Greenville,,9.35,9.325,9.575,Sunday,14,1,2024
Jaly Jones,29066,Lindenwood,,9.425,9.825,,Sunday,14,1,2024
Kaylee Cooper,29066,Lindenwood,9.85,,,,Sunday,14,1,2024
Madison Carter,29066,Greenville,8.4,,,9.325,Sunday,14,1,2024
Madison Rush,29066,Lindenwood,,9.725,,,Sunday,14,1,2024
Nya Kraus,29066,Lindenwood,9.825,9.875,9.575,9.7,Sunday,14,1,2024
Olivia Tocco,29066,Greenville,,9.6,,,Sunday,14,1,2024
Rachel Miller,29066,Greenville,,,9.45,9.4,Sunday,14,1,2024
Reagan Rodriguez,29066,Greenville,7.975,,,,Sunday,14,1,2024
Reese Baechle,29066,Lindenwood,9.725,,9.85,9.75,Sunday,14,1,2024
Savannah Newsome,29066,Lindenwood,9.75,,,,Sunday,14,1,2024
Sienna Blake,29066,Greenville,9.225,,,,Sunday,14,1,2024
Simone Evans,29066,Lindenwood,,,9.725,,Sunday,14,1,2024
Taylor Templin,29066,Greenville,,,9.65,,Sunday,14,1,2024
Trinity Caffey,29066,Lindenwood,,,,9.775,Sunday,14,1,2024
Abigail Bunch,29068,Rhode Island College,8.875,,,,Sunday,14,1,2024
Adison Tanguay,29068,Ursinus College,9.2,,,,Sunday,14,1,2024
Adrenne Roth,29068,Ursinus College,,9.025,,,Sunday,14,1,2024
Alexa Rose Pahila,29068,Cortland State,9.25,9.025,,9.075,Sunday,14,1,2024
Alison Silva,29068,Rhode Island College,7.85,8.8,,,Sunday,14,1,2024
Anne Kiley,29068,Springfield College,9.0,,,9.65,Sunday,14,1,2024
Arianna Ellis,29068,Ursinus College,,9.125,9.6,,Sunday,14,1,2024
Ashley Cromer,29068,Ursinus College,,,,9.45,Sunday,14,1,2024
Autumn Adkins,29068,Cortland State,9.35,,,8.025,Sunday,14,1,2024
Ava Miranov,29068,Cortland State,8.825,,,,Sunday,14,1,2024
Ayako Maeda,29068,Springfield College,8.95,,,,Sunday,14,1,2024
Bella Leo,29068,Ursinus College,6.6,9.475,,9.3,Sunday,14,1,2024
Brianna Duffy,29068,Ursinus College,9.425,,,,Sunday,14,1,2024
Carly Troilo,29068,Ursinus College,8.775,,9.475,9.25,Sunday,14,1,2024
Claire Geiger,29068,Springfield College,8.85,,9.45,,Sunday,14,1,2024
Daria Gregory,29068,Ursinus College,,,8.65,,Sunday,14,1,2024
Delaney Brown,29068,Cortland State,,8.225,8.875,9.325,Sunday,14,1,2024
Delaney LaViolette,29068,Springfield College,,,8.9,8.825,Sunday,14,1,2024
Emma Tucker,29068,Rhode Island College,,9.625,9.625,9.25,Sunday,14,1,2024
Erin Roe,29068,Ursinus College,4.3,9.5,8.1,9.6,Sunday,14,1,2024
Gabrielle Nadler,29068,Cortland State,,8.95,9.05,,Sunday,14,1,2024
Gianna Mirigliano,29068,Cortland State,,,,9.075,Sunday,14,1,2024
Jenna DiPalo,29068,Springfield College,,8.225,,9.175,Sunday,14,1,2024
Jessica Nugent,29068,Rhode Island College,,8.5,,,Sunday,14,1,2024
Jolie Carpino,29068,Rhode Island College,8.5,,,,Sunday,14,1,2024
Julia Reer,29068,Springfield College,,9.5,9.375,,Sunday,14,1,2024
Julia Yitts,29068,Rhode Island College,,,7.975,,Sunday,14,1,2024
Kathryn McSweeney,29068,Cortland State,,,9.4,,Sunday,14,1,2024
Kelly McGuinness,29068,Springfield College,,8.275,,,Sunday,14,1,2024
Kelsey Gates,29068,Rhode Island College,9.175,9.675,9.725,9.175,Sunday,14,1,2024
Kiana Wong,29068,Cortland State,9.15,,8.55,9.075,Sunday,14,1,2024
Lexi Weber,29068,Cortland State,,8.85,,,Sunday,14,1,2024
Lucy Warburton,29068,Ursinus College,,9.45,9.075,,Sunday,14,1,2024
Madeline Brandt,29068,Rhode Island College,,,9.45,,Sunday,14,1,2024
Madison Zimmerman,29068,Ursinus College,,8.8,,,Sunday,14,1,2024
Marissa Zarra,29068,Springfield College,7.85,,,,Sunday,14,1,2024
Megan Matteucci,29068,Ursinus College,9.3,,8.9,9.25,Sunday,14,1,2024
Morgan Lunn,29068,Rhode Island College,,9.6,9.7,,Sunday,14,1,2024
Olivia Keyes,29068,Rhode Island College,9.575,9.7,9.7,9.05,Sunday,14,1,2024
Payton Green,29068,Rhode Island College,8.8,,,9.425,Sunday,14,1,2024
Payton Smith,29068,Rhode Island College,,,,9.275,Sunday,14,1,2024
Rae Anna Schutz,29068,Springfield College,,9.05,,,Sunday,14,1,2024
Rianna Adams,29068,Cortland State,9.3,,,,Sunday,14,1,2024
Rory Allan,29068,Cortland State,,,,9.3,Sunday,14,1,2024
Rylee Fishkin,29068,Cortland State,,,9.575,,Sunday,14,1,2024
Sage Kaplan,29068,Springfield College,8.725,9.15,9.525,9.475,Sunday,14,1,2024
Sophia Damiano,29068,Rhode Island College,,,,9.45,Sunday,14,1,2024
Sophia LeBlanc,29068,Springfield College,9.6,9.675,9.75,9.25,Sunday,14,1,2024
Stacy Taylor,29068,Springfield College,,,9.6,9.475,Sunday,14,1,2024
Taylor Goldstein,29068,Cortland State,9.625,9.0,,,Sunday,14,1,2024
Valentina Hurtado,29068,Ursinus College,,,,8.8,Sunday,14,1,2024
Victoria Cave,29068,Cortland State,,9.575,9.225,,Sunday,14,1,2024
Abbie Thompson,29072,Denver,,9.85,,,Sunday,14,1,2024
Alex Theodorou,29072,Arizona State,,,,9.675,Sunday,14,1,2024
Anaya Smith,29072,Arizona State,,,,9.925,Sunday,14,1,2024
Bella Mabanta,29072,Denver,,9.9,9.1,9.825,Sunday,14,1,2024
Cassi Barbanente,29072,Arizona State,9.825,,,,Sunday,14,1,2024
Cienna Samiley,29072,Arizona State,9.9,,,,Sunday,14,1,2024
Emily White,29072,Arizona State,9.825,9.9,9.9,9.75,Sunday,14,1,2024
Gracie Reeves,29072,Arizona State,9.775,9.75,,,Sunday,14,1,2024
Halle Gregoire,29072,Arizona State,,,,9.725,Sunday,14,1,2024
Hannah Scharf,29072,Arizona State,,9.825,9.825,9.825,Sunday,14,1,2024
Jada Mangahas,29072,Arizona State,9.85,9.825,9.675,9.8,Sunday,14,1,2024
Jessica Hutchinson,29072,Denver,9.85,9.9,9.925,9.8,Sunday,14,1,2024
Kayla Lee,29072,Arizona State,,9.925,9.725,,Sunday,14,1,2024
Kiley Rorich,29072,Denver,9.025,,9.7,,Sunday,14,1,2024
Kimberly Smith,29072,Arizona State,,,9.725,,Sunday,14,1,2024
Lilia Purler,29072,Arizona State,,,9.65,,Sunday,14,1,2024
Madison Ulrich,29072,Denver,9.875,9.875,9.9,9.75,Sunday,14,1,2024
Mia Hebinck,29072,Denver,9.825,,,,Sunday,14,1,2024
Mila Brusch,29072,Denver,,,,9.8,Sunday,14,1,2024
Momoko Iwai,29072,Denver,,9.85,9.75,,Sunday,14,1,2024
Rosie Casali,29072,Denver,9.85,,9.875,9.85,Sunday,14,1,2024
Rylie Mundell,29072,Denver,9.95,9.725,,9.725,Sunday,14,1,2024
Sarah Clark,29072,Arizona State,9.75,9.85,,,Sunday,14,1,2024
Abigail Kenney,29074,Bridgeport,9.75,9.8,9.775,9.675,Sunday,14,1,2024
Alana Ricketts,29074,LIU,,9.825,,9.775,Sunday,14,1,2024
Alina Danilchenko,29074,LIU,,,9.7,,Sunday,14,1,2024
Alyssa Beaulieu,29074,New Hampshire,,9.8,,,Sunday,14,1,2024
Annalisa Page,29074,LIU,,9.825,,9.725,Sunday,14,1,2024
Anne Challman,29074,New Hampshire,,9.55,9.85,9.825,Sunday,14,1,2024
Brisa Carraro,29074,LIU,9.65,,,,Sunday,14,1,2024
Cael Bixler,29074,LIU,,9.775,,,Sunday,14,1,2024
Catherine Aucoin,29074,Bridgeport,9.725,9.175,9.575,,Sunday,14,1,2024
Ella Barrington,29074,LIU,,,9.65,,Sunday,14,1,2024
Gianna Graver,29074,New Hampshire,9.675,,,,Sunday,14,1,2024
Hannah Barry,29074,Bridgeport,,9.675,,,Sunday,14,1,2024
Isabella Savino,29074,LIU,9.775,,9.7,9.725,Sunday,14,1,2024
Jenna Devincenzo,29074,New Hampshire,9.75,9.125,,9.8,Sunday,14,1,2024
Kady Bills-McCoy,29074,LIU,,8.825,,,Sunday,14,1,2024
Kate Parks,29074,LIU,9.775,,,9.75,Sunday,14,1,2024
Kenadi Brown,29074,New Hampshire,9.775,,,,Sunday,14,1,2024
Kieran Ross,29074,Bridgeport,5.8,,9.625,9.6,Sunday,14,1,2024
Kylie Gorgenyi,29074,New Hampshire,9.85,9.775,9.875,9.875,Sunday,14,1,2024
Lauren Miller,29074,LIU,8.85,,9.775,9.575,Sunday,14,1,2024
Leah Moreno,29074,New Hampshire,9.2,,,,Sunday,14,1,2024
Logan Hinson,29074,LIU,9.6,,,,Sunday,14,1,2024
Lola Sepulveda,29074,Bridgeport,9.7,9.6,9.825,9.775,Sunday,14,1,2024
Maya MacDonald,29074,New Hampshire,,,,9.75,Sunday,14,1,2024
McCall McMullen,29074,New Hampshire,,,9.575,9.725,Sunday,14,1,2024
Molly McAleavey,29074,Bridgeport,,9.65,,,Sunday,14,1,2024
Nova Staruk,29074,Bridgeport,,,9.625,9.8,Sunday,14,1,2024
Olivia Imbarlina,29074,Bridgeport,9.725,9.1,,,Sunday,14,1,2024
Poulina Minaev,29074,New Hampshire,,,9.625,,Sunday,14,1,2024
Riley Himes,29074,New Hampshire,,,9.2,,Sunday,14,1,2024
Samantha Nokes,29074,Bridgeport,9.225,,,,Sunday,14,1,2024
Savannah Lindley,29074,Bridgeport,,,,9.5,Sunday,14,1,2024
Serena Mullin,29074,New Hampshire,,9.825,9.75,9.8,Sunday,14,1,2024
Sierra Bauman,29074,New Hampshire,9.725,9.35,,,Sunday,14,1,2024
Syd Morris,29074,LIU,9.8,9.975,9.825,9.775,Sunday,14,1,2024
Tamyra Singletary,29074,Bridgeport,,,9.5,8.55,Sunday,14,1,2024
Taylor Doten,29074,LIU,,9.8,9.675,,Sunday,14,1,2024
Adriana Hoffman,29077,Towson,,,,9.825,Sunday,14,1,2024
Alexis Hankins,29077,Ohio State,,9.675,,,Sunday,14,1,2024
Amanda Pedicelli,29077,Towson,9.6,,,,Sunday,14,1,2024
Ashley Szymanski,29077,Ball State,9.9,,,,Sunday,14,1,2024
Camille Vitoff,29077,Towson,9.7,,,9.9,Sunday,14,1,2024
Carissa Martinez,29077,Ball State,,,9.45,9.75,Sunday,14,1,2024
Carmella Calafati,29077,Towson,,,9.7,,Sunday,14,1,2024
Clara Hong,29077,Towson,9.7,,9.825,,Sunday,14,1,2024
Courtney McCann,29077,Ohio State,,9.975,,,Sunday,14,1,2024
Elise Tisler,29077,Towson,,,9.8,9.85,Sunday,14,1,2024
Ella Hodges,29077,Ohio State,,9.875,9.95,,Sunday,14,1,2024
Emma Pritchard,29077,Ohio State,9.7,9.825,,,Sunday,14,1,2024
Felicia Poblete,29077,Towson,,,,9.8,Sunday,14,1,2024
Grace Sumner,29077,Ball State,9.825,9.775,,,Sunday,14,1,2024
Grace Vaillancourt,29077,Towson,9.825,9.1,9.9,,Sunday,14,1,2024
Hannah Ruthberg,29077,Ball State,9.8,9.0,9.825,9.825,Sunday,14,1,2024
Isabella Minervini,29077,Towson,9.875,9.4,9.875,,Sunday,14,1,2024
Jenna Weitz,29077,Towson,,9.7,9.875,9.875,Sunday,14,1,2024
Kaitlyn Grimes,29077,Ohio State,,,8.8,9.7,Sunday,14,1,2024
Kaylyn Mintz,29077,Ohio State,,,9.925,9.75,Sunday,14,1,2024
Lauren Keener,29077,Towson,9.85,9.8,,,Sunday,14,1,2024
Lindsay Fuller,29077,Ball State,,9.55,,,Sunday,14,1,2024
Megan Teter,29077,Ball State,9.075,9.75,9.7,9.725,Sunday,14,1,2024
Nicole Riccardi,29077,Ohio State,9.825,,,9.9,Sunday,14,1,2024
Payton Harris,29077,Ohio State,9.875,9.875,9.9,9.875,Sunday,14,1,2024
Samara Buchanan,29077,Ohio State,9.65,,,,Sunday,14,1,2024
Sarah Girot,29077,Towson,,8.625,,,Sunday,14,1,2024
Sidney Washington,29077,Ohio State,9.825,,9.875,9.775,Sunday,14,1,2024
Steph Macasu,29077,Towson,,9.75,,,Sunday,14,1,2024
Suki Pfister,29077,Ball State,,,9.825,9.25,Sunday,14,1,2024
Tory Vetter,29077,Ohio State,9.775,9.875,9.925,9.85,Sunday,14,1,2024
Victoria Henry,29077,Ball State,9.75,9.7,9.9,9.975,Sunday,14,1,2024
Zoe Middleton,29077,Ball State,9.825,9.65,9.925,9.675,Sunday,14,1,2024
Athena Jones,29080,Sacramento State,,9.825,9.725,,Sunday,14,1,2024
Bella Lahmidi,29080,Sacramento State,9.3,,,,Sunday,14,1,2024
Devyn Valuch,29080,San Jose State,9.75,,,9.7,Sunday,14,1,2024
Emma Morgenthaler,29080,Sacramento State,9.575,9.075,9.8,9.825,Sunday,14,1,2024
Grace Gilman,29080,Sacramento State,,9.2,9.825,9.75,Sunday,14,1,2024
Jada Mazury,29080,San Jose State,9.8,,9.875,9.725,Sunday,14,1,2024
Jaudai Lopes,29080,San Jose State,9.775,9.5,9.75,9.875,Sunday,14,1,2024
Jillianne Lastra,29080,Sacramento State,9.725,,,,Sunday,14,1,2024
Kara Houghton,29080,Sacramento State,9.875,9.55,,,Sunday,14,1,2024
Katherine Weyhmiller,29080,San Jose State,9.475,9.9,9.7,,Sunday,14,1,2024
Lauren Macpherson,29080,San Jose State,9.775,9.9,9.8,9.7,Sunday,14,1,2024
Madison Kirsch,29080,San Jose State,,9.125,,9.85,Sunday,14,1,2024
Marissa Ashton,29080,San Jose State,,9.85,,,Sunday,14,1,2024
Mia Nelson,29080,San Jose State,,8.85,9.625,,Sunday,14,1,2024
Mikaela Pitts,29080,San Jose State,,,,9.775,Sunday,14,1,2024
Natasha Forrand,29080,San Jose State,,,9.75,,Sunday,14,1,2024
Rose Wilson,29080,Sacramento State,7.95,,,9.725,Sunday,14,1,2024
Rylin Zimmerman,29080,Sacramento State,,9.75,9.85,9.775,Sunday,14,1,2024
Sarah Fitzgerald,29080,Sacramento State,,,,9.675,Sunday,14,1,2024
Sarah Lutrel,29080,Sacramento State,9.7,9.775,9.725,9.75,Sunday,14,1,2024
Simone Dumas-Guzman,29080,Sacramento State,,,9.6,,Sunday,14,1,2024
Sophia Konieczny,29080,San Jose State,9.775,,,,Sunday,14,1,2024
Abby Paulson,29091,Utah,,9.95,9.925,,Monday,15,1,2024
Alani Sabado,29091,Utah,9.775,,,,Monday,15,1,2024
Alex Routsis,29091,Southern Utah,9.825,,,,Monday,15,1,2024
Alivia Ostendorf,29091,Utah State,,9.4,9.8,9.75,Monday,15,1,2024
Allix Mason,29091,BYU,9.725,9.65,,,Monday,15,1,2024
Aly Coutu,29091,Southern Utah,,9.775,,,Monday,15,1,2024
Alyssa Fernandez,29091,Southern Utah,,9.3,9.8,,Monday,15,1,2024
Amari Evans,29091,Utah State,9.575,,9.7,,Monday,15,1,2024
Amelie Morgan,29091,Utah,9.95,9.95,,,Monday,15,1,2024
Angel Stuart,29091,Utah State,,,8.85,9.675,Monday,15,1,2024
Anna Bramblett-Wilde,29091,BYU,9.875,,,,Monday,15,1,2024
Anyssa Alvarado,29091,BYU,9.75,,,,Monday,15,1,2024
Ashley Glynn,29091,Utah,,,,9.65,Monday,15,1,2024
Aubri Schwartze,29091,Southern Utah,9.875,9.125,9.025,,Monday,15,1,2024
Ava Jorgensen,29091,BYU,,,,9.8,Monday,15,1,2024
Avery Bibbey,29091,Utah State,9.8,,,,Monday,15,1,2024
Brianna Brooks,29091,Utah State,9.875,9.775,9.475,9.75,Monday,15,1,2024
Brinlee Christensen,29091,Southern Utah,9.775,,8.7,,Monday,15,1,2024
Brynlee Andersen,29091,BYU,,9.9,,,Monday,15,1,2024
Camie Winger,29091,Utah,,,9.8,9.8,Monday,15,1,2024
Chelsea Southam,29091,Utah State,,,,9.625,Monday,15,1,2024
Dani Kirstine,29091,Utah State,9.775,9.725,,,Monday,15,1,2024
Elease Rollins,29091,BYU,,9.35,,,Monday,15,1,2024
Eliza Millar-Crossman,29091,BYU,,9.875,9.825,,Monday,15,1,2024
Elizabeth Gantner,29091,Utah,,9.75,,,Monday,15,1,2024
Ella Zirbes,29091,Utah,9.825,,,9.85,Monday,15,1,2024
Ellie Cacciola,29091,Southern Utah,,9.825,9.75,9.775,Monday,15,1,2024
Grace McCallum,29091,Utah,9.95,9.775,9.95,,Monday,15,1,2024
Isabella Neff,29091,Southern Utah,9.9,,,,Monday,15,1,2024
Isabella Vater,29091,Utah State,,9.625,,,Monday,15,1,2024
Jaedyn Rucker,29091,Utah,,,,9.825,Monday,15,1,2024
Jaylene Gilstrap,29091,Utah,,,9.85,9.725,Monday,15,1,2024
Jenna Eagles,29091,Utah State,,9.375,9.85,,Monday,15,1,2024
Juliette Boyer,29091,Utah State,9.825,,,,Monday,15,1,2024
Kayla Pardue,29091,Southern Utah,,,,9.8,Monday,15,1,2024
Kennedi McClain,29091,Southern Utah,,9.625,,9.725,Monday,15,1,2024
Kylie Eaquinto,29091,BYU,9.85,,9.825,9.775,Monday,15,1,2024
Lexi Aragon,29091,Utah State,9.8,9.725,,,Monday,15,1,2024
Linsey Hunter-Kempler,29091,BYU,8.875,,,,Monday,15,1,2024
Madison Raesly-Patton,29091,BYU,,9.85,,9.725,Monday,15,1,2024
Maile O'Keefe,29091,Utah,9.925,10.0,9.95,,Monday,15,1,2024
Makenna Smith,29091,Utah,9.85,9.875,9.925,9.875,Monday,15,1,2024
Marley Peterson,29091,Utah State,,,8.85,,Monday,15,1,2024
Melissa Earl,29091,BYU,,,,9.65,Monday,15,1,2024
Mina Margraf-Benson,29091,BYU,,9.7,9.8,,Monday,15,1,2024
Niya Randolph,29091,Southern Utah,9.875,9.075,9.85,9.725,Monday,15,1,2024
Nyla Morabito,29091,Utah State,,,,9.75,Monday,15,1,2024
Olivia Matern,29091,BYU,,,9.8,,Monday,15,1,2024
Payton Gatzlaff,29091,Utah State,,,,9.675,Monday,15,1,2024
Sophie Dudley,29091,BYU,,,9.825,9.7,Monday,15,1,2024
Sydney Benson,29091,BYU,9.75,,9.775,9.775,Monday,15,1,2024
Taylor Gull,29091,Southern Utah,,,9.8,9.75,Monday,15,1,2024
Trista Goodman,29091,Southern Utah,9.875,,,9.65,Monday,15,1,2024
Anya Pilgrim,29092,Florida,9.9,,,9.875,Friday,19,1,2024
Aria Brusch,29092,Auburn,9.825,9.725,9.9,,Friday,19,1,2024
Bri Edwards,29092,Florida,,,,9.875,Friday,19,1,2024
Cassie Stevens,29092,Auburn,9.875,9.9,9.925,9.875,Friday,19,1,2024
Danie Ferris,29092,Florida,,,,9.725,Friday,19,1,2024
Ellie Lazzari,29092,Florida,,9.75,9.85,,Friday,19,1,2024
Emma Grace Boyd,29092,Auburn,9.775,,,,Friday,19,1,2024
Gabby Disidore,29092,Florida,9.875,,,,Friday,19,1,2024
Gabby McLaughlin,29092,Auburn,9.875,9.95,9.925,,Friday,19,1,2024
Julianne Huff,29092,Auburn,,,9.75,9.75,Friday,19,1,2024
Leanne Wong,29092,Florida,9.95,9.875,9.95,9.85,Friday,19,1,2024
Lori Brubach,29092,Florida,,,9.9,,Friday,19,1,2024
Morgan Hurd,29092,Florida,,9.825,9.875,,Friday,19,1,2024
Olivia Hollingsworth,29092,Auburn,9.35,9.85,9.8,9.85,Friday,19,1,2024
Paige Zancan,29092,Auburn,,9.825,,,Friday,19,1,2024
Sara Hubbard,29092,Auburn,,,,9.725,Friday,19,1,2024
Skylar Draser,29092,Florida,9.775,9.85,,9.8,Friday,19,1,2024
Sloane Blakely,29092,Florida,9.825,9.875,9.825,,Friday,19,1,2024
Sophia Groth,29092,Auburn,9.825,9.775,9.9,9.9,Friday,19,1,2024
Sydney Schumaker,29092,Auburn,,,,9.1,Friday,19,1,2024
Victoria Nguyen,29092,Florida,9.85,9.8,9.9,9.825,Friday,19,1,2024
Abby Brushwood,29094,Eastern Michigan,,,9.75,9.725,Friday,19,1,2024
Adriana Bustelo,29094,Central Michigan,9.775,9.7,,,Friday,19,1,2024
Alana Fisher,29094,Eastern Michigan,,,9.75,9.85,Friday,19,1,2024
Amber Mueller,29094,Central Michigan,,9.575,,9.75,Friday,19,1,2024
Ashley Veglucci,29094,Central Michigan,9.675,,9.825,,Friday,19,1,2024
Cassie Bergin,29094,Eastern Michigan,,9.75,,,Friday,19,1,2024
Elizabeth Buttle,29094,Central Michigan,,,9.675,,Friday,19,1,2024
Elizabeth Cesarone,29094,Central Michigan,,9.825,9.7,9.8,Friday,19,1,2024
Ella Chemotti,29094,Eastern Michigan,9.775,9.9,9.725,,Friday,19,1,2024
Genae Daniel,29094,Eastern Michigan,,,,9.725,Friday,19,1,2024
Gwendelyn Cantu,29094,Eastern Michigan,,,,9.725,Friday,19,1,2024
Hallie Hornbacher,29094,Central Michigan,,,9.85,,Friday,19,1,2024
Jacquelyn Patterson,29094,Eastern Michigan,,9.575,,9.75,Friday,19,1,2024
Jenna Germond,29094,Central Michigan,9.725,,,9.85,Friday,19,1,2024
Jordan Jankowski,29094,Eastern Michigan,9.75,,,,Friday,19,1,2024
Karina Lankamer,29094,Central Michigan,,9.775,,,Friday,19,1,2024
Kyrie Lowe,29094,Eastern Michigan,9.15,9.175,9.625,,Friday,19,1,2024
Lia Kmieciak,29094,Central Michigan,9.85,,,9.8,Friday,19,1,2024
Luciana Alvarado-Reid,29094,Central Michigan,9.85,9.825,9.85,9.8,Friday,19,1,2024
Molly Parris,29094,Eastern Michigan,9.625,,,,Friday,19,1,2024
Priya Karle,29094,Eastern Michigan,,,8.975,,Friday,19,1,2024
Quinn Skrupa,29094,Central Michigan,,9.8,9.65,,Friday,19,1,2024
Raisa Boris,29094,Eastern Michigan,9.825,9.875,9.85,9.75,Friday,19,1,2024
Samantha Shannon,29094,Central Michigan,9.8,,,9.75,Friday,19,1,2024
Trinity Macy,29094,Eastern Michigan,9.75,8.975,,,Friday,19,1,2024
Abby Willis,29096,Gustavus Adolphus,,,9.4,9.325,Friday,19,1,2024
Addie Gallun,29096,UW-Eau Claire,,,8.85,9.125,Friday,19,1,2024
Addison Dack,29096,Gustavus Adolphus,,8.525,,,Friday,19,1,2024
Andrea O'Connell,29096,UW-Eau Claire,,,9.7,,Friday,19,1,2024
Ava Obermoller,29096,UW-Eau Claire,9.275,,,9.25,Friday,19,1,2024
Brooklynn Einck,29096,UW-Eau Claire,9.4,,,,Friday,19,1,2024
Cadence Cordova,29096,UW-Eau Claire,,,,9.175,Friday,19,1,2024
Ella Binfet,29096,Gustavus Adolphus,,,9.425,,Friday,19,1,2024
Ella Nash,29096,Gustavus Adolphus,,,,9.2,Friday,19,1,2024
Emily Leese,29096,UW-Eau Claire,,,8.35,9.2,Friday,19,1,2024
Georgia Guynn,29096,UW-Eau Claire,,9.625,,,Friday,19,1,2024
Harriet Toth,29096,UW-Eau Claire,9.3,9.275,9.475,9.5,Friday,19,1,2024
Katy Cash,29096,Gustavus Adolphus,,8.725,,,Friday,19,1,2024
Kelsey Donovan,29096,UW-Eau Claire,,,9.6,,Friday,19,1,2024
Kendra Smaby,29096,Gustavus Adolphus,8.55,8.525,,,Friday,19,1,2024
Lili Guy,29096,Gustavus Adolphus,9.05,,9.4,9.45,Friday,19,1,2024
Lily Horsch,29096,Gustavus Adolphus,9.125,,,9.05,Friday,19,1,2024
Linnea Vasali,29096,UW-Eau Claire,,9.275,,,Friday,19,1,2024
Maddox Lee,29096,Gustavus Adolphus,9.275,9.125,9.475,9.15,Friday,19,1,2024
Madison Daly,29096,UW-Eau Claire,9.275,,,,Friday,19,1,2024
Marley Michaud,29096,Gustavus Adolphus,8.95,8.65,9.675,9.325,Friday,19,1,2024
Meghan Dahlin,29096,UW-Eau Claire,,9.625,,,Friday,19,1,2024
Molly Campbell,29096,UW-Eau Claire,,9.425,9.6,9.375,Friday,19,1,2024
Olivia Jahnke,29096,Gustavus Adolphus,,9.225,9.55,,Friday,19,1,2024
Rachel Hettiarachchy,29096,UW-Eau Claire,7.975,,,,Friday,19,1,2024
Sophie Schmitz,29096,Gustavus Adolphus,9.2,,,,Friday,19,1,2024
Tia Ravara,29096,UW-Eau Claire,9.525,9.6,,,Friday,19,1,2024
Aleah Finnegan,29098,LSU,,9.85,,,Friday,19,1,2024
Alexis Jeffrey,29098,LSU,9.8,,,,Friday,19,1,2024
Amari Drayton,29098,LSU,,,9.9,9.875,Friday,19,1,2024
Annie Beard,29098,LSU,,9.875,,,Friday,19,1,2024
Annie Reigert,29098,Kentucky,9.875,,,,Friday,19,1,2024
Arianna Patterson,29098,Kentucky,,9.85,9.85,9.925,Friday,19,1,2024
Ashley Cowan,29098,LSU,9.375,,,,Friday,19,1,2024
Bailey Bunn,29098,Kentucky,9.875,9.5,,,Friday,19,1,2024
Cadence Gormley,29098,Kentucky,9.775,9.75,,,Friday,19,1,2024
Cecily Rizo,29098,Kentucky,9.825,,,9.75,Friday,19,1,2024
Chase Brock,29098,LSU,,,,9.5,Friday,19,1,2024
Creslyn Brose,29098,Kentucky,,,9.925,,Friday,19,1,2024
Delaynee Rodriguez,29098,Kentucky,9.9,9.85,9.85,9.85,Friday,19,1,2024
Hailey Davis,29098,Kentucky,,,9.9,,Friday,19,1,2024
Haleigh Bryant,29098,LSU,10.0,9.9,9.95,9.975,Friday,19,1,2024
Isabella Magnelli,29098,Kentucky,,9.9,9.85,9.85,Friday,19,1,2024
KJ Johnson,29098,LSU,,,9.95,9.85,Friday,19,1,2024
Kiya Johnson,29098,LSU,9.85,9.9,10.0,9.9,Friday,19,1,2024
Konnor McClain,29098,LSU,9.875,9.8,9.925,,Friday,19,1,2024
Makenzie Wilson,29098,Kentucky,,,,9.9,Friday,19,1,2024
Raena Worley,29098,Kentucky,9.975,9.925,9.95,9.875,Friday,19,1,2024
Savannah Schoenherr,29098,LSU,9.925,,,9.925,Friday,19,1,2024
Sierra Ballard,29098,LSU,,9.9,9.875,,Friday,19,1,2024
Alyssa Kramer,29100,Penn State,,,9.875,,Friday,19,1,2024
Amani Herring,29100,Penn State,,9.85,9.875,9.675,Friday,19,1,2024
Ava Piedrahita,29100,Penn State,9.8,9.8,9.675,9.875,Friday,19,1,2024
Baleigh Garcia,29100,Michigan State,,9.9,,,Friday,19,1,2024
Bella Salcedo,29100,Penn State,,9.95,9.675,9.7,Friday,19,1,2024
Cassidy Rushlow,29100,Penn State,9.8,,,,Friday,19,1,2024
Delanie Harkness,29100,Michigan State,9.9,,,,Friday,19,1,2024
Elina Vihrova,29100,Penn State,,,9.575,9.7,Friday,19,1,2024
Elle Beaufait,29100,Michigan State,,,9.825,,Friday,19,1,2024
Gabi Ortiz,29100,Michigan State,,9.875,,,Friday,19,1,2024
Gabrielle Gallentine,29100,Penn State,9.75,,,,Friday,19,1,2024
Gabrielle Stephen,29100,Michigan State,9.85,9.875,9.875,9.85,Friday,19,1,2024
Giana Kalefe,29100,Michigan State,,9.85,,,Friday,19,1,2024
Haleigh Gibble,29100,Penn State,,9.9,,,Friday,19,1,2024
Jessica Johanson,29100,Penn State,9.1,,,,Friday,19,1,2024
Jori Jackard,29100,Michigan State,9.875,,,,Friday,19,1,2024
Kalea McElligott,29100,Penn State,9.75,9.825,9.8,9.775,Friday,19,1,2024
MaKayla Tucker,29100,Michigan State,,,9.85,9.775,Friday,19,1,2024
Maddie Johnston,29100,Penn State,9.825,9.775,,9.75,Friday,19,1,2024
Nikki Smith,29100,Michigan State,9.775,9.775,9.875,9.825,Friday,19,1,2024
Nyah Smith,29100,Michigan State,,,9.825,,Friday,19,1,2024
Sage Kellerman,29100,Michigan State,9.875,,,9.95,Friday,19,1,2024
Skyla Schulte,29100,Michigan State,9.9,9.95,9.9,9.85,Friday,19,1,2024
Tara Walsh,29100,Michigan State,,,,9.825,Friday,19,1,2024
Amaya McConkay,29102,UW-Oshkosh,9.3,,,9.475,Friday,19,1,2024
Anna Zoromski,29102,UW-Oshkosh,9.3,9.6,,9.6,Friday,19,1,2024
Ashley Phillips,29102,Winona State,7.825,,,,Friday,19,1,2024
Ashley Roth,29102,Winona State,9.35,,,,Friday,19,1,2024
Aspen Peters,29102,Winona State,,,,9.35,Friday,19,1,2024
Audrey Koester,29102,UW-Oshkosh,,,,9.4,Friday,19,1,2024
Bryce Stoltz,29102,Winona State,8.3,9.075,9.175,9.425,Friday,19,1,2024
Courtney Knutson,29102,Winona State,,,9.35,,Friday,19,1,2024
Delaney Cienkus,29102,UW-Oshkosh,,8.825,9.4,,Friday,19,1,2024
Emily Buffington,29102,UW-Oshkosh,,9.325,9.6,9.675,Friday,19,1,2024
Izzy Kropiwiec,29102,Winona State,,,9.425,9.55,Friday,19,1,2024
Jay Ratkowski,29102,UW-Oshkosh,,,9.725,,Friday,19,1,2024
Jessisca Miley,29102,Winona State,8.875,7.875,9.3,9.5,Friday,19,1,2024
Kaelyn Duman,29102,Winona State,,9.15,,,Friday,19,1,2024
Kaylee Bateman,29102,Winona State,9.375,9.525,,9.325,Friday,19,1,2024
Kaylie Berens,29102,UW-Oshkosh,9.6,9.075,,,Friday,19,1,2024
Kendra Aitken,29102,Winona State,,8.425,,,Friday,19,1,2024
Liz Romano,29102,UW-Oshkosh,,9.575,,,Friday,19,1,2024
Lydia Hayden,29102,UW-Oshkosh,9.25,9.475,,,Friday,19,1,2024
Madysen Disekrud,29102,Winona State,,,9.45,9.55,Friday,19,1,2024
Mia Lucero,29102,UW-Oshkosh,,,9.65,9.675,Friday,19,1,2024
Reanna McGibboney,29102,UW-Oshkosh,9.5,,9.65,9.775,Friday,19,1,2024
Taryn Sellner,29102,Winona State,,9.375,9.625,,Friday,19,1,2024
Taylor Leaman,29102,UW-Oshkosh,,,8.775,,Friday,19,1,2024
Taylor Magierka,29102,Winona State,7.45,,,,Friday,19,1,2024
Zoe Krull,29102,UW-Oshkosh,9.2,,,,Friday,19,1,2024
Ailey Kuehn,29105,S.E. Missouri,,,,9.775,Friday,19,1,2024
Alyssa Guns,29105,Kent State,,9.775,9.975,,Friday,19,1,2024
Anna Speller,29105,S.E. Missouri,,8.95,,,Friday,19,1,2024
Ashley Szymanski,29105,Ball State,9.925,9.8,,,Friday,19,1,2024
Ashnaya Gupta,29105,UW-Whitewater,,9.55,,,Friday,19,1,2024
Ava Johnston,29105,S.E. Missouri,9.8,9.725,,,Friday,19,1,2024
Ava Pesch,29105,UW-Whitewater,9.65,,,9.65,Friday,19,1,2024
Carissa Martinez,29105,Ball State,,,9.925,9.8,Friday,19,1,2024
Carleigh Moore,29105,UW-Whitewater,,,9.85,9.775,Friday,19,1,2024
Charlie Behner,29105,Kent State,9.9,,,9.875,Friday,19,1,2024
Chloe Hammond,29105,UW-Whitewater,9.65,9.85,,9.175,Friday,19,1,2024
Dani Fuertez,29105,Kent State,,9.875,9.675,,Friday,19,1,2024
Danielle Dudziak,29105,UW-Whitewater,9.65,,9.7,9.725,Friday,19,1,2024
Elena Bailey,29105,UW-Whitewater,,,9.75,9.65,Friday,19,1,2024
Gabby Riley,29105,Kent State,,,,9.825,Friday,19,1,2024
Grace Sumner,29105,Ball State,9.875,8.675,,,Friday,19,1,2024
Hannah Ruthberg,29105,Ball State,9.925,9.875,9.9,9.675,Friday,19,1,2024
Hayden Gough,29105,UW-Whitewater,9.275,,,,Friday,19,1,2024
Heidi Schultz,29105,Kent State,9.9,9.875,9.975,,Friday,19,1,2024
Janelle Lopez,29105,S.E. Missouri,9.8,,,9.8,Friday,19,1,2024
Jordan Napolitano,29105,S.E. Missouri,,9.8,,,Friday,19,1,2024
Kailyn Hamilton,29105,S.E. Missouri,7.95,,9.675,,Friday,19,1,2024
Karlie Franz,29105,Kent State,9.875,,10.0,,Friday,19,1,2024
Kelsey Kollhoff,29105,UW-Whitewater,9.775,9.65,,,Friday,19,1,2024
Kennedy Weinpert,29105,Kent State,,,9.875,9.825,Friday,19,1,2024
Kora Donley,29105,UW-Whitewater,,,,9.6,Friday,19,1,2024
Kyndall Gilbert,29105,Kent State,9.925,,,9.85,Friday,19,1,2024
Lindsay Ockler,29105,S.E. Missouri,10.0,,9.875,9.85,Friday,19,1,2024
Lydia Webb,29105,S.E. Missouri,9.875,9.925,9.925,9.85,Friday,19,1,2024
Madison Greene,29105,S.E. Missouri,,9.85,9.925,9.875,Friday,19,1,2024
Megan Teter,29105,Ball State,10.0,9.85,9.925,9.8,Friday,19,1,2024
Nastia Rudnitskaya,29105,Kent State,9.825,,,9.9,Friday,19,1,2024
Nene Alvine,29105,Kent State,,9.9,,,Friday,19,1,2024
Paige Magel,29105,UW-Whitewater,9.775,9.175,9.2,,Friday,19,1,2024
Sarah Haxton,29105,Kent State,9.9,9.825,,,Friday,19,1,2024
Sarah Knetzke,29105,UW-Whitewater,,9.925,9.75,,Friday,19,1,2024
Suki Pfister,29105,Ball State,,,9.95,10.0,Friday,19,1,2024
Sydney Crouch,29105,S.E. Missouri,,,9.675,,Friday,19,1,2024
Taylor Ingle,29105,S.E. Missouri,9.875,9.875,9.925,9.825,Friday,19,1,2024
Tegan Haberstock,29105,UW-Whitewater,,9.725,9.8,,Friday,19,1,2024
Victoria Henry,29105,Ball State,9.925,9.85,9.85,9.825,Friday,19,1,2024
Zoe Middleton,29105,Ball State,10.0,9.875,9.925,9.95,Friday,19,1,2024
Zoe Rankin,29105,Kent State,,9.575,9.85,9.85,Friday,19,1,2024
Alana Anderson,29106,Northern Illinois,,,9.85,,Friday,19,1,2024
Aliyah Reed-Hammon,29106,Fisk,,9.65,,9.775,Friday,19,1,2024
Allie Berkley,29106,Lindenwood,,,,9.825,Friday,19,1,2024
Alyssa Al-Ashari,29106,Northern Illinois,9.925,9.85,,,Friday,19,1,2024
Alyssa Wiggins,29106,Fisk,9.675,8.725,9.675,,Friday,19,1,2024
Aniyah Taylor,29106,Fisk,9.8,9.425,,9.1,Friday,19,1,2024
Breyana Daniels,29106,Fisk,,,,9.475,Friday,19,1,2024
Ciniah Rosby,29106,Fisk,,9.65,8.4,9.625,Friday,19,1,2024
Dawsyn Sallee,29106,Northern Illinois,,,9.925,9.85,Friday,19,1,2024
Emmalise Nock,29106,Northern Illinois,9.65,,9.8,9.825,Friday,19,1,2024
Gayla Griswold,29106,Lindenwood,,9.775,9.975,9.95,Friday,19,1,2024
Hannah Appleget,29106,Lindenwood,9.9,9.825,,9.85,Friday,19,1,2024
Hannah Drielick,29106,Northern Illinois,9.825,,,,Friday,19,1,2024
Hannah Moon,29106,Lindenwood,9.775,9.9,9.725,,Friday,19,1,2024
Isabella Ross,29106,Northern Illinois,,9.725,9.85,9.7,Friday,19,1,2024
Isabella Sissi,29106,Northern Illinois,9.75,9.825,9.85,9.8,Friday,19,1,2024
Jaly Jones,29106,Lindenwood,9.8,9.75,9.925,9.8,Friday,19,1,2024
Jordynn Cromartie,29106,Fisk,,,9.725,,Friday,19,1,2024
Kaylee Cooper,29106,Lindenwood,9.85,,,,Friday,19,1,2024
Kendall George,29106,Northern Illinois,,9.7,,,Friday,19,1,2024
Kiara Richmon,29106,Fisk,9.725,,,,Friday,19,1,2024
Kiera O'Shea,29106,Northern Illinois,9.775,,,9.9,Friday,19,1,2024
Liberty Mora,29106,Fisk,,9.625,,,Friday,19,1,2024
Madison Rush,29106,Lindenwood,,9.8,,,Friday,19,1,2024
Mikayla Brown,29106,Northern Illinois,9.75,,9.55,,Friday,19,1,2024
Morgan Price,29106,Fisk,9.875,9.825,9.825,9.875,Friday,19,1,2024
Naimah Muhammad,29106,Fisk,,,9.175,,Friday,19,1,2024
Nya Kraus,29106,Lindenwood,9.85,9.9,,,Friday,19,1,2024
Olivia Lynd,29106,Northern Illinois,,9.775,,,Friday,19,1,2024
Reese Baechle,29106,Lindenwood,,,9.825,9.825,Friday,19,1,2024
Samantha Nickle,29106,Northern Illinois,,9.775,,9.775,Friday,19,1,2024
Savannah Newsome,29106,Lindenwood,9.85,,,,Friday,19,1,2024
Simone Evans,29106,Lindenwood,,,9.7,,Friday,19,1,2024
Sydney Lopez,29106,Lindenwood,,,9.85,,Friday,19,1,2024
Sydney Smith,29106,Fisk,9.625,,,,Friday,19,1,2024
Trinity Caffey,29106,Lindenwood,,,,9.875,Friday,19,1,2024
Zyia Coleman,29106,Fisk,9.775,,9.675,9.55,Friday,19,1,2024
Cally Swaney,29110,Arkansas,9.85,,,,Friday,19,1,2024
Cameron Machado,29110,Alabama,9.9,,9.875,,Friday,19,1,2024
Cami Weaver,29110,Arkansas,,9.825,,9.875,Friday,19,1,2024
Chloe LaCoursiere,29110,Alabama,9.9,,9.85,9.85,Friday,19,1,2024
Ella Burgess,29110,Alabama,,9.95,9.825,,Friday,19,1,2024
Frankie Price,29110,Arkansas,,,9.85,9.85,Friday,19,1,2024
Hailey Klein,29110,Arkansas,,,9.85,,Friday,19,1,2024
Jaime Pratt,29110,Arkansas,9.825,,,,Friday,19,1,2024
Jamison Sears,29110,Alabama,,,9.875,,Friday,19,1,2024
Jensen Scalzo,29110,Arkansas,9.825,,,,Friday,19,1,2024
Kalyxta Gamiao,29110,Arkansas,,9.925,,,Friday,19,1,2024
Karis German,29110,Alabama,,,,9.825,Friday,19,1,2024
Lauren Williams,29110,Arkansas,,9.875,9.875,9.925,Friday,19,1,2024
Leah Smith,29110,Arkansas,,,9.925,9.925,Friday,19,1,2024
Lilly Hudson,29110,Alabama,,9.125,9.95,9.9,Friday,19,1,2024
Luisa Blanco,29110,Alabama,,9.85,,9.925,Friday,19,1,2024
Maddie Jones,29110,Arkansas,9.825,9.875,9.9,,Friday,19,1,2024
Makarri Doggette,29110,Alabama,9.95,,,9.825,Friday,19,1,2024
Makenzie Sedlacek,29110,Arkansas,,,,9.85,Friday,19,1,2024
Mati Waligora,29110,Alabama,9.925,9.7,9.7,,Friday,19,1,2024
Natalia Pawlak,29110,Alabama,9.85,,,,Friday,19,1,2024
Priscilla Park,29110,Arkansas,9.925,8.975,9.825,9.8,Friday,19,1,2024
Rachel Rybicki,29110,Alabama,,9.8,,,Friday,19,1,2024
Reese Drotar,29110,Arkansas,9.875,,,,Friday,19,1,2024
Shania Adams,29110,Alabama,9.925,9.9,,9.85,Friday,19,1,2024
Sirena Linton,29110,Arkansas,,9.9,,,Friday,19,1,2024
Abby Mitchell,29112,UW-La Crosse,8.5,,,9.45,Friday,19,1,2024
Alex Wood,29112,UW-La Crosse,,,,9.65,Friday,19,1,2024
Angelina Smiley,29112,Hamline,7.95,,,,Friday,19,1,2024
Anna Beaudry,29112,Hamline,7.9,,,,Friday,19,1,2024
Anna Johnson,29112,Hamline,,,,9.15,Friday,19,1,2024
Annelise Smaby,29112,Hamline,8.3,,,,Friday,19,1,2024
Brianna Weikel,29112,Hamline,8.775,9.525,9.575,,Friday,19,1,2024
Britney Krumrei,29112,Hamline,,,,8.975,Friday,19,1,2024
Brooke Reardon,29112,Hamline,,9.025,,,Friday,19,1,2024
Caelen Lansing,29112,UW-La Crosse,,,8.975,,Friday,19,1,2024
Cailey Price,29112,Hamline,,,,9.325,Friday,19,1,2024
Caledonia Norton,29112,Hamline,8.925,,,9.425,Friday,19,1,2024
Catelyn Zack,29112,Hamline,,,9.125,,Friday,19,1,2024
Claire Robbins,29112,UW-La Crosse,9.6,9.7,9.675,,Friday,19,1,2024
Claudia Walter,29112,UW-La Crosse,9.175,,,,Friday,19,1,2024
Grace Kehr,29112,UW-La Crosse,,,,8.55,Friday,19,1,2024
Hannah Hautala,29112,UW-La Crosse,,9.425,,,Friday,19,1,2024
Hannah Lemon,29112,Hamline,,8.75,,,Friday,19,1,2024
Hunter Matulka,29112,UW-La Crosse,,,9.625,,Friday,19,1,2024
Jessica Taylor,29112,UW-La Crosse,,,9.775,,Friday,19,1,2024
Jordan Halcom,29112,UW-La Crosse,,9.675,,,Friday,19,1,2024
Julia Cheely,29112,Hamline,9.075,8.7,,9.2,Friday,19,1,2024
Kaitlyn Morgan,29112,Hamline,,9.15,,,Friday,19,1,2024
Kyla Dickson,29112,UW-La Crosse,,9.725,,,Friday,19,1,2024
Laurel Raymond,29112,Hamline,,8.325,8.55,9.3,Friday,19,1,2024
Lauren Main,29112,UW-La Crosse,9.625,,,,Friday,19,1,2024
Lilly Millington,29112,UW-La Crosse,,,,9.625,Friday,19,1,2024
Marisa Zepeda,29112,UW-La Crosse,,9.775,,,Friday,19,1,2024
Meighan White,29112,Hamline,,,8.975,,Friday,19,1,2024
Paige Breckwoldt,29112,UW-La Crosse,,,9.675,,Friday,19,1,2024
Rachel Chesley,29112,UW-La Crosse,9.775,,9.7,9.7,Friday,19,1,2024
Raina Christenson,29112,UW-La Crosse,,9.825,,,Friday,19,1,2024
Sarah Best,29112,UW-La Crosse,9.6,,,,Friday,19,1,2024
Sarah Pastore,29112,UW-La Crosse,,,,8.55,Friday,19,1,2024
Shea Campbell,29112,Hamline,,,9.675,,Friday,19,1,2024
Sydney Stoenner,29112,Hamline,,,9.25,,Friday,19,1,2024
Allix Mason,29114,BYU,9.8,9.775,,,Friday,19,1,2024
Anna Bramblett-Wilde,29114,BYU,9.125,,,,Friday,19,1,2024
Anyssa Alvarado,29114,BYU,9.825,,,,Friday,19,1,2024
Ava Jorgensen,29114,BYU,,,,9.8,Friday,19,1,2024
Brynlee Andersen,29114,BYU,,9.85,,,Friday,19,1,2024
Elease Rollins,29114,BYU,,9.775,,9.75,Friday,19,1,2024
Eliza Millar-Crossman,29114,BYU,,9.9,9.8,,Friday,19,1,2024
Ella Schell,29114,Iowa State,9.5,,9.8,,Friday,19,1,2024
Emilie Hong,29114,Iowa State,,,,9.85,Friday,19,1,2024
Hannah Loyim,29114,Iowa State,9.875,9.875,9.875,9.8,Friday,19,1,2024
Heidi Schooley-Meyers,29114,BYU,,,8.975,,Friday,19,1,2024
Josie Bergstrom-Te Slaa,29114,Iowa State,,8.925,,9.9,Friday,19,1,2024
Kaia Parker,29114,Iowa State,,,9.875,9.85,Friday,19,1,2024
Kylie Eaquinto,29114,BYU,9.825,,9.875,9.825,Friday,19,1,2024
Laura Cooke,29114,Iowa State,9.9,,9.7,,Friday,19,1,2024
Lauren O'Brochta,29114,Iowa State,,9.8,,,Friday,19,1,2024
Lauren Thomas,29114,Iowa State,9.9,9.775,,,Friday,19,1,2024
Linsey Hunter-Kempler,29114,BYU,9.825,,,,Friday,19,1,2024
Loganne Basuel,29114,Iowa State,9.75,,,,Friday,19,1,2024
Madelyn Manternach,29114,Iowa State,,9.775,9.75,,Friday,19,1,2024
Madison Raesly-Patton,29114,BYU,,9.775,,9.7,Friday,19,1,2024
Melissa Earl,29114,BYU,,,,9.825,Friday,19,1,2024
Noelle Adams,29114,Iowa State,,9.875,9.9,9.9,Friday,19,1,2024
Olivia Matern,29114,BYU,,,9.825,,Friday,19,1,2024
Paige Wills,29114,Iowa State,9.825,,,9.85,Friday,19,1,2024
Sophie Dudley,29114,BYU,,9.775,9.825,9.8,Friday,19,1,2024
Sydney Benson,29114,BYU,9.725,,9.725,,Friday,19,1,2024
Amelia Moneymaker,29116,UC Davis,9.85,9.825,9.675,9.675,Friday,19,1,2024
Anna Holtan,29116,UC Davis,,9.8,9.75,,Friday,19,1,2024
Ariana DeSouza,29116,Alaska,,,9.65,9.425,Friday,19,1,2024
Ava Scafani,29116,UC Davis,9.725,9.65,,,Friday,19,1,2024
Avery Tillmanns,29116,Alaska,,,,9.45,Friday,19,1,2024
Ayumi Oshiro,29116,UC Davis,9.825,9.65,,9.525,Friday,19,1,2024
Breeann Spain,29116,Alaska,,9.3,,,Friday,19,1,2024
Brooklyn Kopsack,29116,Alaska,,,,9.575,Friday,19,1,2024
Claudia Lessig,29116,Alaska,9.55,9.0,8.6,,Friday,19,1,2024
Emily Walker,29116,Alaska,9.8,8.7,,,Friday,19,1,2024
Emma Otsu,29116,UC Davis,9.825,9.75,9.7,9.725,Friday,19,1,2024
Hayley Perkins,29116,Alaska,8.15,,9.375,,Friday,19,1,2024
Isabella Fitz-Gerald,29116,UC Davis,9.725,,,,Friday,19,1,2024
Jadyn Wakita,29116,UC Davis,9.725,,,9.5,Friday,19,1,2024
Jessica Johnson,29116,Alaska,9.525,9.675,,,Friday,19,1,2024
Keanna Abraham,29116,UC Davis,,9.875,9.85,9.85,Friday,19,1,2024
Maddy Murphy,29116,Alaska,,,8.7,9.625,Friday,19,1,2024
Megan Ray,29116,UC Davis,,,9.8,9.725,Friday,19,1,2024
Montana Fairbairn,29116,Alaska,9.075,9.525,9.75,9.6,Friday,19,1,2024
Nandhini Senthil,29116,UC Davis,,,8.8,,Friday,19,1,2024
Paola Ruano Barahona,29116,Alaska,7.425,,,,Friday,19,1,2024
Silje Hildebrand,29116,Alaska,,8.5,8.8,9.225,Friday,19,1,2024
Adriana Popp,29118,Boise State,,9.825,,9.7,Friday,19,1,2024
Alyssa Vulaj,29118,Boise State,,9.825,9.875,9.775,Friday,19,1,2024
Ayla McKean,29118,Air Force,9.825,,,,Friday,19,1,2024
Blake Pascal,29118,Boise State,,,9.775,,Friday,19,1,2024
Bridget Sullivan,29118,West Chester,,,,9.525,Friday,19,1,2024
Caroline Cascadden,29118,West Chester,,9.875,9.7,,Friday,19,1,2024
Chelsea Boyer,29118,Air Force,9.75,,,,Friday,19,1,2024
Clara Wallace,29118,Air Force,9.4,9.775,9.85,9.725,Friday,19,1,2024
Corinne Gruber,29118,West Chester,,,9.575,9.55,Friday,19,1,2024
Courtney Blackson,29118,Boise State,9.9,,9.775,9.9,Friday,19,1,2024
Dani Nakayma,29118,Boise State,8.925,,,,Friday,19,1,2024
Devyn Valuch,29118,San Jose State,9.7,9.725,,9.725,Friday,19,1,2024
Elaina McGovern,29118,Boise State,9.75,,9.9,9.625,Friday,19,1,2024
Emily Lopez,29118,Boise State,9.95,9.925,,9.8,Friday,19,1,2024
Emma Loyim,29118,Boise State,,9.925,9.75,,Friday,19,1,2024
Gabriella Hartley,29118,Air Force,,9.7,,9.675,Friday,19,1,2024
Gabriella Meccia,29118,Air Force,,,9.75,9.65,Friday,19,1,2024
Gianna Martyna,29118,Air Force,,,9.825,,Friday,19,1,2024
Hannah Shelton,29118,West Chester,8.65,,,,Friday,19,1,2024
Hyla Betts,29118,West Chester,9.525,,,,Friday,19,1,2024
Jada Mazury,29118,San Jose State,9.725,,9.9,9.7,Friday,19,1,2024
Jaudai Lopes,29118,San Jose State,9.75,,9.9,9.9,Friday,19,1,2024
Jordan Coleman,29118,West Chester,9.775,,,9.525,Friday,19,1,2024
Karah Vargo,29118,West Chester,,9.725,,,Friday,19,1,2024
Katherine Weyhmiller,29118,San Jose State,9.825,9.425,9.85,,Friday,19,1,2024
Kiley Fred,29118,West Chester,,,9.65,,Friday,19,1,2024
Kimberly Kinkade,29118,Air Force,9.525,,,,Friday,19,1,2024
Kristina Rodriguez,29118,West Chester,9.575,,9.7,9.5,Friday,19,1,2024
Kylee Greene,29118,Air Force,,9.875,,,Friday,19,1,2024
Kylee Hamby,29118,Boise State,8.875,,,,Friday,19,1,2024
Lauren Macpherson,29118,San Jose State,9.775,9.825,9.7,9.7,Friday,19,1,2024
Lily McFarland,29118,West Chester,,9.85,8.925,,Friday,19,1,2024
Madison Carlisle,29118,Air Force,9.55,,,,Friday,19,1,2024
Madison Kirsch,29118,San Jose State,,9.85,,9.825,Friday,19,1,2024
Madison Whitaker,29118,West Chester,,9.025,,,Friday,19,1,2024
Maggie Slife,29118,Air Force,9.925,9.8,9.75,9.8,Friday,19,1,2024
Mahleea Werline,29118,Boise State,9.85,,,,Friday,19,1,2024
Marissa Ashton,29118,San Jose State,,9.725,,,Friday,19,1,2024
Melina Ringas,29118,West Chester,9.475,,,,Friday,19,1,2024
Mia Nelson,29118,San Jose State,,,9.925,,Friday,19,1,2024
Mikaela Pitts,29118,San Jose State,,,,9.725,Friday,19,1,2024
Natalie Marshall,29118,West Chester,,8.55,,,Friday,19,1,2024
Natasha Forrand,29118,San Jose State,,,9.85,,Friday,19,1,2024
Olivia Reardon,29118,San Jose State,,9.1,,,Friday,19,1,2024
Sarah Eskew,29118,West Chester,9.575,9.675,,9.575,Friday,19,1,2024
Sarah Willis,29118,Air Force,,9.55,9.1,9.35,Friday,19,1,2024
Shannon Carroll,29118,West Chester,,,9.45,9.475,Friday,19,1,2024
Sophia Konieczny,29118,San Jose State,9.7,,,,Friday,19,1,2024
Sydney Kho,29118,Boise State,,9.825,,9.75,Friday,19,1,2024
Sydney Leitch,29118,Boise State,,9.375,9.85,,Friday,19,1,2024
Velandra Brochi,29118,Air Force,,9.725,9.825,9.675,Friday,19,1,2024
Alex Routsis,29122,Southern Utah,9.875,,,,Friday,19,1,2024
Alex Theodorou,29122,Arizona State,,,,9.85,Friday,19,1,2024
Alivia Ostendorf,29122,Utah State,,9.75,9.85,9.85,Friday,19,1,2024
Aly Coutu,29122,Southern Utah,,9.675,,,Friday,19,1,2024
Alyssa Fernandez,29122,Southern Utah,,9.825,9.8,,Friday,19,1,2024
Amari Evans,29122,Utah State,9.175,,9.775,,Friday,19,1,2024
Anaya Smith,29122,Arizona State,,,,9.625,Friday,19,1,2024
Aubri Schwartze,29122,Southern Utah,9.025,9.6,8.7,,Friday,19,1,2024
Avery Bibbey,29122,Utah State,9.725,,,,Friday,19,1,2024
Brianna Brooks,29122,Utah State,9.85,9.75,,9.7,Friday,19,1,2024
Brinlee Christensen,29122,Southern Utah,9.725,,9.825,,Friday,19,1,2024
Cassi Barbanente,29122,Arizona State,9.7,,,,Friday,19,1,2024
Chelsea Southam,29122,Utah State,,,,9.75,Friday,19,1,2024
Cienna Samiley,29122,Arizona State,9.775,,,,Friday,19,1,2024
Dani Kirstine,29122,Utah State,9.75,9.775,,,Friday,19,1,2024
Ellie Cacciola,29122,Southern Utah,,9.925,9.725,9.825,Friday,19,1,2024
Emily White,29122,Arizona State,9.85,9.85,9.9,,Friday,19,1,2024
Gracie Reeves,29122,Arizona State,9.775,9.85,,9.9,Friday,19,1,2024
Halle Gregoire,29122,Arizona State,,,9.85,9.925,Friday,19,1,2024
Hannah Scharf,29122,Arizona State,,9.225,9.825,9.9,Friday,19,1,2024
Isabella Neff,29122,Southern Utah,9.875,,,,Friday,19,1,2024
Isabella Vater,29122,Utah State,,,9.725,,Friday,19,1,2024
Jada Mangahas,29122,Arizona State,9.85,9.575,9.875,9.9,Friday,19,1,2024
Jenna Eagles,29122,Utah State,,9.125,9.8,,Friday,19,1,2024
Juliette Boyer,29122,Utah State,9.85,,,9.75,Friday,19,1,2024
Kayla Lee,29122,Arizona State,,9.825,9.75,,Friday,19,1,2024
Kayla Pardue,29122,Southern Utah,,,,9.85,Friday,19,1,2024
Kennedi McClain,29122,Southern Utah,,9.6,,9.825,Friday,19,1,2024
Kimberly Smith,29122,Arizona State,,,9.85,,Friday,19,1,2024
Lexi Aragon,29122,Utah State,9.6,9.8,,,Friday,19,1,2024
Marley Peterson,29122,Utah State,,,9.8,,Friday,19,1,2024
Mya Witte,29122,Utah State,,9.675,,,Friday,19,1,2024
Niya Randolph,29122,Southern Utah,9.75,9.1,9.875,9.8,Friday,19,1,2024
Nyla Morabito,29122,Utah State,,,9.675,9.775,Friday,19,1,2024
Payton Gatzlaff,29122,Utah State,,,,9.775,Friday,19,1,2024
Sarah Clark,29122,Arizona State,9.85,9.175,,,Friday,19,1,2024
Taylor Gull,29122,Southern Utah,,,9.675,9.7,Friday,19,1,2024
Trista Goodman,29122,Southern Utah,9.325,,,9.7,Friday,19,1,2024
Alexis Ortega,29125,North Carolina State,9.8,9.85,9.675,9.775,Friday,19,1,2024
Amy Wozniak,29125,North Carolina,,,9.775,,Friday,19,1,2024
Ashley Knight,29125,North Carolina State,,,9.75,9.05,Friday,19,1,2024
Bella Miller,29125,North Carolina,,,9.8,,Friday,19,1,2024
Camryn Rueda,29125,North Carolina,,9.675,9.725,,Friday,19,1,2024
Chloe Negrete,29125,North Carolina State,,9.8,9.925,9.875,Friday,19,1,2024
Elle Hadrick,29125,North Carolina State,9.75,,9.825,,Friday,19,1,2024
Emily Shepard,29125,North Carolina State,9.825,9.775,9.875,9.775,Friday,19,1,2024
Gwen Fink,29125,North Carolina,9.825,9.85,9.825,9.775,Friday,19,1,2024
Hallie Thompson,29125,North Carolina,,9.775,,,Friday,19,1,2024
Isabelle Schaefer,29125,North Carolina,9.8,,,9.75,Friday,19,1,2024
Jamie Shearer,29125,North Carolina,9.6,,,,Friday,19,1,2024
Jessica Naranjo,29125,North Carolina,9.6,9.525,,,Friday,19,1,2024
Julia Knower,29125,North Carolina,9.7,9.825,9.875,9.825,Friday,19,1,2024
Kailee Adomaites,29125,North Carolina State,9.7,,,,Friday,19,1,2024
Katie Harper,29125,North Carolina State,9.85,,,,Friday,19,1,2024
Kaya Forbes,29125,North Carolina,,,9.275,9.825,Friday,19,1,2024
Krista Zultevicz,29125,North Carolina State,,9.675,9.825,9.75,Friday,19,1,2024
Lali Dekanoidze,29125,North Carolina,9.3,,,9.725,Friday,19,1,2024
Macy Jennings,29125,North Carolina State,,9.85,,,Friday,19,1,2024
Meg Adler,29125,North Carolina State,,9.825,,9.8,Friday,19,1,2024
Paige Prejean,29125,North Carolina,,,,9.65,Friday,19,1,2024
Peyton Childs,29125,North Carolina State,9.725,,,,Friday,19,1,2024
Taylor Schulze,29125,North Carolina,,9.775,,,Friday,19,1,2024
Alexa Rothenbuescher,29127,Maryland,,,9.925,9.775,Friday,19,1,2024
Avery Balser,29127,Rutgers,9.875,,,,Friday,19,1,2024
Elia Aird,29127,Rutgers,,9.775,9.625,9.875,Friday,19,1,2024
Elliot Goldsmith,29127,Rutgers,9.65,,,,Friday,19,1,2024
Emily Leese,29127,Rutgers,,9.775,9.9,9.825,Friday,19,1,2024
Emily Wood,29127,Rutgers,,,9.85,,Friday,19,1,2024
Emma Silberman,29127,Maryland,9.825,9.775,9.075,9.825,Friday,19,1,2024
Gabrielle Dildy,29127,Rutgers,,9.8,9.825,9.725,Friday,19,1,2024
Hailey Merchant,29127,Maryland,9.35,,,,Friday,19,1,2024
Harmony Webster,29127,Rutgers,,,9.5,,Friday,19,1,2024
Jackie Manifold,29127,Rutgers,9.7,,,,Friday,19,1,2024
Josephine Kogler,29127,Maryland,,9.875,,9.8,Friday,19,1,2024
Katy Koopman,29127,Rutgers,,9.625,,,Friday,19,1,2024
Maddie Komoroski,29127,Maryland,,9.825,9.9,,Friday,19,1,2024
Maya Jones,29127,Rutgers,,,,9.45,Friday,19,1,2024
Myra Daniels,29127,Rutgers,9.675,,,,Friday,19,1,2024
Natalie Martin,29127,Maryland,,9.85,9.85,9.85,Friday,19,1,2024
Olivia DiNovi,29127,Rutgers,9.8,,,,Friday,19,1,2024
Olivia Weir,29127,Maryland,,9.575,,9.75,Friday,19,1,2024
Rachael Riley,29127,Rutgers,,9.75,,9.775,Friday,19,1,2024
Rhea Leblanc,29127,Maryland,9.85,,9.8,,Friday,19,1,2024
Sierra Kondo,29127,Maryland,9.8,,,,Friday,19,1,2024
Stephanie Zannella,29127,Rutgers,,9.825,9.65,,Friday,19,1,2024
Tasha Brozowski,29127,Maryland,9.725,,,,Friday,19,1,2024
Taylor Rech,29127,Maryland,,,9.85,9.7,Friday,19,1,2024
Valentina Lorente-Garcia,29127,Rutgers,9.7,,,9.825,Friday,19,1,2024
Victoria Gatzendorfer,29127,Maryland,9.775,9.825,,,Friday,19,1,2024
Abigail Bunch,29129,Rhode Island College,9.275,,,,Saturday,20,1,2024
Aladiana Tosado,29129,Brockport,9.3,,9.475,,Saturday,20,1,2024
Alexa Rose Pahila,29129,Cortland State,9.275,9.425,,9.475,Saturday,20,1,2024
Alison Silva,29129,Rhode Island College,8.525,8.525,,,Saturday,20,1,2024
Autumn Adkins,29129,Cortland State,9.375,,9.55,9.5,Saturday,20,1,2024
Ava Kelly,29129,Springfield College,,9.075,,9.3,Saturday,20,1,2024
Ava Miranov,29129,Cortland State,,9.3,,9.425,Saturday,20,1,2024
Ayako Maeda,29129,Springfield College,8.35,,,,Saturday,20,1,2024
Christelle Louis,29129,Cortland State,,9.25,,,Saturday,20,1,2024
Claire Geiger,29129,Springfield College,8.6,,9.65,,Saturday,20,1,2024
Delaney LaViolette,29129,Springfield College,,,8.85,8.825,Saturday,20,1,2024
Emma Grace Sargent,29129,Brockport,9.7,,,9.7,Saturday,20,1,2024
Emma Skowronek,29129,Springfield College,8.15,,,,Saturday,20,1,2024
Emma Tucker,29129,Rhode Island College,,8.35,9.75,9.525,Saturday,20,1,2024
Gianna Mirigliano,29129,Cortland State,,9.45,9.175,9.275,Saturday,20,1,2024
Gracie Weaver,29129,Brockport,,,,9.375,Saturday,20,1,2024
Ivy Jimenez,29129,Rhode Island College,,,,9.375,Saturday,20,1,2024
Jenna DiPalo,29129,Springfield College,,9.35,,,Saturday,20,1,2024
Jessica Nugent,29129,Rhode Island College,,9.45,,,Saturday,20,1,2024
Jolie Carpino,29129,Rhode Island College,8.9,,,,Saturday,20,1,2024
Julia Reer,29129,Springfield College,,9.675,8.85,,Saturday,20,1,2024
Julia Yitts,29129,Rhode Island College,,,9.35,,Saturday,20,1,2024
Kathryn McSweeney,29129,Cortland State,8.3,,9.475,,Saturday,20,1,2024
Kelly McGuinness,29129,Springfield College,,,,9.2,Saturday,20,1,2024
Kelsey Gates,29129,Rhode Island College,8.85,9.2,9.75,9.05,Saturday,20,1,2024
Kiana Wong,29129,Cortland State,8.65,,,9.375,Saturday,20,1,2024
Kiara Hockman,29129,Brockport,,9.225,,,Saturday,20,1,2024
Kirsten Paultre,29129,Brockport,,,8.9,9.575,Saturday,20,1,2024
Laken Sooy,29129,Brockport,,9.35,9.625,,Saturday,20,1,2024
Lienna Kay,29129,Brockport,9.3,9.05,8.9,8.8,Saturday,20,1,2024
Maddalyn Mattis,29129,Brockport,,,9.575,,Saturday,20,1,2024
Madeline Brandt,29129,Rhode Island College,,,9.175,,Saturday,20,1,2024
Maren Eramo,29129,Brockport,9.325,,,9.575,Saturday,20,1,2024
Marissa Zarra,29129,Springfield College,8.675,,,,Saturday,20,1,2024
Maya Pecoraro,29129,Brockport,,9.275,,,Saturday,20,1,2024
Morgan Lunn,29129,Rhode Island College,,9.6,9.65,,Saturday,20,1,2024
Natalie Galioto,29129,Brockport,,9.5,9.625,9.425,Saturday,20,1,2024
Olivia Keyes,29129,Rhode Island College,9.475,9.65,8.875,9.4,Saturday,20,1,2024
Olivia Stinnette,29129,Brockport,,7.975,,,Saturday,20,1,2024
Payton Green,29129,Rhode Island College,8.3,,,9.175,Saturday,20,1,2024
Rachel Swick,29129,Brockport,9.15,,,,Saturday,20,1,2024
Rae Anna Schutz,29129,Springfield College,,9.475,,,Saturday,20,1,2024
Rianna Adams,29129,Cortland State,9.55,,,,Saturday,20,1,2024
Rory Allan,29129,Cortland State,,,,9.425,Saturday,20,1,2024
Rylee Fishkin,29129,Cortland State,,,8.55,,Saturday,20,1,2024
Sage Kaplan,29129,Springfield College,8.325,8.35,9.6,9.475,Saturday,20,1,2024
Sophia Damiano,29129,Rhode Island College,,,,9.5,Saturday,20,1,2024
Sophia LeBlanc,29129,Springfield College,9.475,9.55,9.75,9.175,Saturday,20,1,2024
Stacy Taylor,29129,Springfield College,,,9.4,9.425,Saturday,20,1,2024
Taylor Bushey,29129,Brockport,9.5,,,,Saturday,20,1,2024
Taylor Goldstein,29129,Cortland State,9.275,9.125,,,Saturday,20,1,2024
Victoria Cave,29129,Cortland State,,9.65,9.05,,Saturday,20,1,2024
Zoe Potamianos,29129,Cortland State,,,9.4,,Saturday,20,1,2024
Andi Li,29133,California,9.85,9.9,9.9,,Saturday,20,1,2024
Casey Brown,29133,California,,,,9.875,Saturday,20,1,2024
Chelsea Hallinan,29133,Washington,,9.525,,,Saturday,20,1,2024
Deiah Moody,29133,Washington,9.8,9.675,,,Saturday,20,1,2024
Ella Cesario,29133,California,9.9,9.825,9.875,9.85,Saturday,20,1,2024
Emily Innes,29133,Washington,,9.825,9.925,9.775,Saturday,20,1,2024
Emily Pires,29133,Washington,,,9.8,,Saturday,20,1,2024
Emma Schrady,29133,Washington,,,,9.725,Saturday,20,1,2024
Gabby Perea,29133,California,9.875,9.875,,,Saturday,20,1,2024
Jordan Kane,29133,California,,,9.85,,Saturday,20,1,2024
Kristin Lin,29133,Washington,9.8,,9.825,9.825,Saturday,20,1,2024
Kyen Mayhew,29133,California,,,,9.8,Saturday,20,1,2024
Lana Navarro,29133,Washington,,9.625,9.75,9.8,Saturday,20,1,2024
Lilly Tubbs,29133,Washington,9.775,,,9.875,Saturday,20,1,2024
Madelyn Williams,29133,California,9.95,9.875,9.85,9.875,Saturday,20,1,2024
Mya Lauzon,29133,California,9.95,9.975,9.925,9.925,Saturday,20,1,2024
Olivia Oppegard,29133,Washington,9.75,,,,Saturday,20,1,2024
Skylar Killough-Wilhelm,29133,Washington,9.825,9.925,9.9,9.725,Saturday,20,1,2024
Taylor Russon,29133,Washington,9.8,9.8,,,Saturday,20,1,2024
Thu Nguyen,29133,Washington,,,9.675,,Saturday,20,1,2024
eMjae Frazier,29133,California,9.85,9.925,9.875,9.85,Saturday,20,1,2024
Abbie Lain,29135,Simpson,8.55,9.35,9.475,,Saturday,20,1,2024
Alessia Russo,29135,Greenville,8.925,9.65,,,Saturday,20,1,2024
Amara Nelson,29135,Greenville,9.275,9.725,9.2,9.575,Saturday,20,1,2024
Annika Cole,29135,Simpson,9.075,,9.7,,Saturday,20,1,2024
Ashlie Leage,29135,Greenville,9.575,8.95,,9.525,Saturday,20,1,2024
Audra Kaiser,29135,Greenville,,,9.25,,Saturday,20,1,2024
Baily Tessena,29135,Simpson,,8.325,,,Saturday,20,1,2024
Bella Dix,29135,Simpson,,,9.35,9.525,Saturday,20,1,2024
Brooklen Morgan,29135,Simpson,,9.175,9.5,9.4,Saturday,20,1,2024
Chloe Radmer,29135,Simpson,,8.975,,,Saturday,20,1,2024
Ellery Gilmer,29135,Greenville,,,9.475,,Saturday,20,1,2024
Elli Schnieders,29135,Greenville,,,,9.35,Saturday,20,1,2024
Emma Charles,29135,Simpson,9.15,9.725,,9.7,Saturday,20,1,2024
Emma Tolbert,29135,Simpson,,,9.7,,Saturday,20,1,2024
Erin Baugh,29135,Simpson,7.95,,,,Saturday,20,1,2024
Isabella Feltman,29135,Greenville,,9.45,9.25,9.025,Saturday,20,1,2024
Izzy Brown,29135,Simpson,,9.525,,,Saturday,20,1,2024
Kaelyn Tally,29135,Simpson,,,9.2,9.625,Saturday,20,1,2024
Madison Carter,29135,Greenville,8.35,,,,Saturday,20,1,2024
Molly Froman,29135,Greenville,,8.65,,,Saturday,20,1,2024
Morgan Svec,29135,Simpson,8.15,,,,Saturday,20,1,2024
Nicola Catchpole,29135,Simpson,,,,9.525,Saturday,20,1,2024
Olivia Tocco,29135,Greenville,,9.475,,8.875,Saturday,20,1,2024
Rachel Miller,29135,Greenville,,,9.725,9.475,Saturday,20,1,2024
Reagan Rodriguez,29135,Greenville,8.4,,,,Saturday,20,1,2024
Sienna Blake,29135,Greenville,8.975,,,,Saturday,20,1,2024
Taylor Templin,29135,Greenville,,,9.675,,Saturday,20,1,2024
Winter Poolaw,29135,Simpson,9.025,,,9.375,Saturday,20,1,2024
Ady Wahl,29137,Georgia,9.825,9.775,9.9,9.875,Saturday,20,1,2024
Alonna Kratzer,29137,Missouri,,,9.725,,Saturday,20,1,2024
Amanda Cashman,29137,Georgia,9.8,,9.825,9.775,Saturday,20,1,2024
Amari Celestine,29137,Missouri,,9.925,9.875,9.9,Saturday,20,1,2024
Amaya Marshall,29137,Missouri,,9.775,,,Saturday,20,1,2024
Anya Turner,29137,Georgia,,9.875,,,Saturday,20,1,2024
Ashlyn LaClair,29137,Georgia,,,9.875,9.75,Saturday,20,1,2024
Eryn Williams,29137,Georgia,,,9.725,,Saturday,20,1,2024
Grace Anne Davis,29137,Missouri,,9.85,,9.825,Saturday,20,1,2024
Hannah Horton,29137,Missouri,,,9.85,9.775,Saturday,20,1,2024
Hollyn Patrick,29137,Missouri,9.85,,,,Saturday,20,1,2024
Ja' Free Scott,29137,Georgia,9.875,9.875,,9.825,Saturday,20,1,2024
Jaydah Battle,29137,Georgia,,9.875,,9.775,Saturday,20,1,2024
Jocelyn Moore,29137,Missouri,9.8,,9.9,9.95,Saturday,20,1,2024
Katie Finnegan,29137,Georgia,9.725,,,9.775,Saturday,20,1,2024
Kennedy Griffin,29137,Missouri,,,9.9,,Saturday,20,1,2024
Kyra Burns,29137,Missouri,9.825,,,,Saturday,20,1,2024
Lily Smith,29137,Georgia,10.0,9.95,9.925,,Saturday,20,1,2024
Mara Titarsolej,29137,Missouri,9.975,,,,Saturday,20,1,2024
Rayna Light,29137,Missouri,9.8,9.65,,9.8,Saturday,20,1,2024
Sidney Fitzgerald,29137,Georgia,9.75,9.1,9.9,,Saturday,20,1,2024
Sienna Schreiber,29137,Missouri,9.8,9.975,9.9,9.85,Saturday,20,1,2024
Sydney Schaffer,29137,Missouri,,9.875,,,Saturday,20,1,2024
Abby Mueller,29139,Illinois,9.85,9.75,9.95,9.7,Saturday,20,1,2024
Alea Byrne,29139,Illinois,,,9.875,9.75,Saturday,20,1,2024
Allie Gard,29139,Nebraska,,9.75,,,Saturday,20,1,2024
Amelia Knight,29139,Illinois,9.925,9.825,9.7,,Saturday,20,1,2024
Arielle Ward,29139,Illinois,9.75,,9.85,9.85,Saturday,20,1,2024
Ayzhia Hall,29139,Nebraska,,9.9,,9.75,Saturday,20,1,2024
Clara Colombo,29139,Nebraska,9.8,,,,Saturday,20,1,2024
Csenge Bacskay,29139,Nebraska,9.85,,9.95,9.8,Saturday,20,1,2024
Destiny Denning,29139,Illinois,9.75,,,,Saturday,20,1,2024
Emma Simpton,29139,Nebraska,9.85,9.05,,,Saturday,20,1,2024
Emma Spence,29139,Nebraska,9.925,9.7,9.9,9.95,Saturday,20,1,2024
Halle Rourke,29139,Nebraska,,,9.775,,Saturday,20,1,2024
Isabel Sikon,29139,Nebraska,,9.675,,,Saturday,20,1,2024
Kadyn Fitzgibbon,29139,Illinois,,,9.85,,Saturday,20,1,2024
Kaitlyn Ewald,29139,Illinois,9.825,9.75,,,Saturday,20,1,2024
Kinsey Davis,29139,Nebraska,9.825,,,9.75,Saturday,20,1,2024
Martina Comin,29139,Nebraska,,,9.875,9.925,Saturday,20,1,2024
Mia Takekawa,29139,Illinois,9.85,9.9,9.75,9.75,Saturday,20,1,2024
Mia Townes,29139,Illinois,,9.775,,,Saturday,20,1,2024
Olivia Coppola,29139,Illinois,,,,9.75,Saturday,20,1,2024
Ruthuja Nataraj,29139,Illinois,,9.15,,9.825,Saturday,20,1,2024
Sophia McClelland,29139,Nebraska,,9.95,9.875,9.8,Saturday,20,1,2024
Whitney Jencks,29139,Nebraska,9.775,,9.825,,Saturday,20,1,2024
Abby Singh,29142,Western Michigan,9.8,,,9.75,Saturday,20,1,2024
Alana Laster,29142,Illinois State,9.8,,9.825,9.9,Saturday,20,1,2024
Alexis Hope,29142,Illinois State,,,,9.775,Saturday,20,1,2024
Ally Lau,29142,Illinois State,,9.825,,,Saturday,20,1,2024
Amanda Gruber,29142,Western Michigan,,9.75,9.825,,Saturday,20,1,2024
Angelica Labat,29142,Illinois State,9.85,9.75,9.875,9.65,Saturday,20,1,2024
Anneliese Silverman,29142,George Washington,9.775,8.85,,9.8,Saturday,20,1,2024
Breckin Quoss,29142,Western Michigan,9.125,,,,Saturday,20,1,2024
Brooke Izzo,29142,George Washington,,9.75,,,Saturday,20,1,2024
Cassie St. Clair,29142,Western Michigan,,,9.825,9.775,Saturday,20,1,2024
Dani Petrousek,29142,Western Michigan,9.75,9.575,9.9,9.65,Saturday,20,1,2024
Deana Sheremeta,29142,George Washington,,9.75,9.775,,Saturday,20,1,2024
Delaney DeHaan,29142,George Washington,9.675,,,,Saturday,20,1,2024
DonnaKathryn Roy,29142,Western Michigan,9.775,,9.825,,Saturday,20,1,2024
Gigi Singh,29142,Western Michigan,,9.825,,,Saturday,20,1,2024
Hannah Milton,29142,Western Michigan,,9.7,,9.75,Saturday,20,1,2024
Jaye Mack,29142,Illinois State,,,9.925,9.75,Saturday,20,1,2024
Julia Heiner,29142,Illinois State,9.8,,,,Saturday,20,1,2024
Kaitlyn Donovan,29142,Illinois State,,,9.775,,Saturday,20,1,2024
Kasey Burke,29142,George Washington,,,9.6,9.825,Saturday,20,1,2024
Kendall Whitman,29142,George Washington,,9.7,9.9,9.9,Saturday,20,1,2024
Leah Davis,29142,Illinois State,,9.125,,,Saturday,20,1,2024
Madi McMullen,29142,George Washington,8.775,,,,Saturday,20,1,2024
Madison Kipp,29142,Illinois State,9.8,9.85,8.975,9.05,Saturday,20,1,2024
Marlee York,29142,George Washington,,,9.725,9.725,Saturday,20,1,2024
Maya Peters,29142,George Washington,9.0,9.675,,,Saturday,20,1,2024
Mia Oh,29142,Illinois State,,,,9.75,Saturday,20,1,2024
Mya Robinson,29142,Illinois State,,9.85,,,Saturday,20,1,2024
Payton Lynch,29142,George Washington,,,9.725,,Saturday,20,1,2024
Payton Murphy,29142,Western Michigan,9.85,9.85,9.925,9.825,Saturday,20,1,2024
Rachel Katz,29142,George Washington,9.725,,,9.725,Saturday,20,1,2024
Reese Grolla,29142,Illinois State,9.775,9.8,,,Saturday,20,1,2024
Sara Wabi,29142,Illinois State,9.725,,9.575,,Saturday,20,1,2024
Sarah Moravansky,29142,Western Michigan,9.8,9.8,9.825,9.825,Saturday,20,1,2024
Sarah Zois,29142,George Washington,,9.725,9.775,9.775,Saturday,20,1,2024
Sophia Tyeryar,29142,George Washington,8.775,,,,Saturday,20,1,2024
Abby Chesshire,29144,Ithaca College,,,9.7,,Sunday,21,1,2024
Adison Tanguay,29144,Ursinus College,9.35,,,,Sunday,21,1,2024
Adrenne Roth,29144,Ursinus College,,9.525,,,Sunday,21,1,2024
Arianna Ellis,29144,Ursinus College,,9.05,9.65,,Sunday,21,1,2024
Ashley Cromer,29144,Ursinus College,,,,9.325,Sunday,21,1,2024
Bella Leo,29144,Ursinus College,,9.45,,9.35,Sunday,21,1,2024
Brianna Duffy,29144,Ursinus College,9.25,,,,Sunday,21,1,2024
Caitlin Pellegrino,29144,Ithaca College,,9.35,9.575,9.4,Sunday,21,1,2024
Carly Troilo,29144,Ursinus College,8.05,,8.4,9.475,Sunday,21,1,2024
Coral Cotteleer,29144,Ithaca College,9.25,,,,Sunday,21,1,2024
Corey Foster,29144,Ithaca College,,9.625,9.775,,Sunday,21,1,2024
Daria Gregory,29144,Ursinus College,,,9.225,,Sunday,21,1,2024
Emily Kobusky,29144,Ithaca College,,9.85,,,Sunday,21,1,2024
Erin Roe,29144,Ursinus College,9.1,,,,Sunday,21,1,2024
Grace Murray,29144,Ithaca College,,,9.6,9.675,Sunday,21,1,2024
Hana Miller,29144,Ithaca College,,9.0,,8.75,Sunday,21,1,2024
Isabella Scarpetti,29144,Ursinus College,,9.6,8.825,,Sunday,21,1,2024
Jillian Freyman,29144,Ithaca College,,9.35,9.775,9.625,Sunday,21,1,2024
Kaylie Goodwin,29144,Ithaca College,9.375,9.45,,,Sunday,21,1,2024
Lauren Babineaux,29144,Ithaca College,9.475,,,8.775,Sunday,21,1,2024
Lauren Coleman,29144,Ursinus College,9.2,,,,Sunday,21,1,2024
Lucy Warburton,29144,Ursinus College,,9.7,9.225,,Sunday,21,1,2024
Madison Zimmerman,29144,Ursinus College,,9.3,,,Sunday,21,1,2024
Marlena Bailey,29144,Ithaca College,9.35,,,,Sunday,21,1,2024
Megan Matteucci,29144,Ursinus College,9.3,,8.95,8.1,Sunday,21,1,2024
Nicole Lonski,29144,Ithaca College,9.575,,9.05,9.7,Sunday,21,1,2024
Sidney Schreiber,29144,Ursinus College,,,,9.45,Sunday,21,1,2024
Skye Cohen,29144,Ithaca College,8.45,,,,Sunday,21,1,2024
Abigayle Martin,29146,Arizona,9.775,9.8,,9.725,Sunday,21,1,2024
Ainsley Greever,29146,Arizona,,,,9.725,Sunday,21,1,2024
Alysen Fears,29146,Arizona,9.85,9.875,9.9,9.725,Sunday,21,1,2024
Athena Jones,29146,Sacramento State,,9.725,9.675,,Sunday,21,1,2024
Bailey McCabe,29146,Arizona,9.35,,,,Sunday,21,1,2024
Bella Lahmidi,29146,Sacramento State,9.8,,,,Sunday,21,1,2024
Caroline Herry,29146,Arizona,,9.775,9.85,,Sunday,21,1,2024
Elena Deets,29146,Arizona,,9.85,9.825,,Sunday,21,1,2024
Emily Mueller,29146,Arizona,9.8,9.7,9.875,,Sunday,21,1,2024
Emma Morgenthaler,29146,Sacramento State,9.55,9.7,9.75,9.725,Sunday,21,1,2024
Emma Strom,29146,Arizona,,,9.875,9.65,Sunday,21,1,2024
Grace Gilman,29146,Sacramento State,,,9.75,9.75,Sunday,21,1,2024
Jessica Castles,29146,Arizona,,9.825,,9.8,Sunday,21,1,2024
Jillianne Lastra,29146,Sacramento State,9.85,,,,Sunday,21,1,2024
Kara Houghton,29146,Sacramento State,9.8,9.1,,,Sunday,21,1,2024
Malia Hargrove,29146,Arizona,9.8,,9.9,9.875,Sunday,21,1,2024
Mallory Barron,29146,Sacramento State,,9.75,,,Sunday,21,1,2024
Rose Wilson,29146,Sacramento State,,,,9.65,Sunday,21,1,2024
Rylin Zimmerman,29146,Sacramento State,,9.775,9.475,9.8,Sunday,21,1,2024
Sarah Fitzgerald,29146,Sacramento State,8.9,,,9.6,Sunday,21,1,2024
Sarah Lutrel,29146,Sacramento State,9.7,9.625,9.35,9.65,Sunday,21,1,2024
Simone Dumas-Guzman,29146,Sacramento State,,,9.7,,Sunday,21,1,2024
Sophie Derr,29146,Arizona,9.9,,,,Sunday,21,1,2024
Abby Brushwood,29148,Eastern Michigan,,,9.85,9.675,Sunday,21,1,2024
Alana Fisher,29148,Eastern Michigan,,,9.8,9.75,Sunday,21,1,2024
Alia Wilson,29148,UW-Stout,8.175,,,,Sunday,21,1,2024
Anna Mielke,29148,UW-Stout,,,9.55,9.625,Sunday,21,1,2024
Ashtyn Gagner,29148,UW-Stout,,9.725,,9.475,Sunday,21,1,2024
Brooke Maycroft,29148,Eastern Michigan,,9.75,9.725,,Sunday,21,1,2024
Cassie Bergin,29148,Eastern Michigan,,9.675,,,Sunday,21,1,2024
Effie Ferguson,29148,UW-Stout,9.225,9.7,9.75,,Sunday,21,1,2024
Ella Chemotti,29148,Eastern Michigan,9.7,9.85,9.85,,Sunday,21,1,2024
Emma Brittingham,29148,UW-Stout,9.175,,,,Sunday,21,1,2024
Genae Daniel,29148,Eastern Michigan,,,,9.8,Sunday,21,1,2024
Genevieve Czaplewski,29148,UW-Stout,,9.6,,,Sunday,21,1,2024
Gillian Cummins,29148,UW-Stout,9.4,9.425,9.725,9.5,Sunday,21,1,2024
Gwendelyn Cantu,29148,Eastern Michigan,,,,9.725,Sunday,21,1,2024
Isabela Krulich,29148,UW-Stout,,9.375,9.8,,Sunday,21,1,2024
Jacquelyn Patterson,29148,Eastern Michigan,,9.125,,9.75,Sunday,21,1,2024
Jessica Qualich,29148,UW-Stout,,,9.75,9.075,Sunday,21,1,2024
Jordan Jankowski,29148,Eastern Michigan,9.7,,,,Sunday,21,1,2024
Kiara Brown,29148,UW-Stout,,,9.75,9.75,Sunday,21,1,2024
Kyrie Lowe,29148,Eastern Michigan,9.775,9.65,9.8,,Sunday,21,1,2024
Molly Parris,29148,Eastern Michigan,9.55,,,,Sunday,21,1,2024
Raisa Boris,29148,Eastern Michigan,9.775,9.8,9.9,9.775,Sunday,21,1,2024
Sarah Lutz,29148,UW-Stout,9.575,,,,Sunday,21,1,2024
Taylar Schaefer,29148,UW-Stout,,9.525,,9.75,Sunday,21,1,2024
Teagan Green,29148,UW-Stout,9.525,,,,Sunday,21,1,2024
Trinity Macy,29148,Eastern Michigan,9.65,,,,Sunday,21,1,2024
Amelia Moneymaker,29150,UC Davis,9.775,9.225,9.85,9.7,Sunday,21,1,2024
Anna Holtan,29150,UC Davis,,9.7,9.8,,Sunday,21,1,2024
Ariana DeSouza,29150,Alaska,,,9.725,9.5,Sunday,21,1,2024
Ava Scafani,29150,UC Davis,9.75,9.8,,,Sunday,21,1,2024
Avery Tillmanns,29150,Alaska,,,,9.5,Sunday,21,1,2024
Ayumi Oshiro,29150,UC Davis,9.825,9.875,,9.625,Sunday,21,1,2024
Breeann Spain,29150,Alaska,,8.375,,,Sunday,21,1,2024
Brooklyn Kopsack,29150,Alaska,,,,9.5,Sunday,21,1,2024
Claudia Lessig,29150,Alaska,8.85,9.675,9.475,,Sunday,21,1,2024
Emily Walker,29150,Alaska,9.6,9.65,,,Sunday,21,1,2024
Emma Otsu,29150,UC Davis,9.625,9.55,9.725,9.8,Sunday,21,1,2024
Hayley Perkins,29150,Alaska,9.6,,9.4,,Sunday,21,1,2024
Isabella Fitz-Gerald,29150,UC Davis,9.675,,,,Sunday,21,1,2024
Jadyn Wakita,29150,UC Davis,9.8,,,9.5,Sunday,21,1,2024
Jessica Johnson,29150,Alaska,8.25,9.775,,,Sunday,21,1,2024
Keanna Abraham,29150,UC Davis,,9.875,9.8,9.725,Sunday,21,1,2024
Maddy Murphy,29150,Alaska,,,,9.625,Sunday,21,1,2024
Madelyn Gomez,29150,Alaska,9.35,,9.4,,Sunday,21,1,2024
Marcela Bonifasi,29150,Alaska,,9.625,,,Sunday,21,1,2024
Megan Ray,29150,UC Davis,,,9.85,9.8,Sunday,21,1,2024
Montana Fairbairn,29150,Alaska,9.075,9.775,9.8,9.7,Sunday,21,1,2024
Nandhini Senthil,29150,UC Davis,,,9.1,,Sunday,21,1,2024
Silje Hildebrand,29150,Alaska,,,9.675,9.675,Sunday,21,1,2024
Aaliyah Gilmore,29152,Texas Woman's,6.9,,,,Sunday,21,1,2024
Amy Foret,29152,Centenary College,,9.5,,9.475,Sunday,21,1,2024
Brooke Ferrari,29152,Texas Woman's,9.75,,,,Sunday,21,1,2024
Caroline Bowns,29152,Texas Woman's,9.2,9.65,,9.775,Sunday,21,1,2024
Daisy Woodring,29152,Texas Woman's,,9.65,9.675,9.75,Sunday,21,1,2024
Emily Six,29152,Texas Woman's,,8.975,9.725,9.675,Sunday,21,1,2024
Emma Lavelle,29152,Centenary College,8.725,9.625,8.5,,Sunday,21,1,2024
Hayden Cagle,29152,Centenary College,,7.925,,,Sunday,21,1,2024
Isabel Plaza,29152,Centenary College,,,9.45,9.475,Sunday,21,1,2024
Kaitlyn Hoiland,29152,Texas Woman's,9.725,,,9.8,Sunday,21,1,2024
Kami Zarlengo,29152,Texas Woman's,9.7,,9.75,,Sunday,21,1,2024
Kendall Huff,29152,Centenary College,8.875,,8.7,9.45,Sunday,21,1,2024
Lacey Wedge,29152,Centenary College,,,9.25,9.625,Sunday,21,1,2024
Madeline Gose,29152,Texas Woman's,,9.725,9.775,,Sunday,21,1,2024
Mylia Vidtor,29152,Centenary College,,8.625,,,Sunday,21,1,2024
Olivia Stratmann,29152,Centenary College,9.15,,,9.65,Sunday,21,1,2024
Olivia Williams,29152,Centenary College,9.15,,8.95,,Sunday,21,1,2024
Roxanne Myers,29152,Centenary College,8.975,,,,Sunday,21,1,2024
Rylie Molina,29152,Centenary College,,9.6,,,Sunday,21,1,2024
Sofia Steffan,29152,Texas Woman's,,,9.7,,Sunday,21,1,2024
Sophia Isbell,29152,Texas Woman's,,,,9.725,Sunday,21,1,2024
Sophie Hernandez,29152,Texas Woman's,,9.5,9.775,,Sunday,21,1,2024
Sophie Schmitz,29152,Centenary College,9.375,8.7,,9.5,Sunday,21,1,2024
Steelie King,29152,Texas Woman's,8.95,9.15,,9.675,Sunday,21,1,2024
Addy Rothstein,29154,Cornell,9.575,,,9.65,Sunday,21,1,2024
Alexandra Quiana,29154,Cornell,,9.325,9.825,,Sunday,21,1,2024
Avery Byun,29154,Cornell,,,9.3,8.8,Sunday,21,1,2024
Brooklyn Weingardt,29154,Bridgeport,,8.3,,9.375,Sunday,21,1,2024
Caitlyn Walsh,29154,Cornell,,,9.725,,Sunday,21,1,2024
Cami Whitaker,29154,Cornell,,,9.7,9.7,Sunday,21,1,2024
Catherine Aucoin,29154,Bridgeport,9.675,,9.65,,Sunday,21,1,2024
Emily Hernandez,29154,Bridgeport,9.625,,,9.15,Sunday,21,1,2024
Hannah Barry,29154,Bridgeport,,9.725,,,Sunday,21,1,2024
Josie Moylan,29154,Cornell,,,9.125,,Sunday,21,1,2024
Kate Michelini,29154,Cornell,,9.875,,,Sunday,21,1,2024
Kieran Ross,29154,Bridgeport,,9.625,8.7,9.575,Sunday,21,1,2024
Lola Sepulveda,29154,Bridgeport,9.075,9.1,9.8,9.525,Sunday,21,1,2024
Maddie Sakalosky,29154,Cornell,8.9,,,,Sunday,21,1,2024
Margaret Coyle,29154,Bridgeport,,,9.1,,Sunday,21,1,2024
Melanie Stone,29154,Cornell,8.7,,,,Sunday,21,1,2024
Michaela Defranscisco,29154,Cornell,,,,9.5,Sunday,21,1,2024
Mikayla Burton,29154,Cornell,,9.8,,,Sunday,21,1,2024
Molly McAleavey,29154,Bridgeport,,9.475,,,Sunday,21,1,2024
Morgen Shambo,29154,Cornell,8.8,,,,Sunday,21,1,2024
Nova Staruk,29154,Bridgeport,8.1,,9.65,9.5,Sunday,21,1,2024
Olivia Imbarlina,29154,Bridgeport,9.4,9.725,,,Sunday,21,1,2024
Regina Walton,29154,Cornell,9.425,9.775,,,Sunday,21,1,2024
Samantha Nokes,29154,Bridgeport,9.5,,,,Sunday,21,1,2024
Savanna Kokaly,29154,Cornell,,8.75,,8.375,Sunday,21,1,2024
Savannah Lindley,29154,Bridgeport,,,,9.375,Sunday,21,1,2024
Sydney Beers,29154,Cornell,9.7,9.75,9.9,9.8,Sunday,21,1,2024
Tamyra Singletary,29154,Bridgeport,,,9.375,,Sunday,21,1,2024
Abbie Thompson,29156,Denver,,9.75,,,Sunday,21,1,2024
Amanda Zeng,29156,Stanford,,,9.8,9.8,Sunday,21,1,2024
Anapaula Gutierrez,29156,Stanford,9.85,,,9.85,Sunday,21,1,2024
Ashley Carter,29156,Stanford,,9.625,,,Sunday,21,1,2024
Audrey Davis,29156,Oklahoma,9.875,9.95,9.9,9.825,Sunday,21,1,2024
Ava Sorrento,29156,Stanford,9.875,,,,Sunday,21,1,2024
Bella Mabanta,29156,Denver,,9.475,9.65,9.85,Sunday,21,1,2024
Brenna Neault,29156,Stanford,9.85,9.85,9.825,9.775,Sunday,21,1,2024
Brooklyn Moors,29156,UCLA,,,9.9,,Sunday,21,1,2024
Chae Campbell,29156,UCLA,9.825,,9.925,9.875,Sunday,21,1,2024
Chloe Widner,29156,Stanford,9.825,9.625,9.925,9.825,Sunday,21,1,2024
Ciena Alipio,29156,UCLA,,9.825,,,Sunday,21,1,2024
Claire Dean,29156,Stanford,9.825,9.75,9.875,9.775,Sunday,21,1,2024
Danielle Sievers,29156,Oklahoma,9.875,,,,Sunday,21,1,2024
Emily Lee,29156,UCLA,,9.85,9.8,9.825,Sunday,21,1,2024
Emma Andres,29156,UCLA,,9.65,,,Sunday,21,1,2024
Emma Malabuyo,29156,UCLA,9.9,9.925,9.875,,Sunday,21,1,2024
Faith Torrez,29156,Oklahoma,9.875,9.975,9.85,9.925,Sunday,21,1,2024
Frida Esparza,29156,UCLA,9.2,,,,Sunday,21,1,2024
Hannah Scheible,29156,Oklahoma,,,,9.95,Sunday,21,1,2024
Ira Alexeeva,29156,Stanford,9.85,8.95,,,Sunday,21,1,2024
Jessica Hutchinson,29156,Denver,9.875,9.9,9.95,9.9,Sunday,21,1,2024
Jordan Bowers,29156,Oklahoma,9.95,9.925,9.95,9.95,Sunday,21,1,2024
Katelyn Rosen,29156,UCLA,9.8,9.775,,9.85,Sunday,21,1,2024
Katherine LeVasseur,29156,Oklahoma,9.875,9.9,9.95,9.95,Sunday,21,1,2024
Keira Wells,29156,Oklahoma,,9.85,,9.825,Sunday,21,1,2024
Kiley Rorich,29156,Denver,9.875,,9.9,,Sunday,21,1,2024
Madison Ulrich,29156,Denver,9.875,9.8,9.875,9.85,Sunday,21,1,2024
Margzetta Frazier,29156,UCLA,9.075,,,,Sunday,21,1,2024
Mia Hebinck,29156,Denver,9.875,,,,Sunday,21,1,2024
Mila Brusch,29156,Denver,,,,9.775,Sunday,21,1,2024
Momoko Iwai,29156,Denver,,9.775,9.85,,Sunday,21,1,2024
Nya Reed,29156,UCLA,,,9.925,9.8,Sunday,21,1,2024
Paige Anastasi,29156,UCLA,,,,9.725,Sunday,21,1,2024
Ragan Smith,29156,Oklahoma,9.875,9.975,9.9,,Sunday,21,1,2024
Rosie Casali,29156,Denver,9.925,,9.9,9.95,Sunday,21,1,2024
Rylie Mundell,29156,Denver,9.9,9.7,,9.75,Sunday,21,1,2024
Selena Harris-Miranda,29156,UCLA,9.875,9.825,9.95,9.825,Sunday,21,1,2024
Soraya Hawthorne,29156,Oklahoma,,,9.775,,Sunday,21,1,2024
Taralyn Nguyen,29156,Stanford,,9.625,9.8,9.9,Sunday,21,1,2024
Temple Landry,29156,Stanford,,,9.775,,Sunday,21,1,2024
Alexis Hankins,29160,Ohio State,,9.85,,,Sunday,21,1,2024
Ava Jordan,29160,Michigan,,,,9.625,Sunday,21,1,2024
Carly Bauman,29160,Michigan,9.95,9.875,9.825,,Sunday,21,1,2024
Courtney McCann,29160,Ohio State,9.825,8.975,,,Sunday,21,1,2024
Ella Hodges,29160,Ohio State,,9.95,9.925,,Sunday,21,1,2024
Emma Pritchard,29160,Ohio State,9.775,9.7,,,Sunday,21,1,2024
Gabby Wilson,29160,Michigan,9.825,9.875,9.925,9.95,Sunday,21,1,2024
Haylen Zabrowski,29160,Michigan,9.775,,,,Sunday,21,1,2024
Jacey Vore,29160,Michigan,9.8,9.825,,,Sunday,21,1,2024
Jenna Mulligan,29160,Michigan,,9.9,9.575,9.7,Sunday,21,1,2024
Kaitlyn Grimes,29160,Ohio State,,,9.8,9.825,Sunday,21,1,2024
Kaylyn Mintz,29160,Ohio State,,,9.8,9.8,Sunday,21,1,2024
Naomi Morrison,29160,Michigan,9.825,,9.9,9.95,Sunday,21,1,2024
Nicole Riccardi,29160,Ohio State,9.875,,,9.875,Sunday,21,1,2024
Payton Harris,29160,Ohio State,9.9,9.925,9.875,9.9,Sunday,21,1,2024
Reyna Guggino,29160,Michigan,,9.875,9.875,9.775,Sunday,21,1,2024
Sidney Washington,29160,Ohio State,9.825,,9.9,9.875,Sunday,21,1,2024
Sierra Brooks,29160,Michigan,9.825,9.975,9.95,9.825,Sunday,21,1,2024
Tory Vetter,29160,Ohio State,9.825,9.625,9.9,9.85,Sunday,21,1,2024
Angela Xing,29162,Brown,,9.55,,9.65,Sunday,21,1,2024
Ariana Young,29162,Oregon State,,9.875,9.925,,Sunday,21,1,2024
Asta-Sollilja Farrell,29162,Brown,9.75,,,9.575,Sunday,21,1,2024
Carley Beeman,29162,Oregon State,9.85,,,,Sunday,21,1,2024
Ellie Weaver,29162,Oregon State,9.225,9.975,9.9,,Sunday,21,1,2024
Emily Ford,29162,Brown,8.475,9.825,9.85,9.6,Sunday,21,1,2024
Jade Carey,29162,Oregon State,9.875,9.95,,9.875,Sunday,21,1,2024
Jennifer McMillan,29162,Oregon State,9.85,9.7,,,Sunday,21,1,2024
Julia Bedell,29162,Brown,,,9.9,9.85,Sunday,21,1,2024
Kaitlin Garcia,29162,Oregon State,,,9.875,9.85,Sunday,21,1,2024
Lauren Kramer,29162,Brown,,8.9,9.825,9.725,Sunday,21,1,2024
Lauren Mckeown,29162,Brown,9.55,9.8,,,Sunday,21,1,2024
Liza Marcus,29162,Brown,8.95,9.8,9.7,,Sunday,21,1,2024
Maya Davis,29162,Brown,9.525,9.25,8.725,,Sunday,21,1,2024
Natalie Briones,29162,Oregon State,9.85,,9.85,9.85,Sunday,21,1,2024
Olivia Buckner,29162,Oregon State,,,,9.225,Sunday,21,1,2024
Sophia Dewar,29162,Brown,9.2,,9.85,9.8,Sunday,21,1,2024
Sophia Esposito,29162,Oregon State,,9.9,9.875,9.9,Sunday,21,1,2024
Sydney Gonzales,29162,Oregon State,,9.8,9.825,9.875,Sunday,21,1,2024
Taylor DeVries,29162,Oregon State,9.875,,,,Sunday,21,1,2024
Abbie Pierson,29164,West Virginia,9.35,9.75,9.825,9.8,Sunday,21,1,2024
Alisha Werlen,29164,Pennsylvania,8.75,9.725,,,Sunday,21,1,2024
Amber Lowe,29164,West Virginia,9.625,9.775,9.725,,Sunday,21,1,2024
Brooke Alban,29164,West Virginia,9.825,,9.475,9.675,Sunday,21,1,2024
Campbell Marr,29164,Pennsylvania,,9.7,,9.675,Sunday,21,1,2024
Carly Oniki,29164,Pennsylvania,,9.625,,,Sunday,21,1,2024
Ellen Collins,29164,West Virginia,,,9.725,,Sunday,21,1,2024
Emma Davies,29164,Pennsylvania,,,9.825,,Sunday,21,1,2024
Emma Wehry,29164,West Virginia,9.775,9.075,,9.85,Sunday,21,1,2024
Isabel Song,29164,Pennsylvania,,,,9.7,Sunday,21,1,2024
Isabella Garrett,29164,Pennsylvania,,,8.75,,Sunday,21,1,2024
Jackie Tunney,29164,Pennsylvania,9.55,9.55,,,Sunday,21,1,2024
Jayden McDonnell,29164,West Virginia,9.1,,,,Sunday,21,1,2024
Jordan Barrow,29164,Pennsylvania,,,,9.85,Sunday,21,1,2024
Julia Brown,29164,West Virginia,,9.8,,,Sunday,21,1,2024
Jurnee Lane,29164,West Virginia,,,9.825,,Sunday,21,1,2024
Kiana Lewis,29164,West Virginia,,9.775,9.875,9.8,Sunday,21,1,2024
Madison Perkins,29164,Pennsylvania,,,,9.7,Sunday,21,1,2024
Marissa Lassiter,29164,Pennsylvania,,,9.775,,Sunday,21,1,2024
Miranda Smith,29164,West Virginia,9.775,9.5,,,Sunday,21,1,2024
Olivia Pitzer,29164,West Virginia,,,,9.7,Sunday,21,1,2024
Olivia Vanhorn,29164,Pennsylvania,,,9.8,,Sunday,21,1,2024
Sara Kenefick,29164,Pennsylvania,9.725,9.7,9.8,9.725,Sunday,21,1,2024
Sierra Muns,29164,West Virginia,,,,9.775,Sunday,21,1,2024
Skyelar Kerico,29164,Pennsylvania,9.85,9.85,,9.8,Sunday,21,1,2024
Sophia Paris,29164,Pennsylvania,9.8,,,,Sunday,21,1,2024
Zara Gazdak,29164,Pennsylvania,9.775,,9.75,,Sunday,21,1,2024
Alana Ricketts,29166,LIU,,9.85,,9.725,Sunday,21,1,2024
Alexa Melanson,29166,Southern Conn.,,9.725,9.5,,Sunday,21,1,2024
Alina Danilchenko,29166,LIU,,9.725,9.45,9.725,Sunday,21,1,2024
Alyssa Beaulieu,29166,New Hampshire,,9.75,,,Sunday,21,1,2024
Angel Lee,29166,Southern Conn.,,9.175,,,Sunday,21,1,2024
Angelina Stanfa,29166,Southern Conn.,,9.675,,,Sunday,21,1,2024
Annalisa Page,29166,LIU,,9.275,,9.725,Sunday,21,1,2024
Anne Challman,29166,New Hampshire,,9.7,9.525,9.725,Sunday,21,1,2024
Audrey Arnold,29166,Southern Conn.,9.1,,,,Sunday,21,1,2024
Ava Kelly,29166,Southern Conn.,,,9.1,9.65,Sunday,21,1,2024
Brianna Dorr,29166,Southern Conn.,,,,9.75,Sunday,21,1,2024
Brisa Carraro,29166,LIU,9.875,,,,Sunday,21,1,2024
Cael Bixler,29166,LIU,,9.725,,,Sunday,21,1,2024
Chloe DeJoy,29166,Yale,9.775,,9.825,,Sunday,21,1,2024
Ella Barrington,29166,LIU,,,9.85,,Sunday,21,1,2024
Ella Tashjian,29166,Yale,,9.4,9.9,9.725,Sunday,21,1,2024
Emelia Diaz,29166,Southern Conn.,,9.575,,,Sunday,21,1,2024
Emiley Kahl,29166,Southern Conn.,,9.55,,,Sunday,21,1,2024
Emma Mangiacapre,29166,Yale,,9.55,,,Sunday,21,1,2024
Erica Beyer,29166,Southern Conn.,,,9.725,,Sunday,21,1,2024
Gianna Graver,29166,New Hampshire,9.7,,,,Sunday,21,1,2024
Gigi Mastellone,29166,Southern Conn.,9.8,,,,Sunday,21,1,2024
Gigi Sabatini,29166,Yale,8.875,9.0,9.825,9.775,Sunday,21,1,2024
Hana Strause,29166,Yale,,9.55,9.775,,Sunday,21,1,2024
Hanna Zebdi,29166,Southern Conn.,,,9.65,9.575,Sunday,21,1,2024
Isabella Savino,29166,LIU,9.825,,4.9,9.7,Sunday,21,1,2024
Jayci Jordan,29166,Southern Conn.,9.05,,,,Sunday,21,1,2024
Jenna Devincenzo,29166,New Hampshire,9.75,9.65,,9.8,Sunday,21,1,2024
Kady Bills-McCoy,29166,LIU,,9.25,,,Sunday,21,1,2024
Kate Parks,29166,LIU,9.7,,,9.675,Sunday,21,1,2024
Kenadi Brown,29166,New Hampshire,9.125,,,,Sunday,21,1,2024
Kira Sanchez,29166,LIU,9.625,,9.65,,Sunday,21,1,2024
Kylie Gorgenyi,29166,New Hampshire,9.875,9.125,9.875,9.85,Sunday,21,1,2024
Kylie Sitty,29166,Southern Conn.,9.325,,,9.625,Sunday,21,1,2024
Lauren Holt,29166,Yale,9.65,,,,Sunday,21,1,2024
Lauren Miller,29166,LIU,8.9,,9.375,9.175,Sunday,21,1,2024
Leah Moreno,29166,New Hampshire,9.8,,,,Sunday,21,1,2024
Lexi Bracher,29166,Southern Conn.,,,,9.675,Sunday,21,1,2024
Libby Allen,29166,Southern Conn.,,9.65,9.725,,Sunday,21,1,2024
Lily Aucoin,29166,Yale,9.025,,,9.625,Sunday,21,1,2024
Logan Hinson,29166,LIU,9.775,,,,Sunday,21,1,2024
Maya MacDonald,29166,New Hampshire,,,9.875,9.725,Sunday,21,1,2024
McCall McMullen,29166,New Hampshire,,,9.7,9.8,Sunday,21,1,2024
Megan Brueck,29166,Yale,,9.25,9.8,,Sunday,21,1,2024
Poulina Minaev,29166,New Hampshire,,,9.875,,Sunday,21,1,2024
Sarah Wilson,29166,Yale,9.7,9.675,,9.75,Sunday,21,1,2024
Serena Mullin,29166,New Hampshire,,9.8,9.75,9.8,Sunday,21,1,2024
Sherry Wang,29166,Yale,8.975,,9.875,9.7,Sunday,21,1,2024
Shreya Munshi,29166,Southern Conn.,9.775,,,,Sunday,21,1,2024
Sierra Bauman,29166,New Hampshire,9.675,9.65,,,Sunday,21,1,2024
Sophia Ruecker,29166,Southern Conn.,9.65,,8.925,9.7,Sunday,21,1,2024
Taylor Doten,29166,LIU,,9.0,9.325,,Sunday,21,1,2024
Brie Clark,29170,Clemson,,9.2,9.925,,Sunday,21,1,2024
Carla Ferzoco,29170,Pittsburgh,,9.6,,,Sunday,21,1,2024
Ciara Ward,29170,Pittsburgh,,,9.725,9.75,Sunday,21,1,2024
Emily Todd,29170,Pittsburgh,9.825,9.7,9.8,,Sunday,21,1,2024
Eve Jackson,29170,Clemson,9.825,9.675,,9.8,Sunday,21,1,2024
Faith Lerro,29170,Pittsburgh,9.55,,,,Sunday,21,1,2024
Hallie Copperwheat,29170,Pittsburgh,,9.7,9.825,,Sunday,21,1,2024
Jah'Liyah Bedminster,29170,Pittsburgh,9.75,,9.85,9.8,Sunday,21,1,2024
Jordyn Ewing,29170,Pittsburgh,9.75,9.75,9.9,,Sunday,21,1,2024
Julie Madso,29170,Pittsburgh,9.725,9.05,,9.65,Sunday,21,1,2024
Kaitlin DeGuzman,29170,Clemson,9.8,,,,Sunday,21,1,2024
Kennedy Duke,29170,Pittsburgh,9.575,9.55,9.7,9.775,Sunday,21,1,2024
Kielyn McCright,29170,Clemson,,9.9,,,Sunday,21,1,2024
Lauren Rutherford,29170,Clemson,9.75,,9.9,9.85,Sunday,21,1,2024
Lilly Lippeatt,29170,Clemson,9.8,9.85,9.875,,Sunday,21,1,2024
Lucia Jakab,29170,Pittsburgh,,,,9.65,Sunday,21,1,2024
Madison Minner,29170,Clemson,,,,9.8,Sunday,21,1,2024
Molly Arnold,29170,Clemson,,,9.875,9.8,Sunday,21,1,2024
Quinn Kuhl,29170,Clemson,,9.475,,,Sunday,21,1,2024
Rebecca Wells,29170,Clemson,9.75,9.85,9.8,9.725,Sunday,21,1,2024
Shruthi Anand,29170,Pittsburgh,,,,9.775,Sunday,21,1,2024
Trinity Brown,29170,Clemson,9.65,,9.8,9.9,Sunday,21,1,2024
Adriana Hoffman,29172,Towson,,,,9.625,Sunday,21,1,2024
Angelina Hogan,29172,Temple,9.725,,,,Sunday,21,1,2024
Brooke Donabedian,29172,Temple,9.7,9.875,9.875,,Sunday,21,1,2024
Camille Vitoff,29172,Towson,9.25,,,9.75,Sunday,21,1,2024
Carmella Calafati,29172,Towson,,,9.8,,Sunday,21,1,2024
Chayse Williams,29172,Towson,,9.5,,,Sunday,21,1,2024
Clara Hong,29172,Towson,9.65,9.825,8.95,,Sunday,21,1,2024
Cyrena Whalen,29172,Temple,9.825,,,,Sunday,21,1,2024
Elise Tisler,29172,Towson,,,9.825,9.85,Sunday,21,1,2024
Emily Johnson,29172,Temple,9.825,,,,Sunday,21,1,2024
Felicia Poblete,29172,Towson,,,,9.65,Sunday,21,1,2024
Grace Vaillancourt,29172,Towson,9.8,,9.825,,Sunday,21,1,2024
Hannah Stallings,29172,Temple,,,9.85,9.8,Sunday,21,1,2024
Hannah Weklar,29172,Temple,,,,9.75,Sunday,21,1,2024
Isabella Minervini,29172,Towson,9.9,9.775,9.7,,Sunday,21,1,2024
Jenna Weitz,29172,Towson,,9.825,9.7,9.775,Sunday,21,1,2024
Lauren Greene,29172,Towson,9.775,,,,Sunday,21,1,2024
Lauren Keener,29172,Towson,9.75,9.75,,,Sunday,21,1,2024
Mackenzie Aresta,29172,Temple,,9.625,,9.825,Sunday,21,1,2024
Madison Dorunda,29172,Temple,,9.825,9.8,,Sunday,21,1,2024
Payton Monk,29172,Temple,,,9.85,9.775,Sunday,21,1,2024
Reese DeHaan,29172,Temple,9.6,,,,Sunday,21,1,2024
Renee Schugman,29172,Temple,,9.825,9.8,9.8,Sunday,21,1,2024
Retoshia Halsell,29172,Towson,,,,9.775,Sunday,21,1,2024
Sarah Stallings,29172,Temple,8.95,9.025,,,Sunday,21,1,2024
Steph Macasu,29172,Towson,,9.625,,,Sunday,21,1,2024
Summer Ruskey,29172,Temple,,9.825,9.8,9.875,Sunday,21,1,2024
Ashley Szymanski,29174,Ball State,9.975,9.8,,,Monday,22,1,2024
Carissa Martinez,29174,Ball State,,,9.1,9.725,Monday,22,1,2024
Charniya Brown,29174,Bowling Green,9.8,,,9.475,Monday,22,1,2024
Elise Brzoska,29174,Bowling Green,,9.15,,,Monday,22,1,2024
Emily Castiglia,29174,Bowling Green,,9.725,,,Monday,22,1,2024
Grace Sumner,29174,Ball State,9.875,9.725,,,Monday,22,1,2024
Hannah Ruthberg,29174,Ball State,9.7,9.875,9.825,9.775,Monday,22,1,2024
Isabella Rivelli,29174,Bowling Green,9.775,,,,Monday,22,1,2024
Kathryn Weilbacher,29174,Bowling Green,9.8,9.05,9.75,9.675,Monday,22,1,2024
Keira Thornton,29174,Bowling Green,9.675,8.35,9.8,9.675,Monday,22,1,2024
Lauren Bannister,29174,Bowling Green,,,9.675,,Monday,22,1,2024
Love Akpan,29174,Bowling Green,9.525,,9.7,9.775,Monday,22,1,2024
Madison Coburn,29174,Bowling Green,,,9.25,9.725,Monday,22,1,2024
Megan Bingham,29174,Bowling Green,9.625,9.725,,9.625,Monday,22,1,2024
Megan Decious,29174,Bowling Green,,,9.7,,Monday,22,1,2024
Megan Teter,29174,Ball State,9.85,9.65,9.775,9.75,Monday,22,1,2024
Nadia Parente,29174,Bowling Green,,9.775,,,Monday,22,1,2024
Suki Pfister,29174,Ball State,,,9.9,9.875,Monday,22,1,2024
Victoria Henry,29174,Ball State,9.8,9.75,9.9,9.825,Monday,22,1,2024
Zoe Middleton,29174,Ball State,9.825,9.75,9.875,9.875,Monday,22,1,2024
Adeline Kenlin,29176,Iowa,9.9,9.85,9.875,9.65,Monday,22,1,2024
Alexa Ebeling,29176,Iowa,,9.7,9.675,,Monday,22,1,2024
Alyse Karenbauer,29176,Iowa,,,,9.65,Monday,22,1,2024
Avery Chambers,29176,Iowa,,,,9.8,Monday,22,1,2024
Bailey Libby,29176,Iowa,,,9.825,,Monday,22,1,2024
Ella Sirjord,29176,Minnesota,9.825,9.875,,,Monday,22,1,2024
Emily Erb,29176,Iowa,,,9.7,,Monday,22,1,2024
Emily Koch,29176,Minnesota,,8.525,9.875,,Monday,22,1,2024
Eva Volpe,29176,Iowa,9.15,9.825,9.75,9.775,Monday,22,1,2024
Gianna Gerdes,29176,Minnesota,9.825,9.725,9.825,9.85,Monday,22,1,2024
Gianna Masella,29176,Iowa,9.85,,,,Monday,22,1,2024
Hanna Castillo,29176,Iowa,,,9.875,9.8,Monday,22,1,2024
Ilka Juk,29176,Iowa,9.825,9.775,,,Monday,22,1,2024
Jordyn Lyden,29176,Minnesota,9.85,9.775,,,Monday,22,1,2024
Karina Munoz,29176,Iowa,9.75,9.9,,9.85,Monday,22,1,2024
Katie Horak,29176,Minnesota,,9.875,,,Monday,22,1,2024
Lauren Pearl,29176,Minnesota,,9.875,9.875,9.825,Monday,22,1,2024
Marissa Jencks,29176,Minnesota,9.7,,9.825,9.775,Monday,22,1,2024
Marissa Rojas,29176,Iowa,9.7,9.875,,,Monday,22,1,2024
Mya Hooten,29176,Minnesota,9.85,,9.95,9.95,Monday,22,1,2024
Sarah Moraw,29176,Minnesota,,,,9.825,Monday,22,1,2024
Seria Johnson,29176,Minnesota,,,9.9,,Monday,22,1,2024
Sophia Nguyen,29176,Minnesota,9.725,,,9.775,Monday,22,1,2024
Alyssa Kramer,29178,Penn State,,,9.525,,Thursday,25,1,2024
Amani Herring,29178,Penn State,,9.8,9.875,9.8,Thursday,25,1,2024
Ava Piedrahita,29178,Penn State,9.9,9.775,9.875,9.9,Thursday,25,1,2024
Avery Balser,29178,Rutgers,9.85,,,,Thursday,25,1,2024
Bella Salcedo,29178,Penn State,,9.85,9.85,9.875,Thursday,25,1,2024
Cassidy Rushlow,29178,Penn State,8.55,,,,Thursday,25,1,2024
Elia Aird,29178,Rutgers,9.7,9.8,9.85,9.775,Thursday,25,1,2024
Elina Vihrova,29178,Penn State,,,,9.775,Thursday,25,1,2024
Emily Leese,29178,Rutgers,,9.5,9.875,9.9,Thursday,25,1,2024
Emily Wood,29178,Rutgers,,,9.875,,Thursday,25,1,2024
Gabrielle Dildy,29178,Rutgers,,9.55,9.8,9.85,Thursday,25,1,2024
Gabrielle Gallentine,29178,Penn State,9.825,,,,Thursday,25,1,2024
Haleigh Gibble,29178,Penn State,,9.8,,,Thursday,25,1,2024
Harmony Webster,29178,Rutgers,,,9.85,,Thursday,25,1,2024
Jackie Manifold,29178,Rutgers,9.775,9.8,,,Thursday,25,1,2024
Jessica Johanson,29178,Penn State,9.5,,,,Thursday,25,1,2024
Kalea McElligott,29178,Penn State,9.75,9.875,9.55,9.8,Thursday,25,1,2024
Maddie Johnston,29178,Penn State,9.875,9.9,9.625,9.85,Thursday,25,1,2024
Maya Jones,29178,Rutgers,,,,9.725,Thursday,25,1,2024
Myra Daniels,29178,Rutgers,9.7,,,,Thursday,25,1,2024
Olivia DiNovi,29178,Rutgers,8.9,,,,Thursday,25,1,2024
Rachael Riley,29178,Rutgers,,9.85,,9.775,Thursday,25,1,2024
Stephanie Zannella,29178,Rutgers,,9.825,9.85,,Thursday,25,1,2024
Valentina Lorente-Garcia,29178,Rutgers,9.625,,,9.7,Thursday,25,1,2024
Abigail Bunch,29180,Rhode Island College,9.275,,,,Friday,26,1,2024
Abigail Kenney,29180,Bridgeport,9.725,9.25,9.75,9.75,Friday,26,1,2024
Adison Tanguay,29180,Ursinus College,9.55,,,,Friday,26,1,2024
Adrenne Roth,29180,Ursinus College,,9.6,,,Friday,26,1,2024
Alison Silva,29180,Rhode Island College,8.65,,,,Friday,26,1,2024
Ariana DeSouza,29180,Alaska,,,9.725,9.5,Friday,26,1,2024
Arianna Ellis,29180,Ursinus College,,9.075,9.425,,Friday,26,1,2024
Ashley Cromer,29180,Ursinus College,,,,9.1,Friday,26,1,2024
Avery Tillmanns,29180,Alaska,,,,9.45,Friday,26,1,2024
Bella Leo,29180,Ursinus College,,9.725,8.8,9.425,Friday,26,1,2024
Brianna Duffy,29180,Ursinus College,9.475,,,,Friday,26,1,2024
Brooklyn Kopsack,29180,Alaska,,,,9.55,Friday,26,1,2024
Carly Troilo,29180,Ursinus College,9.45,,9.475,9.45,Friday,26,1,2024
Catherine Aucoin,29180,Bridgeport,9.5,,9.75,,Friday,26,1,2024
Claudia Lessig,29180,Alaska,9.675,9.75,9.175,,Friday,26,1,2024
Daria Gregory,29180,Ursinus College,,,9.275,,Friday,26,1,2024
Emily Hernandez,29180,Bridgeport,9.8,,,9.55,Friday,26,1,2024
Emily Walker,29180,Alaska,9.8,9.475,,,Friday,26,1,2024
Emma Tucker,29180,Rhode Island College,,9.75,9.625,9.7,Friday,26,1,2024
Erin Roe,29180,Ursinus College,8.925,9.7,,9.75,Friday,26,1,2024
Erin Stubbs,29180,Ursinus College,,,,9.375,Friday,26,1,2024
Hannah Barry,29180,Bridgeport,,9.625,,,Friday,26,1,2024
Hayley Perkins,29180,Alaska,9.725,,9.4,,Friday,26,1,2024
Ivy Jimenez,29180,Rhode Island College,,9.4,,9.325,Friday,26,1,2024
Jada Niles,29180,Alaska,9.75,,,,Friday,26,1,2024
Jessica Johnson,29180,Alaska,9.65,9.6,,,Friday,26,1,2024
Jessica Nugent,29180,Rhode Island College,,9.65,,,Friday,26,1,2024
Jolie Carpino,29180,Rhode Island College,9.25,,,,Friday,26,1,2024
Julia Yitts,29180,Rhode Island College,,,9.25,,Friday,26,1,2024
Kelsey Gates,29180,Rhode Island College,8.9,8.6,9.75,9.45,Friday,26,1,2024
Kieran Ross,29180,Bridgeport,,9.175,9.675,9.55,Friday,26,1,2024
Lauren Coleman,29180,Ursinus College,9.35,,,,Friday,26,1,2024
Lola Sepulveda,29180,Bridgeport,9.825,9.825,9.85,9.725,Friday,26,1,2024
Lucy Warburton,29180,Ursinus College,,9.125,,,Friday,26,1,2024
Maddy Murphy,29180,Alaska,,,,9.575,Friday,26,1,2024
Madeline Brandt,29180,Rhode Island College,,,9.325,,Friday,26,1,2024
Madelyn Gomez,29180,Alaska,9.725,,9.175,,Friday,26,1,2024
Madison Zimmerman,29180,Ursinus College,,9.725,,,Friday,26,1,2024
Marcela Bonifasi,29180,Alaska,,8.775,,,Friday,26,1,2024
Margaret Coyle,29180,Bridgeport,,,9.375,,Friday,26,1,2024
Megan Matteucci,29180,Ursinus College,9.375,,9.75,,Friday,26,1,2024
Molly McAleavey,29180,Bridgeport,,9.075,,,Friday,26,1,2024
Montana Fairbairn,29180,Alaska,,9.3,8.1,9.625,Friday,26,1,2024
Morgan Lunn,29180,Rhode Island College,,8.7,9.65,,Friday,26,1,2024
Nova Staruk,29180,Bridgeport,,,9.8,9.775,Friday,26,1,2024
Olivia Imbarlina,29180,Bridgeport,9.575,9.85,,,Friday,26,1,2024
Olivia Keyes,29180,Rhode Island College,9.4,9.775,9.7,9.4,Friday,26,1,2024
Paola Ruano Barahona,29180,Alaska,,9.65,,,Friday,26,1,2024
Payton Green,29180,Rhode Island College,8.5,,,9.475,Friday,26,1,2024
Samantha Nokes,29180,Bridgeport,9.725,,,,Friday,26,1,2024
Savannah Lindley,29180,Bridgeport,,,,9.25,Friday,26,1,2024
Sidney Schreiber,29180,Ursinus College,,,9.475,9.55,Friday,26,1,2024
Silje Hildebrand,29180,Alaska,,,9.475,9.475,Friday,26,1,2024
Sophia Damiano,29180,Rhode Island College,,,,9.6,Friday,26,1,2024
Addy Rothstein,29184,Cornell,9.575,,,9.55,Friday,26,1,2024
Adriana Hoffman,29184,Towson,,,,9.8,Friday,26,1,2024
Alexandra Quiana,29184,Cornell,,9.1,9.8,,Friday,26,1,2024
Alyssa Beaulieu,29184,New Hampshire,,9.825,,,Friday,26,1,2024
Anne Challman,29184,New Hampshire,,,8.675,,Friday,26,1,2024
Anneliese Silverman,29184,George Washington,9.775,9.5,,9.85,Friday,26,1,2024
Avery Byun,29184,Cornell,,,8.85,9.8,Friday,26,1,2024
Brooke Izzo,29184,George Washington,,9.85,,,Friday,26,1,2024
Caitlyn Walsh,29184,Cornell,,,9.75,,Friday,26,1,2024
Camille Vitoff,29184,Towson,9.225,,,9.925,Friday,26,1,2024
Carmella Calafati,29184,Towson,,,9.85,,Friday,26,1,2024
Chayse Williams,29184,Towson,,8.95,,,Friday,26,1,2024
Chelsey Dennis,29184,Towson,,9.2,,,Friday,26,1,2024
Clara Hong,29184,Towson,9.75,9.775,9.875,,Friday,26,1,2024
Deana Sheremeta,29184,George Washington,,,9.775,,Friday,26,1,2024
Delaney DeHaan,29184,George Washington,9.7,9.625,,,Friday,26,1,2024
Elise Tisler,29184,Towson,,,9.925,9.725,Friday,26,1,2024
Felicia Poblete,29184,Towson,,,9.8,9.85,Friday,26,1,2024
Gianna Graver,29184,New Hampshire,9.825,,,,Friday,26,1,2024
Grace Vaillancourt,29184,Towson,9.85,,9.85,,Friday,26,1,2024
Isabella Minervini,29184,Towson,9.925,9.35,,,Friday,26,1,2024
Jenna Devincenzo,29184,New Hampshire,9.8,9.8,,9.875,Friday,26,1,2024
Jenna Weitz,29184,Towson,,9.625,9.85,9.825,Friday,26,1,2024
Josie Moylan,29184,Cornell,9.6,,9.875,,Friday,26,1,2024
Julia Before,29184,New Hampshire,9.825,,,,Friday,26,1,2024
Kasey Burke,29184,George Washington,,,9.9,9.85,Friday,26,1,2024
Kate Michelini,29184,Cornell,,9.625,9.575,9.5,Friday,26,1,2024
Kenadi Brown,29184,New Hampshire,,,9.075,,Friday,26,1,2024
Kendall Whitman,29184,George Washington,9.65,9.775,9.9,9.875,Friday,26,1,2024
Kylie Gorgenyi,29184,New Hampshire,9.9,9.7,9.85,9.6,Friday,26,1,2024
Lauren Greene,29184,Towson,9.85,,,,Friday,26,1,2024
Lauren Keener,29184,Towson,9.85,9.7,,,Friday,26,1,2024
Leah Moreno,29184,New Hampshire,9.8,,,9.75,Friday,26,1,2024
Marlee York,29184,George Washington,8.975,,9.825,9.8,Friday,26,1,2024
Maya MacDonald,29184,New Hampshire,,,9.6,9.725,Friday,26,1,2024
Maya Peters,29184,George Washington,,9.75,,,Friday,26,1,2024
McCall McMullen,29184,New Hampshire,,,,9.675,Friday,26,1,2024
Melanie Stone,29184,Cornell,9.725,,,,Friday,26,1,2024
Michaela Defranscisco,29184,Cornell,,,,9.75,Friday,26,1,2024
Mikayla Burton,29184,Cornell,,9.825,,,Friday,26,1,2024
Morgen Shambo,29184,Cornell,8.5,,,,Friday,26,1,2024
Natalia Tehrani,29184,Cornell,,9.55,,,Friday,26,1,2024
Payton Lynch,29184,George Washington,,,9.825,,Friday,26,1,2024
Poulina Minaev,29184,New Hampshire,,,9.675,,Friday,26,1,2024
Rachel Katz,29184,George Washington,9.0,,,9.8,Friday,26,1,2024
Regina Walton,29184,Cornell,8.85,9.625,,,Friday,26,1,2024
Retoshia Halsell,29184,Towson,,,,9.85,Friday,26,1,2024
Sarah Zois,29184,George Washington,,9.775,9.75,9.925,Friday,26,1,2024
Serena Mullin,29184,New Hampshire,,9.3,9.675,9.8,Friday,26,1,2024
Sierra Bauman,29184,New Hampshire,9.8,9.7,,,Friday,26,1,2024
Sophia Tyeryar,29184,George Washington,8.3,,,,Friday,26,1,2024
Summer Simpkins,29184,New Hampshire,,9.6,,,Friday,26,1,2024
Sydney Beers,29184,Cornell,9.55,9.65,9.8,9.85,Friday,26,1,2024
Abby Paulson,29189,Utah,,9.975,9.925,,Friday,26,1,2024
Alex Theodorou,29189,Arizona State,,,,9.8,Friday,26,1,2024
Amelie Morgan,29189,Utah,9.875,9.9,,9.75,Friday,26,1,2024
Anaya Smith,29189,Arizona State,,,,9.9,Friday,26,1,2024
Ashley Glynn,29189,Utah,,,,9.925,Friday,26,1,2024
Camie Winger,29189,Utah,9.8,,,9.875,Friday,26,1,2024
Cassi Barbanente,29189,Arizona State,9.85,,,,Friday,26,1,2024
Cienna Samiley,29189,Arizona State,9.775,,,,Friday,26,1,2024
Ella Zirbes,29189,Utah,9.875,,,9.875,Friday,26,1,2024
Emily White,29189,Arizona State,9.85,9.925,9.825,,Friday,26,1,2024
Grace McCallum,29189,Utah,9.925,9.775,9.925,,Friday,26,1,2024
Gracie Reeves,29189,Arizona State,9.85,9.8,,9.8,Friday,26,1,2024
Halle Gregoire,29189,Arizona State,,,9.85,9.825,Friday,26,1,2024
Hannah Scharf,29189,Arizona State,,9.05,9.925,9.8,Friday,26,1,2024
Jada Mangahas,29189,Arizona State,9.85,9.8,9.825,9.85,Friday,26,1,2024
Jaedyn Rucker,29189,Utah,,,9.025,9.25,Friday,26,1,2024
Jaylene Gilstrap,29189,Utah,,9.825,9.875,,Friday,26,1,2024
Kayla Lee,29189,Arizona State,,9.825,9.8,,Friday,26,1,2024
Kimberly Smith,29189,Arizona State,,,9.825,,Friday,26,1,2024
Maile O'Keefe,29189,Utah,9.85,9.925,9.9,,Friday,26,1,2024
Makenna Smith,29189,Utah,9.875,9.825,9.875,9.9,Friday,26,1,2024
Sarah Clark,29189,Arizona State,9.2,9.75,,,Friday,26,1,2024
Addie Gallun,29191,UW-Eau Claire,,,9.425,8.8,Friday,26,1,2024
Alia Wilson,29191,UW-Stout,8.65,,,,Friday,26,1,2024
Andrea O'Connell,29191,UW-Eau Claire,,,9.45,9.275,Friday,26,1,2024
Anna Mielke,29191,UW-Stout,,,9.5,9.425,Friday,26,1,2024
Ashtyn Gagner,29191,UW-Stout,,9.6,,8.6,Friday,26,1,2024
Ava Obermoller,29191,UW-Eau Claire,8.6,,,,Friday,26,1,2024
Brooklynn Einck,29191,UW-Eau Claire,8.35,,,,Friday,26,1,2024
Cadence Cordova,29191,UW-Eau Claire,,,,9.25,Friday,26,1,2024
Effie Ferguson,29191,UW-Stout,,9.775,9.625,,Friday,26,1,2024
Emily Leese,29191,UW-Eau Claire,,,9.225,9.025,Friday,26,1,2024
Emma Brittingham,29191,UW-Stout,8.475,,,,Friday,26,1,2024
Genevieve Czaplewski,29191,UW-Stout,,9.4,,,Friday,26,1,2024
Georgia Guynn,29191,UW-Eau Claire,,8.525,,,Friday,26,1,2024
Gillian Cummins,29191,UW-Stout,8.15,9.6,9.575,9.6,Friday,26,1,2024
Harriet Toth,29191,UW-Eau Claire,8.45,8.725,9.475,9.375,Friday,26,1,2024
Isabela Krulich,29191,UW-Stout,,9.5,9.3,,Friday,26,1,2024
Jessica Qualich,29191,UW-Stout,,,8.975,9.325,Friday,26,1,2024
Kelsey Donovan,29191,UW-Eau Claire,,,9.15,,Friday,26,1,2024
Kiara Brown,29191,UW-Stout,9.525,,9.625,9.5,Friday,26,1,2024
Linnea Vasali,29191,UW-Eau Claire,,8.8,,,Friday,26,1,2024
Madison Daly,29191,UW-Eau Claire,9.25,,,,Friday,26,1,2024
Meghan Dahlin,29191,UW-Eau Claire,,9.525,,,Friday,26,1,2024
Molly Campbell,29191,UW-Eau Claire,8.55,8.825,9.65,9.075,Friday,26,1,2024
Sarah Lutz,29191,UW-Stout,9.175,,,,Friday,26,1,2024
Taylar Schaefer,29191,UW-Stout,,9.425,,9.4,Friday,26,1,2024
Teagan Green,29191,UW-Stout,9.0,,,,Friday,26,1,2024
Tia Ravara,29191,UW-Eau Claire,9.3,8.975,,,Friday,26,1,2024
Adeline Kenlin,29193,Iowa,,,,9.675,Friday,26,1,2024
Alex Routsis,29193,Southern Utah,9.7,,,,Friday,26,1,2024
Alexa Ebeling,29193,Iowa,,9.7,9.8,,Friday,26,1,2024
Aly Coutu,29193,Southern Utah,,9.1,,,Friday,26,1,2024
Alyse Karenbauer,29193,Iowa,,,9.875,9.75,Friday,26,1,2024
Alyssa Fernandez,29193,Southern Utah,,9.775,9.8,,Friday,26,1,2024
Aubrey Nick,29193,Iowa,,9.2,,,Friday,26,1,2024
Aubri Schwartze,29193,Southern Utah,9.75,9.125,,,Friday,26,1,2024
Avery Chambers,29193,Iowa,,,,9.775,Friday,26,1,2024
Bailey Libby,29193,Iowa,,,9.9,,Friday,26,1,2024
Brinlee Christensen,29193,Southern Utah,9.75,,9.825,,Friday,26,1,2024
Ellie Cacciola,29193,Southern Utah,,9.825,9.725,9.8,Friday,26,1,2024
Emily Erb,29193,Iowa,,,9.85,,Friday,26,1,2024
Eva Volpe,29193,Iowa,9.85,9.75,9.7,9.775,Friday,26,1,2024
Gianna Masella,29193,Iowa,9.3,,,,Friday,26,1,2024
Hanna Castillo,29193,Iowa,,,9.85,9.4,Friday,26,1,2024
Ilka Juk,29193,Iowa,9.8,9.9,,,Friday,26,1,2024
Isabella Neff,29193,Southern Utah,9.85,,,,Friday,26,1,2024
Kaia Vanney,29193,Iowa,9.725,,,,Friday,26,1,2024
Karina Munoz,29193,Iowa,9.775,9.775,,9.825,Friday,26,1,2024
Kayla Pardue,29193,Southern Utah,,,9.825,9.85,Friday,26,1,2024
Kennedi McClain,29193,Southern Utah,,9.825,,9.75,Friday,26,1,2024
Mackenzie Kelly,29193,Southern Utah,,,,9.8,Friday,26,1,2024
Marissa Rojas,29193,Iowa,9.825,9.625,,,Friday,26,1,2024
Niya Randolph,29193,Southern Utah,9.85,9.775,9.875,9.825,Friday,26,1,2024
Taylor Gull,29193,Southern Utah,,,9.8,9.7,Friday,26,1,2024
Trista Goodman,29193,Southern Utah,9.75,,,,Friday,26,1,2024
Alana Laster,29195,Illinois State,9.625,,9.875,9.8,Friday,26,1,2024
Alexis Hope,29195,Illinois State,,,,9.775,Friday,26,1,2024
Ally Lau,29195,Illinois State,,9.5,,,Friday,26,1,2024
Angelica Labat,29195,Illinois State,9.75,9.8,9.825,9.825,Friday,26,1,2024
Ella Schell,29195,Iowa State,9.775,,9.825,,Friday,26,1,2024
Emilie Hong,29195,Iowa State,,,,9.825,Friday,26,1,2024
Hannah Loyim,29195,Iowa State,9.8,9.775,9.65,9.75,Friday,26,1,2024
Jaye Mack,29195,Illinois State,,,9.8,9.75,Friday,26,1,2024
Josie Bergstrom-Te Slaa,29195,Iowa State,,9.875,,9.875,Friday,26,1,2024
Julia Heiner,29195,Illinois State,9.55,,,,Friday,26,1,2024
Kaia Parker,29195,Iowa State,,,9.925,9.825,Friday,26,1,2024
Kaitlyn Donovan,29195,Illinois State,,,9.725,,Friday,26,1,2024
Laura Cooke,29195,Iowa State,9.0,,9.825,,Friday,26,1,2024
Lauren O'Brochta,29195,Iowa State,,9.7,,,Friday,26,1,2024
Lauren Thomas,29195,Iowa State,9.85,9.9,,,Friday,26,1,2024
Leah Davis,29195,Illinois State,,9.625,9.6,,Friday,26,1,2024
Loganne Basuel,29195,Iowa State,9.825,,,,Friday,26,1,2024
Madelyn Manternach,29195,Iowa State,,9.775,9.85,,Friday,26,1,2024
Madison Kipp,29195,Illinois State,9.675,9.65,,9.725,Friday,26,1,2024
Mia Oh,29195,Illinois State,,,,9.8,Friday,26,1,2024
Mya Robinson,29195,Illinois State,,9.725,,,Friday,26,1,2024
Noelle Adams,29195,Iowa State,,9.9,9.9,9.825,Friday,26,1,2024
Paige Wills,29195,Iowa State,9.75,,,9.75,Friday,26,1,2024
Reese Grolla,29195,Illinois State,9.7,9.6,,,Friday,26,1,2024
Sara Wabi,29195,Illinois State,9.675,,9.825,,Friday,26,1,2024
Ailey Kuehn,29197,S.E. Missouri,,9.775,,9.825,Friday,26,1,2024
Alexa Chuy,29197,Talladega,9.025,9.4,9.6,9.4,Friday,26,1,2024
Alondra Maldonado,29197,Talladega,,9.6,9.775,,Friday,26,1,2024
Ashley Roth,29197,Winona State,8.85,,,,Friday,26,1,2024
Aspen Peters,29197,Winona State,,,,9.55,Friday,26,1,2024
Ava Johnston,29197,S.E. Missouri,9.725,8.975,,,Friday,26,1,2024
Brooklynn Clapp,29197,Winona State,9.5,,,,Friday,26,1,2024
Bryce Stoltz,29197,Winona State,9.15,9.075,9.65,9.4,Friday,26,1,2024
Courtney Knutson,29197,Winona State,,,9.55,,Friday,26,1,2024
Diamond Cook,29197,Talladega,,,9.65,,Friday,26,1,2024
Izzy Kropiwiec,29197,Winona State,,,9.675,9.575,Friday,26,1,2024
Jaidyn Bryant,29197,Talladega,,,9.75,9.55,Friday,26,1,2024
Jamilia Duffus,29197,Talladega,9.625,,,9.2,Friday,26,1,2024
Janelle Lopez,29197,S.E. Missouri,9.625,,,9.825,Friday,26,1,2024
Jessisca Miley,29197,Winona State,9.225,8.525,9.8,9.525,Friday,26,1,2024
Jordan Napolitano,29197,S.E. Missouri,,9.825,9.8,,Friday,26,1,2024
Kaelyn Duman,29197,Winona State,,8.85,,,Friday,26,1,2024
Kailyn Hamilton,29197,S.E. Missouri,9.775,,,,Friday,26,1,2024
Kaylee Bateman,29197,Winona State,9.6,9.55,,9.425,Friday,26,1,2024
Kiora Peart-Williams,29197,Talladega,9.625,,,9.425,Friday,26,1,2024
Krystin Johnson,29197,Talladega,9.225,9.225,9.75,9.825,Friday,26,1,2024
Landyn Williams,29197,Talladega,,,9.825,9.675,Friday,26,1,2024
Lindsay Ockler,29197,S.E. Missouri,9.85,,9.7,9.725,Friday,26,1,2024
Lydia Webb,29197,S.E. Missouri,8.85,9.875,9.825,9.8,Friday,26,1,2024
Mackenzie Butler,29197,Talladega,,9.4,,,Friday,26,1,2024
Madison Greene,29197,S.E. Missouri,,9.475,9.9,9.8,Friday,26,1,2024
Madysen Disekrud,29197,Winona State,,,9.65,9.625,Friday,26,1,2024
Morgan Swaby,29197,Talladega,7.95,9.725,,,Friday,26,1,2024
Promise Jean-Marie,29197,Talladega,8.7,,,,Friday,26,1,2024
Reagan Kelly,29197,Winona State,,9.5,,,Friday,26,1,2024
Sidnei Heubach,29197,Talladega,,8.95,,,Friday,26,1,2024
Sydney Crouch,29197,S.E. Missouri,,,9.575,,Friday,26,1,2024
Taryn Sellner,29197,Winona State,,9.525,9.725,,Friday,26,1,2024
Taylor Ingle,29197,S.E. Missouri,9.725,9.85,9.9,9.75,Friday,26,1,2024
Taylor Magierka,29197,Winona State,8.825,,,,Friday,26,1,2024
Abbie Thompson,29200,Denver,,9.75,,,Friday,26,1,2024
Audrey Davis,29200,Oklahoma,9.925,9.825,9.875,9.825,Friday,26,1,2024
Danielle Sievers,29200,Oklahoma,9.9,,,,Friday,26,1,2024
Faith Torrez,29200,Oklahoma,9.9,9.7,9.95,9.775,Friday,26,1,2024
Hannah Scheible,29200,Oklahoma,,,,9.75,Friday,26,1,2024
Jessica Hutchinson,29200,Denver,9.875,9.95,9.95,9.95,Friday,26,1,2024
Jordan Bowers,29200,Oklahoma,9.975,9.925,9.95,9.85,Friday,26,1,2024
Katherine LeVasseur,29200,Oklahoma,9.775,9.9,9.925,9.9,Friday,26,1,2024
Keira Wells,29200,Oklahoma,,9.8,,9.825,Friday,26,1,2024
Kiley Rorich,29200,Denver,9.825,,9.85,,Friday,26,1,2024
Maddison Reidenbach,29200,Denver,,,,9.8,Friday,26,1,2024
Madison Ulrich,29200,Denver,9.9,9.875,9.925,9.85,Friday,26,1,2024
Mia Hebinck,29200,Denver,9.85,,,,Friday,26,1,2024
Mila Brusch,29200,Denver,,,,9.825,Friday,26,1,2024
Momoko Iwai,29200,Denver,,9.75,9.825,,Friday,26,1,2024
Ragan Smith,29200,Oklahoma,9.9,9.975,9.8,,Friday,26,1,2024
Rosie Casali,29200,Denver,9.75,9.65,9.875,9.9,Friday,26,1,2024
Rylie Mundell,29200,Denver,9.875,9.65,9.825,9.9,Friday,26,1,2024
Soraya Hawthorne,29200,Oklahoma,,,9.875,,Friday,26,1,2024
Aria Brusch,29202,Auburn,9.775,9.825,9.85,,Friday,26,1,2024
Cally Swaney,29202,Arkansas,9.9,,,,Friday,26,1,2024
Cami Weaver,29202,Arkansas,,9.725,,9.85,Friday,26,1,2024
Cassie Stevens,29202,Auburn,9.825,9.9,9.85,9.9,Friday,26,1,2024
Emma Grace Boyd,29202,Auburn,8.925,,,,Friday,26,1,2024
Frankie Price,29202,Arkansas,,,9.9,9.875,Friday,26,1,2024
Gabby McLaughlin,29202,Auburn,9.9,9.875,9.9,,Friday,26,1,2024
Hailey Klein,29202,Arkansas,,,9.875,,Friday,26,1,2024
Jaime Pratt,29202,Arkansas,9.875,,,,Friday,26,1,2024
Jensen Scalzo,29202,Arkansas,9.825,,,,Friday,26,1,2024
Julianne Huff,29202,Auburn,,,9.05,9.9,Friday,26,1,2024
Kalyxta Gamiao,29202,Arkansas,,9.875,9.85,,Friday,26,1,2024
Lauren Williams,29202,Arkansas,,9.775,9.95,9.775,Friday,26,1,2024
Leah Smith,29202,Arkansas,,,9.825,9.875,Friday,26,1,2024
Maddie Jones,29202,Arkansas,9.9,9.875,9.9,,Friday,26,1,2024
Makenzie Sedlacek,29202,Arkansas,,,,9.85,Friday,26,1,2024
Olivia Hollingsworth,29202,Auburn,9.85,9.875,9.875,9.75,Friday,26,1,2024
Paige Zancan,29202,Auburn,,9.725,,,Friday,26,1,2024
Priscilla Park,29202,Arkansas,9.675,9.775,,9.75,Friday,26,1,2024
Reese Drotar,29202,Arkansas,9.9,,,,Friday,26,1,2024
Sara Hubbard,29202,Auburn,,,,9.875,Friday,26,1,2024
Sirena Linton,29202,Arkansas,,9.825,,,Friday,26,1,2024
Sophia Groth,29202,Auburn,9.525,9.15,9.85,9.85,Friday,26,1,2024
Sydney Schumaker,29202,Auburn,,,,9.05,Friday,26,1,2024
Anya Pilgrim,29204,Florida,9.85,9.925,9.825,9.925,Friday,26,1,2024
Cameron Machado,29204,Alabama,9.875,,9.875,,Friday,26,1,2024
Chloe LaCoursiere,29204,Alabama,9.825,,,9.725,Friday,26,1,2024
Danie Ferris,29204,Florida,,,,9.6,Friday,26,1,2024
Ella Burgess,29204,Alabama,,9.9,9.875,,Friday,26,1,2024
Ellie Lazzari,29204,Florida,9.925,9.9,,9.15,Friday,26,1,2024
Gabby Disidore,29204,Florida,9.8,,,,Friday,26,1,2024
Gabby Gladieux,29204,Alabama,,9.775,9.825,9.85,Friday,26,1,2024
Jamison Sears,29204,Alabama,,,9.8,9.825,Friday,26,1,2024
Leanne Wong,29204,Florida,9.9,9.875,9.85,9.95,Friday,26,1,2024
Lilly Hudson,29204,Alabama,,9.825,9.925,10.0,Friday,26,1,2024
Lori Brubach,29204,Florida,,,9.825,,Friday,26,1,2024
Luisa Blanco,29204,Alabama,9.925,9.95,9.875,9.95,Friday,26,1,2024
Makarri Doggette,29204,Alabama,9.925,,,9.775,Friday,26,1,2024
Mati Waligora,29204,Alabama,9.35,9.85,,,Friday,26,1,2024
Morgan Hurd,29204,Florida,,,9.7,,Friday,26,1,2024
Natalia Pawlak,29204,Alabama,9.825,,,,Friday,26,1,2024
Shania Adams,29204,Alabama,,9.9,,,Friday,26,1,2024
Skylar Draser,29204,Florida,,9.825,,9.825,Friday,26,1,2024
Sloane Blakely,29204,Florida,9.875,9.925,9.925,,Friday,26,1,2024
Victoria Nguyen,29204,Florida,9.275,9.9,9.85,9.975,Friday,26,1,2024
Ady Wahl,29206,Georgia,9.75,9.775,9.875,9.925,Friday,26,1,2024
Annie Reigert,29206,Kentucky,9.85,,,,Friday,26,1,2024
Anya Turner,29206,Georgia,,9.025,,,Friday,26,1,2024
Arianna Patterson,29206,Kentucky,,9.825,9.925,9.875,Friday,26,1,2024
Ashlyn LaClair,29206,Georgia,,,9.875,9.775,Friday,26,1,2024
Bailey Bunn,29206,Kentucky,9.875,9.9,,,Friday,26,1,2024
Cecily Rizo,29206,Kentucky,9.775,,,9.85,Friday,26,1,2024
Creslyn Brose,29206,Kentucky,,9.85,9.975,,Friday,26,1,2024
Delaynee Rodriguez,29206,Kentucky,9.85,9.9,9.85,9.725,Friday,26,1,2024
Eryn Williams,29206,Georgia,,,9.575,,Friday,26,1,2024
Hailey Davis,29206,Kentucky,,,9.9,,Friday,26,1,2024
Holly Snyder,29206,Georgia,9.85,,,,Friday,26,1,2024
Isabella Magnelli,29206,Kentucky,,9.925,9.85,9.925,Friday,26,1,2024
Ja' Free Scott,29206,Georgia,9.775,9.825,,9.775,Friday,26,1,2024
Jaydah Battle,29206,Georgia,,9.65,8.975,9.775,Friday,26,1,2024
Jillian Procasky,29206,Kentucky,9.9,,,,Friday,26,1,2024
Katie Finnegan,29206,Georgia,9.725,,,9.85,Friday,26,1,2024
Lily Smith,29206,Georgia,9.85,9.425,9.9,9.8,Friday,26,1,2024
Makenzie Wilson,29206,Kentucky,,,,10.0,Friday,26,1,2024
Raena Worley,29206,Kentucky,9.85,9.85,10.0,9.9,Friday,26,1,2024
Sidney Fitzgerald,29206,Georgia,9.75,,9.8,,Friday,26,1,2024
Zora Morgan,29206,Georgia,,9.85,,,Friday,26,1,2024
Alexis Ortega,29208,North Carolina State,9.825,9.825,9.15,9.7,Friday,26,1,2024
Arayah Simons,29208,Pittsburgh,9.775,,,9.625,Friday,26,1,2024
Ashley Knight,29208,North Carolina State,,,9.7,9.825,Friday,26,1,2024
Carla Ferzoco,29208,Pittsburgh,,8.9,,,Friday,26,1,2024
Chloe Negrete,29208,North Carolina State,,9.775,9.925,9.875,Friday,26,1,2024
Ciara Ward,29208,Pittsburgh,,,9.8,9.65,Friday,26,1,2024
Elle Hadrick,29208,North Carolina State,9.725,,9.85,,Friday,26,1,2024
Emily Shepard,29208,North Carolina State,9.925,9.75,9.925,9.875,Friday,26,1,2024
Emily Todd,29208,Pittsburgh,9.675,9.6,9.775,9.475,Friday,26,1,2024
Hallie Copperwheat,29208,Pittsburgh,,9.8,9.85,,Friday,26,1,2024
Jah'Liyah Bedminster,29208,Pittsburgh,9.8,,9.875,9.825,Friday,26,1,2024
Jordyn Ewing,29208,Pittsburgh,9.6,9.475,9.85,,Friday,26,1,2024
Julie Madso,29208,Pittsburgh,9.8,9.05,,,Friday,26,1,2024
Kailee Adomaites,29208,North Carolina State,9.725,,,,Friday,26,1,2024
Katie Harper,29208,North Carolina State,9.85,,,,Friday,26,1,2024
Kennedy Duke,29208,Pittsburgh,9.7,9.625,9.825,9.75,Friday,26,1,2024
Krista Zultevicz,29208,North Carolina State,,9.6,9.875,9.775,Friday,26,1,2024
Macy Jennings,29208,North Carolina State,,9.825,,,Friday,26,1,2024
Meg Adler,29208,North Carolina State,,9.75,,9.775,Friday,26,1,2024
Peyton Childs,29208,North Carolina State,9.85,,,,Friday,26,1,2024
Shruthi Anand,29208,Pittsburgh,,,,9.75,Friday,26,1,2024
Addison Moore,29210,Air Force,,,,9.1,Friday,26,1,2024
Alivia Ostendorf,29210,Utah State,,,9.725,9.5,Friday,26,1,2024
Amari Evans,29210,Utah State,,,9.75,,Friday,26,1,2024
Angel Stuart,29210,Utah State,9.725,,,9.675,Friday,26,1,2024
Avery Bibbey,29210,Utah State,9.8,,,,Friday,26,1,2024
Ayla McKean,29210,Air Force,9.725,9.675,9.8,,Friday,26,1,2024
Brianna Brooks,29210,Utah State,9.8,9.65,,9.825,Friday,26,1,2024
Chelsea Boyer,29210,Air Force,8.8,,,,Friday,26,1,2024
Clara Wallace,29210,Air Force,9.55,9.7,,9.125,Friday,26,1,2024
Dani Kirstine,29210,Utah State,8.55,9.775,,,Friday,26,1,2024
Gabriella Hartley,29210,Air Force,,9.6,,9.525,Friday,26,1,2024
Gabriella Meccia,29210,Air Force,,,8.875,9.75,Friday,26,1,2024
Gianna Martyna,29210,Air Force,,,9.675,,Friday,26,1,2024
Isabella Vater,29210,Utah State,,,9.45,,Friday,26,1,2024
Jenna Eagles,29210,Utah State,,9.7,8.95,,Friday,26,1,2024
Juliette Boyer,29210,Utah State,9.85,,,9.775,Friday,26,1,2024
Kimberly Kinkade,29210,Air Force,9.7,,,,Friday,26,1,2024
Kylee Greene,29210,Air Force,,9.825,,,Friday,26,1,2024
Lexi Aragon,29210,Utah State,9.825,9.65,,,Friday,26,1,2024
Madison Carlisle,29210,Air Force,9.8,,9.65,,Friday,26,1,2024
Maggie Slife,29210,Air Force,9.825,9.875,9.8,9.8,Friday,26,1,2024
Marley Peterson,29210,Utah State,,,9.725,,Friday,26,1,2024
Mya Witte,29210,Utah State,,9.825,,,Friday,26,1,2024
Nyla Morabito,29210,Utah State,,,9.75,9.85,Friday,26,1,2024
Payton Gatzlaff,29210,Utah State,,,,9.825,Friday,26,1,2024
Sarah Willis,29210,Air Force,,9.725,9.7,9.7,Friday,26,1,2024
Sydney Jelen,29210,Utah State,,9.625,,,Friday,26,1,2024
Abbie Lain,29212,Simpson,8.0,7.3,,,Friday,26,1,2024
Amaya McConkay,29212,UW-Oshkosh,9.275,,,9.7,Friday,26,1,2024
Anna Zoromski,29212,UW-Oshkosh,9.1,9.45,,9.625,Friday,26,1,2024
Annika Cole,29212,Simpson,8.7,,9.25,,Friday,26,1,2024
Audrey Koester,29212,UW-Oshkosh,,,,9.425,Friday,26,1,2024
Baily Tessena,29212,Simpson,,8.625,,,Friday,26,1,2024
Bella Dix,29212,Simpson,8.15,,8.925,9.0,Friday,26,1,2024
Brooklen Morgan,29212,Simpson,,8.65,9.55,8.275,Friday,26,1,2024
Delaney Cienkus,29212,UW-Oshkosh,,9.375,9.625,,Friday,26,1,2024
Emily Buffington,29212,UW-Oshkosh,9.325,,9.65,9.75,Friday,26,1,2024
Emma Charles,29212,Simpson,8.3,,,9.75,Friday,26,1,2024
Emma Steele,29212,UW-Oshkosh,,9.7,,,Friday,26,1,2024
Izzy Brown,29212,Simpson,,9.0,9.05,,Friday,26,1,2024
Jay Ratkowski,29212,UW-Oshkosh,,,9.575,,Friday,26,1,2024
Kaelyn Tally,29212,Simpson,,,9.55,9.675,Friday,26,1,2024
Kaley Bristow,29212,Simpson,,8.325,9.125,,Friday,26,1,2024
Kaylie Berens,29212,UW-Oshkosh,9.5,9.55,,,Friday,26,1,2024
Liz Romano,29212,UW-Oshkosh,,9.575,,,Friday,26,1,2024
Lydia Hayden,29212,UW-Oshkosh,9.4,9.425,,,Friday,26,1,2024
Mia Lucero,29212,UW-Oshkosh,,,9.65,9.675,Friday,26,1,2024
Morgan Svec,29212,Simpson,7.15,,,,Friday,26,1,2024
Nicola Catchpole,29212,Simpson,,,,9.15,Friday,26,1,2024
Olivia Short,29212,Simpson,,7.575,,,Friday,26,1,2024
Reanna McGibboney,29212,UW-Oshkosh,9.5,,9.65,9.75,Friday,26,1,2024
Taylor Leaman,29212,UW-Oshkosh,,,9.575,,Friday,26,1,2024
Winter Poolaw,29212,Simpson,8.2,,,9.35,Friday,26,1,2024
Aleah Finnegan,29214,LSU,,9.1,9.35,9.8,Friday,26,1,2024
Alexis Jeffrey,29214,LSU,9.875,,,,Friday,26,1,2024
Amari Celestine,29214,Missouri,,9.825,9.9,9.85,Friday,26,1,2024
Amari Drayton,29214,LSU,,,9.875,9.775,Friday,26,1,2024
Amaya Marshall,29214,Missouri,9.9,9.75,,,Friday,26,1,2024
Annie Beard,29214,LSU,,9.75,,,Friday,26,1,2024
Ashley Cowan,29214,LSU,9.9,,,,Friday,26,1,2024
Grace Anne Davis,29214,Missouri,,9.75,,9.875,Friday,26,1,2024
Haleigh Bryant,29214,LSU,9.925,9.85,,9.9,Friday,26,1,2024
Hannah Horton,29214,Missouri,,,9.825,9.95,Friday,26,1,2024
Jocelyn Moore,29214,Missouri,9.875,,9.925,9.9,Friday,26,1,2024
KJ Johnson,29214,LSU,,,9.725,9.875,Friday,26,1,2024
Kennedy Griffin,29214,Missouri,,,9.975,,Friday,26,1,2024
Kiya Johnson,29214,LSU,9.85,9.9,9.9,9.85,Friday,26,1,2024
Konnor McClain,29214,LSU,9.175,10.0,9.875,,Friday,26,1,2024
Kyra Burns,29214,Missouri,9.875,,,,Friday,26,1,2024
Mara Titarsolej,29214,Missouri,9.875,,,,Friday,26,1,2024
Rayna Light,29214,Missouri,9.825,9.8,9.9,9.85,Friday,26,1,2024
Savannah Schoenherr,29214,LSU,9.85,,,9.9,Friday,26,1,2024
Sienna Schreiber,29214,Missouri,9.875,9.35,9.9,9.8,Friday,26,1,2024
Sierra Ballard,29214,LSU,,9.85,9.775,,Friday,26,1,2024
Sydney Schaffer,29214,Missouri,,9.775,,,Friday,26,1,2024
Amy Wozniak,29216,North Carolina,,,9.725,,Friday,26,1,2024
Brie Clark,29216,Clemson,,9.9,9.925,,Friday,26,1,2024
Camryn Rueda,29216,North Carolina,,9.675,9.725,,Friday,26,1,2024
Cory Shinohara,29216,North Carolina,,,,9.675,Friday,26,1,2024
Elly King,29216,North Carolina,,,,9.2,Friday,26,1,2024
Eve Jackson,29216,Clemson,9.775,9.725,8.5,9.725,Friday,26,1,2024
Gwen Fink,29216,North Carolina,9.275,9.075,9.875,9.7,Friday,26,1,2024
Hallie Thompson,29216,North Carolina,,9.75,,,Friday,26,1,2024
Isabelle Schaefer,29216,North Carolina,9.925,,,9.75,Friday,26,1,2024
Jamie Shearer,29216,North Carolina,9.15,,,,Friday,26,1,2024
Jessica Naranjo,29216,North Carolina,9.025,9.75,,,Friday,26,1,2024
Julia Knower,29216,North Carolina,9.7,9.8,9.9,9.775,Friday,26,1,2024
Kaitlin DeGuzman,29216,Clemson,9.875,,,,Friday,26,1,2024
Kaya Forbes,29216,North Carolina,9.625,,9.825,9.85,Friday,26,1,2024
Kielyn McCright,29216,Clemson,,9.9,,,Friday,26,1,2024
Lauren Rutherford,29216,Clemson,9.825,,9.85,9.925,Friday,26,1,2024
Lilly Lippeatt,29216,Clemson,9.825,,,,Friday,26,1,2024
Madison Minner,29216,Clemson,,,,9.775,Friday,26,1,2024
Maggie Holman,29216,Clemson,,9.1,9.825,,Friday,26,1,2024
Molly Arnold,29216,Clemson,,,9.875,9.775,Friday,26,1,2024
Quinn Kuhl,29216,Clemson,,9.8,,,Friday,26,1,2024
Rebecca Wells,29216,Clemson,9.85,9.875,9.775,9.725,Friday,26,1,2024
Taylor Schulze,29216,North Carolina,,9.7,9.825,,Friday,26,1,2024
Trinity Brown,29216,Clemson,9.65,,,9.75,Friday,26,1,2024
Abby Chesshire,29218,Ithaca College,,,9.525,,Saturday,27,1,2024
Aladiana Tosado,29218,Brockport,9.525,,9.0,,Saturday,27,1,2024
Alexa Rose Pahila,29218,Cortland State,9.425,9.225,,9.4,Saturday,27,1,2024
Autumn Adkins,29218,Cortland State,8.95,,9.45,9.5,Saturday,27,1,2024
Ava Miranov,29218,Cortland State,9.075,9.45,,9.475,Saturday,27,1,2024
Bridget Sullivan,29218,West Chester,,,,9.575,Saturday,27,1,2024
Caitlin Pellegrino,29218,Ithaca College,,9.25,9.7,9.45,Saturday,27,1,2024
Cali Czarcinski,29218,Brockport,,9.3,,,Saturday,27,1,2024
Caroline Cascadden,29218,West Chester,,9.7,9.85,,Saturday,27,1,2024
Cassidy Gallivan,29218,Ithaca College,,,,8.95,Saturday,27,1,2024
Christelle Louis,29218,Cortland State,,9.325,,,Saturday,27,1,2024
Coral Cotteleer,29218,Ithaca College,9.375,,,,Saturday,27,1,2024
Corey Foster,29218,Ithaca College,,8.975,9.775,,Saturday,27,1,2024
Corinne Gruber,29218,West Chester,,,9.725,9.625,Saturday,27,1,2024
Emily Kobusky,29218,Ithaca College,,9.5,,,Saturday,27,1,2024
Emma Grace Sargent,29218,Brockport,9.8,,,9.7,Saturday,27,1,2024
Gabrielle Nadler,29218,Cortland State,,,9.7,,Saturday,27,1,2024
Gianna Mirigliano,29218,Cortland State,,9.575,9.7,9.425,Saturday,27,1,2024
Grace Murray,29218,Ithaca College,,,9.85,9.0,Saturday,27,1,2024
Gracie Weaver,29218,Brockport,,,,9.525,Saturday,27,1,2024
Hana Miller,29218,Ithaca College,8.85,8.3,,8.95,Saturday,27,1,2024
Hannah Shelton,29218,West Chester,9.65,,,,Saturday,27,1,2024
Hyla Betts,29218,West Chester,9.65,,,,Saturday,27,1,2024
Jillian Freyman,29218,Ithaca College,,9.625,9.6,9.1,Saturday,27,1,2024
Jordan Coleman,29218,West Chester,9.8,,,9.55,Saturday,27,1,2024
Karah Vargo,29218,West Chester,,9.45,,,Saturday,27,1,2024
Kathryn McSweeney,29218,Cortland State,9.45,,9.675,,Saturday,27,1,2024
Kaylie Goodwin,29218,Ithaca College,9.65,8.875,,,Saturday,27,1,2024
Kiana Wong,29218,Cortland State,,,,9.475,Saturday,27,1,2024
Kiara Hockman,29218,Brockport,,9.55,,,Saturday,27,1,2024
Kiley Fred,29218,West Chester,,,9.875,,Saturday,27,1,2024
Kirsten Paultre,29218,Brockport,,,9.775,9.625,Saturday,27,1,2024
Kristina Rodriguez,29218,West Chester,9.75,,9.75,9.7,Saturday,27,1,2024
Laken Sooy,29218,Brockport,,9.475,9.4,,Saturday,27,1,2024
Lauren Babineaux,29218,Ithaca College,9.525,,,9.575,Saturday,27,1,2024
Lienna Kay,29218,Brockport,9.675,9.6,,9.625,Saturday,27,1,2024
Lily McFarland,29218,West Chester,,9.775,9.8,,Saturday,27,1,2024
Madison Whitaker,29218,West Chester,,9.55,,,Saturday,27,1,2024
Maren Eramo,29218,Brockport,9.55,,,9.75,Saturday,27,1,2024
Marlena Bailey,29218,Ithaca College,9.4,,,,Saturday,27,1,2024
Maya Pecoraro,29218,Brockport,,9.425,9.675,,Saturday,27,1,2024
Melina Ringas,29218,West Chester,9.75,,,,Saturday,27,1,2024
Natalie Galioto,29218,Brockport,,9.625,9.7,9.475,Saturday,27,1,2024
Natalie Marshall,29218,West Chester,,9.625,,,Saturday,27,1,2024
Rachel Swick,29218,Brockport,9.05,,9.675,,Saturday,27,1,2024
Rianna Adams,29218,Cortland State,9.425,,,,Saturday,27,1,2024
Rory Allan,29218,Cortland State,,,,8.95,Saturday,27,1,2024
Rylee Fishkin,29218,Cortland State,,,8.9,,Saturday,27,1,2024
Sarah Eskew,29218,West Chester,9.8,8.85,,9.75,Saturday,27,1,2024
Shannon Carroll,29218,West Chester,,,9.725,9.575,Saturday,27,1,2024
Skye Cohen,29218,Ithaca College,8.8,,,,Saturday,27,1,2024
Taylor Arias,29218,Ithaca College,,,8.75,,Saturday,27,1,2024
Taylor Bushey,29218,Brockport,9.65,,,,Saturday,27,1,2024
Taylor Goldstein,29218,Cortland State,9.375,9.5,,,Saturday,27,1,2024
Victoria Cave,29218,Cortland State,,9.425,,,Saturday,27,1,2024
Zoe Potamianos,29218,Cortland State,,,9.525,,Saturday,27,1,2024
Abigayle Martin,29222,Arizona,9.975,9.8,,9.8,Saturday,27,1,2024
Ainsley Greever,29222,Arizona,,,,9.75,Saturday,27,1,2024
Alysen Fears,29222,Arizona,9.8,9.75,9.05,9.825,Saturday,27,1,2024
Amanda Zeng,29222,Stanford,,,9.55,9.65,Saturday,27,1,2024
Anapaula Gutierrez,29222,Stanford,9.875,,,9.825,Saturday,27,1,2024
Ashley Carter,29222,Stanford,,9.75,,,Saturday,27,1,2024
Ava Sorrento,29222,Stanford,9.825,,,,Saturday,27,1,2024
Bailey McCabe,29222,Arizona,9.825,,,,Saturday,27,1,2024
Brenna Neault,29222,Stanford,9.7,9.925,9.825,9.825,Saturday,27,1,2024
Caroline Herry,29222,Arizona,,9.175,9.9,,Saturday,27,1,2024
Chloe Widner,29222,Stanford,9.95,,,,Saturday,27,1,2024
Claire Dean,29222,Stanford,9.825,9.825,9.775,9.7,Saturday,27,1,2024
Elena Deets,29222,Arizona,,9.925,9.875,,Saturday,27,1,2024
Emily Mueller,29222,Arizona,9.9,9.875,9.9,,Saturday,27,1,2024
Emma Strom,29222,Arizona,,,9.85,9.65,Saturday,27,1,2024
Ira Alexeeva,29222,Stanford,9.925,9.875,,,Saturday,27,1,2024
Jessica Castles,29222,Arizona,,9.825,,9.7,Saturday,27,1,2024
Malia Hargrove,29222,Arizona,9.875,,9.875,9.875,Saturday,27,1,2024
Porsche Trinidad,29222,Stanford,,9.8,,,Saturday,27,1,2024
Sophie Derr,29222,Arizona,9.9,,,,Saturday,27,1,2024
Taralyn Nguyen,29222,Stanford,,9.675,9.7,9.825,Saturday,27,1,2024
Temple Landry,29222,Stanford,,,9.75,,Saturday,27,1,2024
Andi Li,29224,California,9.875,9.9,9.925,,Saturday,27,1,2024
Ariana Young,29224,Oregon State,,9.825,9.85,,Saturday,27,1,2024
Casey Brown,29224,California,,,,9.8,Saturday,27,1,2024
Ella Cesario,29224,California,9.8,9.9,9.875,,Saturday,27,1,2024
Ellie Weaver,29224,Oregon State,9.85,,,,Saturday,27,1,2024
Gabby Perea,29224,California,9.875,9.925,,,Saturday,27,1,2024
Jade Carey,29224,Oregon State,9.8,9.8,,,Saturday,27,1,2024
Jayden Silvers,29224,California,,,,9.775,Saturday,27,1,2024
Jennifer McMillan,29224,Oregon State,9.875,9.7,,,Saturday,27,1,2024
Jordan Kane,29224,California,,,9.9,,Saturday,27,1,2024
Kaitlin Garcia,29224,Oregon State,,,9.9,9.825,Saturday,27,1,2024
Kyen Mayhew,29224,California,,,,9.85,Saturday,27,1,2024
Madelyn Williams,29224,California,9.85,9.95,9.5,9.825,Saturday,27,1,2024
Mya Lauzon,29224,California,9.825,9.975,9.975,9.925,Saturday,27,1,2024
Natalie Briones,29224,Oregon State,9.825,,9.825,9.8,Saturday,27,1,2024
Olivia Buckner,29224,Oregon State,,9.8,,9.3,Saturday,27,1,2024
Sage Thompson,29224,Oregon State,9.8,,,9.825,Saturday,27,1,2024
Savannah Miller,29224,Oregon State,,,9.875,,Saturday,27,1,2024
Sophia Esposito,29224,Oregon State,,9.8,9.875,9.825,Saturday,27,1,2024
Sydney Gonzales,29224,Oregon State,,9.925,,9.875,Saturday,27,1,2024
Taylor DeVries,29224,Oregon State,9.8,,,,Saturday,27,1,2024
eMjae Frazier,29224,California,9.95,9.925,9.925,9.9,Saturday,27,1,2024
Allie Gard,29226,Nebraska,,9.7,,,Saturday,27,1,2024
Ava Jordan,29226,Michigan,,,,9.7,Saturday,27,1,2024
Ayzhia Hall,29226,Nebraska,,9.25,,9.7,Saturday,27,1,2024
Carly Bauman,29226,Michigan,9.825,9.875,9.9,,Saturday,27,1,2024
Clara Colombo,29226,Nebraska,9.5,,,,Saturday,27,1,2024
Csenge Bacskay,29226,Nebraska,9.85,9.8,9.9,9.8,Saturday,27,1,2024
Emma Simpton,29226,Nebraska,8.95,,,,Saturday,27,1,2024
Emma Spence,29226,Nebraska,9.875,9.1,9.8,9.85,Saturday,27,1,2024
Gabby Wilson,29226,Michigan,9.825,9.775,9.875,9.625,Saturday,27,1,2024
Halle Rourke,29226,Nebraska,,,9.725,,Saturday,27,1,2024
Haylen Zabrowski,29226,Michigan,9.8,,,,Saturday,27,1,2024
Isabel Sikon,29226,Nebraska,,9.725,,,Saturday,27,1,2024
Jacey Vore,29226,Michigan,9.8,9.825,,,Saturday,27,1,2024
Jenna Mulligan,29226,Michigan,,9.8,9.825,9.75,Saturday,27,1,2024
Kinsey Davis,29226,Nebraska,9.875,,,9.8,Saturday,27,1,2024
Martina Comin,29226,Nebraska,,,9.8,9.825,Saturday,27,1,2024
Naomi Morrison,29226,Michigan,9.825,,9.925,9.8,Saturday,27,1,2024
Reyna Guggino,29226,Michigan,,9.875,9.825,9.9,Saturday,27,1,2024
Sierra Brooks,29226,Michigan,9.9,9.925,9.925,9.825,Saturday,27,1,2024
Sophia McClelland,29226,Nebraska,,9.85,9.725,9.725,Saturday,27,1,2024
Whitney Jencks,29226,Nebraska,9.8,,9.825,,Saturday,27,1,2024
Alexa Rothenbuescher,29228,Maryland,9.675,,9.875,9.75,Saturday,27,1,2024
Ella Sirjord,29228,Minnesota,9.8,9.875,,,Saturday,27,1,2024
Emily Koch,29228,Minnesota,,,9.875,,Saturday,27,1,2024
Emma Silberman,29228,Maryland,9.65,9.75,,,Saturday,27,1,2024
Gianna Gerdes,29228,Minnesota,9.925,9.8,9.825,9.875,Saturday,27,1,2024
Jordyn Lyden,29228,Minnesota,9.85,9.7,,,Saturday,27,1,2024
Josephine Kogler,29228,Maryland,,9.775,,9.825,Saturday,27,1,2024
Katie Horak,29228,Minnesota,,9.8,,,Saturday,27,1,2024
Lauren Pearl,29228,Minnesota,,9.8,9.85,9.825,Saturday,27,1,2024
Leah Gonsiorowski,29228,Minnesota,,,9.775,,Saturday,27,1,2024
Maddie Komoroski,29228,Maryland,,9.85,9.8,,Saturday,27,1,2024
Marissa Jencks,29228,Minnesota,9.775,,9.8,9.775,Saturday,27,1,2024
Mya Hooten,29228,Minnesota,9.8,,,9.95,Saturday,27,1,2024
Natalie Martin,29228,Maryland,,9.85,9.775,9.825,Saturday,27,1,2024
Olivia Weir,29228,Maryland,,9.575,,9.75,Saturday,27,1,2024
Rhea Leblanc,29228,Maryland,9.225,,9.825,,Saturday,27,1,2024
Samantha Gilbert,29228,Maryland,,,,9.725,Saturday,27,1,2024
Sarah Moraw,29228,Minnesota,,9.85,,9.85,Saturday,27,1,2024
Seria Johnson,29228,Minnesota,,,9.825,,Saturday,27,1,2024
Sierra Kondo,29228,Maryland,9.85,,,,Saturday,27,1,2024
Sophia Nguyen,29228,Minnesota,9.775,,,9.75,Saturday,27,1,2024
Tasha Brozowski,29228,Maryland,9.65,,,,Saturday,27,1,2024
Tayler Osterhout,29228,Maryland,,,9.75,,Saturday,27,1,2024
Taylor Rech,29228,Maryland,,,9.775,9.75,Saturday,27,1,2024
Victoria Gatzendorfer,29228,Maryland,9.8,9.825,,,Saturday,27,1,2024
Abby Mitchell,29230,UW-La Crosse,,,,9.575,Saturday,27,1,2024
Alex Wood,29230,UW-La Crosse,,,,9.55,Saturday,27,1,2024
Ashnaya Gupta,29230,UW-Whitewater,,9.575,,,Saturday,27,1,2024
Ava Pesch,29230,UW-Whitewater,9.35,,,9.625,Saturday,27,1,2024
Caelen Lansing,29230,UW-La Crosse,,,9.65,,Saturday,27,1,2024
Carleigh Moore,29230,UW-Whitewater,,,8.925,9.7,Saturday,27,1,2024
Carley Scott,29230,UW-Whitewater,9.6,,,,Saturday,27,1,2024
Chloe Hammond,29230,UW-Whitewater,,9.075,,9.6,Saturday,27,1,2024
Claire Robbins,29230,UW-La Crosse,9.525,9.525,9.6,,Saturday,27,1,2024
Claudia Walter,29230,UW-La Crosse,9.025,,,,Saturday,27,1,2024
Danielle Dudziak,29230,UW-Whitewater,,,9.6,9.575,Saturday,27,1,2024
Elena Bailey,29230,UW-Whitewater,,,8.9,9.5,Saturday,27,1,2024
Elizabeth Janssen,29230,UW-La Crosse,8.225,,,,Saturday,27,1,2024
Estee Flom,29230,UW-Whitewater,8.625,,,,Saturday,27,1,2024
Grace Kehr,29230,UW-La Crosse,,,,9.6,Saturday,27,1,2024
Hannah Hautala,29230,UW-La Crosse,,9.15,,,Saturday,27,1,2024
Hayden Gough,29230,UW-Whitewater,8.925,,,,Saturday,27,1,2024
Jessica Taylor,29230,UW-La Crosse,,,9.65,,Saturday,27,1,2024
Jordan Halcom,29230,UW-La Crosse,,9.125,,,Saturday,27,1,2024
Kelsey Kollhoff,29230,UW-Whitewater,8.825,8.825,,,Saturday,27,1,2024
Kyla Dickson,29230,UW-La Crosse,,9.775,9.725,,Saturday,27,1,2024
Lauren Main,29230,UW-La Crosse,9.65,,,,Saturday,27,1,2024
Lilly Millington,29230,UW-La Crosse,,,,9.675,Saturday,27,1,2024
Marisa Zepeda,29230,UW-La Crosse,,9.575,,,Saturday,27,1,2024
Paige Breckwoldt,29230,UW-La Crosse,,,9.675,9.6,Saturday,27,1,2024
Paige Magel,29230,UW-Whitewater,9.225,9.525,9.475,,Saturday,27,1,2024
Rachel Chesley,29230,UW-La Crosse,9.525,,9.675,9.65,Saturday,27,1,2024
Raina Christenson,29230,UW-La Crosse,,9.75,,,Saturday,27,1,2024
Sarah Best,29230,UW-La Crosse,7.4,,,,Saturday,27,1,2024
Sarah Knetzke,29230,UW-Whitewater,,9.625,9.65,,Saturday,27,1,2024
Tegan Haberstock,29230,UW-Whitewater,,9.475,9.5,9.45,Saturday,27,1,2024
Allie Berkley,29232,Lindenwood,,,,9.625,Saturday,27,1,2024
Brooke Ferrari,29232,Texas Woman's,9.8,,,,Saturday,27,1,2024
Caroline Bowns,29232,Texas Woman's,9.8,8.15,,,Saturday,27,1,2024
Daisy Woodring,29232,Texas Woman's,,,9.75,9.8,Saturday,27,1,2024
Emily Six,29232,Texas Woman's,,9.75,9.8,9.65,Saturday,27,1,2024
Emma Brkljacic,29232,Texas Woman's,,9.625,9.825,9.8,Saturday,27,1,2024
Gayla Griswold,29232,Lindenwood,,9.625,9.85,9.6,Saturday,27,1,2024
Hannah Appleget,29232,Lindenwood,9.725,9.775,,,Saturday,27,1,2024
Hannah Moon,29232,Lindenwood,9.725,9.775,,,Saturday,27,1,2024
Jaly Jones,29232,Lindenwood,9.7,8.95,9.775,9.7,Saturday,27,1,2024
Kaitlyn Hoiland,29232,Texas Woman's,9.875,,,9.875,Saturday,27,1,2024
Kami Zarlengo,29232,Texas Woman's,8.925,,9.7,,Saturday,27,1,2024
Kaylee Cooper,29232,Lindenwood,9.7,,,,Saturday,27,1,2024
Lainey Hunt,29232,Texas Woman's,9.6,,,,Saturday,27,1,2024
Madeline Gose,29232,Texas Woman's,,9.75,,,Saturday,27,1,2024
Madison Rush,29232,Lindenwood,,9.775,,,Saturday,27,1,2024
Nya Kraus,29232,Lindenwood,9.475,9.725,9.825,9.7,Saturday,27,1,2024
Reese Baechle,29232,Lindenwood,,,9.725,9.6,Saturday,27,1,2024
Savannah Newsome,29232,Lindenwood,9.725,,,,Saturday,27,1,2024
Sofia Steffan,29232,Texas Woman's,,,9.7,,Saturday,27,1,2024
Sophia Isbell,29232,Texas Woman's,,,,9.775,Saturday,27,1,2024
Sophie Hernandez,29232,Texas Woman's,,9.7,9.725,,Saturday,27,1,2024
Steelie King,29232,Texas Woman's,9.675,9.325,,9.75,Saturday,27,1,2024
Sydney Lopez,29232,Lindenwood,,,9.625,,Saturday,27,1,2024
Trinity Caffey,29232,Lindenwood,,,9.7,9.75,Saturday,27,1,2024
Alex Irvine,29234,UCLA,8.075,,,,Saturday,27,1,2024
Brooklyn Moors,29234,UCLA,,,9.95,,Saturday,27,1,2024
Chae Campbell,29234,UCLA,9.85,,9.95,9.95,Saturday,27,1,2024
Chelsea Hallinan,29234,Washington,,9.825,,,Saturday,27,1,2024
Ciena Alipio,29234,UCLA,,9.9,,,Saturday,27,1,2024
Deiah Moody,29234,Washington,9.85,9.825,,,Saturday,27,1,2024
Emily Innes,29234,Washington,,9.75,9.875,9.725,Saturday,27,1,2024
Emily Lee,29234,UCLA,,9.9,,9.875,Saturday,27,1,2024
Emily Pires,29234,Washington,,,9.775,,Saturday,27,1,2024
Emma Andres,29234,UCLA,,9.85,,,Saturday,27,1,2024
Emma Malabuyo,29234,UCLA,9.85,9.95,9.875,,Saturday,27,1,2024
Emma Schrady,29234,Washington,,,,9.35,Saturday,27,1,2024
Katelyn Rosen,29234,UCLA,9.875,9.85,9.625,9.9,Saturday,27,1,2024
Kristin Lin,29234,Washington,9.775,,9.75,9.725,Saturday,27,1,2024
Lana Navarro,29234,Washington,,9.8,9.825,9.775,Saturday,27,1,2024
Lilly Tubbs,29234,Washington,9.85,,,9.75,Saturday,27,1,2024
Margzetta Frazier,29234,UCLA,9.825,,,,Saturday,27,1,2024
Nya Reed,29234,UCLA,,,9.925,9.775,Saturday,27,1,2024
Olivia Oppegard,29234,Washington,9.825,,,,Saturday,27,1,2024
Paige Anastasi,29234,UCLA,,,,9.325,Saturday,27,1,2024
Selena Harris-Miranda,29234,UCLA,9.9,9.9,9.925,9.9,Saturday,27,1,2024
Skylar Killough-Wilhelm,29234,Washington,9.85,9.9,9.85,9.875,Saturday,27,1,2024
Taylor Russon,29234,Washington,9.875,9.775,,,Saturday,27,1,2024
Thu Nguyen,29234,Washington,,,9.75,,Saturday,27,1,2024
Alessia Russo,29236,Greenville,6.55,9.55,,,Saturday,27,1,2024
Amara Nelson,29236,Greenville,9.275,9.55,8.75,9.65,Saturday,27,1,2024
Amy Foret,29236,Centenary College,,9.475,,9.4,Saturday,27,1,2024
Ashlie Leage,29236,Greenville,9.2,9.65,,9.275,Saturday,27,1,2024
Audra Kaiser,29236,Greenville,,,9.2,,Saturday,27,1,2024
Brooke Murdock,29236,Centenary College,,9.45,9.0,,Saturday,27,1,2024
Claire Flores,29236,Centenary College,8.775,,,,Saturday,27,1,2024
Ellery Gilmer,29236,Greenville,,8.45,9.6,,Saturday,27,1,2024
Elli Schnieders,29236,Greenville,,,,9.225,Saturday,27,1,2024
Emily McClung,29236,Centenary College,,,8.85,,Saturday,27,1,2024
Hayden Cagle,29236,Centenary College,,8.6,,,Saturday,27,1,2024
Isabel Plaza,29236,Centenary College,,,8.3,9.525,Saturday,27,1,2024
Isabella Feltman,29236,Greenville,,,9.125,9.05,Saturday,27,1,2024
Kendall Huff,29236,Centenary College,7.35,,8.7,9.425,Saturday,27,1,2024
Lacey Wedge,29236,Centenary College,,,8.525,9.625,Saturday,27,1,2024
Madison Carter,29236,Greenville,8.9,,,9.0,Saturday,27,1,2024
Molly Froman,29236,Greenville,,8.15,,,Saturday,27,1,2024
Mylia Vidtor,29236,Centenary College,,9.3,,,Saturday,27,1,2024
Olivia Stratmann,29236,Centenary College,8.65,,,9.5,Saturday,27,1,2024
Olivia Tocco,29236,Greenville,,9.15,,,Saturday,27,1,2024
Olivia Williams,29236,Centenary College,9.2,,,,Saturday,27,1,2024
Rachel Miller,29236,Greenville,,,9.45,9.425,Saturday,27,1,2024
Reagan Rodriguez,29236,Greenville,8.5,,,,Saturday,27,1,2024
Roxanne Myers,29236,Centenary College,8.6,,,,Saturday,27,1,2024
Rylie Molina,29236,Centenary College,,9.525,,,Saturday,27,1,2024
Sienna Blake,29236,Greenville,8.975,,,,Saturday,27,1,2024
Sophie Schmitz,29236,Centenary College,9.275,8.975,,9.475,Saturday,27,1,2024
Taylor Templin,29236,Greenville,,,9.55,,Saturday,27,1,2024
Alexa Melanson,29238,Southern Conn.,,9.725,9.7,,Sunday,28,1,2024
Angel Lee,29238,Southern Conn.,,9.675,,,Sunday,28,1,2024
Angela Xing,29238,Brown,,9.7,9.525,9.625,Sunday,28,1,2024
Ariana DeSouza,29238,Alaska,,9.725,9.55,9.475,Sunday,28,1,2024
Asta-Sollilja Farrell,29238,Brown,9.75,,,9.45,Sunday,28,1,2024
Audrey Arnold,29238,Southern Conn.,8.95,,,,Sunday,28,1,2024
Ava Kelly,29238,Southern Conn.,,,9.6,9.525,Sunday,28,1,2024
Avery Tillmanns,29238,Alaska,,,,9.425,Sunday,28,1,2024
Brianna Dorr,29238,Southern Conn.,,,,9.725,Sunday,28,1,2024
Brooklyn Kopsack,29238,Alaska,,,,9.525,Sunday,28,1,2024
Claudia Lessig,29238,Alaska,9.675,9.75,9.325,,Sunday,28,1,2024
Emelia Diaz,29238,Southern Conn.,,9.375,,,Sunday,28,1,2024
Emiley Kahl,29238,Southern Conn.,,9.175,,,Sunday,28,1,2024
Emily Ford,29238,Brown,8.95,9.875,9.65,9.65,Sunday,28,1,2024
Emily Walker,29238,Alaska,9.65,9.3,,,Sunday,28,1,2024
Erica Beyer,29238,Southern Conn.,,,9.175,,Sunday,28,1,2024
Gabriela Dinisoe,29238,Southern Conn.,,9.225,,,Sunday,28,1,2024
Gigi Mastellone,29238,Southern Conn.,8.675,,,,Sunday,28,1,2024
Hanna Zebdi,29238,Southern Conn.,,,9.45,9.725,Sunday,28,1,2024
Hayley Perkins,29238,Alaska,9.575,,,,Sunday,28,1,2024
Jada Niles,29238,Alaska,9.475,,,,Sunday,28,1,2024
Jayci Jordan,29238,Southern Conn.,9.725,,,,Sunday,28,1,2024
Jessica Johnson,29238,Alaska,9.35,9.725,,,Sunday,28,1,2024
Jessica Lin,29238,Brown,,9.9,,,Sunday,28,1,2024
Julia Bedell,29238,Brown,,,9.85,9.75,Sunday,28,1,2024
Kylie Sitty,29238,Southern Conn.,9.45,,8.95,9.65,Sunday,28,1,2024
Lauren Kramer,29238,Brown,,9.1,9.725,9.6,Sunday,28,1,2024
Lauren Mckeown,29238,Brown,9.55,9.125,,,Sunday,28,1,2024
Lexi Bracher,29238,Southern Conn.,,,,9.6,Sunday,28,1,2024
Libby Allen,29238,Southern Conn.,,9.75,9.675,,Sunday,28,1,2024
Liza Marcus,29238,Brown,9.7,9.675,9.775,,Sunday,28,1,2024
Maddy Murphy,29238,Alaska,,,9.625,9.775,Sunday,28,1,2024
Madelyn Gomez,29238,Alaska,8.95,,9.4,,Sunday,28,1,2024
Maya Davis,29238,Brown,9.625,,,,Sunday,28,1,2024
Montana Fairbairn,29238,Alaska,,9.85,9.775,9.7,Sunday,28,1,2024
Paola Ruano Barahona,29238,Alaska,,9.75,,,Sunday,28,1,2024
Shreya Munshi,29238,Southern Conn.,9.6,,,,Sunday,28,1,2024
Silje Hildebrand,29238,Alaska,,,9.65,9.275,Sunday,28,1,2024
Sophia Dewar,29238,Brown,8.8,,9.8,9.625,Sunday,28,1,2024
Sophia Ruecker,29238,Southern Conn.,9.675,,,9.65,Sunday,28,1,2024
Abbie Pierson,29241,West Virginia,9.6,9.85,9.875,9.85,Sunday,28,1,2024
Alyssa Guns,29241,Kent State,,9.1,9.875,,Sunday,28,1,2024
Amber Lowe,29241,West Virginia,9.325,9.55,9.85,,Sunday,28,1,2024
Brooke Alban,29241,West Virginia,9.25,,9.775,9.8,Sunday,28,1,2024
Charlie Behner,29241,Kent State,9.725,,,9.85,Sunday,28,1,2024
Dani Fuertez,29241,Kent State,9.2,9.3,9.925,,Sunday,28,1,2024
Emma Wehry,29241,West Virginia,9.8,9.25,9.65,9.875,Sunday,28,1,2024
Gabby Riley,29241,Kent State,,,,9.775,Sunday,28,1,2024
Heidi Schultz,29241,Kent State,,9.775,9.775,,Sunday,28,1,2024
Jayden McDonnell,29241,West Virginia,9.725,,,,Sunday,28,1,2024
Julia Brown,29241,West Virginia,,9.8,,,Sunday,28,1,2024
Jurnee Lane,29241,West Virginia,,,9.925,,Sunday,28,1,2024
Karlie Franz,29241,Kent State,8.85,,9.9,,Sunday,28,1,2024
Kennedy Weinpert,29241,Kent State,,,9.7,9.85,Sunday,28,1,2024
Kiana Lewis,29241,West Virginia,,9.65,9.825,9.675,Sunday,28,1,2024
Kyndall Gilbert,29241,Kent State,9.1,,9.725,9.775,Sunday,28,1,2024
Miranda Smith,29241,West Virginia,9.625,9.775,,,Sunday,28,1,2024
Nastia Rudnitskaya,29241,Kent State,9.775,9.6,,9.775,Sunday,28,1,2024
Nene Alvine,29241,Kent State,,9.8,,,Sunday,28,1,2024
Olivia Pitzer,29241,West Virginia,,,,9.675,Sunday,28,1,2024
Sarah Haxton,29241,Kent State,9.75,9.8,,,Sunday,28,1,2024
Sierra Muns,29241,West Virginia,,,,9.475,Sunday,28,1,2024
Zoe Rankin,29241,Kent State,,,,9.625,Sunday,28,1,2024
Alexa Ebeling,29243,Iowa,,9.8,9.125,,Sunday,28,1,2024
Alyse Karenbauer,29243,Iowa,,,9.725,9.8,Sunday,28,1,2024
Aubrey Nick,29243,Iowa,,9.675,,,Sunday,28,1,2024
Avery Chambers,29243,Iowa,,,,9.875,Sunday,28,1,2024
Bailey Libby,29243,Iowa,,,9.875,,Sunday,28,1,2024
Baleigh Garcia,29243,Michigan State,,9.775,,,Sunday,28,1,2024
Delanie Harkness,29243,Michigan State,9.9,,9.95,,Sunday,28,1,2024
Elle Beaufait,29243,Michigan State,,,9.875,,Sunday,28,1,2024
Emily Erb,29243,Iowa,,,9.9,,Sunday,28,1,2024
Eva Volpe,29243,Iowa,9.8,9.8,9.775,9.8,Sunday,28,1,2024
Gabi Ortiz,29243,Michigan State,,9.825,,9.825,Sunday,28,1,2024
Gabrielle Stephen,29243,Michigan State,9.825,9.75,9.85,9.925,Sunday,28,1,2024
Giana Kalefe,29243,Michigan State,,9.825,,,Sunday,28,1,2024
Gianna Masella,29243,Iowa,9.825,,,9.825,Sunday,28,1,2024
Hanna Castillo,29243,Iowa,,,9.65,9.8,Sunday,28,1,2024
Ilka Juk,29243,Iowa,9.6,9.725,,,Sunday,28,1,2024
Jori Jackard,29243,Michigan State,9.825,,,,Sunday,28,1,2024
Kaia Vanney,29243,Iowa,9.725,,,,Sunday,28,1,2024
Karina Munoz,29243,Iowa,9.8,9.775,,9.775,Sunday,28,1,2024
MaKayla Tucker,29243,Michigan State,,9.775,9.85,9.875,Sunday,28,1,2024
Marissa Rojas,29243,Iowa,9.75,9.65,,,Sunday,28,1,2024
Nikki Smith,29243,Michigan State,9.85,,10.0,9.825,Sunday,28,1,2024
Sage Kellerman,29243,Michigan State,9.8,,,9.9,Sunday,28,1,2024
Skyla Schulte,29243,Michigan State,9.9,9.9,9.95,9.85,Sunday,28,1,2024
Abigail Bunch,29245,Rhode Island College,9.425,8.475,,,Sunday,28,1,2024
Alison Silva,29245,Rhode Island College,8.225,,,,Sunday,28,1,2024
Anne Kiley,29245,Springfield College,9.35,,,8.95,Sunday,28,1,2024
Ava Kelly,29245,Springfield College,,8.425,,9.35,Sunday,28,1,2024
Ayako Maeda,29245,Springfield College,9.55,,,,Sunday,28,1,2024
Claire Geiger,29245,Springfield College,8.9,,9.55,,Sunday,28,1,2024
Delaney LaViolette,29245,Springfield College,,,8.75,9.0,Sunday,28,1,2024
Emma Heilich,29245,Rhode Island College,,,9.2,,Sunday,28,1,2024
Emma Skowronek,29245,Springfield College,9.075,9.675,,,Sunday,28,1,2024
Emma Tucker,29245,Rhode Island College,,9.7,9.725,9.625,Sunday,28,1,2024
Gracie Romero,29245,Rhode Island College,8.25,,,,Sunday,28,1,2024
Ivy Jimenez,29245,Rhode Island College,,9.2,,9.4,Sunday,28,1,2024
Jenna DiPalo,29245,Springfield College,,8.125,,,Sunday,28,1,2024
Jessica Nugent,29245,Rhode Island College,,9.5,,,Sunday,28,1,2024
Julia Reer,29245,Springfield College,,8.8,9.7,,Sunday,28,1,2024
Kelly McGuinness,29245,Springfield College,,8.2,,9.225,Sunday,28,1,2024
Kelsey Gates,29245,Rhode Island College,9.35,8.6,9.825,9.325,Sunday,28,1,2024
Madeline Brandt,29245,Rhode Island College,,,9.625,,Sunday,28,1,2024
Marissa Zarra,29245,Springfield College,8.95,,,,Sunday,28,1,2024
Maya Belog,29245,Springfield College,8.65,,,,Sunday,28,1,2024
Morgan Lunn,29245,Rhode Island College,,8.8,9.7,,Sunday,28,1,2024
Olivia Keyes,29245,Rhode Island College,9.0,,,,Sunday,28,1,2024
Payton Green,29245,Rhode Island College,9.0,,,9.45,Sunday,28,1,2024
Payton Smith,29245,Rhode Island College,,,,9.275,Sunday,28,1,2024
Rae Anna Schutz,29245,Springfield College,,8.825,9.7,,Sunday,28,1,2024
Sage Kaplan,29245,Springfield College,,,9.625,9.5,Sunday,28,1,2024
Sophia Damiano,29245,Rhode Island College,,,,9.5,Sunday,28,1,2024
Stacy Taylor,29245,Springfield College,,,9.775,9.6,Sunday,28,1,2024
Abby Singh,29257,Western Michigan,9.85,,,9.775,Sunday,28,1,2024
Ally Schaupp,29257,Western Michigan,,,9.9,,Sunday,28,1,2024
Amanda Gruber,29257,Western Michigan,,9.825,9.95,,Sunday,28,1,2024
Breckin Quoss,29257,Western Michigan,9.85,,,,Sunday,28,1,2024
Cassie St. Clair,29257,Western Michigan,,,9.875,9.75,Sunday,28,1,2024
Charniya Brown,29257,Bowling Green,9.725,,,9.7,Sunday,28,1,2024
Dani Petrousek,29257,Western Michigan,9.825,9.75,9.825,,Sunday,28,1,2024
DonnaKathryn Roy,29257,Western Michigan,9.7,,9.825,,Sunday,28,1,2024
Elise Brzoska,29257,Bowling Green,,9.8,9.75,,Sunday,28,1,2024
Emily Castiglia,29257,Bowling Green,,9.275,,,Sunday,28,1,2024
Gigi Singh,29257,Western Michigan,,9.7,,,Sunday,28,1,2024
Halle Faulkner,29257,Western Michigan,,,,9.85,Sunday,28,1,2024
Hannah Milton,29257,Western Michigan,,9.725,,9.75,Sunday,28,1,2024
Isabella Rivelli,29257,Bowling Green,9.925,,,,Sunday,28,1,2024
Kathryn Weilbacher,29257,Bowling Green,9.8,9.85,9.65,9.825,Sunday,28,1,2024
Keira Thornton,29257,Bowling Green,9.725,,9.85,9.65,Sunday,28,1,2024
Love Akpan,29257,Bowling Green,9.675,,9.65,9.775,Sunday,28,1,2024
Madison Coburn,29257,Bowling Green,,,9.525,9.6,Sunday,28,1,2024
Megan Bingham,29257,Bowling Green,9.825,9.925,,9.75,Sunday,28,1,2024
Megan Decious,29257,Bowling Green,,,9.825,,Sunday,28,1,2024
Nadia Parente,29257,Bowling Green,,9.55,,,Sunday,28,1,2024
Payton Murphy,29257,Western Michigan,9.35,9.875,9.8,9.875,Sunday,28,1,2024
Sarah Moravansky,29257,Western Michigan,9.85,9.775,,9.775,Sunday,28,1,2024
Sarina Ross,29257,Bowling Green,,9.15,,,Sunday,28,1,2024
Alisha Werlen,29259,Pennsylvania,,9.7,,,Sunday,28,1,2024
Campbell Marr,29259,Pennsylvania,,9.85,,,Sunday,28,1,2024
Carly Oniki,29259,Pennsylvania,9.725,9.725,,,Sunday,28,1,2024
Chloe DeJoy,29259,Yale,9.6,,9.825,,Sunday,28,1,2024
Ella Tashjian,29259,Yale,,9.65,9.725,9.725,Sunday,28,1,2024
Emma Davies,29259,Pennsylvania,,,9.85,,Sunday,28,1,2024
Emma Mangiacapre,29259,Yale,,9.75,,,Sunday,28,1,2024
Evangeline Chu,29259,Yale,,9.45,,,Sunday,28,1,2024
Gigi Sabatini,29259,Yale,9.675,9.65,,9.8,Sunday,28,1,2024
Hana Strause,29259,Yale,,9.075,9.825,,Sunday,28,1,2024
Isabel Song,29259,Pennsylvania,,,,9.75,Sunday,28,1,2024
Jackie Tunney,29259,Pennsylvania,9.8,,8.925,,Sunday,28,1,2024
Jordan Barrow,29259,Pennsylvania,,,,9.8,Sunday,28,1,2024
Lauren Holt,29259,Yale,9.675,,,,Sunday,28,1,2024
Lily Aucoin,29259,Yale,9.75,,,9.7,Sunday,28,1,2024
Madison Perkins,29259,Pennsylvania,,,,9.7,Sunday,28,1,2024
Marissa Lassiter,29259,Pennsylvania,,,9.825,9.75,Sunday,28,1,2024
Megan Brueck,29259,Yale,,,9.075,9.725,Sunday,28,1,2024
Olivia Vanhorn,29259,Pennsylvania,,,9.55,,Sunday,28,1,2024
Samantha Wu,29259,Pennsylvania,,9.725,,,Sunday,28,1,2024
Sara Kenefick,29259,Pennsylvania,9.8,9.75,9.825,9.8,Sunday,28,1,2024
Sarah Wilson,29259,Yale,9.3,9.875,9.825,9.725,Sunday,28,1,2024
Sherry Wang,29259,Yale,9.825,,9.825,9.775,Sunday,28,1,2024
Skyelar Kerico,29259,Pennsylvania,9.8,9.775,,9.825,Sunday,28,1,2024
Sophia Paris,29259,Pennsylvania,9.875,,,,Sunday,28,1,2024
Zara Gazdak,29259,Pennsylvania,9.725,,9.75,,Sunday,28,1,2024
Abby Brushwood,29261,Eastern Michigan,,,9.85,9.85,Sunday,28,1,2024
Adriana Bustelo,29261,Central Michigan,9.7,9.125,,,Sunday,28,1,2024
Alana Anderson,29261,Northern Illinois,,,9.85,,Sunday,28,1,2024
Alana Fisher,29261,Eastern Michigan,,,9.775,9.925,Sunday,28,1,2024
Alyssa Al-Ashari,29261,Northern Illinois,9.8,9.325,,,Sunday,28,1,2024
Amber Mueller,29261,Central Michigan,,9.65,,,Sunday,28,1,2024
Anna Grace McCullough,29261,Eastern Michigan,,,9.8,,Sunday,28,1,2024
Ashley Veglucci,29261,Central Michigan,9.75,,9.875,,Sunday,28,1,2024
Avah Bootz,29261,Central Michigan,,,,9.825,Sunday,28,1,2024
Brooke Maycroft,29261,Eastern Michigan,,9.125,,,Sunday,28,1,2024
Cassie Bergin,29261,Eastern Michigan,,9.65,,,Sunday,28,1,2024
Dawsyn Sallee,29261,Northern Illinois,,,9.8,9.8,Sunday,28,1,2024
Elizabeth Buttle,29261,Central Michigan,,,9.875,,Sunday,28,1,2024
Elizabeth Cesarone,29261,Central Michigan,,9.55,9.875,9.875,Sunday,28,1,2024
Ella Chemotti,29261,Eastern Michigan,9.725,9.775,9.575,,Sunday,28,1,2024
Ellery Werner,29261,Northern Illinois,,8.9,,,Sunday,28,1,2024
Emmalise Nock,29261,Northern Illinois,9.0,,9.85,9.8,Sunday,28,1,2024
Genae Daniel,29261,Eastern Michigan,,,,9.8,Sunday,28,1,2024
Gwendelyn Cantu,29261,Eastern Michigan,,,,9.8,Sunday,28,1,2024
Hallie Hornbacher,29261,Central Michigan,,,9.925,,Sunday,28,1,2024
Hannah Drielick,29261,Northern Illinois,9.7,,,,Sunday,28,1,2024
Isabella Ross,29261,Northern Illinois,,9.75,9.85,9.65,Sunday,28,1,2024
Isabella Sissi,29261,Northern Illinois,9.675,9.75,9.775,9.85,Sunday,28,1,2024
Jacquelyn Patterson,29261,Eastern Michigan,,,,9.125,Sunday,28,1,2024
Jenna Germond,29261,Central Michigan,9.775,,,9.85,Sunday,28,1,2024
Jocelyn Harbeck,29261,Northern Illinois,,,,9.75,Sunday,28,1,2024
Jordan Jankowski,29261,Eastern Michigan,9.75,,,,Sunday,28,1,2024
Karina Lankamer,29261,Central Michigan,,9.775,,,Sunday,28,1,2024
Kendall George,29261,Northern Illinois,,9.075,,,Sunday,28,1,2024
Kiera O'Shea,29261,Northern Illinois,9.575,,,,Sunday,28,1,2024
Kyrie Lowe,29261,Eastern Michigan,9.825,9.625,9.35,,Sunday,28,1,2024
Lia Kmieciak,29261,Central Michigan,9.8,,,9.9,Sunday,28,1,2024
Luciana Alvarado-Reid,29261,Central Michigan,9.825,9.775,9.825,,Sunday,28,1,2024
Mikayla Brown,29261,Northern Illinois,9.6,,9.825,,Sunday,28,1,2024
Molly Parris,29261,Eastern Michigan,9.75,,,,Sunday,28,1,2024
Quinn Skrupa,29261,Central Michigan,,9.1,9.85,9.75,Sunday,28,1,2024
Raisa Boris,29261,Eastern Michigan,9.85,9.875,9.925,9.75,Sunday,28,1,2024
Samantha Nickle,29261,Northern Illinois,,9.075,,9.725,Sunday,28,1,2024
Samantha Shannon,29261,Central Michigan,9.1,,,9.725,Sunday,28,1,2024
Trinity Macy,29261,Eastern Michigan,9.75,9.8,,,Sunday,28,1,2024
Athena Jones,29267,Sacramento State,,9.85,9.65,,Sunday,28,1,2024
Bella Lahmidi,29267,Sacramento State,9.725,,,9.625,Sunday,28,1,2024
Devyn Valuch,29267,San Jose State,9.75,9.75,,9.8,Sunday,28,1,2024
Emma Morgenthaler,29267,Sacramento State,9.7,9.7,9.85,9.65,Sunday,28,1,2024
Grace Gilman,29267,Sacramento State,,,9.65,9.8,Sunday,28,1,2024
Jada Mazury,29267,San Jose State,9.875,,9.925,,Sunday,28,1,2024
Jaudai Lopes,29267,San Jose State,9.775,,9.825,9.85,Sunday,28,1,2024
Jillianne Lastra,29267,Sacramento State,9.8,,,,Sunday,28,1,2024
Kara Houghton,29267,Sacramento State,9.825,9.575,,,Sunday,28,1,2024
Katherine Weyhmiller,29267,San Jose State,9.925,9.875,9.875,,Sunday,28,1,2024
Lauren Macpherson,29267,San Jose State,9.85,9.825,9.825,9.775,Sunday,28,1,2024
Madison Kirsch,29267,San Jose State,,9.825,,9.8,Sunday,28,1,2024
Mallory Barron,29267,Sacramento State,,9.175,,,Sunday,28,1,2024
Marissa Ashton,29267,San Jose State,,9.725,,,Sunday,28,1,2024
Mia Nelson,29267,San Jose State,,,8.975,9.675,Sunday,28,1,2024
Mikaela Pitts,29267,San Jose State,,,,9.75,Sunday,28,1,2024
Natasha Forrand,29267,San Jose State,,,9.825,,Sunday,28,1,2024
Rose Wilson,29267,Sacramento State,,,,9.65,Sunday,28,1,2024
Rylin Zimmerman,29267,Sacramento State,,9.675,9.775,9.675,Sunday,28,1,2024
Sarah Fitzgerald,29267,Sacramento State,9.6,,,,Sunday,28,1,2024
Sarah Lutrel,29267,Sacramento State,9.7,9.5,9.85,9.8,Sunday,28,1,2024
Simone Dumas-Guzman,29267,Sacramento State,,,9.675,,Sunday,28,1,2024
Sophia Konieczny,29267,San Jose State,9.825,9.725,,,Sunday,28,1,2024
Abby Willis,29269,Gustavus Adolphus,,,8.725,9.4,Sunday,28,1,2024
Addison Dack,29269,Gustavus Adolphus,,8.825,,,Sunday,28,1,2024
Amelia Moneymaker,29269,UC Davis,9.875,9.5,9.825,9.725,Sunday,28,1,2024
Anna Holtan,29269,UC Davis,,8.95,9.7,9.55,Sunday,28,1,2024
Ava Scafani,29269,UC Davis,8.9,8.925,,,Sunday,28,1,2024
Ayumi Oshiro,29269,UC Davis,9.825,9.675,,,Sunday,28,1,2024
Ella Binfet,29269,Gustavus Adolphus,,,9.525,,Sunday,28,1,2024
Ella Nash,29269,Gustavus Adolphus,,,,9.35,Sunday,28,1,2024
Emma Otsu,29269,UC Davis,9.775,9.725,9.275,9.9,Sunday,28,1,2024
Isabella Fitz-Gerald,29269,UC Davis,9.8,,,,Sunday,28,1,2024
Izzy Breitkreutz,29269,Gustavus Adolphus,,8.65,,,Sunday,28,1,2024
Jadyn Wakita,29269,UC Davis,9.775,,,9.575,Sunday,28,1,2024
Katy Cash,29269,Gustavus Adolphus,,8.8,,,Sunday,28,1,2024
Keanna Abraham,29269,UC Davis,,9.775,9.875,9.925,Sunday,28,1,2024
Kendra Smaby,29269,Gustavus Adolphus,9.425,,,,Sunday,28,1,2024
Lili Guy,29269,Gustavus Adolphus,9.35,,9.3,9.45,Sunday,28,1,2024
Lily Horsch,29269,Gustavus Adolphus,9.1,,,9.225,Sunday,28,1,2024
Lindsay Bangs,29269,Gustavus Adolphus,,,,9.2,Sunday,28,1,2024
Maddox Lee,29269,Gustavus Adolphus,9.45,8.65,9.1,,Sunday,28,1,2024
Marley Michaud,29269,Gustavus Adolphus,9.05,8.575,9.55,9.3,Sunday,28,1,2024
Megan Ray,29269,UC Davis,,,9.925,9.85,Sunday,28,1,2024
Nandhini Senthil,29269,UC Davis,,,9.625,,Sunday,28,1,2024
Olivia Jahnke,29269,Gustavus Adolphus,,9.675,9.625,,Sunday,28,1,2024
Sophie Schmitz,29269,Gustavus Adolphus,9.35,,,,Sunday,28,1,2024
Abby Mueller,29271,Illinois,9.85,9.725,9.825,9.8,Monday,29,1,2024
Alea Byrne,29271,Illinois,,,,9.625,Monday,29,1,2024
Alexis Hankins,29271,Ohio State,,9.825,,,Monday,29,1,2024
Allie Morgan,29271,Illinois,,,9.825,,Monday,29,1,2024
Amelia Knight,29271,Illinois,9.85,9.775,9.7,,Monday,29,1,2024
Arielle Ward,29271,Illinois,,,9.825,9.85,Monday,29,1,2024
Courtney McCann,29271,Ohio State,9.75,9.1,,,Monday,29,1,2024
Destiny Denning,29271,Illinois,9.9,,,,Monday,29,1,2024
Ella Hodges,29271,Ohio State,,9.925,9.925,,Monday,29,1,2024
Emma Pritchard,29271,Ohio State,9.9,9.825,,,Monday,29,1,2024
Kadyn Fitzgibbon,29271,Illinois,,,9.825,,Monday,29,1,2024
Kaitlyn Ewald,29271,Illinois,9.75,9.85,,,Monday,29,1,2024
Kaitlyn Grimes,29271,Ohio State,,,,9.775,Monday,29,1,2024
Kaylyn Mintz,29271,Ohio State,,,9.8,,Monday,29,1,2024
Lyden Saltness,29271,Illinois,9.875,,,,Monday,29,1,2024
Mallory Gregory,29271,Ohio State,,,,9.875,Monday,29,1,2024
Mia Takekawa,29271,Illinois,9.15,9.9,9.775,9.825,Monday,29,1,2024
Mia Townes,29271,Illinois,,9.825,,,Monday,29,1,2024
Nicole Riccardi,29271,Ohio State,9.775,,,9.875,Monday,29,1,2024
Olivia Coppola,29271,Illinois,,,,9.8,Monday,29,1,2024
Payton Harris,29271,Ohio State,9.9,9.875,9.875,9.875,Monday,29,1,2024
Ruthuja Nataraj,29271,Illinois,,9.05,,9.125,Monday,29,1,2024
Savannah Gonzalez,29271,Ohio State,,,9.825,,Monday,29,1,2024
Sidney Washington,29271,Ohio State,9.825,,9.85,9.775,Monday,29,1,2024
Tory Vetter,29271,Ohio State,9.8,9.775,9.9,9.9,Monday,29,1,2024
Ailey Kuehn,29273,S.E. Missouri,,9.625,,9.075,Wednesday,31,1,2024
Alana Laster,29273,Illinois State,9.65,,9.875,9.825,Wednesday,31,1,2024
Ally Lau,29273,Illinois State,,9.825,,,Wednesday,31,1,2024
Angelica Labat,29273,Illinois State,9.8,9.9,9.825,9.8,Wednesday,31,1,2024
Ava Johnston,29273,S.E. Missouri,9.625,8.9,,,Wednesday,31,1,2024
Carly Hawksworth,29273,Illinois State,9.675,,,,Wednesday,31,1,2024
Janelle Lopez,29273,S.E. Missouri,9.75,,,9.7,Wednesday,31,1,2024
Jaye Mack,29273,Illinois State,,9.25,9.65,9.85,Wednesday,31,1,2024
Jordan Napolitano,29273,S.E. Missouri,,9.725,9.75,,Wednesday,31,1,2024
Joy Ziegenfelder,29273,Illinois State,,,,9.7,Wednesday,31,1,2024
Julia Heiner,29273,Illinois State,9.75,,,,Wednesday,31,1,2024
Kailyn Hamilton,29273,S.E. Missouri,9.75,,9.75,,Wednesday,31,1,2024
Kaitlyn Donovan,29273,Illinois State,,,9.85,,Wednesday,31,1,2024
Leah Davis,29273,Illinois State,,9.75,9.775,,Wednesday,31,1,2024
Lindsay Ockler,29273,S.E. Missouri,9.8,,,9.825,Wednesday,31,1,2024
Lydia Webb,29273,S.E. Missouri,9.775,9.35,9.775,9.75,Wednesday,31,1,2024
Madison Greene,29273,S.E. Missouri,,9.525,9.85,9.825,Wednesday,31,1,2024
Mia Oh,29273,Illinois State,,,,9.75,Wednesday,31,1,2024
Mya Robinson,29273,Illinois State,,9.8,,9.775,Wednesday,31,1,2024
Reese Grolla,29273,Illinois State,9.8,9.275,,,Wednesday,31,1,2024
Sara Wabi,29273,Illinois State,9.875,,9.825,,Wednesday,31,1,2024
Sydney Crouch,29273,S.E. Missouri,,,9.85,,Wednesday,31,1,2024
Taylor Ingle,29273,S.E. Missouri,9.7,9.8,9.775,9.575,Wednesday,31,1,2024
Abby Brushwood,29275,Eastern Michigan,,,9.9,9.775,Friday,2,2,2024
Abby Singh,29275,Western Michigan,9.825,,,9.775,Friday,2,2,2024
Alana Fisher,29275,Eastern Michigan,,,9.65,9.7,Friday,2,2,2024
Amanda Gruber,29275,Western Michigan,,9.9,9.8,,Friday,2,2,2024
Anna Grace McCullough,29275,Eastern Michigan,,,9.75,,Friday,2,2,2024
Breckin Quoss,29275,Western Michigan,8.95,,,,Friday,2,2,2024
Cassie Bergin,29275,Eastern Michigan,,9.65,,,Friday,2,2,2024
Cassie St. Clair,29275,Western Michigan,,,9.825,9.85,Friday,2,2,2024
Dani Petrousek,29275,Western Michigan,9.75,9.65,9.725,,Friday,2,2,2024
DonnaKathryn Roy,29275,Western Michigan,9.725,,9.525,,Friday,2,2,2024
Ella Chemotti,29275,Eastern Michigan,9.775,9.7,9.6,,Friday,2,2,2024
Genae Daniel,29275,Eastern Michigan,,,,9.825,Friday,2,2,2024
Gigi Singh,29275,Western Michigan,,9.75,,,Friday,2,2,2024
Gwendelyn Cantu,29275,Eastern Michigan,,,,9.725,Friday,2,2,2024
Halle Faulkner,29275,Western Michigan,,,,9.825,Friday,2,2,2024
Hannah Milton,29275,Western Michigan,,9.75,,9.775,Friday,2,2,2024
Jacquelyn Patterson,29275,Eastern Michigan,,9.6,,9.775,Friday,2,2,2024
Jordan Jankowski,29275,Eastern Michigan,9.85,,,,Friday,2,2,2024
Katie Butler,29275,Eastern Michigan,,9.65,,,Friday,2,2,2024
Kyrie Lowe,29275,Eastern Michigan,9.825,9.75,9.65,,Friday,2,2,2024
Molly Parris,29275,Eastern Michigan,9.6,,,,Friday,2,2,2024
Payton Murphy,29275,Western Michigan,9.775,9.875,9.85,9.825,Friday,2,2,2024
Raisa Boris,29275,Eastern Michigan,9.85,9.825,9.8,9.85,Friday,2,2,2024
Sarah Moravansky,29275,Western Michigan,9.775,8.5,9.775,9.775,Friday,2,2,2024
Trinity Macy,29275,Eastern Michigan,9.75,,,,Friday,2,2,2024
Abby Paulson,29277,Utah,,9.925,9.925,,Friday,2,2,2024
Alani Sabado,29277,Utah,9.775,,,,Friday,2,2,2024
Amelie Morgan,29277,Utah,9.875,9.825,,,Friday,2,2,2024
Ariana Young,29277,Oregon State,,9.775,9.9,,Friday,2,2,2024
Ashley Glynn,29277,Utah,,,,9.875,Friday,2,2,2024
Camie Winger,29277,Utah,,,,9.825,Friday,2,2,2024
Carley Beeman,29277,Oregon State,9.725,,,,Friday,2,2,2024
Ella Zirbes,29277,Utah,9.025,,,9.775,Friday,2,2,2024
Grace McCallum,29277,Utah,9.95,9.925,9.9,,Friday,2,2,2024
Jade Carey,29277,Oregon State,9.9,9.9,,,Friday,2,2,2024
Jaedyn Rucker,29277,Utah,,,9.125,9.975,Friday,2,2,2024
Jaylene Gilstrap,29277,Utah,,9.225,9.9,9.925,Friday,2,2,2024
Jennifer McMillan,29277,Oregon State,9.85,9.875,,,Friday,2,2,2024
Kaitlin Garcia,29277,Oregon State,,,9.1,9.825,Friday,2,2,2024
Maile O'Keefe,29277,Utah,9.675,10.0,9.95,,Friday,2,2,2024
Makenna Smith,29277,Utah,9.875,9.85,9.875,9.925,Friday,2,2,2024
Natalie Briones,29277,Oregon State,9.85,,9.725,9.85,Friday,2,2,2024
Olivia Buckner,29277,Oregon State,,9.8,,9.95,Friday,2,2,2024
Sage Thompson,29277,Oregon State,9.85,,,9.75,Friday,2,2,2024
Savannah Miller,29277,Oregon State,,,9.05,,Friday,2,2,2024
Sophia Esposito,29277,Oregon State,,9.775,9.75,9.85,Friday,2,2,2024
Sydney Gonzales,29277,Oregon State,,9.875,9.875,9.875,Friday,2,2,2024
Taylor DeVries,29277,Oregon State,9.7,,,,Friday,2,2,2024
Ashley Phillips,29279,Winona State,8.45,,,,Friday,2,2,2024
Ashley Roth,29279,Winona State,9.0,,,,Friday,2,2,2024
Ashnaya Gupta,29279,UW-Whitewater,,9.525,9.275,,Friday,2,2,2024
Aspen Peters,29279,Winona State,,,,9.425,Friday,2,2,2024
Ava Pesch,29279,UW-Whitewater,9.45,,,9.525,Friday,2,2,2024
Bryce Stoltz,29279,Winona State,9.025,9.675,9.575,9.55,Friday,2,2,2024
Carleigh Moore,29279,UW-Whitewater,,,9.55,9.675,Friday,2,2,2024
Carley Scott,29279,UW-Whitewater,8.85,,,,Friday,2,2,2024
Chloe Hammond,29279,UW-Whitewater,,9.5,,9.65,Friday,2,2,2024
Courtney Knutson,29279,Winona State,,,9.375,,Friday,2,2,2024
Danielle Dudziak,29279,UW-Whitewater,9.425,9.525,9.525,9.425,Friday,2,2,2024
Elena Bailey,29279,UW-Whitewater,,,9.475,9.275,Friday,2,2,2024
Gracie Talley,29279,UW-Whitewater,9.55,,,,Friday,2,2,2024
Hayden Gough,29279,UW-Whitewater,9.675,,,,Friday,2,2,2024
Izzy Kropiwiec,29279,Winona State,,,9.575,9.1,Friday,2,2,2024
Jessisca Miley,29279,Winona State,9.375,9.6,9.375,9.45,Friday,2,2,2024
Kaelyn Duman,29279,Winona State,,9.5,,,Friday,2,2,2024
Kaylee Bateman,29279,Winona State,8.05,9.475,,9.375,Friday,2,2,2024
Kelsey Kollhoff,29279,UW-Whitewater,9.5,9.55,,,Friday,2,2,2024
Madysen Disekrud,29279,Winona State,,,9.6,9.5,Friday,2,2,2024
Reagan Kelly,29279,Winona State,,8.125,,,Friday,2,2,2024
Sarah Knetzke,29279,UW-Whitewater,,9.55,9.4,,Friday,2,2,2024
Taryn Sellner,29279,Winona State,,9.675,9.675,,Friday,2,2,2024
Taylor Magierka,29279,Winona State,9.075,,,,Friday,2,2,2024
Tegan Haberstock,29279,UW-Whitewater,,8.175,9.575,9.5,Friday,2,2,2024
Abby Willis,29281,Gustavus Adolphus,,,,9.4,Friday,2,2,2024
Addison Dack,29281,Gustavus Adolphus,,7.925,,,Friday,2,2,2024
Anna Mielke,29281,UW-Stout,,,9.7,9.6,Friday,2,2,2024
Ashtyn Gagner,29281,UW-Stout,,9.45,,9.55,Friday,2,2,2024
Caylee Greeder,29281,Gustavus Adolphus,,,8.75,,Friday,2,2,2024
Effie Ferguson,29281,UW-Stout,9.575,9.7,9.75,,Friday,2,2,2024
Ella Binfet,29281,Gustavus Adolphus,,,8.85,,Friday,2,2,2024
Ella Nash,29281,Gustavus Adolphus,,,,9.4,Friday,2,2,2024
Emma Brittingham,29281,UW-Stout,9.575,,,,Friday,2,2,2024
Genevieve Czaplewski,29281,UW-Stout,,9.575,,,Friday,2,2,2024
Gillian Cummins,29281,UW-Stout,9.425,9.375,9.6,9.55,Friday,2,2,2024
Isabela Krulich,29281,UW-Stout,,9.55,9.775,,Friday,2,2,2024
Jessica Qualich,29281,UW-Stout,,,9.025,9.65,Friday,2,2,2024
Katy Cash,29281,Gustavus Adolphus,,9.475,,9.3,Friday,2,2,2024
Kendra Smaby,29281,Gustavus Adolphus,8.65,,,,Friday,2,2,2024
Kiara Brown,29281,UW-Stout,9.325,,9.65,9.65,Friday,2,2,2024
Lili Guy,29281,Gustavus Adolphus,9.0,,9.475,9.475,Friday,2,2,2024
Lily Horsch,29281,Gustavus Adolphus,8.65,,,,Friday,2,2,2024
Lindsay Bangs,29281,Gustavus Adolphus,,8.75,,9.45,Friday,2,2,2024
Maddox Lee,29281,Gustavus Adolphus,9.275,9.725,9.575,,Friday,2,2,2024
Marley Michaud,29281,Gustavus Adolphus,8.775,8.65,9.55,9.425,Friday,2,2,2024
Olivia Jahnke,29281,Gustavus Adolphus,,9.3,9.675,,Friday,2,2,2024
Sarah Lutz,29281,UW-Stout,9.05,,,,Friday,2,2,2024
Sophie Schmitz,29281,Gustavus Adolphus,9.25,,,,Friday,2,2,2024
Taylar Schaefer,29281,UW-Stout,,9.5,,9.675,Friday,2,2,2024
Teagan Green,29281,UW-Stout,9.025,,,,Friday,2,2,2024
Adriana Hoffman,29284,Towson,,,,9.75,Friday,2,2,2024
Alisha Werlen,29284,Pennsylvania,,9.725,,,Friday,2,2,2024
Amanda Pedicelli,29284,Towson,7.975,,,,Friday,2,2,2024
Ana Kenefick,29284,Pennsylvania,,,9.575,,Friday,2,2,2024
Anne Marie Kuebler,29284,William & Mary,,,,8.975,Friday,2,2,2024
Anneliese Silverman,29284,George Washington,9.7,9.75,9.875,9.775,Friday,2,2,2024
Ascha Laird,29284,William & Mary,9.7,,,,Friday,2,2,2024
Brissa Portillo,29284,Towson,,9.8,,,Friday,2,2,2024
Brooke Izzo,29284,George Washington,,9.5,,,Friday,2,2,2024
Camille Vitoff,29284,Towson,9.875,,,9.75,Friday,2,2,2024
Campbell Marr,29284,Pennsylvania,,9.7,,,Friday,2,2,2024
Carly Oniki,29284,Pennsylvania,9.7,9.55,,,Friday,2,2,2024
Carmella Calafati,29284,Towson,,9.6,9.875,,Friday,2,2,2024
Caroline Blatchford,29284,William & Mary,9.775,9.55,,,Friday,2,2,2024
Catherine Bare,29284,William & Mary,9.525,,,,Friday,2,2,2024
Clara Hong,29284,Towson,8.925,9.725,9.025,,Friday,2,2,2024
Delaney DeHaan,29284,George Washington,9.8,9.7,,,Friday,2,2,2024
Elise Tisler,29284,Towson,,,9.85,9.825,Friday,2,2,2024
Emma Davies,29284,Pennsylvania,,,9.6,,Friday,2,2,2024
Felicia Poblete,29284,Towson,,,,9.825,Friday,2,2,2024
Grace Costello,29284,William & Mary,,9.75,9.775,9.575,Friday,2,2,2024
Grace Vaillancourt,29284,Towson,9.85,,9.85,,Friday,2,2,2024
Hannah Burke,29284,William & Mary,,,9.85,9.075,Friday,2,2,2024
Isabel Song,29284,Pennsylvania,,,,9.675,Friday,2,2,2024
Isabella Minervini,29284,Towson,9.925,9.625,,,Friday,2,2,2024
Jackie Tunney,29284,Pennsylvania,9.725,,,,Friday,2,2,2024
Jenna Weitz,29284,Towson,,9.1,9.85,9.7,Friday,2,2,2024
Jordan Barrow,29284,Pennsylvania,,,,9.7,Friday,2,2,2024
Kasey Burke,29284,George Washington,,,9.825,9.9,Friday,2,2,2024
Kendall Whitman,29284,George Washington,9.65,9.675,9.9,9.8,Friday,2,2,2024
Lauren Greene,29284,Towson,9.85,,,,Friday,2,2,2024
Madeline Frazier,29284,William & Mary,,9.7,8.725,,Friday,2,2,2024
Madison Perkins,29284,Pennsylvania,,,,9.7,Friday,2,2,2024
Marissa Lassiter,29284,Pennsylvania,,,9.8,9.6,Friday,2,2,2024
Marlee York,29284,George Washington,,,9.775,9.775,Friday,2,2,2024
Maya Peters,29284,George Washington,9.1,,,,Friday,2,2,2024
Melanie Faulkner,29284,William & Mary,,9.6,,,Friday,2,2,2024
Michelle Ngo,29284,William & Mary,,9.175,9.875,9.5,Friday,2,2,2024
Nancy Kiner,29284,George Washington,,9.675,,,Friday,2,2,2024
Olivia Mile,29284,William & Mary,,,8.1,,Friday,2,2,2024
Payton Lynch,29284,George Washington,,,9.7,,Friday,2,2,2024
Rachel Katz,29284,George Washington,9.725,,,9.775,Friday,2,2,2024
Retoshia Halsell,29284,Towson,,,8.625,8.975,Friday,2,2,2024
Samantha Wu,29284,Pennsylvania,,9.7,,,Friday,2,2,2024
Sara Kenefick,29284,Pennsylvania,9.75,9.675,9.7,9.7,Friday,2,2,2024
Sarah Girot,29284,Towson,,9.75,,,Friday,2,2,2024
Sarah Kuper,29284,William & Mary,9.6,8.95,,9.725,Friday,2,2,2024
Sarah Wozniak,29284,William & Mary,9.775,,,,Friday,2,2,2024
Sarah Zois,29284,George Washington,,9.5,9.725,9.85,Friday,2,2,2024
Skyelar Kerico,29284,Pennsylvania,9.875,9.725,9.825,9.725,Friday,2,2,2024
Sofia Huang,29284,William & Mary,,,,9.325,Friday,2,2,2024
Sophia Paris,29284,Pennsylvania,9.8,,,,Friday,2,2,2024
Sophia Tyeryar,29284,George Washington,9.8,,,,Friday,2,2,2024
Summer Penzi,29284,William & Mary,,,8.925,,Friday,2,2,2024
Tori Sipes,29284,William & Mary,8.875,,,,Friday,2,2,2024
Zara Gazdak,29284,Pennsylvania,9.8,,9.65,,Friday,2,2,2024
Abby Mitchell,29287,UW-La Crosse,,,,9.575,Friday,2,2,2024
Addie Gallun,29287,UW-Eau Claire,,,8.775,9.45,Friday,2,2,2024
Alessia Russo,29287,Greenville,,9.475,,,Friday,2,2,2024
Alex Wood,29287,UW-La Crosse,,,,9.725,Friday,2,2,2024
Amara Nelson,29287,Greenville,9.45,9.575,8.975,9.4,Friday,2,2,2024
Andrea O'Connell,29287,UW-Eau Claire,,,9.6,9.35,Friday,2,2,2024
Ashlie Leage,29287,Greenville,9.125,9.1,,9.325,Friday,2,2,2024
Ashlyn Barker,29287,UW-La Crosse,9.475,,,,Friday,2,2,2024
Audra Kaiser,29287,Greenville,,,8.4,,Friday,2,2,2024
Brooklynn Einck,29287,UW-Eau Claire,8.675,,,,Friday,2,2,2024
Cadence Cordova,29287,UW-Eau Claire,,,,9.4,Friday,2,2,2024
Caelen Lansing,29287,UW-La Crosse,,,9.825,,Friday,2,2,2024
Claire Robbins,29287,UW-La Crosse,9.575,9.675,9.825,,Friday,2,2,2024
Claudia Walter,29287,UW-La Crosse,9.2,,,,Friday,2,2,2024
Doree Shelton,29287,Greenville,,9.45,,,Friday,2,2,2024
Ellery Gilmer,29287,Greenville,,,9.6,,Friday,2,2,2024
Elli Schnieders,29287,Greenville,,,,9.3,Friday,2,2,2024
Emily Leese,29287,UW-Eau Claire,,,9.5,9.325,Friday,2,2,2024
Erin Donovan,29287,UW-Eau Claire,8.6,,,,Friday,2,2,2024
Georgia Guynn,29287,UW-Eau Claire,,9.4,,,Friday,2,2,2024
Hannah Hautala,29287,UW-La Crosse,,9.65,,,Friday,2,2,2024
Harriet Toth,29287,UW-Eau Claire,9.125,8.975,9.675,9.575,Friday,2,2,2024
Isabella Feltman,29287,Greenville,,9.6,8.925,9.425,Friday,2,2,2024
Jessica Taylor,29287,UW-La Crosse,,,9.8,,Friday,2,2,2024
Jordan Halcom,29287,UW-La Crosse,,9.675,,,Friday,2,2,2024
Kelsey Donovan,29287,UW-Eau Claire,,,9.425,,Friday,2,2,2024
Kyla Dickson,29287,UW-La Crosse,,9.65,9.725,,Friday,2,2,2024
Lauren Main,29287,UW-La Crosse,9.625,,,,Friday,2,2,2024
Lilly Millington,29287,UW-La Crosse,,,,9.725,Friday,2,2,2024
Linnea Vasali,29287,UW-Eau Claire,,9.65,,,Friday,2,2,2024
Madison Carter,29287,Greenville,8.55,,,,Friday,2,2,2024
Madison Daly,29287,UW-Eau Claire,9.15,,,,Friday,2,2,2024
Marisa Zepeda,29287,UW-La Crosse,,7.8,,,Friday,2,2,2024
Meghan Dahlin,29287,UW-Eau Claire,,9.7,,,Friday,2,2,2024
Molly Campbell,29287,UW-Eau Claire,,9.6,9.725,9.3,Friday,2,2,2024
Olivia Tocco,29287,Greenville,,9.575,,8.925,Friday,2,2,2024
Paige Breckwoldt,29287,UW-La Crosse,,,9.75,9.6,Friday,2,2,2024
Rachel Chesley,29287,UW-La Crosse,9.725,,9.775,9.8,Friday,2,2,2024
Rachel Hettiarachchy,29287,UW-Eau Claire,7.6,,,,Friday,2,2,2024
Rachel Miller,29287,Greenville,9.0,,9.85,9.325,Friday,2,2,2024
Raina Christenson,29287,UW-La Crosse,,9.8,,,Friday,2,2,2024
Reagan Rodriguez,29287,Greenville,8.6,,,,Friday,2,2,2024
Sarah Best,29287,UW-La Crosse,8.875,,,,Friday,2,2,2024
Sarah Pastore,29287,UW-La Crosse,,,,9.575,Friday,2,2,2024
Sienna Blake,29287,Greenville,9.35,,,,Friday,2,2,2024
Taylor Templin,29287,Greenville,,,9.65,,Friday,2,2,2024
Tia Ravara,29287,UW-Eau Claire,9.375,8.975,,,Friday,2,2,2024
Alex Theodorou,29290,Arizona State,,,,9.825,Friday,2,2,2024
Anaya Smith,29290,Arizona State,,,,9.95,Friday,2,2,2024
Andi Li,29290,California,9.825,9.875,9.8,,Friday,2,2,2024
Audrey Davis,29290,Oklahoma,9.975,9.9,9.9,9.85,Friday,2,2,2024
Bell Johnson,29290,Oklahoma,,,9.85,,Friday,2,2,2024
Cassi Barbanente,29290,Arizona State,9.825,,,,Friday,2,2,2024
Cienna Samiley,29290,Arizona State,9.85,,,,Friday,2,2,2024
Danielle Sievers,29290,Oklahoma,9.95,,,,Friday,2,2,2024
Ella Cesario,29290,California,9.875,9.8,,9.875,Friday,2,2,2024
Emily White,29290,Arizona State,9.8,9.9,9.9,,Friday,2,2,2024
Faith Torrez,29290,Oklahoma,9.875,9.975,9.925,9.85,Friday,2,2,2024
Gabby Perea,29290,California,9.975,9.925,,,Friday,2,2,2024
Gracie Reeves,29290,Arizona State,9.7,9.875,,9.775,Friday,2,2,2024
Halle Gregoire,29290,Arizona State,,,9.85,9.825,Friday,2,2,2024
Hannah Scharf,29290,Arizona State,,9.85,9.875,9.875,Friday,2,2,2024
Hannah Scheible,29290,Oklahoma,,,,9.675,Friday,2,2,2024
Jada Mangahas,29290,Arizona State,9.85,9.925,9.85,9.8,Friday,2,2,2024
Jayden Silvers,29290,California,,,,9.825,Friday,2,2,2024
Jordan Bowers,29290,Oklahoma,10.0,9.9,9.975,9.8,Friday,2,2,2024
Jordan Kane,29290,California,,,9.875,,Friday,2,2,2024
Katherine LeVasseur,29290,Oklahoma,9.95,9.925,9.9,9.875,Friday,2,2,2024
Kayla Lee,29290,Arizona State,,9.825,9.775,,Friday,2,2,2024
Keira Wells,29290,Oklahoma,,9.95,,9.875,Friday,2,2,2024
Kimberly Smith,29290,Arizona State,,,9.85,,Friday,2,2,2024
Kyen Mayhew,29290,California,,,9.9,9.85,Friday,2,2,2024
Madelyn Williams,29290,California,9.9,9.9,9.875,9.7,Friday,2,2,2024
Mya Lauzon,29290,California,9.8,9.95,9.925,9.95,Friday,2,2,2024
Ragan Smith,29290,Oklahoma,9.95,9.9,9.95,,Friday,2,2,2024
Sarah Clark,29290,Arizona State,9.9,9.875,,,Friday,2,2,2024
eMjae Frazier,29290,California,9.95,9.925,9.85,9.925,Friday,2,2,2024
Alexa Chuy,29293,Talladega,8.85,9.675,9.575,9.75,Friday,2,2,2024
Aliyah Reed-Hammon,29293,Fisk,,9.025,,9.65,Friday,2,2,2024
Alondra Maldonado,29293,Talladega,,9.775,9.6,,Friday,2,2,2024
Alyssa Wiggins,29293,Fisk,8.2,,,,Friday,2,2,2024
Amelia Budd,29293,Temple,,,,9.8,Friday,2,2,2024
Angelina Hogan,29293,Temple,9.45,,,,Friday,2,2,2024
Aniyah Taylor,29293,Fisk,9.125,9.675,,9.15,Friday,2,2,2024
Anna Hill,29293,Auburn,,,,9.7,Friday,2,2,2024
Aria Brusch,29293,Auburn,9.875,9.85,9.85,,Friday,2,2,2024
Brooke Donabedian,29293,Temple,,9.525,9.725,,Friday,2,2,2024
Cassie Stevens,29293,Auburn,9.875,9.875,9.875,9.925,Friday,2,2,2024
Ciniah Rosby,29293,Fisk,9.675,9.5,9.65,9.75,Friday,2,2,2024
Cyrena Whalen,29293,Temple,9.725,9.25,,,Friday,2,2,2024
Emily Johnson,29293,Temple,9.775,,,,Friday,2,2,2024
Gabby McLaughlin,29293,Auburn,9.775,9.925,9.95,,Friday,2,2,2024
Hannah Hagle,29293,Auburn,,,9.875,,Friday,2,2,2024
Hannah Stallings,29293,Temple,,,9.75,9.625,Friday,2,2,2024
Jada Reece,29293,Fisk,,,9.55,,Friday,2,2,2024
Jaidyn Bryant,29293,Talladega,,,8.925,9.55,Friday,2,2,2024
Jamilia Duffus,29293,Talladega,8.8,,,,Friday,2,2,2024
Jordynn Cromartie,29293,Fisk,,,9.675,,Friday,2,2,2024
Kaylei McDonald,29293,Fisk,,9.575,,,Friday,2,2,2024
Kiana Session,29293,Fisk,,,,9.425,Friday,2,2,2024
Kiara Richmon,29293,Fisk,9.575,,,,Friday,2,2,2024
Kiora Peart-Williams,29293,Talladega,9.725,,9.2,9.575,Friday,2,2,2024
Krystin Johnson,29293,Talladega,9.625,9.125,9.6,9.75,Friday,2,2,2024
Landyn Williams,29293,Talladega,,,9.6,9.425,Friday,2,2,2024
Liberty Mora,29293,Fisk,,9.6,9.7,,Friday,2,2,2024
Mackenzie Aresta,29293,Temple,,,,9.7,Friday,2,2,2024
Mackenzie Butler,29293,Talladega,,8.275,,9.3,Friday,2,2,2024
Madison Dorunda,29293,Temple,,9.025,9.7,,Friday,2,2,2024
Madisson Elmore,29293,Temple,9.525,,,,Friday,2,2,2024
Morgan Price,29293,Fisk,9.8,9.325,9.75,9.825,Friday,2,2,2024
Morgan Swaby,29293,Talladega,8.225,9.775,,,Friday,2,2,2024
Olivia Greaves,29293,Auburn,9.875,,,,Friday,2,2,2024
Olivia Hollingsworth,29293,Auburn,9.775,9.875,9.9,9.825,Friday,2,2,2024
Paige Zancan,29293,Auburn,,9.825,,,Friday,2,2,2024
Payton Monk,29293,Temple,,,9.775,9.65,Friday,2,2,2024
Promise Jean-Marie,29293,Talladega,8.7,,,,Friday,2,2,2024
Reese DeHaan,29293,Temple,9.75,,,,Friday,2,2,2024
Renee Schugman,29293,Temple,,9.7,9.825,9.75,Friday,2,2,2024
Sara Hubbard,29293,Auburn,,,,9.875,Friday,2,2,2024
Sarah Stallings,29293,Temple,9.775,9.6,,,Friday,2,2,2024
Sidnei Heubach,29293,Talladega,,9.2,,,Friday,2,2,2024
Sophia Groth,29293,Auburn,9.9,9.9,9.875,9.775,Friday,2,2,2024
Summer Ruskey,29293,Temple,,9.375,9.25,9.75,Friday,2,2,2024
Sydney Schumaker,29293,Auburn,,,,9.825,Friday,2,2,2024
Sydney Smith,29293,Fisk,9.525,,,,Friday,2,2,2024
Zyia Coleman,29293,Fisk,,,9.675,9.45,Friday,2,2,2024
Allix Mason,29297,BYU,9.825,,,,Friday,2,2,2024
Amber Lowe,29297,West Virginia,9.725,9.575,9.825,,Friday,2,2,2024
Anna Bramblett-Wilde,29297,BYU,9.875,,,,Friday,2,2,2024
Anyssa Alvarado,29297,BYU,8.625,,,,Friday,2,2,2024
Ava Jorgensen,29297,BYU,,,9.875,9.75,Friday,2,2,2024
Brooke Alban,29297,West Virginia,9.675,9.5,9.8,9.75,Friday,2,2,2024
Brynlee Andersen,29297,BYU,,9.8,,,Friday,2,2,2024
Brynn Freehling,29297,West Virginia,,,9.475,,Friday,2,2,2024
Elease Rollins,29297,BYU,,9.85,,9.725,Friday,2,2,2024
Eliza Millar-Crossman,29297,BYU,,9.725,9.775,,Friday,2,2,2024
Ellen Collins,29297,West Virginia,,,9.8,9.2,Friday,2,2,2024
Emma Wehry,29297,West Virginia,7.7,,,,Friday,2,2,2024
Jayden McDonnell,29297,West Virginia,9.675,,,9.725,Friday,2,2,2024
Julia Brown,29297,West Virginia,,9.75,,,Friday,2,2,2024
Jurnee Lane,29297,West Virginia,9.675,9.6,9.75,,Friday,2,2,2024
Kiana Lewis,29297,West Virginia,,9.625,9.775,9.825,Friday,2,2,2024
Kylie Eaquinto,29297,BYU,9.85,,9.8,9.825,Friday,2,2,2024
Linsey Hunter-Kempler,29297,BYU,9.875,,,,Friday,2,2,2024
Madison Raesly-Patton,29297,BYU,,9.75,,,Friday,2,2,2024
Melissa Earl,29297,BYU,,,,9.725,Friday,2,2,2024
Mina Margraf-Benson,29297,BYU,,9.875,,,Friday,2,2,2024
Miranda Smith,29297,West Virginia,9.475,9.7,,,Friday,2,2,2024
Olivia Matern,29297,BYU,,,9.85,,Friday,2,2,2024
Sierra Muns,29297,West Virginia,,,,9.575,Friday,2,2,2024
Sophie Dudley,29297,BYU,,9.825,9.9,9.75,Friday,2,2,2024
Sydney Benson,29297,BYU,9.8,,9.9,9.775,Friday,2,2,2024
Adriana Popp,29299,Boise State,,9.85,,9.85,Friday,2,2,2024
Alyssa Vulaj,29299,Boise State,,9.8,9.7,9.625,Friday,2,2,2024
Blake Pascal,29299,Boise State,,,9.825,,Friday,2,2,2024
Carly Buell,29299,Boise State,9.8,,,,Friday,2,2,2024
Courtney Blackson,29299,Boise State,9.825,,9.95,9.75,Friday,2,2,2024
Elaina McGovern,29299,Boise State,9.75,,9.9,9.7,Friday,2,2,2024
Ella Schell,29299,Iowa State,9.675,,9.775,,Friday,2,2,2024
Emilie Hong,29299,Iowa State,,,9.75,9.125,Friday,2,2,2024
Emily Lopez,29299,Boise State,9.875,9.875,,9.825,Friday,2,2,2024
Emma Loyim,29299,Boise State,,9.875,9.875,,Friday,2,2,2024
Hannah Loyim,29299,Iowa State,9.875,9.75,9.85,9.775,Friday,2,2,2024
Josie Bergstrom-Te Slaa,29299,Iowa State,,9.875,,9.925,Friday,2,2,2024
Kaia Parker,29299,Iowa State,,,9.85,9.825,Friday,2,2,2024
Kylee Hamby,29299,Boise State,9.825,,,,Friday,2,2,2024
Laura Cooke,29299,Iowa State,9.75,,9.8,,Friday,2,2,2024
Lauren O'Brochta,29299,Iowa State,,8.775,,,Friday,2,2,2024
Lauren Thomas,29299,Iowa State,9.275,9.825,,,Friday,2,2,2024
Loganne Basuel,29299,Iowa State,9.75,,,,Friday,2,2,2024
Madelyn Manternach,29299,Iowa State,,8.975,,,Friday,2,2,2024
Mahleea Werline,29299,Boise State,9.85,,,,Friday,2,2,2024
Noelle Adams,29299,Iowa State,,9.9,9.9,9.875,Friday,2,2,2024
Paige Wills,29299,Iowa State,9.825,,,9.775,Friday,2,2,2024
Sydney Kho,29299,Boise State,,9.8,,9.75,Friday,2,2,2024
Sydney Leitch,29299,Boise State,,9.825,8.875,,Friday,2,2,2024
Ady Wahl,29301,Georgia,9.875,9.775,9.85,9.775,Friday,2,2,2024
Amanda Cashman,29301,Georgia,,,9.875,9.775,Friday,2,2,2024
Anya Pilgrim,29301,Florida,9.875,9.9,9.85,9.925,Friday,2,2,2024
Anya Turner,29301,Georgia,,9.825,,,Friday,2,2,2024
Ashlyn LaClair,29301,Georgia,,,9.825,9.85,Friday,2,2,2024
Danie Ferris,29301,Florida,,,,9.85,Friday,2,2,2024
Ellie Lazzari,29301,Florida,9.9,9.925,,9.825,Friday,2,2,2024
Eryn Williams,29301,Georgia,,,9.7,,Friday,2,2,2024
Gabby Disidore,29301,Florida,9.875,,,,Friday,2,2,2024
Holly Snyder,29301,Georgia,9.9,,,,Friday,2,2,2024
Ja' Free Scott,29301,Georgia,9.9,9.9,,9.825,Friday,2,2,2024
Jaydah Battle,29301,Georgia,,9.875,,,Friday,2,2,2024
Katie Finnegan,29301,Georgia,9.55,,,9.85,Friday,2,2,2024
Leanne Wong,29301,Florida,9.875,9.3,,9.925,Friday,2,2,2024
Lily Smith,29301,Georgia,9.95,9.875,9.925,9.85,Friday,2,2,2024
Morgan Hurd,29301,Florida,,,9.9,,Friday,2,2,2024
Naya Howard,29301,Georgia,9.875,,,,Friday,2,2,2024
Payton Richards,29301,Florida,,,9.825,,Friday,2,2,2024
Sidney Fitzgerald,29301,Georgia,,,9.825,,Friday,2,2,2024
Skylar Draser,29301,Florida,,9.85,9.8,9.9,Friday,2,2,2024
Sloane Blakely,29301,Florida,9.575,9.925,9.825,9.85,Friday,2,2,2024
Victoria Nguyen,29301,Florida,9.825,9.775,9.9,,Friday,2,2,2024
Zora Morgan,29301,Georgia,,9.875,,,Friday,2,2,2024
Aleah Finnegan,29303,LSU,,9.9,9.925,9.875,Friday,2,2,2024
Alexis Jeffrey,29303,LSU,9.875,9.875,,,Friday,2,2,2024
Amari Drayton,29303,LSU,,,9.9,9.9,Friday,2,2,2024
Ashley Cowan,29303,LSU,9.775,,,,Friday,2,2,2024
Cally Swaney,29303,Arkansas,9.725,9.125,,,Friday,2,2,2024
Cami Weaver,29303,Arkansas,,9.925,,9.8,Friday,2,2,2024
Dakota Essenpries,29303,Arkansas,,,,9.825,Friday,2,2,2024
Frankie Price,29303,Arkansas,,,9.9,9.875,Friday,2,2,2024
Hailey Klein,29303,Arkansas,,,9.6,,Friday,2,2,2024
Haleigh Bryant,29303,LSU,9.9,9.95,10.0,9.975,Friday,2,2,2024
Jaime Pratt,29303,Arkansas,9.85,,,,Friday,2,2,2024
Jensen Scalzo,29303,Arkansas,9.0,,,,Friday,2,2,2024
KJ Johnson,29303,LSU,,,,9.875,Friday,2,2,2024
Kalyxta Gamiao,29303,Arkansas,,9.775,,,Friday,2,2,2024
Kiya Johnson,29303,LSU,9.9,9.9,9.975,9.9,Friday,2,2,2024
Konnor McClain,29303,LSU,9.925,9.975,9.975,,Friday,2,2,2024
Lauren Williams,29303,Arkansas,,,9.925,9.875,Friday,2,2,2024
Leah Smith,29303,Arkansas,,,9.8,9.775,Friday,2,2,2024
Maddie Jones,29303,Arkansas,9.05,9.85,9.9,,Friday,2,2,2024
Olivia Dunne,29303,LSU,,,9.875,,Friday,2,2,2024
Priscilla Park,29303,Arkansas,9.775,9.975,9.85,9.825,Friday,2,2,2024
Reese Drotar,29303,Arkansas,9.775,,,,Friday,2,2,2024
Savannah Schoenherr,29303,LSU,9.95,,,9.8,Friday,2,2,2024
Sierra Ballard,29303,LSU,,9.9,,,Friday,2,2,2024
Sirena Linton,29303,Arkansas,,9.925,,,Friday,2,2,2024
Amy Wozniak,29305,North Carolina,,,9.7,,Friday,2,2,2024
Arayah Simons,29305,Pittsburgh,9.825,9.825,,9.825,Friday,2,2,2024
Bella Miller,29305,North Carolina,,,9.75,,Friday,2,2,2024
Camryn Rueda,29305,North Carolina,,9.0,9.675,,Friday,2,2,2024
Ciara Ward,29305,Pittsburgh,,,9.675,9.875,Friday,2,2,2024
Cory Shinohara,29305,North Carolina,,,,9.525,Friday,2,2,2024
Elly King,29305,North Carolina,,9.45,,9.7,Friday,2,2,2024
Emily Todd,29305,Pittsburgh,9.8,9.425,9.775,9.675,Friday,2,2,2024
Faith Lerro,29305,Pittsburgh,9.725,,,,Friday,2,2,2024
Gwen Fink,29305,North Carolina,9.675,,,,Friday,2,2,2024
Hallie Copperwheat,29305,Pittsburgh,,9.9,9.825,,Friday,2,2,2024
Hallie Thompson,29305,North Carolina,,9.8,,,Friday,2,2,2024
Isabelle Schaefer,29305,North Carolina,9.05,,,,Friday,2,2,2024
Jah'Liyah Bedminster,29305,Pittsburgh,9.75,,9.9,9.95,Friday,2,2,2024
Jamie Shearer,29305,North Carolina,9.625,,,,Friday,2,2,2024
Jessica Naranjo,29305,North Carolina,,9.8,,,Friday,2,2,2024
Jordyn Ewing,29305,Pittsburgh,9.825,9.85,9.925,,Friday,2,2,2024
Julia Knower,29305,North Carolina,9.7,9.85,9.85,9.75,Friday,2,2,2024
Julie Madso,29305,Pittsburgh,9.725,9.725,,9.725,Friday,2,2,2024
Kaya Forbes,29305,North Carolina,9.775,,9.9,9.7,Friday,2,2,2024
Kaylee Larson,29305,Pittsburgh,,,9.9,,Friday,2,2,2024
Kennedy Duke,29305,Pittsburgh,,,,9.775,Friday,2,2,2024
Lali Dekanoidze,29305,North Carolina,9.825,,,9.825,Friday,2,2,2024
Reyna Garvey,29305,Pittsburgh,,9.825,,,Friday,2,2,2024
Taylor Schulze,29305,North Carolina,,9.9,9.775,,Friday,2,2,2024
Amelia Moneymaker,29307,UC Davis,9.8,9.75,9.775,9.775,Friday,2,2,2024
Athena Jones,29307,Sacramento State,,9.65,9.775,,Friday,2,2,2024
Ava Scafani,29307,UC Davis,8.1,9.8,,,Friday,2,2,2024
Ayumi Oshiro,29307,UC Davis,9.75,9.75,,9.525,Friday,2,2,2024
Bella Lahmidi,29307,Sacramento State,9.7,,,,Friday,2,2,2024
Emma Morgenthaler,29307,Sacramento State,9.625,9.75,9.775,9.275,Friday,2,2,2024
Emma Otsu,29307,UC Davis,9.625,9.725,9.775,9.775,Friday,2,2,2024
Grace Gilman,29307,Sacramento State,,9.525,9.725,9.725,Friday,2,2,2024
Isabella Fitz-Gerald,29307,UC Davis,9.775,,,,Friday,2,2,2024
Jadyn Wakita,29307,UC Davis,9.675,,,9.5,Friday,2,2,2024
Jillianne Lastra,29307,Sacramento State,9.675,,,,Friday,2,2,2024
Kara Houghton,29307,Sacramento State,9.775,9.55,,,Friday,2,2,2024
Keanna Abraham,29307,UC Davis,,8.975,9.9,9.875,Friday,2,2,2024
Marisa Laird,29307,UC Davis,,8.9,,,Friday,2,2,2024
Megan Ray,29307,UC Davis,,,9.9,9.925,Friday,2,2,2024
Nandhini Senthil,29307,UC Davis,,,9.775,,Friday,2,2,2024
Rose Wilson,29307,Sacramento State,,,,9.825,Friday,2,2,2024
Rylin Zimmerman,29307,Sacramento State,,9.8,9.325,9.8,Friday,2,2,2024
Sarah Fitzgerald,29307,Sacramento State,9.825,,,9.725,Friday,2,2,2024
Sarah Lutrel,29307,Sacramento State,9.55,9.775,9.725,9.7,Friday,2,2,2024
Simone Dumas-Guzman,29307,Sacramento State,,,9.775,,Friday,2,2,2024
Alex Routsis,29309,Southern Utah,9.75,,,,Friday,2,2,2024
Alivia Ostendorf,29309,Utah State,,9.65,9.875,9.825,Friday,2,2,2024
Aly Coutu,29309,Southern Utah,,9.775,,,Friday,2,2,2024
Alyssa Fernandez,29309,Southern Utah,,9.875,9.775,,Friday,2,2,2024
Amari Evans,29309,Utah State,,,9.85,,Friday,2,2,2024
Angel Stuart,29309,Utah State,9.725,,,9.75,Friday,2,2,2024
Anna Hartley,29309,Southern Utah,,9.125,,,Friday,2,2,2024
Aubri Schwartze,29309,Southern Utah,9.85,,,,Friday,2,2,2024
Avery Bibbey,29309,Utah State,9.75,,,,Friday,2,2,2024
Brianna Brooks,29309,Utah State,9.9,9.9,,9.8,Friday,2,2,2024
Brinlee Christensen,29309,Southern Utah,9.75,,9.775,,Friday,2,2,2024
Dani Kirstine,29309,Utah State,9.9,9.875,,,Friday,2,2,2024
Ellie Cacciola,29309,Southern Utah,,9.95,9.775,9.85,Friday,2,2,2024
Isabella Neff,29309,Southern Utah,9.875,,,,Friday,2,2,2024
Isabella Vater,29309,Utah State,,,9.75,,Friday,2,2,2024
Jenna Eagles,29309,Utah State,,,9.775,,Friday,2,2,2024
Juliette Boyer,29309,Utah State,9.85,,,9.625,Friday,2,2,2024
Kayla Pardue,29309,Southern Utah,,,9.85,9.85,Friday,2,2,2024
Kennedi McClain,29309,Southern Utah,,9.95,,9.875,Friday,2,2,2024
Lexi Aragon,29309,Utah State,9.7,9.925,,,Friday,2,2,2024
Mackenzie Kelly,29309,Southern Utah,,,,9.75,Friday,2,2,2024
Marley Peterson,29309,Utah State,,,9.5,,Friday,2,2,2024
Mya Witte,29309,Utah State,,9.65,,,Friday,2,2,2024
Niya Randolph,29309,Southern Utah,9.925,9.825,9.75,9.775,Friday,2,2,2024
Nyla Morabito,29309,Utah State,,,9.925,9.85,Friday,2,2,2024
Payton Gatzlaff,29309,Utah State,,,,9.725,Friday,2,2,2024
Sydney Jelen,29309,Utah State,,9.675,,,Friday,2,2,2024
Taylor Gull,29309,Southern Utah,,,9.9,9.75,Friday,2,2,2024
Trista Goodman,29309,Southern Utah,9.85,,,,Friday,2,2,2024
Alexis Ortega,29311,North Carolina State,9.825,9.8,,9.75,Friday,2,2,2024
Ashley Knight,29311,North Carolina State,,,9.875,9.85,Friday,2,2,2024
Chloe Negrete,29311,North Carolina State,,9.825,9.9,9.875,Friday,2,2,2024
Elle Hadrick,29311,North Carolina State,9.8,,9.825,,Friday,2,2,2024
Emily Shepard,29311,North Carolina State,9.85,9.8,9.9,9.8,Friday,2,2,2024
Eve Jackson,29311,Clemson,9.85,9.7,9.85,9.7,Friday,2,2,2024
Kailee Adomaites,29311,North Carolina State,9.725,,,,Friday,2,2,2024
Kaitlin DeGuzman,29311,Clemson,9.85,,,,Friday,2,2,2024
Katie Harper,29311,North Carolina State,9.8,9.725,,,Friday,2,2,2024
Kielyn McCright,29311,Clemson,,8.9,,,Friday,2,2,2024
Krista Zultevicz,29311,North Carolina State,,,9.85,9.775,Friday,2,2,2024
Lauren Rutherford,29311,Clemson,9.8,,9.95,9.825,Friday,2,2,2024
Lilly Lippeatt,29311,Clemson,9.825,9.775,,,Friday,2,2,2024
Macy Jennings,29311,North Carolina State,,9.7,,,Friday,2,2,2024
Maddie Hall,29311,North Carolina State,,,9.65,,Friday,2,2,2024
Madison Minner,29311,Clemson,,,9.875,9.75,Friday,2,2,2024
Maggie Holman,29311,Clemson,,,9.9,9.85,Friday,2,2,2024
Meg Adler,29311,North Carolina State,,9.7,,9.75,Friday,2,2,2024
Molly Arnold,29311,Clemson,,,9.95,9.85,Friday,2,2,2024
Peyton Childs,29311,North Carolina State,9.775,,,,Friday,2,2,2024
Quinn Kuhl,29311,Clemson,,8.875,,,Friday,2,2,2024
Rebecca Wells,29311,Clemson,9.775,9.85,,,Friday,2,2,2024
Sierra Church,29311,Clemson,,9.65,,,Friday,2,2,2024
Trinity Brown,29311,Clemson,,,9.8,9.775,Friday,2,2,2024
Trinity Webb,29311,Clemson,9.825,,,,Friday,2,2,2024
Annie Reigert,29313,Kentucky,9.7,,,,Friday,2,2,2024
Arianna Patterson,29313,Kentucky,,9.875,9.875,9.9,Friday,2,2,2024
Bailey Bunn,29313,Kentucky,9.875,9.15,,,Friday,2,2,2024
Cameron Machado,29313,Alabama,9.9,,9.9,,Friday,2,2,2024
Cecily Rizo,29313,Kentucky,9.75,,,9.85,Friday,2,2,2024
Chloe LaCoursiere,29313,Alabama,9.75,,,9.725,Friday,2,2,2024
Creslyn Brose,29313,Kentucky,,9.8,9.9,,Friday,2,2,2024
Delaynee Rodriguez,29313,Kentucky,9.775,9.875,9.85,9.775,Friday,2,2,2024
Ella Burgess,29313,Alabama,,9.875,,,Friday,2,2,2024
Gabby Gladieux,29313,Alabama,,9.875,9.775,9.875,Friday,2,2,2024
Hailey Davis,29313,Kentucky,,,9.9,,Friday,2,2,2024
Isabella Magnelli,29313,Kentucky,,9.925,,9.875,Friday,2,2,2024
Jamison Sears,29313,Alabama,,,9.825,9.9,Friday,2,2,2024
Jillian Procasky,29313,Kentucky,9.875,,9.85,,Friday,2,2,2024
Lilly Hudson,29313,Alabama,,9.825,9.9,9.85,Friday,2,2,2024
Luisa Blanco,29313,Alabama,9.875,9.65,9.925,9.875,Friday,2,2,2024
Makarri Doggette,29313,Alabama,9.85,,,,Friday,2,2,2024
Makenzie Wilson,29313,Kentucky,,,,9.95,Friday,2,2,2024
Mati Waligora,29313,Alabama,,9.875,9.85,,Friday,2,2,2024
Natalia Pawlak,29313,Alabama,9.875,,,,Friday,2,2,2024
Raena Worley,29313,Kentucky,9.95,9.95,10.0,9.85,Friday,2,2,2024
Shania Adams,29313,Alabama,9.725,9.2,,9.5,Friday,2,2,2024
Aladiana Tosado,29315,Brockport,8.875,,,,Saturday,3,2,2024
Alexa Rose Pahila,29315,Cortland State,9.425,8.975,,,Saturday,3,2,2024
Autumn Adkins,29315,Cortland State,9.0,,9.5,9.4,Saturday,3,2,2024
Cali Czarcinski,29315,Brockport,,9.075,9.725,,Saturday,3,2,2024
Christelle Louis,29315,Cortland State,,8.325,,,Saturday,3,2,2024
Delaney Brown,29315,Cortland State,,,9.825,9.6,Saturday,3,2,2024
Emma Grace Sargent,29315,Brockport,9.85,,,9.7,Saturday,3,2,2024
Gabrielle Nadler,29315,Cortland State,,9.475,9.75,,Saturday,3,2,2024
Gianna Mirigliano,29315,Cortland State,,9.75,9.675,9.675,Saturday,3,2,2024
Gracie Weaver,29315,Brockport,,,,9.45,Saturday,3,2,2024
Kathryn McSweeney,29315,Cortland State,9.6,,9.575,,Saturday,3,2,2024
Kiana Wong,29315,Cortland State,,,,9.225,Saturday,3,2,2024
Kiara Hockman,29315,Brockport,,8.55,9.625,,Saturday,3,2,2024
Kirsten Paultre,29315,Brockport,,,9.825,9.575,Saturday,3,2,2024
Kyleigh Brown,29315,Cortland State,9.1,,,,Saturday,3,2,2024
Laken Sooy,29315,Brockport,,9.05,,,Saturday,3,2,2024
Lienna Kay,29315,Brockport,9.725,9.675,9.7,9.5,Saturday,3,2,2024
Maren Eramo,29315,Brockport,9.5,,,9.825,Saturday,3,2,2024
Maya Pecoraro,29315,Brockport,,9.5,9.65,,Saturday,3,2,2024
Natalie Galioto,29315,Brockport,,8.95,9.825,9.55,Saturday,3,2,2024
Ninabella English,29315,Cortland State,,,,9.55,Saturday,3,2,2024
Rachel Swick,29315,Brockport,8.75,,,,Saturday,3,2,2024
Rianna Adams,29315,Cortland State,9.425,,,,Saturday,3,2,2024
Rory Allan,29315,Cortland State,,,,9.375,Saturday,3,2,2024
Taylor Bushey,29315,Brockport,9.7,,,,Saturday,3,2,2024
Taylor Goldstein,29315,Cortland State,9.375,8.4,,,Saturday,3,2,2024
Victoria Cave,29315,Cortland State,,9.075,,,Saturday,3,2,2024
Zoe Potamianos,29315,Cortland State,,,9.375,,Saturday,3,2,2024
Alyssa Kramer,29317,Penn State,,,9.875,,Saturday,3,2,2024
Amani Herring,29317,Penn State,,9.175,9.95,9.825,Saturday,3,2,2024
Ashley Maul,29317,Penn State,,9.75,,,Saturday,3,2,2024
Ava Piedrahita,29317,Penn State,9.825,9.85,9.55,9.9,Saturday,3,2,2024
Bella Salcedo,29317,Penn State,,9.875,9.95,9.75,Saturday,3,2,2024
Cassidy Rushlow,29317,Penn State,9.925,,,,Saturday,3,2,2024
Ella Sirjord,29317,Minnesota,9.9,9.95,,,Saturday,3,2,2024
Emily Koch,29317,Minnesota,,9.9,9.9,,Saturday,3,2,2024
Gabrielle Gallentine,29317,Penn State,9.9,,,,Saturday,3,2,2024
Gianna Gerdes,29317,Minnesota,9.875,9.875,9.925,9.85,Saturday,3,2,2024
Jessica Johanson,29317,Penn State,9.65,,,9.75,Saturday,3,2,2024
Jordyn Lyden,29317,Minnesota,9.975,,,,Saturday,3,2,2024
Kalea McElligott,29317,Penn State,9.75,9.9,9.85,9.85,Saturday,3,2,2024
Katie Horak,29317,Minnesota,,9.95,,,Saturday,3,2,2024
Lauren Pearl,29317,Minnesota,,9.85,9.9,9.8,Saturday,3,2,2024
Maddie Johnston,29317,Penn State,9.875,9.825,9.775,9.825,Saturday,3,2,2024
Marissa Jencks,29317,Minnesota,9.9,,9.9,9.775,Saturday,3,2,2024
Mya Hooten,29317,Minnesota,8.825,,9.85,9.9,Saturday,3,2,2024
Sarah Moraw,29317,Minnesota,,9.9,,9.825,Saturday,3,2,2024
Seria Johnson,29317,Minnesota,,,9.85,,Saturday,3,2,2024
Sophia Nguyen,29317,Minnesota,9.675,,,9.775,Saturday,3,2,2024
Abigail Bunch,29319,Rhode Island College,9.4,,,,Saturday,3,2,2024
Alexis Castellaneta,29319,Utica,8.9,9.45,9.8,9.5,Saturday,3,2,2024
Alison Silva,29319,Rhode Island College,8.45,,,,Saturday,3,2,2024
Angelina Merulla,29319,Utica,,,8.725,,Saturday,3,2,2024
Christina Troche,29319,Utica,9.25,,8.675,,Saturday,3,2,2024
Emma Tucker,29319,Rhode Island College,,9.725,9.75,9.45,Saturday,3,2,2024
Grace Marra,29319,Utica,9.25,9.65,9.75,9.5,Saturday,3,2,2024
Haley Miller,29319,Utica,,8.15,,9.375,Saturday,3,2,2024
Ivy Jimenez,29319,Rhode Island College,,9.525,,9.375,Saturday,3,2,2024
Jessica Nugent,29319,Rhode Island College,,8.2,,,Saturday,3,2,2024
Jolie Carpino,29319,Rhode Island College,7.75,,,,Saturday,3,2,2024
Joscelyn Wabick,29319,Utica,,,,8.775,Saturday,3,2,2024
Julia Yitts,29319,Rhode Island College,,,9.45,,Saturday,3,2,2024
Kelsey Gates,29319,Rhode Island College,9.275,9.6,9.9,9.425,Saturday,3,2,2024
Madeline Brandt,29319,Rhode Island College,,,9.5,,Saturday,3,2,2024
Madison Reed,29319,Utica,,9.4,,9.3,Saturday,3,2,2024
Melissa Ainsley Pinkard,29319,Utica,9.075,,,,Saturday,3,2,2024
Morgan Lunn,29319,Rhode Island College,,9.375,9.725,,Saturday,3,2,2024
Olivia Fragala,29319,Utica,,9.15,,,Saturday,3,2,2024
Olivia Keyes,29319,Rhode Island College,9.425,9.775,9.75,9.35,Saturday,3,2,2024
Olivia Rosen,29319,Utica,8.6,,9.3,,Saturday,3,2,2024
Payton Green,29319,Rhode Island College,9.2,,,9.7,Saturday,3,2,2024
Ryli McGorry,29319,Utica,8.4,,9.375,9.225,Saturday,3,2,2024
Sophia Damiano,29319,Rhode Island College,,,,9.55,Saturday,3,2,2024
Alonna Kratzer,29321,Missouri,9.725,,,,Saturday,3,2,2024
Amari Celestine,29321,Missouri,,9.825,9.775,9.875,Saturday,3,2,2024
Amaya Marshall,29321,Missouri,9.275,,,,Saturday,3,2,2024
Brooke Ferrari,29321,Texas Woman's,9.8,,,,Saturday,3,2,2024
Caroline Bowns,29321,Texas Woman's,9.8,,,,Saturday,3,2,2024
Daisy Woodring,29321,Texas Woman's,,9.775,9.95,9.7,Saturday,3,2,2024
Emily Six,29321,Texas Woman's,,9.75,9.825,9.55,Saturday,3,2,2024
Grace Anne Davis,29321,Missouri,,9.925,,9.65,Saturday,3,2,2024
Hannah Horton,29321,Missouri,,,9.9,9.875,Saturday,3,2,2024
Hollyn Patrick,29321,Missouri,9.775,,,,Saturday,3,2,2024
Jalene Jachna,29321,Missouri,,,,9.775,Saturday,3,2,2024
Jocelyn Moore,29321,Missouri,,,9.95,9.775,Saturday,3,2,2024
Kaitlyn Hoiland,29321,Texas Woman's,9.825,,,9.775,Saturday,3,2,2024
Kami Zarlengo,29321,Texas Woman's,9.75,,,,Saturday,3,2,2024
Kennedy Griffin,29321,Missouri,,,9.925,,Saturday,3,2,2024
Kyra Burns,29321,Missouri,9.825,,,,Saturday,3,2,2024
Lainey Hunt,29321,Texas Woman's,9.475,9.2,,,Saturday,3,2,2024
Madeline Gose,29321,Texas Woman's,,9.825,9.825,,Saturday,3,2,2024
Mara Titarsolej,29321,Missouri,9.925,9.775,,,Saturday,3,2,2024
Rayna Light,29321,Missouri,,9.775,9.8,,Saturday,3,2,2024
Sienna Schreiber,29321,Missouri,9.85,9.975,9.925,9.775,Saturday,3,2,2024
Sofia Steffan,29321,Texas Woman's,,,9.6,,Saturday,3,2,2024
Sophia Isbell,29321,Texas Woman's,,,,9.75,Saturday,3,2,2024
Sophie Hernandez,29321,Texas Woman's,,9.775,9.95,9.6,Saturday,3,2,2024
Steelie King,29321,Texas Woman's,9.5,9.75,9.825,9.725,Saturday,3,2,2024
Sydney Schaffer,29321,Missouri,,9.85,,,Saturday,3,2,2024
Alyssa Guns,29323,Kent State,,9.825,9.775,,Sunday,4,2,2024
Ashley Szymanski,29323,Ball State,9.9,8.9,,,Sunday,4,2,2024
Ava Molina,29323,Ball State,,,9.775,,Sunday,4,2,2024
Carissa Martinez,29323,Ball State,,,,9.7,Sunday,4,2,2024
Charlie Behner,29323,Kent State,9.775,,,9.575,Sunday,4,2,2024
Dani Fuertez,29323,Kent State,9.725,,9.875,,Sunday,4,2,2024
Gabby Riley,29323,Kent State,,9.75,,9.75,Sunday,4,2,2024
Grace Sumner,29323,Ball State,9.75,9.85,,,Sunday,4,2,2024
Hannah Ruthberg,29323,Ball State,9.925,9.825,9.85,9.7,Sunday,4,2,2024
Heidi Schultz,29323,Kent State,,9.85,9.825,,Sunday,4,2,2024
Karlie Franz,29323,Kent State,9.8,,9.725,,Sunday,4,2,2024
Kennedy Weinpert,29323,Kent State,,,9.825,9.825,Sunday,4,2,2024
Kyndall Gilbert,29323,Kent State,9.775,,,9.725,Sunday,4,2,2024
Megan Teter,29323,Ball State,9.9,9.675,9.9,9.725,Sunday,4,2,2024
Nastia Rudnitskaya,29323,Kent State,9.75,9.5,,9.8,Sunday,4,2,2024
Nene Alvine,29323,Kent State,,9.1,,,Sunday,4,2,2024
Sarah Haxton,29323,Kent State,9.75,9.9,,,Sunday,4,2,2024
Suki Pfister,29323,Ball State,,,9.775,9.85,Sunday,4,2,2024
Victoria Henry,29323,Ball State,9.8,9.575,9.875,9.2,Sunday,4,2,2024
Zoe Middleton,29323,Ball State,9.0,9.825,9.925,9.75,Sunday,4,2,2024
Zoe Rankin,29323,Kent State,,,9.775,9.675,Sunday,4,2,2024
Angela Xing,29325,Brown,,9.8,8.7,9.625,Sunday,4,2,2024
Asta-Sollilja Farrell,29325,Brown,9.875,,,,Sunday,4,2,2024
Chloe DeJoy,29325,Yale,9.6,,9.675,,Sunday,4,2,2024
Ella Tashjian,29325,Yale,,9.35,9.825,9.55,Sunday,4,2,2024
Emily Ford,29325,Brown,,,,9.575,Sunday,4,2,2024
Emma Mangiacapre,29325,Yale,,9.65,,,Sunday,4,2,2024
Evangeline Chu,29325,Yale,,9.225,,,Sunday,4,2,2024
Gigi Sabatini,29325,Yale,9.55,9.6,9.725,9.725,Sunday,4,2,2024
Hana Strause,29325,Yale,,9.125,9.7,,Sunday,4,2,2024
Jessica Lin,29325,Brown,,9.675,,9.45,Sunday,4,2,2024
Julia Bedell,29325,Brown,,,9.9,9.8,Sunday,4,2,2024
Lauren Holt,29325,Yale,9.675,,9.625,,Sunday,4,2,2024
Lauren Kramer,29325,Brown,,9.775,9.675,9.625,Sunday,4,2,2024
Lauren Mckeown,29325,Brown,9.575,9.725,,,Sunday,4,2,2024
Lily Aucoin,29325,Yale,9.75,,,9.575,Sunday,4,2,2024
Lindsey Yang,29325,Brown,,9.25,,,Sunday,4,2,2024
Liza Marcus,29325,Brown,9.675,9.75,9.75,,Sunday,4,2,2024
Maya Davis,29325,Brown,9.275,,9.8,,Sunday,4,2,2024
McKenna Weiner,29325,Brown,9.425,,,,Sunday,4,2,2024
Megan Brueck,29325,Yale,,,,9.625,Sunday,4,2,2024
Sarah Wilson,29325,Yale,9.775,9.725,,9.575,Sunday,4,2,2024
Sherry Wang,29325,Yale,9.825,,9.75,9.5,Sunday,4,2,2024
Sophia Dewar,29325,Brown,9.45,,9.825,9.725,Sunday,4,2,2024
Angelina Smiley,29328,Hamline,8.1,,,,Sunday,4,2,2024
Anna Beaudry,29328,Hamline,9.05,,,,Sunday,4,2,2024
Anna Johnson,29328,Hamline,,,,9.075,Sunday,4,2,2024
Annelise Smaby,29328,Hamline,8.625,8.675,,,Sunday,4,2,2024
Ashlyn Vlcko,29328,UW-Whitewater,9.1,,,,Sunday,4,2,2024
Ashnaya Gupta,29328,UW-Whitewater,,9.025,9.6,,Sunday,4,2,2024
Ava Pesch,29328,UW-Whitewater,9.45,,,9.775,Sunday,4,2,2024
Brianna Weikel,29328,Hamline,8.55,9.575,9.675,,Sunday,4,2,2024
Britney Krumrei,29328,Hamline,,,,9.225,Sunday,4,2,2024
Brooke Reardon,29328,Hamline,,9.65,,,Sunday,4,2,2024
Cailey Price,29328,Hamline,,,,9.325,Sunday,4,2,2024
Caledonia Norton,29328,Hamline,8.725,,,,Sunday,4,2,2024
Carleigh Moore,29328,UW-Whitewater,,,9.5,9.425,Sunday,4,2,2024
Carley Scott,29328,UW-Whitewater,9.525,,,,Sunday,4,2,2024
Catelyn Zack,29328,Hamline,,,9.325,,Sunday,4,2,2024
Chloe Hammond,29328,UW-Whitewater,,9.575,,9.3,Sunday,4,2,2024
Danielle Dudziak,29328,UW-Whitewater,,,9.725,8.7,Sunday,4,2,2024
Elena Bailey,29328,UW-Whitewater,,,9.625,9.65,Sunday,4,2,2024
Gracie Talley,29328,UW-Whitewater,9.35,,,,Sunday,4,2,2024
Hayden Gough,29328,UW-Whitewater,9.55,,,,Sunday,4,2,2024
Julia Cheely,29328,Hamline,9.05,8.95,,9.525,Sunday,4,2,2024
Kaitlyn Morgan,29328,Hamline,,9.175,,,Sunday,4,2,2024
Kelsey Kollhoff,29328,UW-Whitewater,9.7,8.875,,,Sunday,4,2,2024
Laurel Raymond,29328,Hamline,,,9.175,9.275,Sunday,4,2,2024
Lily Ramsdell,29328,Hamline,,9.525,,,Sunday,4,2,2024
Meighan White,29328,Hamline,,,9.275,9.475,Sunday,4,2,2024
Paige Magel,29328,UW-Whitewater,,9.475,,,Sunday,4,2,2024
Sarah Knetzke,29328,UW-Whitewater,,9.375,9.6,,Sunday,4,2,2024
Shea Campbell,29328,Hamline,,,9.55,,Sunday,4,2,2024
Sydney Stoenner,29328,Hamline,,,9.525,,Sunday,4,2,2024
Tegan Haberstock,29328,UW-Whitewater,,9.45,9.6,9.475,Sunday,4,2,2024
Alexa Ebeling,29330,Iowa,,9.85,9.65,,Sunday,4,2,2024
Allie Gard,29330,Nebraska,,9.85,,,Sunday,4,2,2024
Alyse Karenbauer,29330,Iowa,,,9.775,9.8,Sunday,4,2,2024
Aubrey Nick,29330,Iowa,,9.75,,,Sunday,4,2,2024
Avery Chambers,29330,Iowa,,,,9.775,Sunday,4,2,2024
Ayzhia Hall,29330,Nebraska,,9.75,,9.8,Sunday,4,2,2024
Bailey Libby,29330,Iowa,,,9.9,,Sunday,4,2,2024
Clara Colombo,29330,Nebraska,9.8,,,,Sunday,4,2,2024
Csenge Bacskay,29330,Nebraska,9.725,9.35,9.9,9.875,Sunday,4,2,2024
Emily Erb,29330,Iowa,,,9.95,,Sunday,4,2,2024
Emma Simpton,29330,Nebraska,,9.825,,,Sunday,4,2,2024
Emma Spence,29330,Nebraska,9.9,,,,Sunday,4,2,2024
Eva Volpe,29330,Iowa,9.825,9.75,9.85,9.775,Sunday,4,2,2024
Gianna Masella,29330,Iowa,9.85,,,9.675,Sunday,4,2,2024
Halle Rourke,29330,Nebraska,,,9.875,,Sunday,4,2,2024
Hanna Castillo,29330,Iowa,,,9.875,9.75,Sunday,4,2,2024
Ilka Juk,29330,Iowa,9.25,9.775,,,Sunday,4,2,2024
Isabel Sikon,29330,Nebraska,,9.8,,9.8,Sunday,4,2,2024
Kaia Vanney,29330,Iowa,9.725,,,,Sunday,4,2,2024
Karina Munoz,29330,Iowa,9.85,9.725,,9.85,Sunday,4,2,2024
Katie Kuenemann,29330,Nebraska,,,9.8,,Sunday,4,2,2024
Kinsey Davis,29330,Nebraska,9.8,,,9.65,Sunday,4,2,2024
Marissa Rojas,29330,Iowa,8.85,9.8,,,Sunday,4,2,2024
Martina Comin,29330,Nebraska,,,9.7,9.8,Sunday,4,2,2024
Sophia McClelland,29330,Nebraska,9.75,9.9,9.875,9.725,Sunday,4,2,2024
Whitney Jencks,29330,Nebraska,9.825,,9.85,,Sunday,4,2,2024
Abby Chesshire,29332,Ithaca College,,9.575,9.85,,Sunday,4,2,2024
Anne Kiley,29332,Springfield College,9.15,,,8.975,Sunday,4,2,2024
Ava Kelly,29332,Springfield College,,9.1,,9.525,Sunday,4,2,2024
Ayako Maeda,29332,Springfield College,9.45,,,,Sunday,4,2,2024
Caitlin Pellegrino,29332,Ithaca College,,9.825,9.7,9.6,Sunday,4,2,2024
Cassidy Gallivan,29332,Ithaca College,,,9.5,9.375,Sunday,4,2,2024
Claire Geiger,29332,Springfield College,9.35,,9.75,,Sunday,4,2,2024
Coral Cotteleer,29332,Ithaca College,8.475,,,,Sunday,4,2,2024
Corey Foster,29332,Ithaca College,,9.275,9.75,,Sunday,4,2,2024
Delaney LaViolette,29332,Springfield College,,,,9.45,Sunday,4,2,2024
Elsie Gardiner,29332,Springfield College,,,9.4,,Sunday,4,2,2024
Emily Kobusky,29332,Ithaca College,,9.8,,,Sunday,4,2,2024
Emma Skowronek,29332,Springfield College,8.0,9.75,,,Sunday,4,2,2024
Grace Murray,29332,Ithaca College,,,9.85,9.775,Sunday,4,2,2024
Hana Miller,29332,Ithaca College,8.9,,,9.0,Sunday,4,2,2024
Jenna DiPalo,29332,Springfield College,,9.525,,,Sunday,4,2,2024
Jillian Freyman,29332,Ithaca College,,9.775,9.675,9.675,Sunday,4,2,2024
Julia Reer,29332,Springfield College,,8.85,8.925,,Sunday,4,2,2024
Kaylie Goodwin,29332,Ithaca College,9.6,9.125,,,Sunday,4,2,2024
Kelly McGuinness,29332,Springfield College,,,,9.45,Sunday,4,2,2024
Lauren Babineaux,29332,Ithaca College,9.55,,,9.675,Sunday,4,2,2024
Marissa Zarra,29332,Springfield College,9.05,,,,Sunday,4,2,2024
Marlena Bailey,29332,Ithaca College,9.375,,,,Sunday,4,2,2024
Rae Anna Schutz,29332,Springfield College,,9.6,9.55,,Sunday,4,2,2024
Sage Kaplan,29332,Springfield College,,9.7,8.25,9.65,Sunday,4,2,2024
Skye Cohen,29332,Ithaca College,9.45,,,,Sunday,4,2,2024
Sophia LeBlanc,29332,Springfield College,9.65,,,,Sunday,4,2,2024
Stacy Taylor,29332,Springfield College,,,9.775,9.375,Sunday,4,2,2024
Abbie Lain,29334,Simpson,8.875,8.9,,,Sunday,4,2,2024
Amy Foret,29334,Centenary College,,9.7,,9.425,Sunday,4,2,2024
Annika Cole,29334,Simpson,9.075,,9.775,,Sunday,4,2,2024
Bella Dix,29334,Simpson,8.75,9.3,9.8,9.4,Sunday,4,2,2024
Brooke Murdock,29334,Centenary College,,8.85,9.55,,Sunday,4,2,2024
Brooklen Morgan,29334,Simpson,,8.65,9.55,9.5,Sunday,4,2,2024
Chloe Radmer,29334,Simpson,,9.15,,,Sunday,4,2,2024
Claire Flores,29334,Centenary College,9.3,,,,Sunday,4,2,2024
Emily McClung,29334,Centenary College,,,8.825,,Sunday,4,2,2024
Emma Charles,29334,Simpson,9.225,9.725,,9.725,Sunday,4,2,2024
Emma Lavelle,29334,Centenary College,9.15,,,,Sunday,4,2,2024
Erin Baugh,29334,Simpson,8.2,,,,Sunday,4,2,2024
Gayla Griswold,29334,Lindenwood,,,9.925,9.85,Sunday,4,2,2024
Hannah Appleget,29334,Lindenwood,9.9,9.725,9.825,9.625,Sunday,4,2,2024
Hannah Moon,29334,Lindenwood,9.7,9.75,,,Sunday,4,2,2024
Hayden Cagle,29334,Centenary College,,8.6,,,Sunday,4,2,2024
Isabel Plaza,29334,Centenary College,,,9.4,9.575,Sunday,4,2,2024
Izzy Brown,29334,Simpson,,8.35,9.675,,Sunday,4,2,2024
Jaly Jones,29334,Lindenwood,9.825,9.6,9.85,9.675,Sunday,4,2,2024
Kaelyn Tally,29334,Simpson,,,9.7,9.675,Sunday,4,2,2024
Kaley Bristow,29334,Simpson,,,9.2,,Sunday,4,2,2024
Kaylee Cooper,29334,Lindenwood,9.825,,,,Sunday,4,2,2024
Kendall Huff,29334,Centenary College,,,9.35,9.625,Sunday,4,2,2024
Lacey Wedge,29334,Centenary College,,,9.7,9.6,Sunday,4,2,2024
Leah Parton,29334,Lindenwood,,8.95,,9.525,Sunday,4,2,2024
Madison Rush,29334,Lindenwood,,9.55,,,Sunday,4,2,2024
Mylia Vidtor,29334,Centenary College,,9.35,,,Sunday,4,2,2024
Nicola Catchpole,29334,Simpson,,,,8.75,Sunday,4,2,2024
Nya Kraus,29334,Lindenwood,9.85,9.15,,,Sunday,4,2,2024
Olivia Stratmann,29334,Centenary College,8.7,,,9.65,Sunday,4,2,2024
Olivia Williams,29334,Centenary College,9.35,,9.475,,Sunday,4,2,2024
Reese Baechle,29334,Lindenwood,,,9.8,9.7,Sunday,4,2,2024
Roxanne Myers,29334,Centenary College,8.175,,,,Sunday,4,2,2024
Rylie Molina,29334,Centenary College,,9.575,,,Sunday,4,2,2024
Savannah Newsome,29334,Lindenwood,9.85,,,,Sunday,4,2,2024
Simone Evans,29334,Lindenwood,,,9.725,,Sunday,4,2,2024
Sophie Schmitz,29334,Centenary College,9.725,8.9,,9.4,Sunday,4,2,2024
Trinity Caffey,29334,Lindenwood,,,9.85,9.7,Sunday,4,2,2024
Winter Poolaw,29334,Simpson,7.75,,,9.425,Sunday,4,2,2024
Alexa Rothenbuescher,29337,Maryland,9.825,,9.925,9.8,Sunday,4,2,2024
Alexis Hankins,29337,Ohio State,9.85,9.475,,,Sunday,4,2,2024
Courtney McCann,29337,Ohio State,,9.05,,,Sunday,4,2,2024
Ella Hodges,29337,Ohio State,,9.875,9.95,,Sunday,4,2,2024
Emma Pritchard,29337,Ohio State,9.775,9.725,,,Sunday,4,2,2024
Emma Silberman,29337,Maryland,,8.975,,,Sunday,4,2,2024
Josephine Kogler,29337,Maryland,,9.85,,9.8,Sunday,4,2,2024
Kaitlyn Grimes,29337,Ohio State,,,,9.9,Sunday,4,2,2024
Kaylyn Mintz,29337,Ohio State,,,9.875,,Sunday,4,2,2024
Lindsay Bacheler,29337,Maryland,9.7,,,,Sunday,4,2,2024
Maddie Komoroski,29337,Maryland,,9.85,9.875,,Sunday,4,2,2024
Mallory Gregory,29337,Ohio State,,,,9.175,Sunday,4,2,2024
Natalie Martin,29337,Maryland,,9.875,9.9,9.875,Sunday,4,2,2024
Nicole Riccardi,29337,Ohio State,9.85,,,9.825,Sunday,4,2,2024
Olivia Weir,29337,Maryland,,9.15,,9.8,Sunday,4,2,2024
Payton Harris,29337,Ohio State,9.8,9.9,9.9,9.825,Sunday,4,2,2024
Rhea Leblanc,29337,Maryland,9.775,,9.85,9.825,Sunday,4,2,2024
Savannah Gonzalez,29337,Ohio State,,,9.825,,Sunday,4,2,2024
Shani Sirota,29337,Maryland,,,9.7,,Sunday,4,2,2024
Sidney Washington,29337,Ohio State,9.9,,9.9,9.8,Sunday,4,2,2024
Sierra Kondo,29337,Maryland,9.725,,,,Sunday,4,2,2024
Tasha Brozowski,29337,Maryland,9.75,,,,Sunday,4,2,2024
Taylor Rech,29337,Maryland,,,9.725,9.775,Sunday,4,2,2024
Tory Vetter,29337,Ohio State,9.85,9.65,9.925,9.85,Sunday,4,2,2024
Victoria Gatzendorfer,29337,Maryland,9.825,9.8,,,Sunday,4,2,2024
Adison Tanguay,29339,Ursinus College,9.1,,,,Sunday,4,2,2024
Adrenne Roth,29339,Ursinus College,,9.35,,,Sunday,4,2,2024
Arianna Ellis,29339,Ursinus College,,9.175,9.475,,Sunday,4,2,2024
Ashley Cromer,29339,Ursinus College,,9.5,8.8,9.55,Sunday,4,2,2024
Bella Leo,29339,Ursinus College,,9.575,,,Sunday,4,2,2024
Brianna Duffy,29339,Ursinus College,9.325,,,,Sunday,4,2,2024
Bridget Sullivan,29339,West Chester,,,,9.575,Sunday,4,2,2024
Carly Troilo,29339,Ursinus College,9.15,,9.4,9.45,Sunday,4,2,2024
Caroline Cascadden,29339,West Chester,,9.775,9.85,,Sunday,4,2,2024
Corinne Gruber,29339,West Chester,,,8.975,9.575,Sunday,4,2,2024
Daria Gregory,29339,Ursinus College,,,9.475,,Sunday,4,2,2024
Erin Roe,29339,Ursinus College,9.45,9.575,,9.65,Sunday,4,2,2024
Erin Stubbs,29339,Ursinus College,,,,9.55,Sunday,4,2,2024
Hannah Shelton,29339,West Chester,9.675,,,,Sunday,4,2,2024
Hyla Betts,29339,West Chester,9.65,,,,Sunday,4,2,2024
Jordan Coleman,29339,West Chester,9.775,,,9.625,Sunday,4,2,2024
Kiley Fred,29339,West Chester,,,9.75,,Sunday,4,2,2024
Kristina Rodriguez,29339,West Chester,9.525,9.5,9.775,9.65,Sunday,4,2,2024
Lauren Coleman,29339,Ursinus College,9.275,,,,Sunday,4,2,2024
Lily McFarland,29339,West Chester,,9.675,9.575,9.65,Sunday,4,2,2024
Madison Whitaker,29339,West Chester,,9.25,,,Sunday,4,2,2024
Madison Zimmerman,29339,Ursinus College,,9.375,,,Sunday,4,2,2024
Megan Matteucci,29339,Ursinus College,9.3,,9.55,9.35,Sunday,4,2,2024
Melina Ringas,29339,West Chester,9.65,,,,Sunday,4,2,2024
Natalie Marshall,29339,West Chester,,9.575,,,Sunday,4,2,2024
Sarah Eskew,29339,West Chester,9.775,9.625,,9.725,Sunday,4,2,2024
Shannon Carroll,29339,West Chester,,,9.7,,Sunday,4,2,2024
Sidney Schreiber,29339,Ursinus College,,,9.75,9.575,Sunday,4,2,2024
Adriana Bustelo,29341,Central Michigan,7.8,9.875,,,Sunday,4,2,2024
Aleah Radojevich,29341,UW-Oshkosh,,,9.125,,Sunday,4,2,2024
Amaya McConkay,29341,UW-Oshkosh,,,,9.575,Sunday,4,2,2024
Amber Mueller,29341,Central Michigan,,9.825,,,Sunday,4,2,2024
Anna Zoromski,29341,UW-Oshkosh,9.625,9.675,,9.675,Sunday,4,2,2024
Ashley Veglucci,29341,Central Michigan,9.825,,9.9,,Sunday,4,2,2024
Audrey Koester,29341,UW-Oshkosh,,,,9.425,Sunday,4,2,2024
Avah Bootz,29341,Central Michigan,,,,9.85,Sunday,4,2,2024
Delaney Cienkus,29341,UW-Oshkosh,,9.55,9.675,,Sunday,4,2,2024
Elise Brzoska,29341,Bowling Green,8.75,9.775,9.7,,Sunday,4,2,2024
Elizabeth Buttle,29341,Central Michigan,,,9.85,,Sunday,4,2,2024
Elizabeth Cesarone,29341,Central Michigan,,9.725,9.875,9.85,Sunday,4,2,2024
Emily Buffington,29341,UW-Oshkosh,9.8,,9.725,9.075,Sunday,4,2,2024
Emily Castiglia,29341,Bowling Green,,9.825,,,Sunday,4,2,2024
Emma Steele,29341,UW-Oshkosh,,8.975,,,Sunday,4,2,2024
Hallie Hornbacher,29341,Central Michigan,,,9.9,9.725,Sunday,4,2,2024
Isabella Rivelli,29341,Bowling Green,9.75,,,,Sunday,4,2,2024
Jay Ratkowski,29341,UW-Oshkosh,,,9.7,,Sunday,4,2,2024
Jenna Germond,29341,Central Michigan,9.8,,,9.825,Sunday,4,2,2024
Karina Lankamer,29341,Central Michigan,,9.8,,,Sunday,4,2,2024
Kathryn Weilbacher,29341,Bowling Green,9.775,9.4,9.825,9.85,Sunday,4,2,2024
Kaylie Berens,29341,UW-Oshkosh,9.7,9.4,,,Sunday,4,2,2024
Keira Thornton,29341,Bowling Green,9.625,,9.125,9.65,Sunday,4,2,2024
Lauren Bannister,29341,Bowling Green,,,9.7,9.7,Sunday,4,2,2024
Liz Romano,29341,UW-Oshkosh,,9.65,,,Sunday,4,2,2024
Love Akpan,29341,Bowling Green,8.9,9.625,9.825,9.775,Sunday,4,2,2024
Luciana Alvarado-Reid,29341,Central Michigan,9.8,9.675,9.925,9.85,Sunday,4,2,2024
Lydia Hayden,29341,UW-Oshkosh,9.65,9.8,,,Sunday,4,2,2024
Madison Coburn,29341,Bowling Green,,,,9.8,Sunday,4,2,2024
Megan Bingham,29341,Bowling Green,9.65,9.8,,9.675,Sunday,4,2,2024
Megan Decious,29341,Bowling Green,,,9.75,,Sunday,4,2,2024
Mia Lucero,29341,UW-Oshkosh,,,9.05,9.85,Sunday,4,2,2024
Quinn Skrupa,29341,Central Michigan,9.575,9.575,9.75,,Sunday,4,2,2024
Reanna McGibboney,29341,UW-Oshkosh,9.725,,9.775,9.75,Sunday,4,2,2024
Samantha Shannon,29341,Central Michigan,9.875,,,9.825,Sunday,4,2,2024
Samantha Zeilinger,29341,UW-Oshkosh,9.7,,,,Sunday,4,2,2024
Sarina Ross,29341,Bowling Green,,9.175,,,Sunday,4,2,2024
Abbie Thompson,29344,Denver,,9.825,,,Sunday,4,2,2024
Adriana Hoffman,29344,Towson,,,,9.725,Sunday,4,2,2024
Brissa Portillo,29344,Towson,8.975,8.575,,,Sunday,4,2,2024
Camille Vitoff,29344,Towson,9.775,,,9.8,Sunday,4,2,2024
Carmella Calafati,29344,Towson,,,9.85,,Sunday,4,2,2024
Clara Hong,29344,Towson,,9.75,,,Sunday,4,2,2024
Elise Tisler,29344,Towson,,,9.85,9.85,Sunday,4,2,2024
Felicia Poblete,29344,Towson,,,9.65,9.625,Sunday,4,2,2024
Grace Vaillancourt,29344,Towson,9.825,,9.875,,Sunday,4,2,2024
Isabella Minervini,29344,Towson,9.9,9.65,9.825,,Sunday,4,2,2024
Jenna Weitz,29344,Towson,,9.675,9.8,9.75,Sunday,4,2,2024
Jessica Hutchinson,29344,Denver,9.975,9.925,9.95,9.85,Sunday,4,2,2024
Kiley Rorich,29344,Denver,9.975,,9.875,,Sunday,4,2,2024
Lauren Greene,29344,Towson,9.725,,,,Sunday,4,2,2024
Lauren Keener,29344,Towson,,9.575,,,Sunday,4,2,2024
Maddison Reidenbach,29344,Denver,,,,9.825,Sunday,4,2,2024
Madison Ulrich,29344,Denver,9.9,9.875,9.65,9.875,Sunday,4,2,2024
Mia Hebinck,29344,Denver,9.975,,,,Sunday,4,2,2024
Mila Brusch,29344,Denver,,,,9.85,Sunday,4,2,2024
Momoko Iwai,29344,Denver,,9.875,9.875,,Sunday,4,2,2024
Retoshia Halsell,29344,Towson,,,,9.85,Sunday,4,2,2024
Rosie Casali,29344,Denver,9.825,9.7,9.925,9.875,Sunday,4,2,2024
Rylie Mundell,29344,Denver,9.925,9.925,9.85,9.9,Sunday,4,2,2024
Sarah Girot,29344,Towson,9.875,9.675,,,Sunday,4,2,2024
Abby Mueller,29346,Illinois,9.775,9.725,9.75,9.75,Sunday,4,2,2024
Allie Morgan,29346,Illinois,,,9.825,,Sunday,4,2,2024
Amelia Knight,29346,Illinois,9.875,9.2,9.65,,Sunday,4,2,2024
Anna Pagliaro,29346,Rutgers,,,,9.775,Sunday,4,2,2024
Arielle Ward,29346,Illinois,,,9.85,9.825,Sunday,4,2,2024
Avery Balser,29346,Rutgers,9.75,,,,Sunday,4,2,2024
Destiny Denning,29346,Illinois,9.875,,,,Sunday,4,2,2024
Elia Aird,29346,Rutgers,9.775,9.15,9.725,9.85,Sunday,4,2,2024
Emily Leese,29346,Rutgers,,,9.775,9.875,Sunday,4,2,2024
Emily Wood,29346,Rutgers,,,9.825,,Sunday,4,2,2024
Gabrielle Dildy,29346,Rutgers,,9.775,9.8,9.725,Sunday,4,2,2024
Harmony Webster,29346,Rutgers,,,9.6,,Sunday,4,2,2024
Jackie Manifold,29346,Rutgers,9.775,9.8,,,Sunday,4,2,2024
Kadyn Fitzgibbon,29346,Illinois,,,9.8,9.75,Sunday,4,2,2024
Kaitlyn Ewald,29346,Illinois,9.75,9.85,,,Sunday,4,2,2024
Katy Koopman,29346,Rutgers,,9.55,,,Sunday,4,2,2024
Lyden Saltness,29346,Illinois,9.775,,,,Sunday,4,2,2024
Matis Rains,29346,Rutgers,8.6,,,,Sunday,4,2,2024
Mia Takekawa,29346,Illinois,9.9,9.875,,9.7,Sunday,4,2,2024
Mia Townes,29346,Illinois,,9.8,9.9,,Sunday,4,2,2024
Myra Daniels,29346,Rutgers,9.225,,,,Sunday,4,2,2024
Olivia Coppola,29346,Illinois,,9.025,,9.8,Sunday,4,2,2024
Olivia DiNovi,29346,Rutgers,9.675,,,,Sunday,4,2,2024
Rachael Riley,29346,Rutgers,,9.9,,9.775,Sunday,4,2,2024
Ruthuja Nataraj,29346,Illinois,,,,9.75,Sunday,4,2,2024
Stephanie Zannella,29346,Rutgers,,9.8,9.75,,Sunday,4,2,2024
Valentina Lorente-Garcia,29346,Rutgers,,,,9.75,Sunday,4,2,2024
Alexa Melanson,29348,Southern Conn.,,9.575,9.825,,Sunday,4,2,2024
Alyssa Beaulieu,29348,New Hampshire,,8.475,,,Sunday,4,2,2024
Angel Lee,29348,Southern Conn.,,9.425,,,Sunday,4,2,2024
Angelina Stanfa,29348,Southern Conn.,,9.625,,,Sunday,4,2,2024
Audrey Arnold,29348,Southern Conn.,9.55,,,,Sunday,4,2,2024
Ava Kelly,29348,Southern Conn.,,,9.825,9.725,Sunday,4,2,2024
Brianna Dorr,29348,Southern Conn.,,,,9.25,Sunday,4,2,2024
Emelia Diaz,29348,Southern Conn.,,8.875,,,Sunday,4,2,2024
Emiley Kahl,29348,Southern Conn.,,9.35,,,Sunday,4,2,2024
Gianna Graver,29348,New Hampshire,9.825,,,,Sunday,4,2,2024
Gigi Mastellone,29348,Southern Conn.,9.75,,,,Sunday,4,2,2024
Hanna Zebdi,29348,Southern Conn.,,,9.8,9.65,Sunday,4,2,2024
Jayci Jordan,29348,Southern Conn.,9.725,,,,Sunday,4,2,2024
Jenna Devincenzo,29348,New Hampshire,9.85,9.675,,9.775,Sunday,4,2,2024
Kenadi Brown,29348,New Hampshire,9.8,,9.85,,Sunday,4,2,2024
Kylie Gorgenyi,29348,New Hampshire,9.875,9.65,9.75,9.85,Sunday,4,2,2024
Kylie Sitty,29348,Southern Conn.,9.375,,9.775,9.7,Sunday,4,2,2024
Leah Moreno,29348,New Hampshire,8.6,,,9.7,Sunday,4,2,2024
Lexi Bracher,29348,Southern Conn.,,,,9.8,Sunday,4,2,2024
Libby Allen,29348,Southern Conn.,,9.15,9.8,,Sunday,4,2,2024
Maya MacDonald,29348,New Hampshire,,,9.675,9.775,Sunday,4,2,2024
McCall McMullen,29348,New Hampshire,,,9.675,9.825,Sunday,4,2,2024
Serena Mullin,29348,New Hampshire,,9.7,9.95,9.825,Sunday,4,2,2024
Shreya Munshi,29348,Southern Conn.,9.175,,,,Sunday,4,2,2024
Sierra Bauman,29348,New Hampshire,9.825,9.75,9.75,,Sunday,4,2,2024
Sophia Ruecker,29348,Southern Conn.,7.725,,9.625,9.75,Sunday,4,2,2024
Summer Simpkins,29348,New Hampshire,,8.575,,,Sunday,4,2,2024
Abigail Kenney,29350,Bridgeport,9.675,9.3,9.8,9.2,Sunday,4,2,2024
Addy Rothstein,29350,Cornell,9.7,,,9.25,Sunday,4,2,2024
Alisha Werlen,29350,Pennsylvania,,9.175,,,Sunday,4,2,2024
Ana Kenefick,29350,Pennsylvania,,,9.775,,Sunday,4,2,2024
Anne Marie Kuebler,29350,William & Mary,,,,7.7,Sunday,4,2,2024
Ascha Laird,29350,William & Mary,9.75,,,,Sunday,4,2,2024
Avery Byun,29350,Cornell,,9.625,9.85,9.65,Sunday,4,2,2024
Caitlyn Walsh,29350,Cornell,,,9.8,,Sunday,4,2,2024
Cami Whitaker,29350,Cornell,,,9.65,9.7,Sunday,4,2,2024
Campbell Marr,29350,Pennsylvania,,9.075,,,Sunday,4,2,2024
Carly Oniki,29350,Pennsylvania,8.975,9.675,,,Sunday,4,2,2024
Caroline Blatchford,29350,William & Mary,9.675,9.3,,,Sunday,4,2,2024
Catherine Aucoin,29350,Bridgeport,9.75,,9.75,,Sunday,4,2,2024
Catherine Bare,29350,William & Mary,9.7,,,,Sunday,4,2,2024
Emily Hernandez,29350,Bridgeport,9.75,,,9.65,Sunday,4,2,2024
Emma Davies,29350,Pennsylvania,,,9.85,9.7,Sunday,4,2,2024
Grace Costello,29350,William & Mary,,9.55,9.8,9.675,Sunday,4,2,2024
Hannah Barry,29350,Bridgeport,,9.225,,,Sunday,4,2,2024
Hannah Burke,29350,William & Mary,,,9.725,9.625,Sunday,4,2,2024
Isabel Song,29350,Pennsylvania,9.175,,,9.725,Sunday,4,2,2024
Jackie Tunney,29350,Pennsylvania,9.5,,8.95,,Sunday,4,2,2024
Jordan Barrow,29350,Pennsylvania,,,,9.825,Sunday,4,2,2024
Josie Moylan,29350,Cornell,9.75,,9.8,9.4,Sunday,4,2,2024
Kieran Ross,29350,Bridgeport,,7.75,9.575,9.7,Sunday,4,2,2024
Kiersten Belkoff,29350,Pennsylvania,,9.6,,,Sunday,4,2,2024
Lola Sepulveda,29350,Bridgeport,9.725,8.9,9.85,9.725,Sunday,4,2,2024
Madeline Frazier,29350,William & Mary,,9.6,9.025,,Sunday,4,2,2024
Madison Perkins,29350,Pennsylvania,,,,9.75,Sunday,4,2,2024
Margaret Coyle,29350,Bridgeport,,,9.375,,Sunday,4,2,2024
Marissa Lassiter,29350,Pennsylvania,,,9.75,,Sunday,4,2,2024
Melanie Faulkner,29350,William & Mary,,9.475,,,Sunday,4,2,2024
Melanie Stone,29350,Cornell,9.675,9.675,,,Sunday,4,2,2024
Michaela Defranscisco,29350,Cornell,,,9.45,9.775,Sunday,4,2,2024
Michelle Ngo,29350,William & Mary,,9.55,9.8,9.525,Sunday,4,2,2024
Mikayla Burton,29350,Cornell,,9.75,,,Sunday,4,2,2024
Molly McAleavey,29350,Bridgeport,,8.8,,,Sunday,4,2,2024
Morgen Shambo,29350,Cornell,9.75,,,,Sunday,4,2,2024
Natalia Tehrani,29350,Cornell,8.85,9.65,,,Sunday,4,2,2024
Nova Staruk,29350,Bridgeport,,,9.65,9.825,Sunday,4,2,2024
Olivia Imbarlina,29350,Bridgeport,9.45,9.4,,,Sunday,4,2,2024
Regina Walton,29350,Cornell,,9.65,,,Sunday,4,2,2024
Samantha Nokes,29350,Bridgeport,9.725,,,,Sunday,4,2,2024
Samantha Wu,29350,Pennsylvania,,9.675,,,Sunday,4,2,2024
Sarah Kuper,29350,William & Mary,9.675,9.525,,9.725,Sunday,4,2,2024
Sarah Wozniak,29350,William & Mary,9.1,,,,Sunday,4,2,2024
Savannah Lindley,29350,Bridgeport,,,,9.45,Sunday,4,2,2024
Skyelar Kerico,29350,Pennsylvania,9.85,9.775,9.775,9.825,Sunday,4,2,2024
Sofia Huang,29350,William & Mary,,,,9.575,Sunday,4,2,2024
Sophia Paris,29350,Pennsylvania,9.775,,,,Sunday,4,2,2024
Sophie Chandler,29350,William & Mary,,,9.5,,Sunday,4,2,2024
Summer Penzi,29350,William & Mary,,,9.65,,Sunday,4,2,2024
Sydney Beers,29350,Cornell,9.725,9.6,9.85,9.7,Sunday,4,2,2024
Tori Sipes,29350,William & Mary,9.65,,,,Sunday,4,2,2024
Zara Gazdak,29350,Pennsylvania,9.725,,9.8,9.75,Sunday,4,2,2024
Ayla McKean,29353,Air Force,9.75,9.775,9.725,,Sunday,4,2,2024
Chelsea Boyer,29353,Air Force,9.65,,,,Sunday,4,2,2024
Clara Wallace,29353,Air Force,8.675,9.8,9.675,9.75,Sunday,4,2,2024
Devyn Valuch,29353,San Jose State,9.775,9.775,,9.725,Sunday,4,2,2024
Gabriella Hartley,29353,Air Force,,9.65,,9.625,Sunday,4,2,2024
Gabriella Meccia,29353,Air Force,,,9.75,9.75,Sunday,4,2,2024
Gianna Martyna,29353,Air Force,,,9.75,,Sunday,4,2,2024
Jada Mazury,29353,San Jose State,8.975,,9.9,,Sunday,4,2,2024
Jaudai Lopes,29353,San Jose State,9.825,,9.7,9.725,Sunday,4,2,2024
Katherine Weyhmiller,29353,San Jose State,9.525,9.85,9.675,,Sunday,4,2,2024
Kimberly Kinkade,29353,Air Force,9.55,,,,Sunday,4,2,2024
Kylee Greene,29353,Air Force,,9.725,,,Sunday,4,2,2024
Lauren Macpherson,29353,San Jose State,9.9,9.85,9.85,9.775,Sunday,4,2,2024
Madison Carlisle,29353,Air Force,9.675,,9.675,,Sunday,4,2,2024
Madison Kirsch,29353,San Jose State,,9.65,,9.875,Sunday,4,2,2024
Maggie Slife,29353,Air Force,9.25,,,,Sunday,4,2,2024
Marissa Ashton,29353,San Jose State,,9.65,,,Sunday,4,2,2024
Mia Nelson,29353,San Jose State,,,9.85,9.75,Sunday,4,2,2024
Mikaela Pitts,29353,San Jose State,,,,9.775,Sunday,4,2,2024
Natasha Forrand,29353,San Jose State,,,9.8,,Sunday,4,2,2024
Rosa Juarez Baez,29353,Air Force,,,,9.5,Sunday,4,2,2024
Sarah Willis,29353,Air Force,,9.775,9.05,9.05,Sunday,4,2,2024
Sophia Konieczny,29353,San Jose State,9.825,9.75,,,Sunday,4,2,2024
Velandra Brochi,29353,Air Force,,8.975,,9.7,Sunday,4,2,2024
Abigayle Martin,29355,Arizona,9.775,9.7,,9.85,Sunday,4,2,2024
Ainsley Greever,29355,Arizona,,,,9.8,Sunday,4,2,2024
Alysen Fears,29355,Arizona,9.9,9.725,9.85,9.725,Sunday,4,2,2024
Bailey McCabe,29355,Arizona,9.775,,,,Sunday,4,2,2024
Brooklyn Moors,29355,UCLA,,,9.725,,Sunday,4,2,2024
Caroline Herry,29355,Arizona,,9.775,9.9,,Sunday,4,2,2024
Chae Campbell,29355,UCLA,9.85,,,9.875,Sunday,4,2,2024
Ciena Alipio,29355,UCLA,,9.925,,,Sunday,4,2,2024
Elena Deets,29355,Arizona,,9.85,9.85,,Sunday,4,2,2024
Emily Lee,29355,UCLA,,9.925,,9.8,Sunday,4,2,2024
Emily Mueller,29355,Arizona,9.75,9.85,9.875,,Sunday,4,2,2024
Emma Andres,29355,UCLA,,9.775,9.925,,Sunday,4,2,2024
Emma Malabuyo,29355,UCLA,9.075,9.925,9.925,,Sunday,4,2,2024
Emma Strom,29355,Arizona,,,9.9,9.8,Sunday,4,2,2024
Frida Esparza,29355,UCLA,9.825,,,,Sunday,4,2,2024
Jessica Castles,29355,Arizona,,9.75,,9.8,Sunday,4,2,2024
Katelyn Rosen,29355,UCLA,9.925,9.75,9.95,9.875,Sunday,4,2,2024
Malia Hargrove,29355,Arizona,9.775,,9.925,9.775,Sunday,4,2,2024
Margzetta Frazier,29355,UCLA,9.875,,,,Sunday,4,2,2024
Nya Reed,29355,UCLA,,,9.975,9.95,Sunday,4,2,2024
Paige Anastasi,29355,UCLA,,,,9.75,Sunday,4,2,2024
Selena Harris-Miranda,29355,UCLA,9.95,9.975,9.975,9.875,Sunday,4,2,2024
Sophie Derr,29355,Arizona,9.875,,,,Sunday,4,2,2024
Alana Ricketts,29357,LIU,,9.775,9.825,9.85,Sunday,4,2,2024
Alina Danilchenko,29357,LIU,,9.7,9.7,9.625,Sunday,4,2,2024
Annalisa Page,29357,LIU,,,9.725,9.65,Sunday,4,2,2024
Anneliese Silverman,29357,George Washington,9.65,9.825,9.9,9.8,Sunday,4,2,2024
Brisa Carraro,29357,LIU,9.85,9.8,,,Sunday,4,2,2024
Brooke Izzo,29357,George Washington,,9.025,,,Sunday,4,2,2024
Cael Bixler,29357,LIU,9.725,9.825,,,Sunday,4,2,2024
Deana Sheremeta,29357,George Washington,,9.825,9.9,,Sunday,4,2,2024
Delaney DeHaan,29357,George Washington,9.75,9.45,,,Sunday,4,2,2024
Ella Barrington,29357,LIU,,,9.7,,Sunday,4,2,2024
Kady Bills-McCoy,29357,LIU,,9.7,,,Sunday,4,2,2024
Kasey Burke,29357,George Washington,,,9.575,9.65,Sunday,4,2,2024
Kate Parks,29357,LIU,9.025,,,9.625,Sunday,4,2,2024
Kendall Whitman,29357,George Washington,8.975,9.85,9.925,9.475,Sunday,4,2,2024
Kira Sanchez,29357,LIU,7.1,,9.525,,Sunday,4,2,2024
Logan Hinson,29357,LIU,8.475,,,,Sunday,4,2,2024
Madi McMullen,29357,George Washington,9.7,,,,Sunday,4,2,2024
Marlee York,29357,George Washington,,,9.7,9.75,Sunday,4,2,2024
Payton Lynch,29357,George Washington,,,9.775,,Sunday,4,2,2024
Rachel Katz,29357,George Washington,9.825,,,9.85,Sunday,4,2,2024
Sarah Zois,29357,George Washington,,9.825,,9.875,Sunday,4,2,2024
Sophia Tyeryar,29357,George Washington,9.75,,,,Sunday,4,2,2024
Syd Morris,29357,LIU,9.15,9.9,9.8,9.775,Sunday,4,2,2024
Ava Jordan,29359,Michigan,,,,9.775,Sunday,4,2,2024
Baleigh Garcia,29359,Michigan State,,9.925,,,Sunday,4,2,2024
Carly Bauman,29359,Michigan,9.85,9.95,9.925,,Sunday,4,2,2024
Delanie Harkness,29359,Michigan State,9.925,,9.875,,Sunday,4,2,2024
Elle Beaufait,29359,Michigan State,,,9.9,,Sunday,4,2,2024
Gabby Wilson,29359,Michigan,9.9,9.725,10.0,9.875,Sunday,4,2,2024
Gabi Ortiz,29359,Michigan State,,9.9,,,Sunday,4,2,2024
Gabrielle Stephen,29359,Michigan State,9.85,9.85,9.875,9.85,Sunday,4,2,2024
Giana Kalefe,29359,Michigan State,,9.925,,,Sunday,4,2,2024
Haylen Zabrowski,29359,Michigan,9.825,,,,Sunday,4,2,2024
Jacey Vore,29359,Michigan,9.875,9.925,,,Sunday,4,2,2024
Jenna Mulligan,29359,Michigan,,9.275,9.925,9.825,Sunday,4,2,2024
Jori Jackard,29359,Michigan State,9.0,,,,Sunday,4,2,2024
MaKayla Tucker,29359,Michigan State,,9.9,9.9,9.925,Sunday,4,2,2024
Naomi Morrison,29359,Michigan,9.125,,9.95,9.875,Sunday,4,2,2024
Nikki Smith,29359,Michigan State,9.85,,9.875,9.95,Sunday,4,2,2024
Nyah Smith,29359,Michigan State,,,,9.75,Sunday,4,2,2024
Olivia Zsarmani,29359,Michigan State,9.85,,,,Sunday,4,2,2024
Reyna Guggino,29359,Michigan,,9.75,9.875,9.875,Sunday,4,2,2024
Sage Kellerman,29359,Michigan State,9.9,,,10.0,Sunday,4,2,2024
Sierra Brooks,29359,Michigan,9.95,9.8,9.95,9.875,Sunday,4,2,2024
Skyla Schulte,29359,Michigan State,,9.95,9.95,9.85,Sunday,4,2,2024
Amanda Zeng,29361,Stanford,,,9.9,9.8,Monday,5,2,2024
Anapaula Gutierrez,29361,Stanford,9.925,,,9.8,Monday,5,2,2024
Ava Sorrento,29361,Stanford,9.75,,,,Monday,5,2,2024
Brenna Neault,29361,Stanford,9.825,9.825,9.875,9.8,Monday,5,2,2024
Caitlin McWilliams,29361,Washington,,,9.55,,Monday,5,2,2024
Chelsea Hallinan,29361,Washington,,9.9,,,Monday,5,2,2024
Chloe Widner,29361,Stanford,9.9,,,,Monday,5,2,2024
Claire Dean,29361,Stanford,9.85,9.85,9.825,9.825,Monday,5,2,2024
Deiah Moody,29361,Washington,9.8,9.775,,,Monday,5,2,2024
Emily Innes,29361,Washington,,9.85,9.875,9.85,Monday,5,2,2024
Emily Pires,29361,Washington,,,9.85,9.725,Monday,5,2,2024
Ira Alexeeva,29361,Stanford,9.85,9.85,,,Monday,5,2,2024
Kristin Lin,29361,Washington,9.4,,9.375,9.8,Monday,5,2,2024
Lana Navarro,29361,Washington,,9.75,9.8,9.775,Monday,5,2,2024
Lilly Tubbs,29361,Washington,9.85,,,9.8,Monday,5,2,2024
Olivia Oppegard,29361,Washington,9.725,,,,Monday,5,2,2024
Porsche Trinidad,29361,Stanford,,9.875,,,Monday,5,2,2024
Sienna Robinson,29361,Stanford,,9.825,,,Monday,5,2,2024
Skylar Killough-Wilhelm,29361,Washington,9.9,9.925,9.875,9.875,Monday,5,2,2024
Taralyn Nguyen,29361,Stanford,,9.775,9.875,9.1,Monday,5,2,2024
Taylor Russon,29361,Washington,9.8,9.925,,,Monday,5,2,2024
Temple Landry,29361,Stanford,,,9.85,,Monday,5,2,2024
Victoria Cluck,29361,Stanford,,,,9.75,Monday,5,2,2024
Alia Wilson,29363,UW-Stout,9.075,,,,Thursday,8,2,2024
Anna Beaudry,29363,Hamline,8.5,,,,Thursday,8,2,2024
Anna Johnson,29363,Hamline,,,,8.925,Thursday,8,2,2024
Anna Mielke,29363,UW-Stout,,,9.65,9.325,Thursday,8,2,2024
Annelise Smaby,29363,Hamline,8.55,8.325,8.825,,Thursday,8,2,2024
Ashley Roth,29363,Winona State,8.325,,,,Thursday,8,2,2024
Ashtyn Gagner,29363,UW-Stout,,8.875,8.775,9.25,Thursday,8,2,2024
Aspen Peters,29363,Winona State,,,,9.45,Thursday,8,2,2024
Brianna Weikel,29363,Hamline,9.15,8.875,9.65,,Thursday,8,2,2024
Britney Krumrei,29363,Hamline,7.5,,,9.225,Thursday,8,2,2024
Brooke Reardon,29363,Hamline,,8.65,,,Thursday,8,2,2024
Bryce Stoltz,29363,Winona State,9.05,9.05,9.575,9.6,Thursday,8,2,2024
Cailey Price,29363,Hamline,,,,9.15,Thursday,8,2,2024
Caledonia Norton,29363,Hamline,8.9,,,,Thursday,8,2,2024
Catelyn Zack,29363,Hamline,,,9.125,,Thursday,8,2,2024
Courtney Knutson,29363,Winona State,,,9.6,,Thursday,8,2,2024
Effie Ferguson,29363,UW-Stout,9.55,9.45,9.2,,Thursday,8,2,2024
Ellie Sampson,29363,Winona State,9.15,,,,Thursday,8,2,2024
Emma Brittingham,29363,UW-Stout,8.775,,,,Thursday,8,2,2024
Genevieve Czaplewski,29363,UW-Stout,,9.0,,,Thursday,8,2,2024
Gillian Cummins,29363,UW-Stout,9.375,9.475,9.475,9.575,Thursday,8,2,2024
Hannah Lemon,29363,Hamline,,8.975,,,Thursday,8,2,2024
Isabela Krulich,29363,UW-Stout,,9.1,9.7,,Thursday,8,2,2024
Izzy Kropiwiec,29363,Winona State,,,9.65,9.1,Thursday,8,2,2024
Jessica Qualich,29363,UW-Stout,,,,9.675,Thursday,8,2,2024
Jessisca Miley,29363,Winona State,9.4,9.575,9.65,9.4,Thursday,8,2,2024
Julia Cheely,29363,Hamline,8.7,,,9.325,Thursday,8,2,2024
Kaelyn Duman,29363,Winona State,,9.4,,,Thursday,8,2,2024
Kaitlyn Morgan,29363,Hamline,,8.75,,,Thursday,8,2,2024
Kaylee Bateman,29363,Winona State,9.45,9.5,,9.275,Thursday,8,2,2024
Kiara Brown,29363,UW-Stout,9.6,,,8.9,Thursday,8,2,2024
Laurel Raymond,29363,Hamline,,,9.125,8.95,Thursday,8,2,2024
Lily Ramsdell,29363,Hamline,,8.4,,,Thursday,8,2,2024
Madysen Disekrud,29363,Winona State,,,9.5,9.525,Thursday,8,2,2024
Reagan Kelly,29363,Winona State,,8.8,,,Thursday,8,2,2024
Riley Hintz,29363,Hamline,,,,9.0,Thursday,8,2,2024
Sarah Lutz,29363,UW-Stout,9.55,,,,Thursday,8,2,2024
Shea Campbell,29363,Hamline,,,9.5,,Thursday,8,2,2024
Sydney Stoenner,29363,Hamline,,,9.325,,Thursday,8,2,2024
Taryn Sellner,29363,Winona State,,9.5,9.625,,Thursday,8,2,2024
Taylar Schaefer,29363,UW-Stout,,9.425,9.3,9.7,Thursday,8,2,2024
Taylor Magierka,29363,Winona State,8.75,,,,Thursday,8,2,2024
Adriana Bustelo,29366,Central Michigan,9.35,9.125,,,Friday,9,2,2024
Amber Mueller,29366,Central Michigan,,9.825,,,Friday,9,2,2024
Ashley Szymanski,29366,Ball State,9.825,9.625,,,Friday,9,2,2024
Ashley Veglucci,29366,Central Michigan,9.775,,9.8,,Friday,9,2,2024
Avah Bootz,29366,Central Michigan,,,,9.775,Friday,9,2,2024
Carissa Martinez,29366,Ball State,,,9.75,9.825,Friday,9,2,2024
Elizabeth Buttle,29366,Central Michigan,,,9.7,,Friday,9,2,2024
Elizabeth Cesarone,29366,Central Michigan,,9.475,9.825,9.85,Friday,9,2,2024
Grace Sumner,29366,Ball State,9.8,9.9,,,Friday,9,2,2024
Hallie Hornbacher,29366,Central Michigan,,,9.825,,Friday,9,2,2024
Hannah Ruthberg,29366,Ball State,9.75,9.775,9.85,9.775,Friday,9,2,2024
Jenna Germond,29366,Central Michigan,9.725,,,9.775,Friday,9,2,2024
Karina Lankamer,29366,Central Michigan,,9.725,,,Friday,9,2,2024
Luciana Alvarado-Reid,29366,Central Michigan,9.875,9.65,9.8,9.8,Friday,9,2,2024
Megan Teter,29366,Ball State,9.9,9.825,9.75,9.675,Friday,9,2,2024
Quinn Skrupa,29366,Central Michigan,9.8,9.75,9.75,,Friday,9,2,2024
Samantha Shannon,29366,Central Michigan,9.75,,,9.775,Friday,9,2,2024
Suki Pfister,29366,Ball State,,,9.8,9.9,Friday,9,2,2024
Victoria Henry,29366,Ball State,9.575,9.7,9.775,9.85,Friday,9,2,2024
Zoe Middleton,29366,Ball State,9.825,8.85,9.8,9.75,Friday,9,2,2024
Zoie Pelfrey,29366,Central Michigan,,,,9.75,Friday,9,2,2024
Ady Wahl,29368,Georgia,9.8,,9.9,9.85,Friday,9,2,2024
Aleah Finnegan,29368,LSU,,9.825,9.925,9.85,Friday,9,2,2024
Alexis Jeffrey,29368,LSU,9.875,9.775,,,Friday,9,2,2024
Amanda Cashman,29368,Georgia,,,9.9,9.75,Friday,9,2,2024
Amari Drayton,29368,LSU,,,9.825,9.825,Friday,9,2,2024
Anya Turner,29368,Georgia,,9.1,,,Friday,9,2,2024
Ashley Cowan,29368,LSU,9.85,,,,Friday,9,2,2024
Ashlyn LaClair,29368,Georgia,,,9.875,9.725,Friday,9,2,2024
Haleigh Bryant,29368,LSU,9.85,10.0,9.95,9.95,Friday,9,2,2024
Holly Snyder,29368,Georgia,9.875,,,,Friday,9,2,2024
Ja' Free Scott,29368,Georgia,9.85,9.875,,9.825,Friday,9,2,2024
Jaydah Battle,29368,Georgia,,9.875,9.125,9.8,Friday,9,2,2024
KJ Johnson,29368,LSU,,,9.9,9.85,Friday,9,2,2024
Kiya Johnson,29368,LSU,9.85,9.85,9.925,9.9,Friday,9,2,2024
Konnor McClain,29368,LSU,9.875,9.925,,,Friday,9,2,2024
Lily Smith,29368,Georgia,9.875,9.875,9.95,9.825,Friday,9,2,2024
Naya Howard,29368,Georgia,9.85,9.85,,,Friday,9,2,2024
Olivia Dunne,29368,LSU,,,9.8,,Friday,9,2,2024
Savannah Schoenherr,29368,LSU,9.85,,,9.825,Friday,9,2,2024
Sidney Fitzgerald,29368,Georgia,9.75,,9.85,,Friday,9,2,2024
Sierra Ballard,29368,LSU,,9.825,,,Friday,9,2,2024
Zora Morgan,29368,Georgia,,9.825,,,Friday,9,2,2024
Alisha Werlen,29370,Pennsylvania,,9.675,,,Friday,9,2,2024
Amelia Budd,29370,Temple,,,,9.775,Friday,9,2,2024
Ana Kenefick,29370,Pennsylvania,,9.6,9.85,,Friday,9,2,2024
Angelina Hogan,29370,Temple,7.45,,,,Friday,9,2,2024
Brooke Donabedian,29370,Temple,,9.825,9.9,,Friday,9,2,2024
Campbell Marr,29370,Pennsylvania,,9.65,,,Friday,9,2,2024
Carly Oniki,29370,Pennsylvania,9.625,,,,Friday,9,2,2024
Cyrena Whalen,29370,Temple,9.775,,,,Friday,9,2,2024
Emily Johnson,29370,Temple,9.775,,,,Friday,9,2,2024
Emma Davies,29370,Pennsylvania,,,9.875,,Friday,9,2,2024
Hannah Stallings,29370,Temple,,,9.75,8.425,Friday,9,2,2024
Hannah Weklar,29370,Temple,,,,9.8,Friday,9,2,2024
Isabel Song,29370,Pennsylvania,,,,9.725,Friday,9,2,2024
Jackie Tunney,29370,Pennsylvania,9.225,,,,Friday,9,2,2024
Jordan Barrow,29370,Pennsylvania,,,,9.8,Friday,9,2,2024
Kiersten Belkoff,29370,Pennsylvania,,9.75,,9.825,Friday,9,2,2024
Mackenzie Aresta,29370,Temple,,,,9.8,Friday,9,2,2024
Madison Dorunda,29370,Temple,,9.8,9.75,,Friday,9,2,2024
Madisson Elmore,29370,Temple,8.775,,,,Friday,9,2,2024
Marissa Lassiter,29370,Pennsylvania,,,9.875,,Friday,9,2,2024
Payton Monk,29370,Temple,,9.7,9.8,9.575,Friday,9,2,2024
Reese DeHaan,29370,Temple,9.675,,,,Friday,9,2,2024
Renee Schugman,29370,Temple,,9.8,,,Friday,9,2,2024
Samantha Wu,29370,Pennsylvania,,9.75,,,Friday,9,2,2024
Sara Kenefick,29370,Pennsylvania,9.55,,9.775,9.675,Friday,9,2,2024
Sarah Stallings,29370,Temple,9.85,9.625,,,Friday,9,2,2024
Skyelar Kerico,29370,Pennsylvania,9.75,9.775,9.825,9.8,Friday,9,2,2024
Skylar Shafran,29370,Temple,,,9.6,,Friday,9,2,2024
Sophia Paris,29370,Pennsylvania,9.85,,,,Friday,9,2,2024
Summer Ruskey,29370,Temple,,9.55,9.625,9.7,Friday,9,2,2024
Zara Gazdak,29370,Pennsylvania,9.6,,9.675,9.75,Friday,9,2,2024
Abbie Lain,29372,Simpson,8.75,9.7,,,Friday,9,2,2024
Addie Gallun,29372,UW-Eau Claire,,,8.475,9.35,Friday,9,2,2024
Andrea O'Connell,29372,UW-Eau Claire,,,9.6,,Friday,9,2,2024
Annika Cole,29372,Simpson,9.05,,9.325,,Friday,9,2,2024
Ava Obermoller,29372,UW-Eau Claire,,,,9.475,Friday,9,2,2024
Bella Dix,29372,Simpson,8.85,9.475,9.3,9.3,Friday,9,2,2024
Brooklen Morgan,29372,Simpson,,8.95,9.25,9.35,Friday,9,2,2024
Brooklynn Einck,29372,UW-Eau Claire,9.45,,,,Friday,9,2,2024
Cadence Cordova,29372,UW-Eau Claire,,,,9.35,Friday,9,2,2024
Chloe Radmer,29372,Simpson,,9.0,,,Friday,9,2,2024
Emily Leese,29372,UW-Eau Claire,,,8.5,9.45,Friday,9,2,2024
Emma Charles,29372,Simpson,,,,8.2,Friday,9,2,2024
Georgia Guynn,29372,UW-Eau Claire,,8.975,,,Friday,9,2,2024
Harriet Toth,29372,UW-Eau Claire,9.225,9.5,9.5,9.525,Friday,9,2,2024
Izzy Brown,29372,Simpson,,9.6,8.15,,Friday,9,2,2024
Kaelyn Tally,29372,Simpson,,,9.55,9.575,Friday,9,2,2024
Kaley Bristow,29372,Simpson,,,7.9,,Friday,9,2,2024
Kaylee Paige,29372,Simpson,8.7,,,,Friday,9,2,2024
Kelsey Donovan,29372,UW-Eau Claire,,,9.25,,Friday,9,2,2024
Linnea Vasali,29372,UW-Eau Claire,,9.3,,,Friday,9,2,2024
Madison Daly,29372,UW-Eau Claire,8.725,,,,Friday,9,2,2024
Meghan Dahlin,29372,UW-Eau Claire,,9.675,,,Friday,9,2,2024
Molly Campbell,29372,UW-Eau Claire,8.55,9.65,9.55,9.35,Friday,9,2,2024
Morgan Svec,29372,Simpson,8.225,,,,Friday,9,2,2024
Nicola Catchpole,29372,Simpson,,,,8.7,Friday,9,2,2024
Olivia Short,29372,Simpson,,8.15,,,Friday,9,2,2024
Rachel Hettiarachchy,29372,UW-Eau Claire,9.5,,,,Friday,9,2,2024
Tia Ravara,29372,UW-Eau Claire,9.625,9.1,,,Friday,9,2,2024
Winter Poolaw,29372,Simpson,9.125,,,9.4,Friday,9,2,2024
Alexis Hankins,29374,Ohio State,9.75,9.9,,,Friday,9,2,2024
Alyssa Kramer,29374,Penn State,,,9.875,,Friday,9,2,2024
Amani Herring,29374,Penn State,,9.95,9.9,9.8,Friday,9,2,2024
Ashley Maul,29374,Penn State,,9.75,,,Friday,9,2,2024
Ava Piedrahita,29374,Penn State,9.7,9.775,9.875,9.875,Friday,9,2,2024
Bella Salcedo,29374,Penn State,,9.875,9.475,9.75,Friday,9,2,2024
Cassidy Rushlow,29374,Penn State,9.875,,,9.7,Friday,9,2,2024
Ella Hodges,29374,Ohio State,,9.95,9.85,,Friday,9,2,2024
Emma Pritchard,29374,Ohio State,9.8,9.75,,,Friday,9,2,2024
Gabrielle Gallentine,29374,Penn State,9.825,,,,Friday,9,2,2024
Jessica Johanson,29374,Penn State,9.775,,,,Friday,9,2,2024
Jojo Warga,29374,Ohio State,,9.925,,,Friday,9,2,2024
Kaitlyn Grimes,29374,Ohio State,,,,9.825,Friday,9,2,2024
Kalea McElligott,29374,Penn State,9.8,9.85,9.875,9.675,Friday,9,2,2024
Kaylyn Mintz,29374,Ohio State,,,9.875,,Friday,9,2,2024
Maddie Johnston,29374,Penn State,9.825,9.875,9.775,9.8,Friday,9,2,2024
Mallory Gregory,29374,Ohio State,,,,9.8,Friday,9,2,2024
Nicole Riccardi,29374,Ohio State,9.95,,,9.825,Friday,9,2,2024
Payton Harris,29374,Ohio State,9.85,9.825,9.95,9.875,Friday,9,2,2024
Savannah Gonzalez,29374,Ohio State,,,9.875,,Friday,9,2,2024
Sidney Washington,29374,Ohio State,9.825,,9.675,9.75,Friday,9,2,2024
Tory Vetter,29374,Ohio State,9.85,9.925,9.925,9.725,Friday,9,2,2024
Alex Theodorou,29376,Arizona State,,,,9.75,Friday,9,2,2024
Amanda Zeng,29376,Stanford,,,9.775,9.825,Friday,9,2,2024
Anapaula Gutierrez,29376,Stanford,9.875,,,9.825,Friday,9,2,2024
Anaya Smith,29376,Arizona State,,,,9.925,Friday,9,2,2024
Ashley Carter,29376,Stanford,,9.775,,,Friday,9,2,2024
Ava Sorrento,29376,Stanford,9.75,,,,Friday,9,2,2024
Brenna Neault,29376,Stanford,9.9,9.7,,9.875,Friday,9,2,2024
Cassi Barbanente,29376,Arizona State,9.8,,,,Friday,9,2,2024
Chloe Widner,29376,Stanford,9.95,,,,Friday,9,2,2024
Claire Dean,29376,Stanford,9.8,9.8,9.825,9.775,Friday,9,2,2024
Emily White,29376,Arizona State,9.875,9.825,9.875,,Friday,9,2,2024
Gracie Reeves,29376,Arizona State,9.8,9.8,,9.575,Friday,9,2,2024
Halle Gregoire,29376,Arizona State,,,9.85,9.825,Friday,9,2,2024
Hannah Scharf,29376,Arizona State,9.875,9.9,9.9,9.65,Friday,9,2,2024
Ira Alexeeva,29376,Stanford,9.825,9.85,9.875,,Friday,9,2,2024
Jada Mangahas,29376,Arizona State,9.875,9.875,9.825,9.875,Friday,9,2,2024
Kayla Lee,29376,Arizona State,,9.025,9.8,,Friday,9,2,2024
Kimberly Smith,29376,Arizona State,,,9.65,,Friday,9,2,2024
Porsche Trinidad,29376,Stanford,,9.925,,,Friday,9,2,2024
Sarah Clark,29376,Arizona State,9.95,9.925,,,Friday,9,2,2024
Sienna Robinson,29376,Stanford,,9.8,,,Friday,9,2,2024
Taralyn Nguyen,29376,Stanford,,,9.875,9.9,Friday,9,2,2024
Temple Landry,29376,Stanford,,,9.8,,Friday,9,2,2024
Victoria Cluck,29376,Stanford,,,9.8,9.7,Friday,9,2,2024
Alilah Alvarado,29378,BYU,9.8,,,,Friday,9,2,2024
Alivia Ostendorf,29378,Utah State,,9.675,9.875,9.825,Friday,9,2,2024
Allix Mason,29378,BYU,9.225,9.75,,9.725,Friday,9,2,2024
Amari Evans,29378,Utah State,,,9.825,,Friday,9,2,2024
Angel Stuart,29378,Utah State,9.775,,9.875,9.6,Friday,9,2,2024
Anna Bramblett-Wilde,29378,BYU,9.9,,,,Friday,9,2,2024
Anyssa Alvarado,29378,BYU,9.825,,,,Friday,9,2,2024
Audrey Davis,29378,Oklahoma,9.95,9.8,9.925,9.825,Friday,9,2,2024
Ava Jorgensen,29378,BYU,,,9.75,9.75,Friday,9,2,2024
Avery Bibbey,29378,Utah State,9.7,,,,Friday,9,2,2024
Bell Johnson,29378,Oklahoma,,,9.9,,Friday,9,2,2024
Brianna Brooks,29378,Utah State,9.825,9.825,9.7,9.8,Friday,9,2,2024
Brooke Ferrari,29378,Texas Woman's,9.7,,,,Friday,9,2,2024
Brynlee Andersen,29378,BYU,,9.8,,,Friday,9,2,2024
Caroline Bowns,29378,Texas Woman's,9.7,,,,Friday,9,2,2024
Daisy Woodring,29378,Texas Woman's,,9.6,9.725,9.825,Friday,9,2,2024
Dani Kirstine,29378,Utah State,9.2,8.875,,,Friday,9,2,2024
Elease Rollins,29378,BYU,,9.75,,,Friday,9,2,2024
Eliza Millar-Crossman,29378,BYU,,9.65,9.85,,Friday,9,2,2024
Emily Six,29378,Texas Woman's,,9.3,9.85,9.625,Friday,9,2,2024
Emma Brkljacic,29378,Texas Woman's,,9.775,,9.775,Friday,9,2,2024
Faith Torrez,29378,Oklahoma,9.825,9.95,9.95,9.85,Friday,9,2,2024
Hannah Scheible,29378,Oklahoma,,,,9.825,Friday,9,2,2024
Heidi Schooley-Meyers,29378,BYU,,,9.9,,Friday,9,2,2024
Jenna Eagles,29378,Utah State,,9.775,9.825,,Friday,9,2,2024
Jordan Bowers,29378,Oklahoma,9.975,9.85,9.95,9.975,Friday,9,2,2024
Juliette Boyer,29378,Utah State,9.775,,,9.725,Friday,9,2,2024
Kaitlyn Hoiland,29378,Texas Woman's,9.775,,,9.75,Friday,9,2,2024
Kami Zarlengo,29378,Texas Woman's,9.6,,,,Friday,9,2,2024
Katherine LeVasseur,29378,Oklahoma,9.875,9.9,9.975,9.975,Friday,9,2,2024
Keira Wells,29378,Oklahoma,,9.875,,9.925,Friday,9,2,2024
Kylie Eaquinto,29378,BYU,9.85,,,9.875,Friday,9,2,2024
Lainey Hunt,29378,Texas Woman's,9.45,,,,Friday,9,2,2024
Lexi Aragon,29378,Utah State,9.45,,,,Friday,9,2,2024
Madeline Gose,29378,Texas Woman's,,9.625,9.85,,Friday,9,2,2024
Madison Raesly-Patton,29378,BYU,,9.725,,,Friday,9,2,2024
Meilin Sullivan,29378,Oklahoma,9.9,,,,Friday,9,2,2024
Melissa Earl,29378,BYU,,,,9.825,Friday,9,2,2024
Mina Margraf-Benson,29378,BYU,,9.7,,,Friday,9,2,2024
Mya Witte,29378,Utah State,,9.425,,,Friday,9,2,2024
Nyla Morabito,29378,Utah State,,,9.825,9.75,Friday,9,2,2024
Olivia Matern,29378,BYU,,,9.675,,Friday,9,2,2024
Payton Gatzlaff,29378,Utah State,,,,9.7,Friday,9,2,2024
Ragan Smith,29378,Oklahoma,9.925,9.95,9.95,,Friday,9,2,2024
Sofia Steffan,29378,Texas Woman's,8.825,,9.775,,Friday,9,2,2024
Sophia Isbell,29378,Texas Woman's,,,,9.75,Friday,9,2,2024
Sophie Dudley,29378,BYU,,,9.925,9.75,Friday,9,2,2024
Sophie Hernandez,29378,Texas Woman's,,9.6,9.925,,Friday,9,2,2024
Steelie King,29378,Texas Woman's,,9.65,9.8,9.8,Friday,9,2,2024
Sydney Benson,29378,BYU,9.725,,9.9,9.9,Friday,9,2,2024
Sydney Jelen,29378,Utah State,,9.75,,,Friday,9,2,2024
Ailey Kuehn,29382,S.E. Missouri,,,,9.725,Friday,9,2,2024
Anna Chodon,29382,S.E. Missouri,,9.7,,,Friday,9,2,2024
Anna Speller,29382,S.E. Missouri,,9.75,,,Friday,9,2,2024
Athena Jones,29382,Sacramento State,,9.025,9.775,,Friday,9,2,2024
Ava Johnston,29382,S.E. Missouri,9.725,,,,Friday,9,2,2024
Ayla McKean,29382,Air Force,9.85,9.8,9.65,,Friday,9,2,2024
Bella Lahmidi,29382,Sacramento State,9.8,,,,Friday,9,2,2024
Clara Wallace,29382,Air Force,9.725,9.7,9.775,9.625,Friday,9,2,2024
Emma Morgenthaler,29382,Sacramento State,9.65,9.775,9.875,9.775,Friday,9,2,2024
Gabriella Hartley,29382,Air Force,,9.725,,,Friday,9,2,2024
Gabriella Meccia,29382,Air Force,,,9.925,9.65,Friday,9,2,2024
Gianna Martyna,29382,Air Force,,,9.8,,Friday,9,2,2024
Grace Gilman,29382,Sacramento State,,9.775,9.5,9.7,Friday,9,2,2024
Janelle Lopez,29382,S.E. Missouri,9.825,,,9.625,Friday,9,2,2024
Jillianne Lastra,29382,Sacramento State,9.825,,,,Friday,9,2,2024
Jordan Napolitano,29382,S.E. Missouri,,9.6,9.875,9.725,Friday,9,2,2024
Kailyn Hamilton,29382,S.E. Missouri,9.75,,9.825,,Friday,9,2,2024
Kara Houghton,29382,Sacramento State,9.875,9.775,9.875,,Friday,9,2,2024
Kimberly Kinkade,29382,Air Force,9.3,,,,Friday,9,2,2024
Kylee Greene,29382,Air Force,,9.75,,,Friday,9,2,2024
Lydia Webb,29382,S.E. Missouri,9.85,9.75,9.775,9.725,Friday,9,2,2024
Madison Carlisle,29382,Air Force,9.75,,,,Friday,9,2,2024
Madison Greene,29382,S.E. Missouri,,9.075,9.925,9.775,Friday,9,2,2024
Maggie Slife,29382,Air Force,9.9,9.825,9.85,9.85,Friday,9,2,2024
Rosa Juarez Baez,29382,Air Force,,,,9.575,Friday,9,2,2024
Rose Wilson,29382,Sacramento State,,,,9.775,Friday,9,2,2024
Rylin Zimmerman,29382,Sacramento State,,8.475,,9.525,Friday,9,2,2024
Sarah Fitzgerald,29382,Sacramento State,9.05,,,9.675,Friday,9,2,2024
Sarah Lutrel,29382,Sacramento State,9.75,9.825,9.675,9.775,Friday,9,2,2024
Sarah Willis,29382,Air Force,,9.075,,9.65,Friday,9,2,2024
Simone Dumas-Guzman,29382,Sacramento State,,,9.125,,Friday,9,2,2024
Sydney Crouch,29382,S.E. Missouri,9.6,,9.775,,Friday,9,2,2024
Taylor Ingle,29382,S.E. Missouri,9.8,9.075,9.075,,Friday,9,2,2024
Velandra Brochi,29382,Air Force,9.1,,9.775,9.65,Friday,9,2,2024
Alexa Chuy,29386,Talladega,9.675,9.75,9.55,9.3,Friday,9,2,2024
Alondra Maldonado,29386,Talladega,,9.8,9.825,,Friday,9,2,2024
Amy Foret,29386,Centenary College,,9.8,,9.45,Friday,9,2,2024
Ariana DeSouza,29386,Alaska,,9.775,9.675,9.45,Friday,9,2,2024
Avery Tillmanns,29386,Alaska,,,,9.375,Friday,9,2,2024
Brooke Murdock,29386,Centenary College,,9.425,9.175,,Friday,9,2,2024
Brooklyn Kopsack,29386,Alaska,,,,9.3,Friday,9,2,2024
Claire Flores,29386,Centenary College,9.425,,,,Friday,9,2,2024
Claudia Lessig,29386,Alaska,9.725,9.875,,,Friday,9,2,2024
Diamond Cook,29386,Talladega,,,8.6,,Friday,9,2,2024
Emily McClung,29386,Centenary College,,,9.375,,Friday,9,2,2024
Emily Walker,29386,Alaska,9.525,9.375,,,Friday,9,2,2024
Emma Lavelle,29386,Centenary College,9.525,,,,Friday,9,2,2024
Hayden Cagle,29386,Centenary College,,8.825,,,Friday,9,2,2024
Hayley Perkins,29386,Alaska,9.575,,9.4,,Friday,9,2,2024
Isabel Plaza,29386,Centenary College,,,9.575,9.55,Friday,9,2,2024
Jada Niles,29386,Alaska,9.625,,,,Friday,9,2,2024
Jaidyn Bryant,29386,Talladega,,,9.475,9.35,Friday,9,2,2024
Jamilia Duffus,29386,Talladega,9.675,,,9.55,Friday,9,2,2024
Jessica Johnson,29386,Alaska,8.2,9.85,,,Friday,9,2,2024
Kendall Huff,29386,Centenary College,,,9.375,9.325,Friday,9,2,2024
Kiora Peart-Williams,29386,Talladega,9.75,9.625,,9.475,Friday,9,2,2024
Krystin Johnson,29386,Talladega,9.825,9.725,9.75,9.65,Friday,9,2,2024
Lacey Wedge,29386,Centenary College,,,9.75,9.275,Friday,9,2,2024
Landyn Williams,29386,Talladega,,,9.575,,Friday,9,2,2024
Mackenzie Butler,29386,Talladega,,,,9.3,Friday,9,2,2024
Maddy Murphy,29386,Alaska,,,9.625,9.475,Friday,9,2,2024
Madelyn Gomez,29386,Alaska,,,9.475,,Friday,9,2,2024
Marcela Bonifasi,29386,Alaska,,9.725,,,Friday,9,2,2024
Montana Fairbairn,29386,Alaska,,9.125,9.7,9.625,Friday,9,2,2024
Morgan Swaby,29386,Talladega,8.2,9.275,,,Friday,9,2,2024
Mylia Vidtor,29386,Centenary College,,9.125,,,Friday,9,2,2024
Olivia Stratmann,29386,Centenary College,8.775,,,9.45,Friday,9,2,2024
Olivia Williams,29386,Centenary College,9.15,,9.275,,Friday,9,2,2024
Paola Ruano Barahona,29386,Alaska,8.95,,,,Friday,9,2,2024
Promise Jean-Marie,29386,Talladega,9.325,,,,Friday,9,2,2024
Roxanne Myers,29386,Centenary College,9.05,,,,Friday,9,2,2024
Rylie Molina,29386,Centenary College,,9.75,,,Friday,9,2,2024
Sidnei Heubach,29386,Talladega,,9.55,,,Friday,9,2,2024
Silje Hildebrand,29386,Alaska,,,9.825,9.1,Friday,9,2,2024
Sophie Schmitz,29386,Centenary College,9.625,9.575,,9.575,Friday,9,2,2024
Amari Celestine,29388,Missouri,,8.9,9.95,9.85,Friday,9,2,2024
Amaya Marshall,29388,Missouri,,9.75,,,Friday,9,2,2024
Annie Reigert,29388,Kentucky,9.75,,,,Friday,9,2,2024
Arianna Patterson,29388,Kentucky,,9.6,,9.925,Friday,9,2,2024
Cecily Rizo,29388,Kentucky,9.8,9.125,,9.825,Friday,9,2,2024
Claire Stippich,29388,Kentucky,9.8,,,,Friday,9,2,2024
Creslyn Brose,29388,Kentucky,,9.8,9.95,,Friday,9,2,2024
Delaynee Rodriguez,29388,Kentucky,9.9,9.85,9.85,9.825,Friday,9,2,2024
Grace Anne Davis,29388,Missouri,,9.85,,9.8,Friday,9,2,2024
Hailey Davis,29388,Kentucky,9.85,,9.95,,Friday,9,2,2024
Hannah Horton,29388,Missouri,,,9.875,9.9,Friday,9,2,2024
Hollyn Patrick,29388,Missouri,9.9,,,,Friday,9,2,2024
Isabella Magnelli,29388,Kentucky,,9.65,9.95,9.9,Friday,9,2,2024
Jocelyn Moore,29388,Missouri,9.9,,9.975,9.9,Friday,9,2,2024
Kennedy Griffin,29388,Missouri,,,9.875,,Friday,9,2,2024
Kyra Burns,29388,Missouri,9.8,,,,Friday,9,2,2024
Makenzie Wilson,29388,Kentucky,,,9.925,9.95,Friday,9,2,2024
Mara Titarsolej,29388,Missouri,9.95,,,,Friday,9,2,2024
Raena Worley,29388,Kentucky,9.95,9.9,9.975,9.9,Friday,9,2,2024
Rayna Light,29388,Missouri,9.85,9.675,9.825,9.7,Friday,9,2,2024
Sienna Schreiber,29388,Missouri,9.825,9.375,9.85,9.8,Friday,9,2,2024
Sydney Schaffer,29388,Missouri,,9.75,,,Friday,9,2,2024
Abby Mueller,29390,Illinois,9.825,9.8,9.825,9.7,Friday,9,2,2024
Alea Byrne,29390,Illinois,,,9.65,9.625,Friday,9,2,2024
Allie Morgan,29390,Illinois,,,9.85,,Friday,9,2,2024
Amelia Knight,29390,Illinois,9.85,9.7,,,Friday,9,2,2024
Arielle Ward,29390,Illinois,,,,9.175,Friday,9,2,2024
Baleigh Garcia,29390,Michigan State,,9.825,,,Friday,9,2,2024
Delanie Harkness,29390,Michigan State,9.925,,9.9,,Friday,9,2,2024
Destiny Denning,29390,Illinois,9.75,,,,Friday,9,2,2024
Elle Beaufait,29390,Michigan State,,,9.875,,Friday,9,2,2024
Gabi Ortiz,29390,Michigan State,,9.825,,,Friday,9,2,2024
Gabrielle Stephen,29390,Michigan State,9.775,9.925,9.9,9.825,Friday,9,2,2024
Giana Kalefe,29390,Michigan State,,9.9,,,Friday,9,2,2024
Kadyn Fitzgibbon,29390,Illinois,,,9.825,9.775,Friday,9,2,2024
Kaitlyn Ewald,29390,Illinois,9.8,9.85,9.8,,Friday,9,2,2024
Lyden Saltness,29390,Illinois,9.875,,,,Friday,9,2,2024
MaKayla Tucker,29390,Michigan State,,9.875,9.9,9.825,Friday,9,2,2024
Mia Takekawa,29390,Illinois,9.875,9.95,,,Friday,9,2,2024
Mia Townes,29390,Illinois,,9.125,9.925,,Friday,9,2,2024
Nikki Smith,29390,Michigan State,9.625,,9.95,9.9,Friday,9,2,2024
Olivia Coppola,29390,Illinois,,,,9.75,Friday,9,2,2024
Olivia Zsarmani,29390,Michigan State,9.8,,,,Friday,9,2,2024
Ruthuja Nataraj,29390,Illinois,,9.85,,9.75,Friday,9,2,2024
Sage Kellerman,29390,Michigan State,9.85,,,9.925,Friday,9,2,2024
Skyla Schulte,29390,Michigan State,9.85,9.875,9.875,9.875,Friday,9,2,2024
Tara Walsh,29390,Michigan State,,,,9.775,Friday,9,2,2024
Abby Mitchell,29392,UW-La Crosse,,,,9.6,Friday,9,2,2024
Abby Singh,29392,Western Michigan,9.825,9.575,,9.85,Friday,9,2,2024
Alana Anderson,29392,Northern Illinois,,,9.725,,Friday,9,2,2024
Alex Wood,29392,UW-La Crosse,,,,9.725,Friday,9,2,2024
Ally Schaupp,29392,Western Michigan,,,9.825,,Friday,9,2,2024
Alyssa Al-Ashari,29392,Northern Illinois,9.85,9.7,,,Friday,9,2,2024
Amanda Gruber,29392,Western Michigan,,9.8,9.875,,Friday,9,2,2024
Ashlyn Barker,29392,UW-La Crosse,9.6,,,,Friday,9,2,2024
Ashnaya Gupta,29392,UW-Whitewater,,9.475,,,Friday,9,2,2024
Ava Pesch,29392,UW-Whitewater,9.5,,,9.725,Friday,9,2,2024
Breckin Quoss,29392,Western Michigan,9.775,,,,Friday,9,2,2024
Caelen Lansing,29392,UW-La Crosse,,,9.65,,Friday,9,2,2024
Carleigh Moore,29392,UW-Whitewater,,,9.85,9.25,Friday,9,2,2024
Carley Scott,29392,UW-Whitewater,9.475,,,,Friday,9,2,2024
Cassie St. Clair,29392,Western Michigan,,,9.9,9.875,Friday,9,2,2024
Chloe Hammond,29392,UW-Whitewater,,9.35,,9.7,Friday,9,2,2024
Claire Robbins,29392,UW-La Crosse,8.825,9.7,9.8,,Friday,9,2,2024
Dani Petrousek,29392,Western Michigan,9.75,9.4,9.875,9.725,Friday,9,2,2024
Danielle Dudziak,29392,UW-Whitewater,,8.75,9.6,9.5,Friday,9,2,2024
Dawsyn Sallee,29392,Northern Illinois,,,9.625,9.825,Friday,9,2,2024
DonnaKathryn Roy,29392,Western Michigan,9.65,,9.8,,Friday,9,2,2024
Elena Bailey,29392,UW-Whitewater,,,9.6,9.75,Friday,9,2,2024
Elizabeth Janssen,29392,UW-La Crosse,9.075,,,,Friday,9,2,2024
Ellery Werner,29392,Northern Illinois,,8.95,,,Friday,9,2,2024
Emmalise Nock,29392,Northern Illinois,9.525,,8.6,9.75,Friday,9,2,2024
Gigi Singh,29392,Western Michigan,,8.925,,,Friday,9,2,2024
Grace Kehr,29392,UW-La Crosse,,,,9.65,Friday,9,2,2024
Gracie Talley,29392,UW-Whitewater,9.5,,,,Friday,9,2,2024
Halle Faulkner,29392,Western Michigan,,,,9.875,Friday,9,2,2024
Hannah Drielick,29392,Northern Illinois,9.725,,,,Friday,9,2,2024
Hannah Hautala,29392,UW-La Crosse,,9.575,,,Friday,9,2,2024
Hannah Milton,29392,Western Michigan,,9.475,,9.775,Friday,9,2,2024
Hayden Gough,29392,UW-Whitewater,8.9,,,,Friday,9,2,2024
Isabella Ross,29392,Northern Illinois,,9.625,9.775,9.65,Friday,9,2,2024
Isabella Sissi,29392,Northern Illinois,9.725,9.8,9.75,9.825,Friday,9,2,2024
Jessica Taylor,29392,UW-La Crosse,,,9.7,,Friday,9,2,2024
Jordan Halcom,29392,UW-La Crosse,,9.575,,,Friday,9,2,2024
Kelsey Kollhoff,29392,UW-Whitewater,9.55,,,,Friday,9,2,2024
Kendall George,29392,Northern Illinois,,9.7,,,Friday,9,2,2024
Kiera O'Shea,29392,Northern Illinois,9.5,,,9.85,Friday,9,2,2024
Kyla Dickson,29392,UW-La Crosse,,9.55,9.825,,Friday,9,2,2024
Lauren Main,29392,UW-La Crosse,9.7,,,,Friday,9,2,2024
Lilly Millington,29392,UW-La Crosse,,,,9.725,Friday,9,2,2024
Marisa Zepeda,29392,UW-La Crosse,,8.975,,,Friday,9,2,2024
Mikayla Brown,29392,Northern Illinois,,,9.675,,Friday,9,2,2024
Molly Freeman,29392,Western Michigan,9.475,,,,Friday,9,2,2024
Natalia Kraus,29392,Northern Illinois,9.775,,,,Friday,9,2,2024
Olivia Lynd,29392,Northern Illinois,,9.65,,,Friday,9,2,2024
Paige Breckwoldt,29392,UW-La Crosse,,,9.775,9.725,Friday,9,2,2024
Paige Magel,29392,UW-Whitewater,9.675,8.9,9.275,,Friday,9,2,2024
Payton Murphy,29392,Western Michigan,9.775,9.725,9.95,9.8,Friday,9,2,2024
Rachel Chesley,29392,UW-La Crosse,9.775,,9.575,,Friday,9,2,2024
Raina Christenson,29392,UW-La Crosse,,9.8,,,Friday,9,2,2024
Samantha Nickle,29392,Northern Illinois,,,,9.7,Friday,9,2,2024
Sarah Best,29392,UW-La Crosse,9.65,,,,Friday,9,2,2024
Sarah Knetzke,29392,UW-Whitewater,,9.7,9.575,,Friday,9,2,2024
Sarah Pastore,29392,UW-La Crosse,,,,9.575,Friday,9,2,2024
Tegan Haberstock,29392,UW-Whitewater,,9.5,9.675,9.3,Friday,9,2,2024
Arayah Simons,29396,Pittsburgh,9.825,9.85,,9.85,Friday,9,2,2024
Brie Clark,29396,Clemson,,9.3,9.9,,Friday,9,2,2024
Ciara Ward,29396,Pittsburgh,,,9.775,9.825,Friday,9,2,2024
Emily Todd,29396,Pittsburgh,9.775,9.725,9.8,9.6,Friday,9,2,2024
Eve Jackson,29396,Clemson,9.8,,,,Friday,9,2,2024
Faith Lerro,29396,Pittsburgh,9.75,,,,Friday,9,2,2024
Hallie Copperwheat,29396,Pittsburgh,,9.8,9.1,,Friday,9,2,2024
Jah'Liyah Bedminster,29396,Pittsburgh,9.65,,9.875,9.9,Friday,9,2,2024
Jordyn Ewing,29396,Pittsburgh,9.8,9.15,9.9,,Friday,9,2,2024
Julie Madso,29396,Pittsburgh,9.725,9.675,,,Friday,9,2,2024
Kaitlin DeGuzman,29396,Clemson,9.8,,,,Friday,9,2,2024
Kate Bryant,29396,Clemson,,,,9.7,Friday,9,2,2024
Kaylee Larson,29396,Pittsburgh,,,9.825,,Friday,9,2,2024
Kennedy Duke,29396,Pittsburgh,,,,9.825,Friday,9,2,2024
Kielyn McCright,29396,Clemson,,9.825,,,Friday,9,2,2024
Lilly Lippeatt,29396,Clemson,9.125,9.825,,,Friday,9,2,2024
Madison Minner,29396,Clemson,,,9.825,9.8,Friday,9,2,2024
Maggie Holman,29396,Clemson,,,9.75,9.75,Friday,9,2,2024
Molly Arnold,29396,Clemson,,,9.825,9.775,Friday,9,2,2024
Quinn Kuhl,29396,Clemson,,9.75,,,Friday,9,2,2024
Rebecca Wells,29396,Clemson,9.775,9.925,9.9,9.85,Friday,9,2,2024
Reyna Garvey,29396,Pittsburgh,,9.8,,,Friday,9,2,2024
Shruthi Anand,29396,Pittsburgh,,,,9.0,Friday,9,2,2024
Sierra Church,29396,Clemson,,9.8,,,Friday,9,2,2024
Trinity Brown,29396,Clemson,9.775,,9.825,9.875,Friday,9,2,2024
Trinity Webb,29396,Clemson,9.775,,,,Friday,9,2,2024
Alexa Ebeling,29398,Iowa,,9.225,,,Friday,9,2,2024
Alyse Karenbauer,29398,Iowa,,,9.825,9.75,Friday,9,2,2024
Aubrey Nick,29398,Iowa,,9.875,,,Friday,9,2,2024
Avery Balser,29398,Rutgers,9.825,,9.7,,Friday,9,2,2024
Avery Chambers,29398,Iowa,,,,9.6,Friday,9,2,2024
Bailey Libby,29398,Iowa,,,9.85,,Friday,9,2,2024
Elia Aird,29398,Rutgers,9.725,,,9.65,Friday,9,2,2024
Elliot Goldsmith,29398,Rutgers,7.85,,,,Friday,9,2,2024
Emily Erb,29398,Iowa,,,9.825,,Friday,9,2,2024
Emily Leese,29398,Rutgers,,9.775,9.85,9.875,Friday,9,2,2024
Eva Volpe,29398,Iowa,9.825,9.85,9.825,9.85,Friday,9,2,2024
Gabrielle Dildy,29398,Rutgers,,9.85,9.8,9.8,Friday,9,2,2024
Gianna Masella,29398,Iowa,9.875,,,9.7,Friday,9,2,2024
Hanna Castillo,29398,Iowa,,,9.7,9.575,Friday,9,2,2024
Harmony Webster,29398,Rutgers,,,9.7,,Friday,9,2,2024
Ilka Juk,29398,Iowa,9.75,9.9,,,Friday,9,2,2024
Jackie Manifold,29398,Rutgers,9.6,9.875,,,Friday,9,2,2024
Kaia Vanney,29398,Iowa,9.775,,,,Friday,9,2,2024
Karina Munoz,29398,Iowa,9.85,9.85,9.85,9.85,Friday,9,2,2024
Katy Koopman,29398,Rutgers,,9.725,,,Friday,9,2,2024
Marissa Rojas,29398,Iowa,9.775,9.8,,,Friday,9,2,2024
Maya Jones,29398,Rutgers,,,9.6,9.7,Friday,9,2,2024
Myra Daniels,29398,Rutgers,9.675,,,,Friday,9,2,2024
Olivia DiNovi,29398,Rutgers,9.725,,,,Friday,9,2,2024
Rachael Riley,29398,Rutgers,,9.825,,9.775,Friday,9,2,2024
Stephanie Zannella,29398,Rutgers,,9.8,9.75,,Friday,9,2,2024
Valentina Lorente-Garcia,29398,Rutgers,,,,9.7,Friday,9,2,2024
Amelia Moneymaker,29400,UC Davis,9.85,9.75,9.875,9.725,Friday,9,2,2024
Anna Holtan,29400,UC Davis,,9.725,9.725,9.55,Friday,9,2,2024
Ava Scafani,29400,UC Davis,9.75,9.775,,,Friday,9,2,2024
Ayumi Oshiro,29400,UC Davis,9.825,9.85,,,Friday,9,2,2024
Devyn Valuch,29400,San Jose State,9.725,9.775,,9.75,Friday,9,2,2024
Emma Otsu,29400,UC Davis,9.775,9.9,9.625,9.85,Friday,9,2,2024
Isabella Fitz-Gerald,29400,UC Davis,9.85,,,,Friday,9,2,2024
Jada Mazury,29400,San Jose State,9.85,,9.925,,Friday,9,2,2024
Jadyn Wakita,29400,UC Davis,9.875,,,9.675,Friday,9,2,2024
Jaudai Lopes,29400,San Jose State,9.725,,9.85,9.775,Friday,9,2,2024
Katherine Weyhmiller,29400,San Jose State,9.7,9.825,9.7,,Friday,9,2,2024
Keanna Abraham,29400,UC Davis,,9.725,9.9,9.9,Friday,9,2,2024
Lauren Macpherson,29400,San Jose State,9.825,9.925,9.875,9.825,Friday,9,2,2024
Madison Kirsch,29400,San Jose State,,9.8,,9.825,Friday,9,2,2024
Marissa Ashton,29400,San Jose State,,9.725,,,Friday,9,2,2024
Megan Ray,29400,UC Davis,,,9.875,9.725,Friday,9,2,2024
Mia Nelson,29400,San Jose State,,,9.875,9.8,Friday,9,2,2024
Mikaela Pitts,29400,San Jose State,,,,9.775,Friday,9,2,2024
Nandhini Senthil,29400,UC Davis,,,9.75,,Friday,9,2,2024
Natasha Forrand,29400,San Jose State,,,9.825,,Friday,9,2,2024
Sophia Konieczny,29400,San Jose State,9.875,8.95,,,Friday,9,2,2024
Adriana Popp,29402,Boise State,,9.775,,9.5,Friday,9,2,2024
Alex Routsis,29402,Southern Utah,9.7,,,,Friday,9,2,2024
Aly Coutu,29402,Southern Utah,,9.825,,,Friday,9,2,2024
Alyssa Fernandez,29402,Southern Utah,,9.825,9.8,,Friday,9,2,2024
Alyssa Vulaj,29402,Boise State,,9.8,9.8,9.7,Friday,9,2,2024
Anna Hartley,29402,Southern Utah,,9.825,,,Friday,9,2,2024
Aubri Schwartze,29402,Southern Utah,9.3,,,,Friday,9,2,2024
Blake Pascal,29402,Boise State,,,9.75,,Friday,9,2,2024
Brinlee Christensen,29402,Southern Utah,9.75,,9.825,,Friday,9,2,2024
Carly Buell,29402,Boise State,9.725,,,,Friday,9,2,2024
Courtney Blackson,29402,Boise State,9.925,,9.875,9.95,Friday,9,2,2024
Elaina McGovern,29402,Boise State,9.775,,9.875,9.725,Friday,9,2,2024
Ellie Cacciola,29402,Southern Utah,,9.875,9.825,9.875,Friday,9,2,2024
Emily Lopez,29402,Boise State,9.95,9.875,,9.775,Friday,9,2,2024
Emma Loyim,29402,Boise State,,9.725,9.85,,Friday,9,2,2024
Isabella Neff,29402,Southern Utah,9.85,,,,Friday,9,2,2024
Kayla Pardue,29402,Southern Utah,,,9.125,9.8,Friday,9,2,2024
Kennedi McClain,29402,Southern Utah,,9.875,,9.775,Friday,9,2,2024
Kylee Hamby,29402,Boise State,8.525,,,,Friday,9,2,2024
Mackenzie Kelly,29402,Southern Utah,,,,9.75,Friday,9,2,2024
Mahleea Werline,29402,Boise State,9.825,,,,Friday,9,2,2024
Niya Randolph,29402,Southern Utah,9.85,9.825,9.9,9.75,Friday,9,2,2024
Sydney Kho,29402,Boise State,,9.675,,9.725,Friday,9,2,2024
Sydney Leitch,29402,Boise State,,9.75,9.75,,Friday,9,2,2024
Taylor Gull,29402,Southern Utah,,,9.875,9.725,Friday,9,2,2024
Trista Goodman,29402,Southern Utah,9.725,,,,Friday,9,2,2024
Anya Pilgrim,29404,Florida,9.95,9.9,9.85,9.9,Friday,9,2,2024
Cally Swaney,29404,Arkansas,9.825,,,,Friday,9,2,2024
Cami Weaver,29404,Arkansas,,9.825,,9.75,Friday,9,2,2024
Danie Ferris,29404,Florida,,,,9.95,Friday,9,2,2024
Ellie Lazzari,29404,Florida,9.925,9.775,,9.825,Friday,9,2,2024
Frankie Price,29404,Arkansas,,,9.95,9.8,Friday,9,2,2024
Gabby Disidore,29404,Florida,9.9,,,,Friday,9,2,2024
Hailey Klein,29404,Arkansas,,,9.85,9.8,Friday,9,2,2024
Jaime Pratt,29404,Arkansas,9.825,,,,Friday,9,2,2024
Jensen Scalzo,29404,Arkansas,9.875,,,,Friday,9,2,2024
Kalyxta Gamiao,29404,Arkansas,,9.925,,,Friday,9,2,2024
Lauren Williams,29404,Arkansas,,9.8,9.9,9.85,Friday,9,2,2024
Leah Smith,29404,Arkansas,,,9.85,9.8,Friday,9,2,2024
Leanne Wong,29404,Florida,10.0,9.925,9.875,9.925,Friday,9,2,2024
Lori Brubach,29404,Florida,,,9.9,,Friday,9,2,2024
Maddie Jones,29404,Arkansas,9.3,9.025,9.875,,Friday,9,2,2024
Morgan Hurd,29404,Florida,,,9.85,,Friday,9,2,2024
Priscilla Park,29404,Arkansas,9.8,9.15,9.825,9.775,Friday,9,2,2024
Reese Drotar,29404,Arkansas,9.85,,,,Friday,9,2,2024
Sirena Linton,29404,Arkansas,,9.725,,,Friday,9,2,2024
Skylar Draser,29404,Florida,,9.875,,9.875,Friday,9,2,2024
Sloane Blakely,29404,Florida,9.825,9.825,9.85,9.675,Friday,9,2,2024
Victoria Nguyen,29404,Florida,9.3,9.925,9.8,,Friday,9,2,2024
Aria Brusch,29406,Auburn,9.8,9.85,9.875,,Friday,9,2,2024
Cameron Machado,29406,Alabama,9.925,,9.825,,Friday,9,2,2024
Cassie Stevens,29406,Auburn,9.9,9.975,9.9,9.925,Friday,9,2,2024
Chloe LaCoursiere,29406,Alabama,9.825,,,9.95,Friday,9,2,2024
Ella Burgess,29406,Alabama,,9.625,9.875,,Friday,9,2,2024
Gabby Gladieux,29406,Alabama,9.75,9.85,9.7,9.875,Friday,9,2,2024
Gabby McLaughlin,29406,Auburn,9.8,9.85,9.9,,Friday,9,2,2024
Hannah Hagle,29406,Auburn,,,9.9,,Friday,9,2,2024
Jamison Sears,29406,Alabama,,,,9.8,Friday,9,2,2024
Julianne Huff,29406,Auburn,,,,9.925,Friday,9,2,2024
Lilly Hudson,29406,Alabama,,9.825,9.925,9.425,Friday,9,2,2024
Luisa Blanco,29406,Alabama,9.825,9.925,9.85,9.95,Friday,9,2,2024
Makarri Doggette,29406,Alabama,9.825,,,9.875,Friday,9,2,2024
Mati Waligora,29406,Alabama,,9.85,9.875,,Friday,9,2,2024
Natalia Pawlak,29406,Alabama,9.775,,,,Friday,9,2,2024
Olivia Greaves,29406,Auburn,9.825,,,,Friday,9,2,2024
Olivia Hollingsworth,29406,Auburn,9.9,9.725,9.925,9.9,Friday,9,2,2024
Paige Zancan,29406,Auburn,,9.9,,,Friday,9,2,2024
Rachel Rybicki,29406,Alabama,,9.325,,,Friday,9,2,2024
Sara Hubbard,29406,Auburn,,,,9.875,Friday,9,2,2024
Sophia Groth,29406,Auburn,9.8,9.9,9.9,9.875,Friday,9,2,2024
Sydney Schumaker,29406,Auburn,,,,9.875,Friday,9,2,2024
Alex Irvine,29408,UCLA,8.725,,,9.85,Friday,9,2,2024
Ariana Young,29408,Oregon State,,9.825,9.85,,Friday,9,2,2024
Brooklyn Moors,29408,UCLA,,,9.95,,Friday,9,2,2024
Ciena Alipio,29408,UCLA,,9.75,,,Friday,9,2,2024
Emily Lee,29408,UCLA,,9.875,9.825,9.8,Friday,9,2,2024
Emma Andres,29408,UCLA,,8.9,9.9,,Friday,9,2,2024
Emma Malabuyo,29408,UCLA,9.8,9.875,9.825,,Friday,9,2,2024
Frida Esparza,29408,UCLA,9.925,,,,Friday,9,2,2024
Jade Carey,29408,Oregon State,9.925,9.9,9.925,9.875,Friday,9,2,2024
Jennifer McMillan,29408,Oregon State,9.875,9.725,,,Friday,9,2,2024
Kaitlin Garcia,29408,Oregon State,,,9.875,9.825,Friday,9,2,2024
Karlie Chavez,29408,Oregon State,,,9.85,,Friday,9,2,2024
Katelyn Rosen,29408,UCLA,9.875,9.8,9.925,9.825,Friday,9,2,2024
Madisyn Anyimi,29408,UCLA,,,,9.8,Friday,9,2,2024
Margzetta Frazier,29408,UCLA,9.9,,,,Friday,9,2,2024
Natalie Briones,29408,Oregon State,9.775,,,9.825,Friday,9,2,2024
Olivia Buckner,29408,Oregon State,,9.425,,9.275,Friday,9,2,2024
Paige Anastasi,29408,UCLA,,,,9.775,Friday,9,2,2024
Sage Thompson,29408,Oregon State,9.95,9.075,,9.75,Friday,9,2,2024
Savannah Miller,29408,Oregon State,,,9.85,,Friday,9,2,2024
Selena Harris-Miranda,29408,UCLA,9.95,9.95,9.85,10.0,Friday,9,2,2024
Sophia Esposito,29408,Oregon State,9.825,9.85,9.95,9.9,Friday,9,2,2024
Taylor DeVries,29408,Oregon State,9.75,,,,Friday,9,2,2024
Abby Paulson,29410,Utah,,9.95,9.9,,Saturday,10,2,2024
Alani Sabado,29410,Utah,9.825,,,,Saturday,10,2,2024
Amelie Morgan,29410,Utah,9.925,9.95,,,Saturday,10,2,2024
Ashley Glynn,29410,Utah,,,,9.75,Saturday,10,2,2024
Caitlin McWilliams,29410,Washington,,,9.7,,Saturday,10,2,2024
Chelsea Hallinan,29410,Washington,,9.75,,,Saturday,10,2,2024
Deiah Moody,29410,Washington,9.8,9.85,,,Saturday,10,2,2024
Elizabeth Gantner,29410,Utah,,9.875,,,Saturday,10,2,2024
Ella Zirbes,29410,Utah,9.85,,9.925,9.875,Saturday,10,2,2024
Emily Innes,29410,Washington,,9.9,9.9,9.75,Saturday,10,2,2024
Emily Pires,29410,Washington,,,9.85,,Saturday,10,2,2024
Grace McCallum,29410,Utah,9.925,9.875,9.95,9.8,Saturday,10,2,2024
Jaedyn Rucker,29410,Utah,,,9.825,9.875,Saturday,10,2,2024
Jaylene Gilstrap,29410,Utah,,,9.925,9.8,Saturday,10,2,2024
Kristin Lin,29410,Washington,9.775,,,9.725,Saturday,10,2,2024
Lana Navarro,29410,Washington,,9.725,9.85,9.8,Saturday,10,2,2024
Lilly Tubbs,29410,Washington,9.875,,,9.8,Saturday,10,2,2024
Maile O'Keefe,29410,Utah,9.925,9.8,,,Saturday,10,2,2024
Makenna Smith,29410,Utah,9.9,9.825,9.875,9.85,Saturday,10,2,2024
Mary McDonough,29410,Washington,,,,9.7,Saturday,10,2,2024
Olivia Oppegard,29410,Washington,9.75,,,,Saturday,10,2,2024
Skylar Killough-Wilhelm,29410,Washington,9.8,9.85,9.9,9.8,Saturday,10,2,2024
Taylor Russon,29410,Washington,9.9,9.675,9.825,,Saturday,10,2,2024
Abby Willis,29412,Gustavus Adolphus,,,9.3,9.525,Saturday,10,2,2024
Amaya McConkay,29412,UW-Oshkosh,,,9.575,9.6,Saturday,10,2,2024
Anna Zoromski,29412,UW-Oshkosh,8.15,9.525,,9.475,Saturday,10,2,2024
Audrey Koester,29412,UW-Oshkosh,,,,9.425,Saturday,10,2,2024
Delaney Cienkus,29412,UW-Oshkosh,,9.65,9.65,,Saturday,10,2,2024
Ella Binfet,29412,Gustavus Adolphus,,,9.4,,Saturday,10,2,2024
Emily Buffington,29412,UW-Oshkosh,9.725,9.55,9.55,8.975,Saturday,10,2,2024
Izzy Breitkreutz,29412,Gustavus Adolphus,,9.65,,,Saturday,10,2,2024
Jay Ratkowski,29412,UW-Oshkosh,,,9.675,,Saturday,10,2,2024
Katy Cash,29412,Gustavus Adolphus,,9.425,,9.3,Saturday,10,2,2024
Kaylie Berens,29412,UW-Oshkosh,8.9,9.575,,,Saturday,10,2,2024
Kendra Smaby,29412,Gustavus Adolphus,9.425,,,,Saturday,10,2,2024
Lili Guy,29412,Gustavus Adolphus,8.325,,9.6,9.525,Saturday,10,2,2024
Lily Horsch,29412,Gustavus Adolphus,8.85,,,,Saturday,10,2,2024
Lindsay Bangs,29412,Gustavus Adolphus,,9.475,,9.5,Saturday,10,2,2024
Liz Romano,29412,UW-Oshkosh,,8.875,,,Saturday,10,2,2024
Lydia Hayden,29412,UW-Oshkosh,9.65,9.7,,,Saturday,10,2,2024
Maddox Lee,29412,Gustavus Adolphus,9.375,9.75,9.475,9.4,Saturday,10,2,2024
Marley Michaud,29412,Gustavus Adolphus,8.55,9.525,9.525,9.55,Saturday,10,2,2024
Mia Lucero,29412,UW-Oshkosh,,,8.8,9.7,Saturday,10,2,2024
Olivia Jahnke,29412,Gustavus Adolphus,,9.65,9.5,,Saturday,10,2,2024
Reanna McGibboney,29412,UW-Oshkosh,9.5,,9.775,9.75,Saturday,10,2,2024
Samantha Zeilinger,29412,UW-Oshkosh,9.7,,,,Saturday,10,2,2024
Sophie Schmitz,29412,Gustavus Adolphus,9.3,,,,Saturday,10,2,2024
Abigail Bunch,29414,Rhode Island College,9.125,,,,Saturday,10,2,2024
Alexa Melanson,29414,Southern Conn.,,9.8,9.775,,Saturday,10,2,2024
Alison Silva,29414,Rhode Island College,8.775,,,,Saturday,10,2,2024
Angel Lee,29414,Southern Conn.,,9.125,,,Saturday,10,2,2024
Angelina Stanfa,29414,Southern Conn.,,9.65,,,Saturday,10,2,2024
Anne Kiley,29414,Springfield College,9.075,,,,Saturday,10,2,2024
Audrey Arnold,29414,Southern Conn.,9.575,,,,Saturday,10,2,2024
Ava Kelly,29414,Southern Conn.,,,9.75,9.55,Saturday,10,2,2024
Ava Kelly,29414,Springfield College,,,,9.25,Saturday,10,2,2024
Ayako Maeda,29414,Springfield College,9.625,,,,Saturday,10,2,2024
Brianna Dorr,29414,Southern Conn.,,,,9.7,Saturday,10,2,2024
Claire Geiger,29414,Springfield College,9.0,,9.7,9.425,Saturday,10,2,2024
Elsie Gardiner,29414,Springfield College,,,9.625,,Saturday,10,2,2024
Emelia Diaz,29414,Southern Conn.,,9.625,,,Saturday,10,2,2024
Emiley Kahl,29414,Southern Conn.,,9.75,,,Saturday,10,2,2024
Emma Skowronek,29414,Springfield College,9.075,,,,Saturday,10,2,2024
Emma Tucker,29414,Rhode Island College,,9.75,9.825,9.575,Saturday,10,2,2024
Gigi Mastellone,29414,Southern Conn.,9.8,,,,Saturday,10,2,2024
Hanna Zebdi,29414,Southern Conn.,,,9.725,9.625,Saturday,10,2,2024
Ivy Jimenez,29414,Rhode Island College,,9.625,,9.45,Saturday,10,2,2024
Jayci Jordan,29414,Southern Conn.,9.45,,,,Saturday,10,2,2024
Jenna DiPalo,29414,Springfield College,,9.45,,,Saturday,10,2,2024
Jessica Nugent,29414,Rhode Island College,,9.6,,,Saturday,10,2,2024
Jolie Carpino,29414,Rhode Island College,8.6,,,,Saturday,10,2,2024
Julia Reer,29414,Springfield College,,8.95,9.725,,Saturday,10,2,2024
Julia Yitts,29414,Rhode Island College,,,9.5,,Saturday,10,2,2024
Kelly McGuinness,29414,Springfield College,,9.625,,9.275,Saturday,10,2,2024
Kelsey Gates,29414,Rhode Island College,8.725,9.175,9.9,9.5,Saturday,10,2,2024
Kylie Sitty,29414,Southern Conn.,9.175,,9.475,9.525,Saturday,10,2,2024
Lexi Bracher,29414,Southern Conn.,,,,9.75,Saturday,10,2,2024
Libby Allen,29414,Southern Conn.,,9.05,9.775,,Saturday,10,2,2024
Madeline Brandt,29414,Rhode Island College,,,9.65,,Saturday,10,2,2024
Marissa Zarra,29414,Springfield College,8.0,,,,Saturday,10,2,2024
Morgan Lunn,29414,Rhode Island College,,8.3,9.025,,Saturday,10,2,2024
Olivia Keyes,29414,Rhode Island College,9.3,9.775,9.825,9.4,Saturday,10,2,2024
Payton Green,29414,Rhode Island College,7.675,,,9.65,Saturday,10,2,2024
Rae Anna Schutz,29414,Springfield College,,9.55,9.675,,Saturday,10,2,2024
Sage Kaplan,29414,Springfield College,,8.05,9.65,9.5,Saturday,10,2,2024
Shreya Munshi,29414,Southern Conn.,9.55,,,,Saturday,10,2,2024
Sophia Damiano,29414,Rhode Island College,,,,9.525,Saturday,10,2,2024
Sophia LeBlanc,29414,Springfield College,9.475,9.675,,,Saturday,10,2,2024
Sophia Ruecker,29414,Southern Conn.,9.7,,9.6,9.6,Saturday,10,2,2024
Stacy Taylor,29414,Springfield College,,,9.775,9.475,Saturday,10,2,2024
Adison Tanguay,29417,Ursinus College,9.25,,,,Saturday,10,2,2024
Adrenne Roth,29417,Ursinus College,9.275,8.7,,,Saturday,10,2,2024
Arianna Ellis,29417,Ursinus College,,8.85,9.7,,Saturday,10,2,2024
Ashley Cromer,29417,Ursinus College,,9.55,9.625,9.4,Saturday,10,2,2024
Bella Leo,29417,Ursinus College,8.775,9.425,9.15,,Saturday,10,2,2024
Bridget Sullivan,29417,West Chester,,,,9.575,Saturday,10,2,2024
Carly Troilo,29417,Ursinus College,9.225,,9.25,9.4,Saturday,10,2,2024
Caroline Cascadden,29417,West Chester,,9.65,9.725,,Saturday,10,2,2024
Corinne Gruber,29417,West Chester,,,,9.525,Saturday,10,2,2024
Daria Gregory,29417,Ursinus College,,,9.325,,Saturday,10,2,2024
Erin Roe,29417,Ursinus College,,,,9.5,Saturday,10,2,2024
Erin Stubbs,29417,Ursinus College,,,,9.4,Saturday,10,2,2024
Hannah Shelton,29417,West Chester,9.6,,,,Saturday,10,2,2024
Hyla Betts,29417,West Chester,9.575,,,,Saturday,10,2,2024
Jordan Coleman,29417,West Chester,9.875,,,9.5,Saturday,10,2,2024
Karah Vargo,29417,West Chester,,9.625,,,Saturday,10,2,2024
Kiley Fred,29417,West Chester,,,9.875,,Saturday,10,2,2024
Kristina Rodriguez,29417,West Chester,8.85,,9.8,9.675,Saturday,10,2,2024
Lauren Coleman,29417,Ursinus College,9.05,,,,Saturday,10,2,2024
Lily McFarland,29417,West Chester,,9.825,9.65,9.75,Saturday,10,2,2024
Lucy Warburton,29417,Ursinus College,,8.1,,,Saturday,10,2,2024
Madison Whitaker,29417,West Chester,,9.775,,,Saturday,10,2,2024
Madison Zimmerman,29417,Ursinus College,,9.35,,,Saturday,10,2,2024
Megan Matteucci,29417,Ursinus College,9.125,,9.65,9.525,Saturday,10,2,2024
Melina Ringas,29417,West Chester,9.55,,,,Saturday,10,2,2024
Natalie Marshall,29417,West Chester,,9.6,,,Saturday,10,2,2024
Sarah Eskew,29417,West Chester,9.575,9.25,9.775,9.75,Saturday,10,2,2024
Shannon Carroll,29417,West Chester,,,9.75,,Saturday,10,2,2024
Valentina Hurtado,29417,Ursinus College,,,,8.0,Saturday,10,2,2024
Ava Jordan,29419,Michigan,,,,9.725,Saturday,10,2,2024
Carly Bauman,29419,Michigan,9.95,9.9,9.85,,Saturday,10,2,2024
Ella Sirjord,29419,Minnesota,9.775,9.825,,,Saturday,10,2,2024
Emily Koch,29419,Minnesota,,9.75,9.925,,Saturday,10,2,2024
Gabby Wilson,29419,Michigan,9.775,9.95,9.9,9.875,Saturday,10,2,2024
Gianna Gerdes,29419,Minnesota,9.9,9.8,9.925,9.9,Saturday,10,2,2024
Haylen Zabrowski,29419,Michigan,9.775,,,,Saturday,10,2,2024
Jacey Vore,29419,Michigan,9.825,9.775,9.775,,Saturday,10,2,2024
Jenna Mulligan,29419,Michigan,,9.65,9.75,9.775,Saturday,10,2,2024
Jordyn Lyden,29419,Minnesota,9.875,,,,Saturday,10,2,2024
Katie Horak,29419,Minnesota,,9.85,,,Saturday,10,2,2024
Lauren Pearl,29419,Minnesota,,9.875,9.9,9.725,Saturday,10,2,2024
Marissa Jencks,29419,Minnesota,9.5,,9.775,9.65,Saturday,10,2,2024
Mya Hooten,29419,Minnesota,9.95,,10.0,9.875,Saturday,10,2,2024
Naomi Morrison,29419,Michigan,9.9,,,9.9,Saturday,10,2,2024
Reyna Guggino,29419,Michigan,,9.85,9.875,9.825,Saturday,10,2,2024
Sarah Moraw,29419,Minnesota,,9.8,,9.9,Saturday,10,2,2024
Seria Johnson,29419,Minnesota,,,9.9,,Saturday,10,2,2024
Sierra Brooks,29419,Michigan,9.9,9.95,9.925,9.9,Saturday,10,2,2024
Sophia Nguyen,29419,Minnesota,9.7,,,9.775,Saturday,10,2,2024
Alexa Rothenbuescher,29421,Maryland,9.775,,9.95,9.775,Saturday,10,2,2024
Allie Gard,29421,Nebraska,,9.775,,,Saturday,10,2,2024
Ayzhia Hall,29421,Nebraska,,,,9.375,Saturday,10,2,2024
Clara Colombo,29421,Nebraska,9.875,,,,Saturday,10,2,2024
Csenge Bacskay,29421,Nebraska,9.8,9.775,9.8,9.275,Saturday,10,2,2024
Emma Silberman,29421,Maryland,,9.775,,,Saturday,10,2,2024
Emma Simpton,29421,Nebraska,,8.95,,,Saturday,10,2,2024
Emma Spence,29421,Nebraska,9.9,9.825,9.9,9.725,Saturday,10,2,2024
Halle Rourke,29421,Nebraska,,,8.975,,Saturday,10,2,2024
Isabel Sikon,29421,Nebraska,,9.7,,9.8,Saturday,10,2,2024
Josephine Kogler,29421,Maryland,,9.775,,9.825,Saturday,10,2,2024
Kinsey Davis,29421,Nebraska,9.975,,,,Saturday,10,2,2024
Layla Hammer,29421,Maryland,,9.825,,,Saturday,10,2,2024
Lindsay Bacheler,29421,Maryland,9.9,,,,Saturday,10,2,2024
Maddie Komoroski,29421,Maryland,,9.825,9.85,,Saturday,10,2,2024
Martina Comin,29421,Nebraska,,,9.85,9.9,Saturday,10,2,2024
Natalie Martin,29421,Maryland,,9.85,9.9,9.85,Saturday,10,2,2024
Olivia Weir,29421,Maryland,,,,9.75,Saturday,10,2,2024
Rhea Leblanc,29421,Maryland,9.9,,9.825,9.775,Saturday,10,2,2024
Shani Sirota,29421,Maryland,,,8.95,,Saturday,10,2,2024
Sierra Kondo,29421,Maryland,9.825,,,,Saturday,10,2,2024
Sophia McClelland,29421,Nebraska,9.775,9.875,9.9,9.7,Saturday,10,2,2024
Tasha Brozowski,29421,Maryland,9.825,,,,Saturday,10,2,2024
Taylor Rech,29421,Maryland,,,9.8,9.775,Saturday,10,2,2024
Victoria Gatzendorfer,29421,Maryland,9.85,9.0,,,Saturday,10,2,2024
Whitney Jencks,29421,Nebraska,9.875,,9.8,,Saturday,10,2,2024
Abigayle Martin,29423,Arizona,,9.825,,9.775,Sunday,11,2,2024
Ainsley Greever,29423,Arizona,,,,9.75,Sunday,11,2,2024
Alysen Fears,29423,Arizona,9.95,9.825,9.8,9.8,Sunday,11,2,2024
Andi Li,29423,California,9.875,9.875,9.9,,Sunday,11,2,2024
Bailey McCabe,29423,Arizona,9.8,,,,Sunday,11,2,2024
Caroline Herry,29423,Arizona,,9.8,9.85,,Sunday,11,2,2024
Casey Brown,29423,California,9.85,,,9.8,Sunday,11,2,2024
Elena Deets,29423,Arizona,9.8,9.825,9.825,,Sunday,11,2,2024
Ella Cesario,29423,California,9.825,9.7,9.875,9.85,Sunday,11,2,2024
Emily Mueller,29423,Arizona,9.725,9.85,9.9,,Sunday,11,2,2024
Emma Strom,29423,Arizona,,,9.875,9.85,Sunday,11,2,2024
Gabby Perea,29423,California,9.725,9.45,,,Sunday,11,2,2024
Jayden Silvers,29423,California,,,,9.825,Sunday,11,2,2024
Jessica Castles,29423,Arizona,,9.8,,9.825,Sunday,11,2,2024
Jordan Kane,29423,California,,,9.925,,Sunday,11,2,2024
Kyen Mayhew,29423,California,,,9.95,9.85,Sunday,11,2,2024
Madelyn Williams,29423,California,9.975,9.625,9.875,9.825,Sunday,11,2,2024
Malia Hargrove,29423,Arizona,9.825,,,9.975,Sunday,11,2,2024
Miki Aderinto,29423,California,,9.825,,,Sunday,11,2,2024
Sophie Derr,29423,Arizona,9.875,,8.5,,Sunday,11,2,2024
eMjae Frazier,29423,California,9.85,9.95,9.95,9.825,Sunday,11,2,2024
Alana Laster,29425,Illinois State,9.8,,9.9,9.8,Sunday,11,2,2024
Allie Berkley,29425,Lindenwood,,,,9.85,Sunday,11,2,2024
Ally Lau,29425,Illinois State,,9.825,,,Sunday,11,2,2024
Angelica Labat,29425,Illinois State,9.825,9.825,9.85,9.75,Sunday,11,2,2024
Carly Hawksworth,29425,Illinois State,8.8,,,,Sunday,11,2,2024
Gayla Griswold,29425,Lindenwood,,9.75,9.9,9.85,Sunday,11,2,2024
Hannah Appleget,29425,Lindenwood,9.9,9.75,9.8,9.425,Sunday,11,2,2024
Hannah Moon,29425,Lindenwood,9.7,9.625,,,Sunday,11,2,2024
Jaly Jones,29425,Lindenwood,9.8,9.7,9.85,9.725,Sunday,11,2,2024
Jaye Mack,29425,Illinois State,,9.675,9.9,9.85,Sunday,11,2,2024
Joy Ziegenfelder,29425,Illinois State,,,,9.7,Sunday,11,2,2024
Julia Heiner,29425,Illinois State,9.75,,,,Sunday,11,2,2024
Kaitlyn Donovan,29425,Illinois State,,,9.925,,Sunday,11,2,2024
Kaylee Cooper,29425,Lindenwood,9.825,,,,Sunday,11,2,2024
Leah Davis,29425,Illinois State,,9.825,9.775,,Sunday,11,2,2024
Madison Rush,29425,Lindenwood,,9.2,,,Sunday,11,2,2024
Mia Oh,29425,Illinois State,,,,9.8,Sunday,11,2,2024
Mya Robinson,29425,Illinois State,,9.0,,9.775,Sunday,11,2,2024
Nya Kraus,29425,Lindenwood,9.9,9.775,9.825,,Sunday,11,2,2024
Reese Baechle,29425,Lindenwood,,,9.8,9.825,Sunday,11,2,2024
Reese Grolla,29425,Illinois State,9.25,9.275,,,Sunday,11,2,2024
Sara Wabi,29425,Illinois State,9.8,,9.85,,Sunday,11,2,2024
Savannah Newsome,29425,Lindenwood,9.4,,,,Sunday,11,2,2024
Simone Evans,29425,Lindenwood,,,9.825,,Sunday,11,2,2024
Trinity Caffey,29425,Lindenwood,,,,9.9,Sunday,11,2,2024
Abby Chesshire,29427,Ithaca College,,8.75,9.375,,Sunday,11,2,2024
Alexa Rose Pahila,29427,Cortland State,9.5,9.65,,9.425,Sunday,11,2,2024
Alexandra Quiana,29427,Cornell,,9.925,9.725,,Sunday,11,2,2024
Alexis Castellaneta,29427,Utica,8.75,9.725,9.9,9.6,Sunday,11,2,2024
Alina Danilchenko,29427,LIU,,9.8,9.875,9.7,Sunday,11,2,2024
Angelina Merulla,29427,Utica,,,8.55,,Sunday,11,2,2024
Annalisa Page,29427,LIU,4.3,9.775,9.75,9.75,Sunday,11,2,2024
Autumn Adkins,29427,Cortland State,7.95,,8.575,,Sunday,11,2,2024
Ava Miranov,29427,Cortland State,,,,9.55,Sunday,11,2,2024
Avery Byun,29427,Cornell,,,,9.475,Sunday,11,2,2024
Brisa Carraro,29427,LIU,9.775,9.85,,,Sunday,11,2,2024
Cael Bixler,29427,LIU,8.35,9.85,,9.55,Sunday,11,2,2024
Caitlin Pellegrino,29427,Ithaca College,,9.5,9.65,9.6,Sunday,11,2,2024
Caitlyn Walsh,29427,Cornell,,,9.775,,Sunday,11,2,2024
Cali Czarcinski,29427,Brockport,,8.6,9.75,,Sunday,11,2,2024
Calista Brady,29427,Cornell,,,,9.725,Sunday,11,2,2024
Cami Whitaker,29427,Cornell,,,9.425,9.65,Sunday,11,2,2024
Cassidy Gallivan,29427,Ithaca College,,,,9.2,Sunday,11,2,2024
Christina Troche,29427,Utica,8.675,,8.725,,Sunday,11,2,2024
Cloe Block,29427,Cortland State,9.4,,,,Sunday,11,2,2024
Coral Cotteleer,29427,Ithaca College,9.425,,,,Sunday,11,2,2024
Corey Foster,29427,Ithaca College,,9.025,9.8,,Sunday,11,2,2024
Delaney Brown,29427,Cortland State,,,9.775,9.55,Sunday,11,2,2024
Eliana Wannall,29427,Brockport,8.225,,,,Sunday,11,2,2024
Ella Barrington,29427,LIU,,,9.625,,Sunday,11,2,2024
Emily Kobusky,29427,Ithaca College,,9.775,,,Sunday,11,2,2024
Emma Grace Sargent,29427,Brockport,9.6,,,9.675,Sunday,11,2,2024
Gabrielle Nadler,29427,Cortland State,,9.625,9.625,,Sunday,11,2,2024
Gianna Mirigliano,29427,Cortland State,,8.95,9.8,9.65,Sunday,11,2,2024
Grace Marra,29427,Utica,8.45,9.65,9.8,9.425,Sunday,11,2,2024
Grace Murray,29427,Ithaca College,,,9.8,9.05,Sunday,11,2,2024
Gracie Weaver,29427,Brockport,,,,9.3,Sunday,11,2,2024
Haley Miller,29427,Utica,,9.425,,9.25,Sunday,11,2,2024
Hana Miller,29427,Ithaca College,8.45,,,,Sunday,11,2,2024
Jensen Todd,29427,Utica,,8.9,,,Sunday,11,2,2024
Jillian Freyman,29427,Ithaca College,,9.6,9.1,9.375,Sunday,11,2,2024
Joscelyn Wabick,29427,Utica,,,,8.95,Sunday,11,2,2024
Josie Moylan,29427,Cornell,9.725,,8.75,9.55,Sunday,11,2,2024
Kady Bills-McCoy,29427,LIU,,9.775,9.45,,Sunday,11,2,2024
Kate Parks,29427,LIU,9.225,,,9.7,Sunday,11,2,2024
Kathryn McSweeney,29427,Cortland State,9.575,,9.6,,Sunday,11,2,2024
Kaylie Goodwin,29427,Ithaca College,8.575,9.825,,,Sunday,11,2,2024
Kiana Wong,29427,Cortland State,,9.25,,,Sunday,11,2,2024
Kiara Hockman,29427,Brockport,,9.75,9.8,,Sunday,11,2,2024
Kira Sanchez,29427,LIU,,,9.4,,Sunday,11,2,2024
Kirsten Paultre,29427,Brockport,,,9.8,9.45,Sunday,11,2,2024
Laken Sooy,29427,Brockport,,9.675,9.775,,Sunday,11,2,2024
Lauren Babineaux,29427,Ithaca College,9.55,,,9.7,Sunday,11,2,2024
Lauren Miller,29427,LIU,,,,9.775,Sunday,11,2,2024
Lienna Kay,29427,Brockport,9.175,9.6,9.5,9.6,Sunday,11,2,2024
Logan Hinson,29427,LIU,9.625,,,,Sunday,11,2,2024
Madison Reed,29427,Utica,,8.75,,9.25,Sunday,11,2,2024
Maren Eramo,29427,Brockport,9.575,,,9.8,Sunday,11,2,2024
Marlena Bailey,29427,Ithaca College,9.025,,,,Sunday,11,2,2024
Maya Pecoraro,29427,Brockport,,9.775,,,Sunday,11,2,2024
Melanie Stone,29427,Cornell,9.55,9.125,,,Sunday,11,2,2024
Melissa Ainsley Pinkard,29427,Utica,8.9,,,,Sunday,11,2,2024
Michaela Defranscisco,29427,Cornell,,,9.375,9.65,Sunday,11,2,2024
Mikayla Burton,29427,Cornell,,9.85,,,Sunday,11,2,2024
Morgen Shambo,29427,Cornell,9.8,,,,Sunday,11,2,2024
Natalia Tehrani,29427,Cornell,8.7,9.575,,,Sunday,11,2,2024
Natalie Galioto,29427,Brockport,,9.775,9.75,9.6,Sunday,11,2,2024
Natalie Steed,29427,Ithaca College,,,,9.475,Sunday,11,2,2024
Ninabella English,29427,Cortland State,,,,9.4,Sunday,11,2,2024
Olivia Fragala,29427,Utica,,9.475,,,Sunday,11,2,2024
Olivia Rosen,29427,Utica,8.6,,9.325,,Sunday,11,2,2024
Rachel Swick,29427,Brockport,9.725,,,,Sunday,11,2,2024
Regina Walton,29427,Cornell,,9.925,,,Sunday,11,2,2024
Rianna Adams,29427,Cortland State,9.65,,,,Sunday,11,2,2024
Rory Allan,29427,Cortland State,,,,9.55,Sunday,11,2,2024
Ryli McGorry,29427,Utica,8.85,,9.15,8.65,Sunday,11,2,2024
Shaina Chen,29427,Cornell,4.85,,,,Sunday,11,2,2024
Skye Cohen,29427,Ithaca College,9.225,,,,Sunday,11,2,2024
Syd Morris,29427,LIU,8.975,9.925,9.875,9.85,Sunday,11,2,2024
Sydney Beers,29427,Cornell,8.725,9.7,9.85,9.875,Sunday,11,2,2024
Taylor Arias,29427,Ithaca College,,,9.55,,Sunday,11,2,2024
Taylor Bushey,29427,Brockport,9.375,,,,Sunday,11,2,2024
Taylor Goldstein,29427,Cortland State,9.725,9.6,,,Sunday,11,2,2024
Victoria Cave,29427,Cortland State,,9.125,9.6,,Sunday,11,2,2024
Alana Anderson,29433,Northern Illinois,,,9.8,,Sunday,11,2,2024
Alyssa Al-Ashari,29433,Northern Illinois,9.925,9.925,,,Sunday,11,2,2024
Alyssa Guns,29433,Kent State,,9.925,9.925,,Sunday,11,2,2024
Ashley Morgan,29433,Kent State,,9.8,,9.75,Sunday,11,2,2024
Charlie Behner,29433,Kent State,9.825,,,9.775,Sunday,11,2,2024
Dani Fuertez,29433,Kent State,,,9.925,,Sunday,11,2,2024
Dawsyn Sallee,29433,Northern Illinois,,,9.775,9.825,Sunday,11,2,2024
Ellery Werner,29433,Northern Illinois,,9.175,,,Sunday,11,2,2024
Emmalise Nock,29433,Northern Illinois,9.8,,9.85,,Sunday,11,2,2024
Gabby Riley,29433,Kent State,,9.675,,9.725,Sunday,11,2,2024
Hannah Drielick,29433,Northern Illinois,9.75,,,,Sunday,11,2,2024
Heidi Schultz,29433,Kent State,9.9,9.85,9.825,,Sunday,11,2,2024
Isabella Ross,29433,Northern Illinois,,9.625,9.475,9.725,Sunday,11,2,2024
Isabella Sissi,29433,Northern Illinois,9.825,9.725,9.725,9.825,Sunday,11,2,2024
Jocelyn Harbeck,29433,Northern Illinois,,,,9.775,Sunday,11,2,2024
Karlie Franz,29433,Kent State,9.85,,9.925,,Sunday,11,2,2024
Kendall George,29433,Northern Illinois,,9.775,,,Sunday,11,2,2024
Kennedy Weinpert,29433,Kent State,,,9.85,9.875,Sunday,11,2,2024
Kiera O'Shea,29433,Northern Illinois,9.65,,,9.875,Sunday,11,2,2024
Kyndall Gilbert,29433,Kent State,9.7,,,9.85,Sunday,11,2,2024
Mikayla Brown,29433,Northern Illinois,,,9.8,,Sunday,11,2,2024
Nastia Rudnitskaya,29433,Kent State,9.85,8.975,,9.825,Sunday,11,2,2024
Natalia Kraus,29433,Northern Illinois,9.8,,,,Sunday,11,2,2024
Olivia Lynd,29433,Northern Illinois,,8.925,,,Sunday,11,2,2024
Samantha Nickle,29433,Northern Illinois,,,,9.75,Sunday,11,2,2024
Sarah Haxton,29433,Kent State,9.95,9.75,,,Sunday,11,2,2024
Zoe Rankin,29433,Kent State,,,9.85,,Sunday,11,2,2024
Adriana Hoffman,29435,Towson,,,,9.85,Sunday,11,2,2024
Alyssa Beaulieu,29435,New Hampshire,,9.825,,,Sunday,11,2,2024
Angela Xing,29435,Brown,,9.675,9.775,9.825,Sunday,11,2,2024
Asta-Sollilja Farrell,29435,Brown,9.8,,,9.575,Sunday,11,2,2024
Avery Balser,29435,Rutgers,9.9,,9.875,,Sunday,11,2,2024
Camille Vitoff,29435,Towson,9.725,,,9.825,Sunday,11,2,2024
Carmella Calafati,29435,Towson,,,9.9,,Sunday,11,2,2024
Clara Hong,29435,Towson,9.825,9.65,,,Sunday,11,2,2024
Elia Aird,29435,Rutgers,9.85,,,9.775,Sunday,11,2,2024
Elise Tisler,29435,Towson,,,9.875,9.925,Sunday,11,2,2024
Elliot Goldsmith,29435,Rutgers,,,9.775,,Sunday,11,2,2024
Emily Leese,29435,Rutgers,,9.725,9.925,9.9,Sunday,11,2,2024
Felicia Poblete,29435,Towson,,,,9.75,Sunday,11,2,2024
Gabrielle Dildy,29435,Rutgers,,9.575,9.85,9.825,Sunday,11,2,2024
Gianna Graver,29435,New Hampshire,9.575,,,,Sunday,11,2,2024
Grace Vaillancourt,29435,Towson,9.85,9.875,9.85,,Sunday,11,2,2024
Gwen Ockerbloom,29435,New Hampshire,,9.625,,,Sunday,11,2,2024
Harmony Webster,29435,Rutgers,,,9.775,,Sunday,11,2,2024
Isabella Minervini,29435,Towson,9.875,9.65,9.85,,Sunday,11,2,2024
Jackie Manifold,29435,Rutgers,9.725,9.725,,,Sunday,11,2,2024
Jaidyn Raby,29435,Rutgers,,,,9.7,Sunday,11,2,2024
Jenna Devincenzo,29435,New Hampshire,9.8,9.85,,9.8,Sunday,11,2,2024
Jenna Weitz,29435,Towson,,9.7,9.85,9.8,Sunday,11,2,2024
Jessica Lin,29435,Brown,,9.725,,9.55,Sunday,11,2,2024
Julia Bedell,29435,Brown,,,9.925,9.8,Sunday,11,2,2024
Katy Koopman,29435,Rutgers,,9.725,,,Sunday,11,2,2024
Kenadi Brown,29435,New Hampshire,9.775,,9.825,,Sunday,11,2,2024
Kylie Gorgenyi,29435,New Hampshire,9.85,9.65,9.925,9.85,Sunday,11,2,2024
Lauren Greene,29435,Towson,9.25,,,,Sunday,11,2,2024
Lauren Keener,29435,Towson,9.725,9.675,,,Sunday,11,2,2024
Lauren Kramer,29435,Brown,,9.7,9.825,9.75,Sunday,11,2,2024
Lauren Mckeown,29435,Brown,9.775,9.475,,,Sunday,11,2,2024
Leah Moreno,29435,New Hampshire,9.75,,,9.725,Sunday,11,2,2024
Lindsey Yang,29435,Brown,,9.7,,,Sunday,11,2,2024
Liza Marcus,29435,Brown,9.45,9.675,9.6,,Sunday,11,2,2024
Maya Davis,29435,Brown,9.675,,9.825,,Sunday,11,2,2024
Maya MacDonald,29435,New Hampshire,,,9.825,9.575,Sunday,11,2,2024
McCall McMullen,29435,New Hampshire,,,8.85,9.725,Sunday,11,2,2024
McKenna Weiner,29435,Brown,9.4,,,,Sunday,11,2,2024
Myra Daniels,29435,Rutgers,9.825,,,,Sunday,11,2,2024
Olivia DiNovi,29435,Rutgers,9.775,,,,Sunday,11,2,2024
Rachael Riley,29435,Rutgers,,9.725,,9.725,Sunday,11,2,2024
Retoshia Halsell,29435,Towson,,,9.8,9.825,Sunday,11,2,2024
Sarah Girot,29435,Towson,,9.85,,,Sunday,11,2,2024
Serena Mullin,29435,New Hampshire,,9.85,9.875,9.775,Sunday,11,2,2024
Sierra Bauman,29435,New Hampshire,9.1,9.775,9.85,,Sunday,11,2,2024
Sophia Dewar,29435,Brown,9.6,,9.85,9.775,Sunday,11,2,2024
Stephanie Zannella,29435,Rutgers,,9.875,9.85,,Sunday,11,2,2024
Valentina Lorente-Garcia,29435,Rutgers,9.8,,,9.775,Sunday,11,2,2024
Abigail Kenney,29438,Bridgeport,9.5,9.775,9.875,9.5,Sunday,11,2,2024
Alexa Melanson,29438,Southern Conn.,,9.475,9.625,,Sunday,11,2,2024
Angel Lee,29438,Southern Conn.,,9.6,,,Sunday,11,2,2024
Angelina Stanfa,29438,Southern Conn.,,9.625,,,Sunday,11,2,2024
Audrey Arnold,29438,Southern Conn.,9.65,,,,Sunday,11,2,2024
Ava Kelly,29438,Southern Conn.,,,9.125,9.625,Sunday,11,2,2024
Brianna Dorr,29438,Southern Conn.,,,,9.65,Sunday,11,2,2024
Catherine Aucoin,29438,Bridgeport,9.375,,9.65,,Sunday,11,2,2024
Chloe DeJoy,29438,Yale,9.725,,9.75,,Sunday,11,2,2024
Ella Tashjian,29438,Yale,,9.7,9.9,9.725,Sunday,11,2,2024
Emiley Kahl,29438,Southern Conn.,,9.7,,,Sunday,11,2,2024
Emily Hernandez,29438,Bridgeport,9.75,,,9.75,Sunday,11,2,2024
Gabriela Dinisoe,29438,Southern Conn.,,9.3,,,Sunday,11,2,2024
Gigi Mastellone,29438,Southern Conn.,9.85,,,,Sunday,11,2,2024
Gigi Sabatini,29438,Yale,9.575,9.8,9.8,9.65,Sunday,11,2,2024
Hana Strause,29438,Yale,,9.575,9.825,,Sunday,11,2,2024
Hanna Zebdi,29438,Southern Conn.,,,9.775,9.65,Sunday,11,2,2024
Hannah Barry,29438,Bridgeport,,9.675,,,Sunday,11,2,2024
Jayci Jordan,29438,Southern Conn.,9.6,,,,Sunday,11,2,2024
Kieran Ross,29438,Bridgeport,,,9.6,9.725,Sunday,11,2,2024
Kylie Sitty,29438,Southern Conn.,9.6,,9.7,9.7,Sunday,11,2,2024
Lauren Holt,29438,Yale,9.7,,,,Sunday,11,2,2024
Lexi Bracher,29438,Southern Conn.,,,,9.325,Sunday,11,2,2024
Libby Allen,29438,Southern Conn.,,9.0,9.825,9.7,Sunday,11,2,2024
Lily Aucoin,29438,Yale,9.775,,,9.55,Sunday,11,2,2024
Lola Sepulveda,29438,Bridgeport,9.55,9.3,9.8,9.65,Sunday,11,2,2024
Megan Brueck,29438,Yale,,9.775,9.825,9.7,Sunday,11,2,2024
Meridith Donovan,29438,Yale,,9.775,,,Sunday,11,2,2024
Molly McAleavey,29438,Bridgeport,,9.475,,,Sunday,11,2,2024
Nova Staruk,29438,Bridgeport,,,9.775,9.675,Sunday,11,2,2024
Olivia Imbarlina,29438,Bridgeport,9.675,9.15,,,Sunday,11,2,2024
Samantha Nokes,29438,Bridgeport,9.65,,,,Sunday,11,2,2024
Sarah Wilson,29438,Yale,9.8,9.675,,9.725,Sunday,11,2,2024
Savannah Lindley,29438,Bridgeport,,,,9.55,Sunday,11,2,2024
Sherry Wang,29438,Yale,9.725,,9.875,9.65,Sunday,11,2,2024
Shreya Munshi,29438,Southern Conn.,7.45,,,,Sunday,11,2,2024
Sofia Delgado Cotto,29438,Southern Conn.,,,9.625,,Sunday,11,2,2024
Sophia Ruecker,29438,Southern Conn.,9.775,,,,Sunday,11,2,2024
Tamyra Singletary,29438,Bridgeport,,,9.575,,Sunday,11,2,2024
Xiomara Jennings,29438,Bridgeport,,9.25,,,Sunday,11,2,2024
Abbie Pierson,29441,West Virginia,9.6,9.875,9.85,9.8,Sunday,11,2,2024
Abby Brushwood,29441,Eastern Michigan,,,9.85,9.725,Sunday,11,2,2024
Alana Fisher,29441,Eastern Michigan,,,9.825,9.85,Sunday,11,2,2024
Aliyah Reed-Hammon,29441,Fisk,,9.375,9.525,9.775,Sunday,11,2,2024
Amber Lowe,29441,West Virginia,9.775,9.75,9.8,,Sunday,11,2,2024
Aniyah Taylor,29441,Fisk,8.4,9.825,,9.6,Sunday,11,2,2024
Anna Grace McCullough,29441,Eastern Michigan,,,9.85,,Sunday,11,2,2024
Brooke Alban,29441,West Virginia,9.425,,9.775,9.75,Sunday,11,2,2024
Cassie Bergin,29441,Eastern Michigan,,9.825,,,Sunday,11,2,2024
Ciniah Rosby,29441,Fisk,9.6,9.65,9.3,9.8,Sunday,11,2,2024
Elise Brzoska,29441,Bowling Green,9.725,9.1,9.75,,Sunday,11,2,2024
Ella Chemotti,29441,Eastern Michigan,9.7,9.85,9.8,,Sunday,11,2,2024
Ellen Collins,29441,West Virginia,,,,9.575,Sunday,11,2,2024
Emily Castiglia,29441,Bowling Green,,9.8,,,Sunday,11,2,2024
Emma Lewis,29441,Eastern Michigan,,,,9.075,Sunday,11,2,2024
Genae Daniel,29441,Eastern Michigan,9.3,,,9.775,Sunday,11,2,2024
Isabella Rivelli,29441,Bowling Green,9.85,,,,Sunday,11,2,2024
Jacquelyn Patterson,29441,Eastern Michigan,,9.85,,9.75,Sunday,11,2,2024
Jada Reece,29441,Fisk,,,9.725,9.45,Sunday,11,2,2024
Jayden McDonnell,29441,West Virginia,8.9,,,9.6,Sunday,11,2,2024
Jordan Jankowski,29441,Eastern Michigan,9.825,,,,Sunday,11,2,2024
Jordynn Cromartie,29441,Fisk,,,9.575,,Sunday,11,2,2024
Julia Brown,29441,West Virginia,,9.85,,,Sunday,11,2,2024
Jurnee Lane,29441,West Virginia,9.375,9.9,9.8,,Sunday,11,2,2024
Kathryn Weilbacher,29441,Bowling Green,9.7,9.85,9.8,9.825,Sunday,11,2,2024
Kaylei McDonald,29441,Fisk,,9.725,,,Sunday,11,2,2024
Keira Thornton,29441,Bowling Green,9.725,,9.825,9.6,Sunday,11,2,2024
Kiana Lewis,29441,West Virginia,,9.85,9.725,9.6,Sunday,11,2,2024
Kiara Richmon,29441,Fisk,9.45,,9.6,,Sunday,11,2,2024
Kyrie Lowe,29441,Eastern Michigan,9.825,9.725,9.725,,Sunday,11,2,2024
Lauren Bannister,29441,Bowling Green,,,9.8,9.525,Sunday,11,2,2024
Liberty Mora,29441,Fisk,,9.825,,,Sunday,11,2,2024
Love Akpan,29441,Bowling Green,9.7,9.175,9.775,9.825,Sunday,11,2,2024
Madison Coburn,29441,Bowling Green,,,,9.65,Sunday,11,2,2024
Megan Bingham,29441,Bowling Green,9.1,9.8,,9.775,Sunday,11,2,2024
Megan Decious,29441,Bowling Green,,,9.825,,Sunday,11,2,2024
Miranda Smith,29441,West Virginia,9.8,9.8,,,Sunday,11,2,2024
Morgan Price,29441,Fisk,9.725,9.95,9.8,9.8,Sunday,11,2,2024
Nadia Parente,29441,Bowling Green,,9.825,,,Sunday,11,2,2024
Raisa Boris,29441,Eastern Michigan,9.875,9.875,9.875,9.725,Sunday,11,2,2024
Sierra Muns,29441,West Virginia,,,9.725,9.75,Sunday,11,2,2024
Sydney Smith,29441,Fisk,9.5,,,,Sunday,11,2,2024
Trinity Macy,29441,Eastern Michigan,9.725,9.075,,,Sunday,11,2,2024
Zanna Brewer,29441,Fisk,8.1,,,,Sunday,11,2,2024
Zyia Coleman,29441,Fisk,,,,9.375,Sunday,11,2,2024
Alessia Russo,29445,Greenville,7.75,9.425,,,Sunday,11,2,2024
Alexa Chuy,29445,Talladega,9.6,8.925,9.6,9.725,Sunday,11,2,2024
Alondra Maldonado,29445,Talladega,,9.8,9.775,,Sunday,11,2,2024
Amara Nelson,29445,Greenville,9.375,9.675,9.675,9.6,Sunday,11,2,2024
Amy Foret,29445,Centenary College,,9.725,,9.6,Sunday,11,2,2024
Ariana DeSouza,29445,Alaska,,9.55,9.625,9.45,Sunday,11,2,2024
Ashlie Leage,29445,Greenville,9.575,9.475,,9.575,Sunday,11,2,2024
Audra Kaiser,29445,Greenville,,,9.375,,Sunday,11,2,2024
Avery Tillmanns,29445,Alaska,,,,9.55,Sunday,11,2,2024
Brooke Murdock,29445,Centenary College,8.85,9.2,9.3,,Sunday,11,2,2024
Brooklyn Kopsack,29445,Alaska,,,,9.575,Sunday,11,2,2024
Claire Flores,29445,Centenary College,9.5,,,,Sunday,11,2,2024
Claudia Lessig,29445,Alaska,9.725,9.7,9.65,9.75,Sunday,11,2,2024
Diamond Cook,29445,Talladega,,,9.375,,Sunday,11,2,2024
Doree Shelton,29445,Greenville,,9.4,,,Sunday,11,2,2024
Ellery Gilmer,29445,Greenville,,,8.95,,Sunday,11,2,2024
Elli Schnieders,29445,Greenville,,,,9.55,Sunday,11,2,2024
Emily McClung,29445,Centenary College,,,9.025,9.3,Sunday,11,2,2024
Emily Walker,29445,Alaska,9.25,,,,Sunday,11,2,2024
Emma Lavelle,29445,Centenary College,9.375,9.65,,,Sunday,11,2,2024
Hayley Perkins,29445,Alaska,9.125,,9.575,,Sunday,11,2,2024
Isabel Plaza,29445,Centenary College,,,9.25,9.475,Sunday,11,2,2024
Isabella Feltman,29445,Greenville,,9.1,9.625,9.525,Sunday,11,2,2024
Jada Niles,29445,Alaska,9.6,,,,Sunday,11,2,2024
Jaidyn Bryant,29445,Talladega,,9.425,9.45,9.65,Sunday,11,2,2024
Jamilia Duffus,29445,Talladega,9.4,,,9.475,Sunday,11,2,2024
Jessica Johnson,29445,Alaska,9.55,9.525,,,Sunday,11,2,2024
Kendall Huff,29445,Centenary College,,,9.25,9.725,Sunday,11,2,2024
Kiora Peart-Williams,29445,Talladega,9.725,,,9.775,Sunday,11,2,2024
Krystin Johnson,29445,Talladega,8.275,,,9.8,Sunday,11,2,2024
Lacey Wedge,29445,Centenary College,,,9.625,9.675,Sunday,11,2,2024
Landyn Williams,29445,Talladega,,,9.65,9.65,Sunday,11,2,2024
Mackenzie Butler,29445,Talladega,,9.6,,,Sunday,11,2,2024
Maddy Murphy,29445,Alaska,,,9.6,9.15,Sunday,11,2,2024
Madelyn Gomez,29445,Alaska,,,9.525,,Sunday,11,2,2024
Madison Carter,29445,Greenville,9.225,,,,Sunday,11,2,2024
Marcela Bonifasi,29445,Alaska,,9.6,,,Sunday,11,2,2024
Montana Fairbairn,29445,Alaska,,9.65,9.7,9.7,Sunday,11,2,2024
Morgan Swaby,29445,Talladega,8.625,9.575,,,Sunday,11,2,2024
Mylia Vidtor,29445,Centenary College,,8.125,,,Sunday,11,2,2024
Olivia Tocco,29445,Greenville,,8.675,,,Sunday,11,2,2024
Olivia Williams,29445,Centenary College,9.375,,9.55,,Sunday,11,2,2024
Paola Ruano Barahona,29445,Alaska,9.55,9.125,,,Sunday,11,2,2024
Promise Jean-Marie,29445,Talladega,9.3,,9.1,,Sunday,11,2,2024
Rachel Miller,29445,Greenville,8.625,,9.2,9.475,Sunday,11,2,2024
Reagan Rodriguez,29445,Greenville,,,,9.4,Sunday,11,2,2024
Roxanne Myers,29445,Centenary College,9.025,,,,Sunday,11,2,2024
Rylie Molina,29445,Centenary College,,9.7,,,Sunday,11,2,2024
Sidnei Heubach,29445,Talladega,,9.675,,,Sunday,11,2,2024
Sienna Blake,29445,Greenville,9.325,,,,Sunday,11,2,2024
Sophie Schmitz,29445,Centenary College,9.375,9.15,,9.625,Sunday,11,2,2024
Taylor Templin,29445,Greenville,,,8.95,,Sunday,11,2,2024
Abbie Thompson,29449,Denver,,9.775,,,Sunday,11,2,2024
Ailey Kuehn,29449,S.E. Missouri,,,,9.725,Sunday,11,2,2024
Ana Irene Palacios,29449,Iowa State,9.5,,,,Sunday,11,2,2024
Anna Chodon,29449,S.E. Missouri,,9.7,,,Sunday,11,2,2024
Anna Speller,29449,S.E. Missouri,,9.7,,,Sunday,11,2,2024
Ava Johnston,29449,S.E. Missouri,9.575,,,,Sunday,11,2,2024
Bella Mabanta,29449,Denver,,9.3,,,Sunday,11,2,2024
Ella Schell,29449,Iowa State,9.775,,9.525,,Sunday,11,2,2024
Emilie Hong,29449,Iowa State,,,9.825,9.85,Sunday,11,2,2024
Hannah Loyim,29449,Iowa State,9.6,9.8,9.85,9.775,Sunday,11,2,2024
Janelle Lopez,29449,S.E. Missouri,9.625,,,9.75,Sunday,11,2,2024
Jessica Hutchinson,29449,Denver,9.9,9.95,10.0,9.975,Sunday,11,2,2024
Jordan Napolitano,29449,S.E. Missouri,,9.575,9.75,9.725,Sunday,11,2,2024
Josie Bergstrom-Te Slaa,29449,Iowa State,,9.25,,9.875,Sunday,11,2,2024
Kaia Parker,29449,Iowa State,,,9.875,9.8,Sunday,11,2,2024
Kailyn Hamilton,29449,S.E. Missouri,9.65,,9.75,,Sunday,11,2,2024
Kiley Rorich,29449,Denver,9.85,,9.85,,Sunday,11,2,2024
Lauren O'Brochta,29449,Iowa State,,9.65,,,Sunday,11,2,2024
Lauren Thomas,29449,Iowa State,9.75,9.85,,,Sunday,11,2,2024
Loganne Basuel,29449,Iowa State,9.775,,,,Sunday,11,2,2024
Lydia Webb,29449,S.E. Missouri,9.75,9.85,9.85,9.8,Sunday,11,2,2024
Maddison Reidenbach,29449,Denver,,,9.85,9.825,Sunday,11,2,2024
Madison Greene,29449,S.E. Missouri,,8.825,9.85,9.85,Sunday,11,2,2024
Madison Ulrich,29449,Denver,9.9,9.875,9.925,9.85,Sunday,11,2,2024
Mia Hebinck,29449,Denver,9.925,,,,Sunday,11,2,2024
Mila Brusch,29449,Denver,,,,9.85,Sunday,11,2,2024
Momoko Iwai,29449,Denver,,9.9,9.875,,Sunday,11,2,2024
Noelle Adams,29449,Iowa State,,9.8,9.9,9.85,Sunday,11,2,2024
Paige Wills,29449,Iowa State,9.75,,,9.775,Sunday,11,2,2024
Rachel Wilke,29449,Iowa State,,9.6,9.85,,Sunday,11,2,2024
Rosie Casali,29449,Denver,9.85,9.9,9.9,9.725,Sunday,11,2,2024
Rylie Mundell,29449,Denver,9.9,,,9.85,Sunday,11,2,2024
Sydney Crouch,29449,S.E. Missouri,9.45,,9.75,,Sunday,11,2,2024
Taylor Ingle,29449,S.E. Missouri,9.65,9.8,9.75,9.675,Sunday,11,2,2024
Alexis Ortega,29452,North Carolina State,9.8,9.925,,9.775,Sunday,11,2,2024
Amy Wozniak,29452,North Carolina,,,9.75,,Sunday,11,2,2024
Ashley Knight,29452,North Carolina State,,,9.8,9.85,Sunday,11,2,2024
Bella Miller,29452,North Carolina,,,9.85,,Sunday,11,2,2024
Camryn Rueda,29452,North Carolina,,,9.875,,Sunday,11,2,2024
Chloe Negrete,29452,North Carolina State,,9.85,9.85,9.8,Sunday,11,2,2024
Cory Shinohara,29452,North Carolina,,,,9.675,Sunday,11,2,2024
Elly King,29452,North Carolina,,8.9,,,Sunday,11,2,2024
Emily Shepard,29452,North Carolina State,9.875,9.9,9.9,9.85,Sunday,11,2,2024
Gwen Fink,29452,North Carolina,9.825,9.8,,,Sunday,11,2,2024
Hallie Thompson,29452,North Carolina,,9.025,,,Sunday,11,2,2024
Isabelle Schaefer,29452,North Carolina,9.7,,,9.6,Sunday,11,2,2024
Jamie Shearer,29452,North Carolina,9.675,,,,Sunday,11,2,2024
Jessica Naranjo,29452,North Carolina,,9.825,,,Sunday,11,2,2024
Julia Knower,29452,North Carolina,9.7,9.85,9.85,9.75,Sunday,11,2,2024
Kailee Adomaites,29452,North Carolina State,9.6,,,,Sunday,11,2,2024
Katie Harper,29452,North Carolina State,9.75,9.775,,,Sunday,11,2,2024
Katya Edwards,29452,North Carolina State,,,9.85,,Sunday,11,2,2024
Kaya Forbes,29452,North Carolina,9.675,,9.775,9.825,Sunday,11,2,2024
Krista Zultevicz,29452,North Carolina State,,,9.875,9.825,Sunday,11,2,2024
Lali Dekanoidze,29452,North Carolina,9.85,,,9.825,Sunday,11,2,2024
Macy Jennings,29452,North Carolina State,,9.9,,,Sunday,11,2,2024
Maddie Hall,29452,North Carolina State,,,9.725,,Sunday,11,2,2024
Madeline Reid,29452,North Carolina State,9.725,,,,Sunday,11,2,2024
Meg Adler,29452,North Carolina State,,9.825,,9.675,Sunday,11,2,2024
Paige Prejean,29452,North Carolina,,,,9.725,Sunday,11,2,2024
Peyton Childs,29452,North Carolina State,9.8,,,,Sunday,11,2,2024
Taylor Schulze,29452,North Carolina,,9.775,9.7,,Sunday,11,2,2024
Abby Chesshire,29454,Ithaca College,,9.675,9.3,,Wednesday,14,2,2024
Alexa Rose Pahila,29454,Cortland State,9.55,8.975,,,Wednesday,14,2,2024
Autumn Adkins,29454,Cortland State,9.675,,9.6,9.175,Wednesday,14,2,2024
Ava Miranov,29454,Cortland State,,,,9.275,Wednesday,14,2,2024
Caitlin Pellegrino,29454,Ithaca College,,9.075,9.575,9.45,Wednesday,14,2,2024
Cassidy Gallivan,29454,Ithaca College,,,,9.35,Wednesday,14,2,2024
Cloe Block,29454,Cortland State,8.775,9.0,,,Wednesday,14,2,2024
Coral Cotteleer,29454,Ithaca College,8.75,,,,Wednesday,14,2,2024
Corey Foster,29454,Ithaca College,,8.625,9.725,,Wednesday,14,2,2024
Delaney Brown,29454,Cortland State,,,9.725,9.375,Wednesday,14,2,2024
Emily Kobusky,29454,Ithaca College,,9.85,,,Wednesday,14,2,2024
Gabrielle Nadler,29454,Cortland State,,9.3,9.5,,Wednesday,14,2,2024
Gianna Mirigliano,29454,Cortland State,,,,9.425,Wednesday,14,2,2024
Grace Murray,29454,Ithaca College,,,9.825,9.575,Wednesday,14,2,2024
Hana Miller,29454,Ithaca College,8.875,,,,Wednesday,14,2,2024
Jillian Freyman,29454,Ithaca College,,9.8,9.7,8.975,Wednesday,14,2,2024
Kathryn McSweeney,29454,Cortland State,9.05,,9.1,,Wednesday,14,2,2024
Kaylie Goodwin,29454,Ithaca College,8.875,9.475,,9.3,Wednesday,14,2,2024
Kiana Wong,29454,Cortland State,,9.575,,9.3,Wednesday,14,2,2024
Marlena Bailey,29454,Ithaca College,9.525,,,,Wednesday,14,2,2024
Natalie Steed,29454,Ithaca College,9.275,,,9.475,Wednesday,14,2,2024
Ninabella English,29454,Cortland State,,,,9.375,Wednesday,14,2,2024
Rianna Adams,29454,Cortland State,9.65,,,,Wednesday,14,2,2024
Rylee Fishkin,29454,Cortland State,,,9.7,,Wednesday,14,2,2024
Samantha Meadows,29454,Cortland State,,9.7,,,Wednesday,14,2,2024
Skye Cohen,29454,Ithaca College,8.175,,,,Wednesday,14,2,2024
Taylor Arias,29454,Ithaca College,,,9.4,,Wednesday,14,2,2024
Taylor Goldstein,29454,Cortland State,8.9,9.65,,,Wednesday,14,2,2024
Zoe Potamianos,29454,Cortland State,,,9.525,,Wednesday,14,2,2024
Abigayle Martin,29456,Arizona,9.7,9.825,,9.75,Thursday,15,2,2024
Ainsley Greever,29456,Arizona,,,,9.775,Thursday,15,2,2024
Alex Theodorou,29456,Arizona State,,,,9.9,Thursday,15,2,2024
Alysen Fears,29456,Arizona,9.075,9.75,9.725,9.775,Thursday,15,2,2024
Anaya Smith,29456,Arizona State,,,,9.9,Thursday,15,2,2024
Caroline Herry,29456,Arizona,,9.825,9.9,,Thursday,15,2,2024
Cassi Barbanente,29456,Arizona State,9.725,,,,Thursday,15,2,2024
Cienna Samiley,29456,Arizona State,9.775,,,,Thursday,15,2,2024
Elena Deets,29456,Arizona,9.775,9.875,9.85,,Thursday,15,2,2024
Emily Mueller,29456,Arizona,9.775,9.9,9.85,,Thursday,15,2,2024
Emily White,29456,Arizona State,9.775,9.875,9.9,,Thursday,15,2,2024
Emma Strom,29456,Arizona,,,9.85,9.725,Thursday,15,2,2024
Gracie Reeves,29456,Arizona State,,9.725,,9.875,Thursday,15,2,2024
Halle Gregoire,29456,Arizona State,,,9.85,9.85,Thursday,15,2,2024
Hannah Scharf,29456,Arizona State,9.8,9.825,9.9,9.6,Thursday,15,2,2024
Jada Mangahas,29456,Arizona State,9.8,9.8,9.8,9.825,Thursday,15,2,2024
Jessica Castles,29456,Arizona,,9.8,,9.775,Thursday,15,2,2024
Kayla Lee,29456,Arizona State,,9.875,9.775,,Thursday,15,2,2024
Kimberly Smith,29456,Arizona State,,,9.825,,Thursday,15,2,2024
Malia Hargrove,29456,Arizona,9.75,,9.875,9.75,Thursday,15,2,2024
Sarah Clark,29456,Arizona State,9.85,9.85,,,Thursday,15,2,2024
Sophie Derr,29456,Arizona,9.875,,,,Thursday,15,2,2024
Adriana Bustelo,29458,Central Michigan,9.775,9.8,,,Friday,16,2,2024
Amber Mueller,29458,Central Michigan,,9.425,,9.75,Friday,16,2,2024
Ashley Veglucci,29458,Central Michigan,9.725,9.775,9.85,,Friday,16,2,2024
Charniya Brown,29458,Bowling Green,8.75,,,9.65,Friday,16,2,2024
Elise Brzoska,29458,Bowling Green,8.2,9.75,9.675,,Friday,16,2,2024
Elizabeth Buttle,29458,Central Michigan,,,9.9,,Friday,16,2,2024
Elizabeth Cesarone,29458,Central Michigan,,,9.875,9.825,Friday,16,2,2024
Emily Castiglia,29458,Bowling Green,,9.2,9.55,,Friday,16,2,2024
Hallie Hornbacher,29458,Central Michigan,,,9.925,,Friday,16,2,2024
Isabella Rivelli,29458,Bowling Green,9.8,,,,Friday,16,2,2024
Jenna Germond,29458,Central Michigan,9.075,,8.85,9.775,Friday,16,2,2024
Karina Lankamer,29458,Central Michigan,,9.725,,,Friday,16,2,2024
Keira Thornton,29458,Bowling Green,8.475,,9.875,9.575,Friday,16,2,2024
Lauren Bannister,29458,Bowling Green,,,9.7,9.625,Friday,16,2,2024
Love Akpan,29458,Bowling Green,9.475,9.625,9.85,9.675,Friday,16,2,2024
Luciana Alvarado-Reid,29458,Central Michigan,9.875,9.825,9.55,9.775,Friday,16,2,2024
Madison Coburn,29458,Bowling Green,,,,9.725,Friday,16,2,2024
Megan Bingham,29458,Bowling Green,9.65,9.775,,9.675,Friday,16,2,2024
Megan Decious,29458,Bowling Green,,,9.65,,Friday,16,2,2024
Nadia Parente,29458,Bowling Green,,9.425,,,Friday,16,2,2024
Quinn Skrupa,29458,Central Michigan,9.55,,,,Friday,16,2,2024
Samantha Shannon,29458,Central Michigan,9.8,9.775,,9.7,Friday,16,2,2024
Sarina Ross,29458,Bowling Green,,9.65,,,Friday,16,2,2024
Zoie Pelfrey,29458,Central Michigan,,,,9.775,Friday,16,2,2024
Abigail Kenney,29460,Bridgeport,9.225,9.7,9.725,9.85,Friday,16,2,2024
Adrenne Roth,29460,Ursinus College,9.35,,,,Friday,16,2,2024
Alexa Melanson,29460,Southern Conn.,,9.575,9.75,,Friday,16,2,2024
Amelia Budd,29460,Temple,,,9.6,9.65,Friday,16,2,2024
Angel Lee,29460,Southern Conn.,,9.75,,,Friday,16,2,2024
Angelina Hogan,29460,Temple,9.75,,,,Friday,16,2,2024
Angelina Stanfa,29460,Southern Conn.,,8.775,,,Friday,16,2,2024
Arianna Ellis,29460,Ursinus College,,9.125,9.575,,Friday,16,2,2024
Ashley Cromer,29460,Ursinus College,,9.05,,9.7,Friday,16,2,2024
Audrey Arnold,29460,Southern Conn.,9.7,,,,Friday,16,2,2024
Ava Kelly,29460,Southern Conn.,,,9.675,9.725,Friday,16,2,2024
Bella Leo,29460,Ursinus College,9.55,9.6,9.5,,Friday,16,2,2024
Brianna Dorr,29460,Southern Conn.,,,,9.65,Friday,16,2,2024
Brianna Duffy,29460,Ursinus College,9.25,,,,Friday,16,2,2024
Brooke Donabedian,29460,Temple,,9.875,9.9,,Friday,16,2,2024
Carly Troilo,29460,Ursinus College,,,9.3,9.475,Friday,16,2,2024
Catherine Aucoin,29460,Bridgeport,8.825,,9.575,,Friday,16,2,2024
Cyrena Whalen,29460,Temple,9.75,,,,Friday,16,2,2024
Daria Gregory,29460,Ursinus College,,,9.45,,Friday,16,2,2024
Emelia Diaz,29460,Southern Conn.,,8.5,,,Friday,16,2,2024
Emiley Kahl,29460,Southern Conn.,,9.5,,,Friday,16,2,2024
Emily Hernandez,29460,Bridgeport,9.6,,,9.65,Friday,16,2,2024
Emily Johnson,29460,Temple,9.7,,,,Friday,16,2,2024
Erica Beyer,29460,Southern Conn.,,,9.6,,Friday,16,2,2024
Erin Roe,29460,Ursinus College,9.35,9.4,,9.825,Friday,16,2,2024
Erin Stubbs,29460,Ursinus College,,,,9.5,Friday,16,2,2024
Gigi Mastellone,29460,Southern Conn.,9.85,9.475,,,Friday,16,2,2024
Hanna Zebdi,29460,Southern Conn.,,,9.55,9.875,Friday,16,2,2024
Hannah Barry,29460,Bridgeport,,9.05,,,Friday,16,2,2024
Hannah Stallings,29460,Temple,,,9.725,,Friday,16,2,2024
Hannah Weklar,29460,Temple,,,,9.7,Friday,16,2,2024
Jayci Jordan,29460,Southern Conn.,9.35,,,,Friday,16,2,2024
Kieran Ross,29460,Bridgeport,,,9.6,9.575,Friday,16,2,2024
Kylie Sitty,29460,Southern Conn.,9.575,,9.75,9.775,Friday,16,2,2024
Lauren Coleman,29460,Ursinus College,9.325,,,,Friday,16,2,2024
Lexi Bracher,29460,Southern Conn.,,,,9.875,Friday,16,2,2024
Libby Allen,29460,Southern Conn.,,,9.775,9.775,Friday,16,2,2024
Lola Sepulveda,29460,Bridgeport,9.525,9.625,9.775,9.775,Friday,16,2,2024
Lucy Warburton,29460,Ursinus College,,9.0,,,Friday,16,2,2024
Mackenzie Aresta,29460,Temple,,,,9.775,Friday,16,2,2024
Madison Dorunda,29460,Temple,9.575,9.775,9.725,,Friday,16,2,2024
Madison Zimmerman,29460,Ursinus College,,9.675,,,Friday,16,2,2024
Megan Matteucci,29460,Ursinus College,9.175,,9.7,9.4,Friday,16,2,2024
Molly McAleavey,29460,Bridgeport,,9.6,,,Friday,16,2,2024
Nova Staruk,29460,Bridgeport,,,9.625,9.8,Friday,16,2,2024
Olivia Imbarlina,29460,Bridgeport,9.575,9.225,,,Friday,16,2,2024
Payton Monk,29460,Temple,,9.625,9.875,9.6,Friday,16,2,2024
Reese DeHaan,29460,Temple,9.75,,,,Friday,16,2,2024
Renee Schugman,29460,Temple,,9.625,,9.625,Friday,16,2,2024
Samantha Nokes,29460,Bridgeport,9.7,,,,Friday,16,2,2024
Sarah Stallings,29460,Temple,9.85,9.7,,,Friday,16,2,2024
Savannah Lindley,29460,Bridgeport,,,,9.675,Friday,16,2,2024
Shreya Munshi,29460,Southern Conn.,8.9,,,,Friday,16,2,2024
Sidney Schreiber,29460,Ursinus College,,,9.7,9.525,Friday,16,2,2024
Sophia Ruecker,29460,Southern Conn.,9.25,,,,Friday,16,2,2024
Summer Ruskey,29460,Temple,,9.55,9.825,9.675,Friday,16,2,2024
Tamyra Singletary,29460,Bridgeport,,,9.55,,Friday,16,2,2024
Xiomara Jennings,29460,Bridgeport,,8.85,,,Friday,16,2,2024
Addie Gallun,29463,UW-Eau Claire,,,9.7,,Friday,16,2,2024
Amaya McConkay,29463,UW-Oshkosh,9.8,,,9.575,Friday,16,2,2024
Andrea O'Connell,29463,UW-Eau Claire,,,9.8,,Friday,16,2,2024
Anna Zoromski,29463,UW-Oshkosh,,9.625,,9.625,Friday,16,2,2024
Audrey Koester,29463,UW-Oshkosh,,,,9.475,Friday,16,2,2024
Ava Obermoller,29463,UW-Eau Claire,,,,9.375,Friday,16,2,2024
Brooklynn Einck,29463,UW-Eau Claire,9.45,,,,Friday,16,2,2024
Cadence Cordova,29463,UW-Eau Claire,,,,9.35,Friday,16,2,2024
Delaney Cienkus,29463,UW-Oshkosh,,9.775,9.725,,Friday,16,2,2024
Emily Buffington,29463,UW-Oshkosh,9.55,9.775,9.575,9.575,Friday,16,2,2024
Emily Leese,29463,UW-Eau Claire,,,9.25,9.475,Friday,16,2,2024
Georgia Guynn,29463,UW-Eau Claire,,9.475,,,Friday,16,2,2024
Harriet Toth,29463,UW-Eau Claire,9.4,9.55,9.775,9.525,Friday,16,2,2024
Jay Ratkowski,29463,UW-Oshkosh,,,9.75,,Friday,16,2,2024
Kaylie Berens,29463,UW-Oshkosh,9.8,9.75,,,Friday,16,2,2024
Kelsey Donovan,29463,UW-Eau Claire,,,9.25,,Friday,16,2,2024
Linnea Vasali,29463,UW-Eau Claire,,9.7,,,Friday,16,2,2024
Liz Romano,29463,UW-Oshkosh,,9.675,,,Friday,16,2,2024
Lydia Hayden,29463,UW-Oshkosh,9.675,9.8,,,Friday,16,2,2024
Madison Daly,29463,UW-Eau Claire,9.35,,,9.275,Friday,16,2,2024
Meghan Dahlin,29463,UW-Eau Claire,,9.7,,,Friday,16,2,2024
Mia Lucero,29463,UW-Oshkosh,,,9.775,9.65,Friday,16,2,2024
Molly Campbell,29463,UW-Eau Claire,9.15,8.375,8.925,9.325,Friday,16,2,2024
Rachel Hettiarachchy,29463,UW-Eau Claire,8.6,,,,Friday,16,2,2024
Reanna McGibboney,29463,UW-Oshkosh,9.575,,9.8,9.2,Friday,16,2,2024
Samantha Zeilinger,29463,UW-Oshkosh,9.75,,,,Friday,16,2,2024
Taylor Leaman,29463,UW-Oshkosh,,,9.7,,Friday,16,2,2024
Tia Ravara,29463,UW-Eau Claire,9.575,9.4,,,Friday,16,2,2024
Abby Mueller,29466,Illinois,9.825,9.675,9.875,9.875,Friday,16,2,2024
Alea Byrne,29466,Illinois,,,,9.725,Friday,16,2,2024
Allie Berkley,29466,Lindenwood,,,,9.75,Friday,16,2,2024
Allie Morgan,29466,Illinois,,,9.775,,Friday,16,2,2024
Amari Celestine,29466,Missouri,,9.875,9.95,9.9,Friday,16,2,2024
Amaya Marshall,29466,Missouri,9.5,9.875,,,Friday,16,2,2024
Amelia Knight,29466,Illinois,9.825,9.875,,,Friday,16,2,2024
Anya Pilgrim,29466,Florida,9.9,9.9,9.9,9.825,Friday,16,2,2024
Arielle Ward,29466,Illinois,,,9.725,9.875,Friday,16,2,2024
Danie Ferris,29466,Florida,,,,9.9,Friday,16,2,2024
Destiny Denning,29466,Illinois,9.8,,,,Friday,16,2,2024
Ellie Lazzari,29466,Florida,9.825,9.9,,9.8,Friday,16,2,2024
Gabby Disidore,29466,Florida,9.925,,,,Friday,16,2,2024
Gayla Griswold,29466,Lindenwood,,9.0,9.85,9.65,Friday,16,2,2024
Grace Anne Davis,29466,Missouri,,9.2,,9.8,Friday,16,2,2024
Hannah Appleget,29466,Lindenwood,9.85,9.85,,,Friday,16,2,2024
Hannah Horton,29466,Missouri,,,9.825,9.875,Friday,16,2,2024
Hannah Moon,29466,Lindenwood,9.675,9.775,,,Friday,16,2,2024
Hollyn Patrick,29466,Missouri,9.8,,,,Friday,16,2,2024
Jaly Jones,29466,Lindenwood,9.75,9.7,9.85,9.725,Friday,16,2,2024
Jocelyn Moore,29466,Missouri,9.9,,9.925,9.8,Friday,16,2,2024
Kadyn Fitzgibbon,29466,Illinois,,,9.85,,Friday,16,2,2024
Kaitlyn Ewald,29466,Illinois,9.85,9.8,9.825,,Friday,16,2,2024
Kaylee Bluffstone,29466,Florida,,,9.875,,Friday,16,2,2024
Kaylee Cooper,29466,Lindenwood,8.95,,,,Friday,16,2,2024
Kennedy Griffin,29466,Missouri,,,9.9,,Friday,16,2,2024
Kyra Burns,29466,Missouri,9.9,,,,Friday,16,2,2024
Leanne Wong,29466,Florida,9.9,9.975,9.95,9.9,Friday,16,2,2024
Lyden Saltness,29466,Illinois,9.25,,,,Friday,16,2,2024
Madison Rush,29466,Lindenwood,,9.125,,,Friday,16,2,2024
Mara Titarsolej,29466,Missouri,10.0,,,,Friday,16,2,2024
Mia Takekawa,29466,Illinois,9.925,9.775,,9.75,Friday,16,2,2024
Mia Townes,29466,Illinois,,9.775,9.9,9.75,Friday,16,2,2024
Nya Kraus,29466,Lindenwood,9.65,9.9,9.8,9.725,Friday,16,2,2024
Payton Richards,29466,Florida,,,9.925,,Friday,16,2,2024
Rayna Light,29466,Missouri,,9.8,9.85,9.8,Friday,16,2,2024
Reese Baechle,29466,Lindenwood,,,9.725,9.775,Friday,16,2,2024
Ruthuja Nataraj,29466,Illinois,,9.825,,9.8,Friday,16,2,2024
Savannah Newsome,29466,Lindenwood,9.825,,,,Friday,16,2,2024
Sienna Schreiber,29466,Missouri,9.9,9.9,9.9,9.825,Friday,16,2,2024
Simone Evans,29466,Lindenwood,,,9.7,,Friday,16,2,2024
Skylar Draser,29466,Florida,,9.9,,9.65,Friday,16,2,2024
Sloane Blakely,29466,Florida,9.875,9.825,9.925,9.925,Friday,16,2,2024
Sydney Schaffer,29466,Missouri,,9.8,,,Friday,16,2,2024
Trinity Caffey,29466,Lindenwood,,,9.675,9.825,Friday,16,2,2024
Victoria Nguyen,29466,Florida,9.8,9.875,9.9,,Friday,16,2,2024
Abby Willis,29467,Gustavus Adolphus,,,9.35,9.45,Friday,16,2,2024
Angelina Smiley,29467,Hamline,8.65,,,,Friday,16,2,2024
Anna Beaudry,29467,Hamline,8.825,,,,Friday,16,2,2024
Anna Johnson,29467,Hamline,,,,9.075,Friday,16,2,2024
Annelise Smaby,29467,Hamline,8.475,,,,Friday,16,2,2024
Brianna Weikel,29467,Hamline,9.375,9.05,9.525,,Friday,16,2,2024
Britney Krumrei,29467,Hamline,,,,9.275,Friday,16,2,2024
Brooke Reardon,29467,Hamline,,9.45,,8.975,Friday,16,2,2024
Caledonia Norton,29467,Hamline,8.2,,,,Friday,16,2,2024
Catelyn Zack,29467,Hamline,,,9.3,,Friday,16,2,2024
Ella Binfet,29467,Gustavus Adolphus,,,9.5,,Friday,16,2,2024
Hannah Lemon,29467,Hamline,,9.1,,,Friday,16,2,2024
Izzy Breitkreutz,29467,Gustavus Adolphus,,9.075,,,Friday,16,2,2024
Julia Cheely,29467,Hamline,8.2,,,,Friday,16,2,2024
Kaitlyn Morgan,29467,Hamline,,8.8,,,Friday,16,2,2024
Katy Cash,29467,Gustavus Adolphus,,8.7,,9.325,Friday,16,2,2024
Kendra Smaby,29467,Gustavus Adolphus,9.45,,,,Friday,16,2,2024
Laurel Raymond,29467,Hamline,,9.225,8.8,9.275,Friday,16,2,2024
Lili Guy,29467,Gustavus Adolphus,9.15,,9.525,9.475,Friday,16,2,2024
Lily Horsch,29467,Gustavus Adolphus,9.025,,,,Friday,16,2,2024
Lindsay Bangs,29467,Gustavus Adolphus,,9.525,,9.3,Friday,16,2,2024
Maddox Lee,29467,Gustavus Adolphus,9.3,8.2,8.8,9.325,Friday,16,2,2024
Marley Michaud,29467,Gustavus Adolphus,8.85,7.5,9.55,9.325,Friday,16,2,2024
Meighan White,29467,Hamline,,,9.1,9.15,Friday,16,2,2024
Olivia Jahnke,29467,Gustavus Adolphus,,9.5,9.5,,Friday,16,2,2024
Shea Campbell,29467,Hamline,,,7.875,,Friday,16,2,2024
Sophie Schmitz,29467,Gustavus Adolphus,9.275,,,,Friday,16,2,2024
Sydney Stoenner,29467,Hamline,,,9.4,,Friday,16,2,2024
Alexa Ebeling,29469,Iowa,,9.575,,,Friday,16,2,2024
Alexis Hankins,29469,Ohio State,9.025,9.825,,,Friday,16,2,2024
Alyse Karenbauer,29469,Iowa,,,9.9,9.75,Friday,16,2,2024
Aubrey Nick,29469,Iowa,,9.825,,,Friday,16,2,2024
Avery Chambers,29469,Iowa,,,,9.75,Friday,16,2,2024
Bailey Libby,29469,Iowa,,,9.85,,Friday,16,2,2024
Ella Hodges,29469,Ohio State,,9.8,9.925,,Friday,16,2,2024
Emily Erb,29469,Iowa,,,8.95,,Friday,16,2,2024
Emma Pritchard,29469,Ohio State,9.775,9.85,,,Friday,16,2,2024
Eva Volpe,29469,Iowa,9.8,9.775,9.875,9.85,Friday,16,2,2024
Gianna Masella,29469,Iowa,9.75,,,9.75,Friday,16,2,2024
Hanna Castillo,29469,Iowa,,,9.875,9.775,Friday,16,2,2024
Ilka Juk,29469,Iowa,9.75,9.85,,,Friday,16,2,2024
Jojo Warga,29469,Ohio State,,9.775,,,Friday,16,2,2024
Kaia Vanney,29469,Iowa,9.7,,,,Friday,16,2,2024
Kaitlyn Grimes,29469,Ohio State,,,,9.8,Friday,16,2,2024
Karina Munoz,29469,Iowa,9.8,9.9,9.9,9.825,Friday,16,2,2024
Kaylyn Mintz,29469,Ohio State,,,9.775,,Friday,16,2,2024
Mallory Gregory,29469,Ohio State,,,,9.825,Friday,16,2,2024
Marissa Rojas,29469,Iowa,9.7,9.35,,,Friday,16,2,2024
Nicole Riccardi,29469,Ohio State,9.9,,,9.9,Friday,16,2,2024
Payton Harris,29469,Ohio State,9.825,9.775,9.875,9.9,Friday,16,2,2024
Savannah Gonzalez,29469,Ohio State,,,9.825,,Friday,16,2,2024
Sidney Washington,29469,Ohio State,9.8,,9.85,9.85,Friday,16,2,2024
Tory Vetter,29469,Ohio State,9.9,9.9,9.9,9.925,Friday,16,2,2024
Ailey Kuehn,29471,S.E. Missouri,,,,9.775,Friday,16,2,2024
Alana Laster,29471,Illinois State,,,9.825,9.9,Friday,16,2,2024
Aliyah Reed-Hammon,29471,Fisk,,9.2,9.725,9.85,Friday,16,2,2024
Ally Lau,29471,Illinois State,,9.825,,,Friday,16,2,2024
Angelica Labat,29471,Illinois State,9.8,9.75,9.725,9.95,Friday,16,2,2024
Aniyah Taylor,29471,Fisk,9.075,9.1,,9.65,Friday,16,2,2024
Anna Chodon,29471,S.E. Missouri,,8.475,,,Friday,16,2,2024
Anna Speller,29471,S.E. Missouri,,9.75,,,Friday,16,2,2024
Ava Johnston,29471,S.E. Missouri,9.55,,,,Friday,16,2,2024
Breyana Daniels,29471,Fisk,,,,9.55,Friday,16,2,2024
Carly Hawksworth,29471,Illinois State,9.7,,,,Friday,16,2,2024
Ciniah Rosby,29471,Fisk,,9.45,,9.625,Friday,16,2,2024
Jada Reece,29471,Fisk,,,9.7,9.45,Friday,16,2,2024
Janelle Lopez,29471,S.E. Missouri,9.75,,,9.75,Friday,16,2,2024
Jaye Mack,29471,Illinois State,,,9.85,9.9,Friday,16,2,2024
Jordan Napolitano,29471,S.E. Missouri,,9.0,9.875,9.65,Friday,16,2,2024
Jordynn Cromartie,29471,Fisk,,,9.65,,Friday,16,2,2024
Joy Ziegenfelder,29471,Illinois State,,9.725,,9.75,Friday,16,2,2024
Julia Heiner,29471,Illinois State,9.475,,,,Friday,16,2,2024
Kailyn Hamilton,29471,S.E. Missouri,9.675,,9.65,,Friday,16,2,2024
Kaitlyn Donovan,29471,Illinois State,,,9.825,,Friday,16,2,2024
Kaylei McDonald,29471,Fisk,,9.65,,,Friday,16,2,2024
Kiara Richmon,29471,Fisk,8.775,,9.55,,Friday,16,2,2024
Leah Davis,29471,Illinois State,,9.75,9.775,,Friday,16,2,2024
Liberty Mora,29471,Fisk,,9.1,8.975,,Friday,16,2,2024
Lizzie Moore,29471,Fisk,,,,9.3,Friday,16,2,2024
Lydia Webb,29471,S.E. Missouri,9.425,9.6,9.85,9.725,Friday,16,2,2024
Madison Baucom,29471,Fisk,8.5,,,,Friday,16,2,2024
Madison Greene,29471,S.E. Missouri,,9.05,9.75,9.675,Friday,16,2,2024
Madison Kipp,29471,Illinois State,,9.825,,,Friday,16,2,2024
Mia Oh,29471,Illinois State,,,,9.1,Friday,16,2,2024
Morgan Price,29471,Fisk,,9.325,,,Friday,16,2,2024
Mya Robinson,29471,Illinois State,9.675,9.65,,9.825,Friday,16,2,2024
Naimah Muhammad,29471,Fisk,,,9.475,,Friday,16,2,2024
Reese Grolla,29471,Illinois State,9.85,,,,Friday,16,2,2024
Sara Wabi,29471,Illinois State,9.725,,9.75,,Friday,16,2,2024
Sydney Crouch,29471,S.E. Missouri,9.725,,9.825,,Friday,16,2,2024
Sydney Smith,29471,Fisk,9.55,,,,Friday,16,2,2024
Taylor Ingle,29471,S.E. Missouri,9.8,9.775,9.9,9.7,Friday,16,2,2024
Zanna Brewer,29471,Fisk,8.5,,,,Friday,16,2,2024
Zyia Coleman,29471,Fisk,9.375,,,,Friday,16,2,2024
Alex Wood,29475,UW-La Crosse,,,,9.725,Friday,16,2,2024
Ashley Roth,29475,Winona State,8.125,,,,Friday,16,2,2024
Ashlyn Barker,29475,UW-La Crosse,9.325,,,,Friday,16,2,2024
Aspen Peters,29475,Winona State,,,,9.45,Friday,16,2,2024
Bryce Stoltz,29475,Winona State,8.45,9.65,9.75,9.675,Friday,16,2,2024
Caelen Lansing,29475,UW-La Crosse,,,9.875,,Friday,16,2,2024
Claire Robbins,29475,UW-La Crosse,8.775,9.75,9.825,,Friday,16,2,2024
Courtney Knutson,29475,Winona State,,,9.25,,Friday,16,2,2024
Elizabeth Janssen,29475,UW-La Crosse,9.575,,,,Friday,16,2,2024
Ellie Sampson,29475,Winona State,8.5,,,,Friday,16,2,2024
Grace Kehr,29475,UW-La Crosse,,,,9.675,Friday,16,2,2024
Hannah Hautala,29475,UW-La Crosse,,8.7,,,Friday,16,2,2024
Izzy Kropiwiec,29475,Winona State,,,9.3,9.4,Friday,16,2,2024
Jessica Taylor,29475,UW-La Crosse,,,9.85,,Friday,16,2,2024
Jessisca Miley,29475,Winona State,9.6,8.075,9.5,9.575,Friday,16,2,2024
Jordan Halcom,29475,UW-La Crosse,,8.975,,,Friday,16,2,2024
Kaelyn Duman,29475,Winona State,,9.275,,9.325,Friday,16,2,2024
Kaylee Bateman,29475,Winona State,9.525,,,,Friday,16,2,2024
Kendra Aitken,29475,Winona State,,8.7,,,Friday,16,2,2024
Kyla Dickson,29475,UW-La Crosse,,9.75,9.75,,Friday,16,2,2024
Lauren Main,29475,UW-La Crosse,9.225,,,,Friday,16,2,2024
Lilly Millington,29475,UW-La Crosse,,,,9.675,Friday,16,2,2024
Madysen Disekrud,29475,Winona State,,,8.725,9.6,Friday,16,2,2024
Marisa Zepeda,29475,UW-La Crosse,,9.525,,,Friday,16,2,2024
Paige Breckwoldt,29475,UW-La Crosse,,,9.65,9.525,Friday,16,2,2024
Rachel Chesley,29475,UW-La Crosse,9.75,,,9.75,Friday,16,2,2024
Raina Christenson,29475,UW-La Crosse,,9.825,,,Friday,16,2,2024
Reagan Kelly,29475,Winona State,,8.925,,,Friday,16,2,2024
Sarah Best,29475,UW-La Crosse,9.35,,9.675,,Friday,16,2,2024
Sarah Pastore,29475,UW-La Crosse,,,,9.375,Friday,16,2,2024
Taryn Sellner,29475,Winona State,,9.675,9.775,,Friday,16,2,2024
Taylor Magierka,29475,Winona State,9.4,,,,Friday,16,2,2024
Amelia Moneymaker,29477,UC Davis,9.875,9.75,9.775,9.725,Friday,16,2,2024
Amy Foret,29477,Centenary College,,9.15,,9.45,Friday,16,2,2024
Anna Holtan,29477,UC Davis,,9.725,9.6,9.525,Friday,16,2,2024
Ava Scafani,29477,UC Davis,9.8,9.875,,,Friday,16,2,2024
Ayla McKean,29477,Air Force,9.875,9.45,,,Friday,16,2,2024
Ayumi Oshiro,29477,UC Davis,9.8,9.8,,,Friday,16,2,2024
Brooke Murdock,29477,Centenary College,8.5,8.825,9.075,,Friday,16,2,2024
Claire Flores,29477,Centenary College,9.25,,,,Friday,16,2,2024
Clara Wallace,29477,Air Force,9.8,9.575,9.2,9.625,Friday,16,2,2024
Emily McClung,29477,Centenary College,,,7.825,,Friday,16,2,2024
Emma Lavelle,29477,Centenary College,9.2,9.675,,,Friday,16,2,2024
Emma Otsu,29477,UC Davis,9.725,9.225,9.65,9.8,Friday,16,2,2024
Gabriella Hartley,29477,Air Force,,9.625,,9.55,Friday,16,2,2024
Gabriella Meccia,29477,Air Force,,,9.825,9.625,Friday,16,2,2024
Gianna Martyna,29477,Air Force,,,9.825,,Friday,16,2,2024
Isabel Plaza,29477,Centenary College,,,9.225,9.55,Friday,16,2,2024
Isabella Fitz-Gerald,29477,UC Davis,9.85,,,,Friday,16,2,2024
Jadyn Wakita,29477,UC Davis,9.875,,,9.7,Friday,16,2,2024
Keanna Abraham,29477,UC Davis,,9.7,9.65,9.9,Friday,16,2,2024
Kendall Huff,29477,Centenary College,,,8.875,8.9,Friday,16,2,2024
Kimberly Kinkade,29477,Air Force,9.75,,,,Friday,16,2,2024
Lacey Wedge,29477,Centenary College,,,9.65,9.725,Friday,16,2,2024
Madison Carlisle,29477,Air Force,9.725,,,,Friday,16,2,2024
Maggie Slife,29477,Air Force,9.925,9.65,9.875,9.775,Friday,16,2,2024
Megan Ray,29477,UC Davis,,,9.85,9.775,Friday,16,2,2024
Mylia Vidtor,29477,Centenary College,,8.55,,,Friday,16,2,2024
Nandhini Senthil,29477,UC Davis,,,9.525,,Friday,16,2,2024
Olivia Williams,29477,Centenary College,9.125,,9.6,,Friday,16,2,2024
Roxanne Myers,29477,Centenary College,9.1,,,,Friday,16,2,2024
Rylie Molina,29477,Centenary College,,9.175,,,Friday,16,2,2024
Sarah Willis,29477,Air Force,,8.975,9.575,9.75,Friday,16,2,2024
Sophie Schmitz,29477,Centenary College,8.925,9.375,,9.525,Friday,16,2,2024
Velandra Brochi,29477,Air Force,9.775,9.5,9.775,9.775,Friday,16,2,2024
Adriana Popp,29480,Boise State,,9.95,,9.85,Friday,16,2,2024
Alex Routsis,29480,Southern Utah,9.775,,,,Friday,16,2,2024
Aly Coutu,29480,Southern Utah,,9.775,,,Friday,16,2,2024
Alyssa Fernandez,29480,Southern Utah,,9.775,9.825,,Friday,16,2,2024
Alyssa Vulaj,29480,Boise State,,9.375,9.725,9.575,Friday,16,2,2024
Athena Jones,29480,Sacramento State,,9.675,9.775,,Friday,16,2,2024
Aubri Schwartze,29480,Southern Utah,9.75,,,,Friday,16,2,2024
Bella Lahmidi,29480,Sacramento State,9.75,,,9.675,Friday,16,2,2024
Blake Pascal,29480,Boise State,,,9.85,,Friday,16,2,2024
Brinlee Christensen,29480,Southern Utah,9.875,,9.6,,Friday,16,2,2024
Carly Buell,29480,Boise State,9.775,,,,Friday,16,2,2024
Courtney Blackson,29480,Boise State,9.775,,9.95,9.875,Friday,16,2,2024
Elaina McGovern,29480,Boise State,9.775,,9.875,9.8,Friday,16,2,2024
Ellie Cacciola,29480,Southern Utah,,9.825,9.775,9.825,Friday,16,2,2024
Emily Lopez,29480,Boise State,9.95,9.9,,9.9,Friday,16,2,2024
Emma Loyim,29480,Boise State,,9.925,9.9,,Friday,16,2,2024
Emma Morgenthaler,29480,Sacramento State,9.625,9.7,9.85,9.8,Friday,16,2,2024
Grace Gilman,29480,Sacramento State,,9.725,9.475,9.75,Friday,16,2,2024
Isabella Neff,29480,Southern Utah,9.825,8.55,,,Friday,16,2,2024
Jillianne Lastra,29480,Sacramento State,9.8,,,,Friday,16,2,2024
Kara Houghton,29480,Sacramento State,9.525,9.775,9.8,,Friday,16,2,2024
Kayla Pardue,29480,Southern Utah,,,9.825,9.95,Friday,16,2,2024
Kennedi McClain,29480,Southern Utah,,9.7,,9.75,Friday,16,2,2024
Kylee Hamby,29480,Boise State,9.775,,,,Friday,16,2,2024
Mahleea Werline,29480,Boise State,9.8,,,,Friday,16,2,2024
Niya Randolph,29480,Southern Utah,9.85,9.75,9.825,9.8,Friday,16,2,2024
Rose Wilson,29480,Sacramento State,9.8,,,9.325,Friday,16,2,2024
Rylin Zimmerman,29480,Sacramento State,,9.0,,9.75,Friday,16,2,2024
Sarah Lutrel,29480,Sacramento State,9.7,9.825,9.825,9.825,Friday,16,2,2024
Simone Dumas-Guzman,29480,Sacramento State,,,9.8,,Friday,16,2,2024
Sydney Kho,29480,Boise State,,9.6,,9.775,Friday,16,2,2024
Sydney Leitch,29480,Boise State,,9.6,9.825,,Friday,16,2,2024
Taylor Gull,29480,Southern Utah,,,9.875,9.725,Friday,16,2,2024
Trista Goodman,29480,Southern Utah,9.85,,,9.8,Friday,16,2,2024
Adriana Hoffman,29483,Towson,,,,9.85,Friday,16,2,2024
Alyssa Beaulieu,29483,New Hampshire,,9.825,9.875,,Friday,16,2,2024
Alyssa Guns,29483,Kent State,,9.275,9.9,,Friday,16,2,2024
Anne Marie Kuebler,29483,William & Mary,,,,9.125,Friday,16,2,2024
Anneliese Silverman,29483,George Washington,9.7,9.825,9.125,9.825,Friday,16,2,2024
Ascha Laird,29483,William & Mary,9.725,,,,Friday,16,2,2024
Ashley Morgan,29483,Kent State,,9.425,,9.7,Friday,16,2,2024
Brissa Portillo,29483,Towson,,9.9,,,Friday,16,2,2024
Brooke Izzo,29483,George Washington,,9.825,,,Friday,16,2,2024
Camille Vitoff,29483,Towson,9.85,,,9.825,Friday,16,2,2024
Carmella Calafati,29483,Towson,,,9.75,,Friday,16,2,2024
Caroline Blatchford,29483,William & Mary,9.5,9.8,9.5,9.525,Friday,16,2,2024
Catherine Bare,29483,William & Mary,9.75,,,,Friday,16,2,2024
Charlie Behner,29483,Kent State,9.75,,,9.875,Friday,16,2,2024
Clara Hong,29483,Towson,9.825,9.8,,,Friday,16,2,2024
Dani Fuertez,29483,Kent State,9.8,,9.8,,Friday,16,2,2024
Deana Sheremeta,29483,George Washington,,,9.9,,Friday,16,2,2024
Delaney DeHaan,29483,George Washington,9.825,,,,Friday,16,2,2024
Elise Tisler,29483,Towson,,,9.85,9.9,Friday,16,2,2024
Felicia Poblete,29483,Towson,,,9.7,9.825,Friday,16,2,2024
Gabby Riley,29483,Kent State,,9.85,,9.6,Friday,16,2,2024
Gianna Graver,29483,New Hampshire,9.625,,,,Friday,16,2,2024
Grace Costello,29483,William & Mary,,9.725,9.725,9.5,Friday,16,2,2024
Grace Vaillancourt,29483,Towson,9.1,9.85,9.825,,Friday,16,2,2024
Gwen Ockerbloom,29483,New Hampshire,,9.8,,,Friday,16,2,2024
Hannah Burke,29483,William & Mary,,,9.85,9.75,Friday,16,2,2024
Heidi Schultz,29483,Kent State,9.65,9.85,9.8,,Friday,16,2,2024
Isabella Minervini,29483,Towson,9.975,,,,Friday,16,2,2024
Izzy Geig,29483,Kent State,,9.65,,,Friday,16,2,2024
Jenna Devincenzo,29483,New Hampshire,9.725,9.8,,9.8,Friday,16,2,2024
Jenna Weitz,29483,Towson,,9.7,9.725,9.85,Friday,16,2,2024
Karlie Franz,29483,Kent State,,,9.825,,Friday,16,2,2024
Kasey Burke,29483,George Washington,,,9.875,9.875,Friday,16,2,2024
Kenadi Brown,29483,New Hampshire,9.625,,9.575,,Friday,16,2,2024
Kendall Whitman,29483,George Washington,9.675,9.75,9.95,9.825,Friday,16,2,2024
Kennedy Weinpert,29483,Kent State,,,9.75,9.85,Friday,16,2,2024
Kylie Gorgenyi,29483,New Hampshire,9.85,9.75,9.875,9.9,Friday,16,2,2024
Kyndall Gilbert,29483,Kent State,9.7,,,9.25,Friday,16,2,2024
Lauren Greene,29483,Towson,9.875,,,,Friday,16,2,2024
Lauren Keener,29483,Towson,9.725,9.6,,,Friday,16,2,2024
Leah Moreno,29483,New Hampshire,9.525,,,9.8,Friday,16,2,2024
Madeline Frazier,29483,William & Mary,,9.85,,,Friday,16,2,2024
Madi McMullen,29483,George Washington,9.675,,,,Friday,16,2,2024
Marlee York,29483,George Washington,,,9.8,9.775,Friday,16,2,2024
Maya MacDonald,29483,New Hampshire,,,9.8,9.8,Friday,16,2,2024
Maya Peters,29483,George Washington,8.75,9.925,,,Friday,16,2,2024
McCall McMullen,29483,New Hampshire,,,,9.8,Friday,16,2,2024
Melanie Faulkner,29483,William & Mary,,9.6,,,Friday,16,2,2024
Michelle Ngo,29483,William & Mary,,9.6,9.775,,Friday,16,2,2024
Nancy Kiner,29483,George Washington,,9.85,,,Friday,16,2,2024
Nastia Rudnitskaya,29483,Kent State,8.95,,,9.75,Friday,16,2,2024
Payton Lynch,29483,George Washington,,,9.85,,Friday,16,2,2024
Rachel Katz,29483,George Washington,9.775,,,9.9,Friday,16,2,2024
Retoshia Halsell,29483,Towson,,,9.875,9.85,Friday,16,2,2024
Sarah Girot,29483,Towson,,9.8,,,Friday,16,2,2024
Sarah Haxton,29483,Kent State,9.775,9.725,,,Friday,16,2,2024
Sarah Kuper,29483,William & Mary,9.65,9.45,,9.575,Friday,16,2,2024
Sarah Wozniak,29483,William & Mary,9.6,,,,Friday,16,2,2024
Sarah Zois,29483,George Washington,,9.875,,9.875,Friday,16,2,2024
Serena Mullin,29483,New Hampshire,,9.4,9.825,9.825,Friday,16,2,2024
Sierra Bauman,29483,New Hampshire,9.575,9.8,9.8,,Friday,16,2,2024
Sofia Huang,29483,William & Mary,,,,9.65,Friday,16,2,2024
Sophie Chandler,29483,William & Mary,,,9.5,,Friday,16,2,2024
Summer Penzi,29483,William & Mary,,,9.625,,Friday,16,2,2024
Tori Sipes,29483,William & Mary,9.675,,,,Friday,16,2,2024
Zoe Rankin,29483,Kent State,,,9.85,,Friday,16,2,2024
Allix Mason,29488,BYU,9.8,9.85,,9.85,Friday,16,2,2024
Anna Bramblett-Wilde,29488,BYU,8.1,,,,Friday,16,2,2024
Annie Reigert,29488,Kentucky,9.85,,,,Friday,16,2,2024
Anyssa Alvarado,29488,BYU,9.925,,,,Friday,16,2,2024
Arianna Patterson,29488,Kentucky,,9.9,,9.925,Friday,16,2,2024
Ava Jorgensen,29488,BYU,,,9.725,9.8,Friday,16,2,2024
Bailey Bunn,29488,Kentucky,9.85,,,,Friday,16,2,2024
Brynlee Andersen,29488,BYU,,9.875,,,Friday,16,2,2024
Cecily Rizo,29488,Kentucky,9.85,9.8,,9.775,Friday,16,2,2024
Creslyn Brose,29488,Kentucky,,9.8,9.95,,Friday,16,2,2024
Delaynee Rodriguez,29488,Kentucky,9.9,9.675,9.85,9.725,Friday,16,2,2024
Elease Rollins,29488,BYU,,9.925,,,Friday,16,2,2024
Eliza Millar-Crossman,29488,BYU,,9.8,9.775,,Friday,16,2,2024
Hailey Davis,29488,Kentucky,9.85,,9.9,,Friday,16,2,2024
Heidi Schooley-Meyers,29488,BYU,,,9.7,,Friday,16,2,2024
Isabella Magnelli,29488,Kentucky,,9.95,9.925,9.875,Friday,16,2,2024
Kylie Eaquinto,29488,BYU,9.875,,,9.8,Friday,16,2,2024
Linsey Hunter-Kempler,29488,BYU,9.85,,,,Friday,16,2,2024
Madison Raesly-Patton,29488,BYU,,9.55,,,Friday,16,2,2024
Makenzie Wilson,29488,Kentucky,,,9.925,9.85,Friday,16,2,2024
Melissa Earl,29488,BYU,,,,9.8,Friday,16,2,2024
Mina Margraf-Benson,29488,BYU,,9.875,,,Friday,16,2,2024
Olivia Matern,29488,BYU,,,9.8,,Friday,16,2,2024
Raena Worley,29488,Kentucky,10.0,9.875,9.975,9.9,Friday,16,2,2024
Sophie Dudley,29488,BYU,,,9.825,9.7,Friday,16,2,2024
Sydney Benson,29488,BYU,9.75,,9.85,9.85,Friday,16,2,2024
Alivia Ostendorf,29490,Utah State,,9.05,9.875,9.825,Friday,16,2,2024
Amari Evans,29490,Utah State,,,9.825,,Friday,16,2,2024
Angel Stuart,29490,Utah State,9.75,,9.85,9.675,Friday,16,2,2024
Avery Bibbey,29490,Utah State,9.75,,,,Friday,16,2,2024
Brianna Brooks,29490,Utah State,9.825,9.8,,9.775,Friday,16,2,2024
Dani Kirstine,29490,Utah State,9.85,9.775,,,Friday,16,2,2024
Devyn Valuch,29490,San Jose State,9.775,,,,Friday,16,2,2024
Isabella Vater,29490,Utah State,,,9.025,,Friday,16,2,2024
Jada Mazury,29490,San Jose State,9.8,,9.825,9.8,Friday,16,2,2024
Jaudai Lopes,29490,San Jose State,9.725,9.75,9.825,9.825,Friday,16,2,2024
Jenna Eagles,29490,Utah State,,9.75,9.775,,Friday,16,2,2024
Juliette Boyer,29490,Utah State,9.775,,,9.725,Friday,16,2,2024
Katherine Weyhmiller,29490,San Jose State,9.8,9.75,8.9,,Friday,16,2,2024
Lauren Macpherson,29490,San Jose State,9.85,9.825,9.825,9.775,Friday,16,2,2024
Lexi Aragon,29490,Utah State,9.825,9.85,,,Friday,16,2,2024
Madison Kirsch,29490,San Jose State,,9.725,,9.825,Friday,16,2,2024
Marissa Ashton,29490,San Jose State,,9.775,,,Friday,16,2,2024
Mia Nelson,29490,San Jose State,,,9.775,9.75,Friday,16,2,2024
Mikaela Pitts,29490,San Jose State,,,,9.725,Friday,16,2,2024
Natasha Forrand,29490,San Jose State,,,9.7,,Friday,16,2,2024
Nyla Morabito,29490,Utah State,,,9.825,9.8,Friday,16,2,2024
Payton Gatzlaff,29490,Utah State,,,,9.725,Friday,16,2,2024
Sophia Konieczny,29490,San Jose State,9.75,9.0,,,Friday,16,2,2024
Sydney Jelen,29490,Utah State,,9.725,,,Friday,16,2,2024
Ava Jordan,29492,Michigan,,,,9.775,Friday,16,2,2024
Avery Balser,29492,Rutgers,9.8,,9.725,,Friday,16,2,2024
Carly Bauman,29492,Michigan,9.85,9.9,9.875,,Friday,16,2,2024
Elia Aird,29492,Rutgers,8.625,,9.725,9.325,Friday,16,2,2024
Emily Leese,29492,Rutgers,,9.825,9.875,9.8,Friday,16,2,2024
Gabby Wilson,29492,Michigan,9.825,9.95,10.0,9.875,Friday,16,2,2024
Gabrielle Dildy,29492,Rutgers,,9.725,9.7,9.775,Friday,16,2,2024
Harmony Webster,29492,Rutgers,,,9.825,,Friday,16,2,2024
Haylen Zabrowski,29492,Michigan,9.775,,,,Friday,16,2,2024
Jacey Vore,29492,Michigan,9.85,9.85,9.9,,Friday,16,2,2024
Jackie Manifold,29492,Rutgers,9.65,9.75,,,Friday,16,2,2024
Jaidyn Raby,29492,Rutgers,,,,9.525,Friday,16,2,2024
Jenna Mulligan,29492,Michigan,,9.825,9.85,9.85,Friday,16,2,2024
Katy Koopman,29492,Rutgers,,9.8,,,Friday,16,2,2024
Mccaleigh Marr,29492,Michigan,9.825,,,,Friday,16,2,2024
Myra Daniels,29492,Rutgers,9.775,,,,Friday,16,2,2024
Olivia DiNovi,29492,Rutgers,9.225,,,,Friday,16,2,2024
Paige Thaxton,29492,Michigan,,,,9.675,Friday,16,2,2024
Rachael Riley,29492,Rutgers,,9.625,,9.75,Friday,16,2,2024
Reyna Guggino,29492,Michigan,,9.825,9.9,9.825,Friday,16,2,2024
Sierra Brooks,29492,Michigan,9.95,9.875,9.975,9.975,Friday,16,2,2024
Stephanie Zannella,29492,Rutgers,,9.825,9.775,,Friday,16,2,2024
Valentina Lorente-Garcia,29492,Rutgers,9.725,,,9.75,Friday,16,2,2024
Aleah Finnegan,29494,LSU,,9.925,10.0,9.95,Friday,16,2,2024
Alexis Jeffrey,29494,LSU,9.85,9.925,,,Friday,16,2,2024
Amari Drayton,29494,LSU,,,9.925,9.9,Friday,16,2,2024
Aria Brusch,29494,Auburn,9.8,9.85,9.875,,Friday,16,2,2024
Ashley Cowan,29494,LSU,9.9,,,,Friday,16,2,2024
Cassie Stevens,29494,Auburn,9.85,9.875,9.85,9.9,Friday,16,2,2024
Gabby McLaughlin,29494,Auburn,9.85,9.925,9.8,,Friday,16,2,2024
Haleigh Bryant,29494,LSU,9.925,9.95,9.925,9.9,Friday,16,2,2024
Hannah Hagle,29494,Auburn,,,9.125,,Friday,16,2,2024
Julianne Huff,29494,Auburn,,,,9.925,Friday,16,2,2024
KJ Johnson,29494,LSU,,,9.925,9.775,Friday,16,2,2024
Kiya Johnson,29494,LSU,9.875,9.95,,9.85,Friday,16,2,2024
Konnor McClain,29494,LSU,,9.975,,,Friday,16,2,2024
Olivia Dunne,29494,LSU,,,9.85,,Friday,16,2,2024
Olivia Greaves,29494,Auburn,9.8,,,,Friday,16,2,2024
Olivia Hollingsworth,29494,Auburn,9.775,9.875,9.9,9.825,Friday,16,2,2024
Paige Zancan,29494,Auburn,,9.65,,,Friday,16,2,2024
Sara Hubbard,29494,Auburn,,,,9.775,Friday,16,2,2024
Savannah Schoenherr,29494,LSU,9.925,,,9.875,Friday,16,2,2024
Sierra Ballard,29494,LSU,,9.875,9.775,,Friday,16,2,2024
Sophia Groth,29494,Auburn,9.8,9.925,9.875,9.75,Friday,16,2,2024
Sydney Schumaker,29494,Auburn,,,,9.825,Friday,16,2,2024
Tori Tatum,29494,LSU,9.8,,,,Friday,16,2,2024
Amy Wozniak,29496,North Carolina,,,9.825,,Friday,16,2,2024
Bella Miller,29496,North Carolina,,,9.725,,Friday,16,2,2024
Camryn Rueda,29496,North Carolina,,9.825,9.425,,Friday,16,2,2024
Ciara Ward,29496,Pittsburgh,,,9.85,9.825,Friday,16,2,2024
Cory Shinohara,29496,North Carolina,,,,9.85,Friday,16,2,2024
Emily Todd,29496,Pittsburgh,9.825,9.5,9.875,9.7,Friday,16,2,2024
Faith Lerro,29496,Pittsburgh,9.75,,,,Friday,16,2,2024
Gwen Fink,29496,North Carolina,9.9,9.825,,9.75,Friday,16,2,2024
Hallie Copperwheat,29496,Pittsburgh,,9.85,9.05,,Friday,16,2,2024
Hallie Thompson,29496,North Carolina,,9.8,,,Friday,16,2,2024
Isabelle Schaefer,29496,North Carolina,9.925,,,,Friday,16,2,2024
Jah'Liyah Bedminster,29496,Pittsburgh,9.8,,9.9,9.85,Friday,16,2,2024
Jamie Shearer,29496,North Carolina,9.825,,,,Friday,16,2,2024
Jessica Naranjo,29496,North Carolina,,9.725,,,Friday,16,2,2024
Jordyn Ewing,29496,Pittsburgh,9.85,9.075,9.85,,Friday,16,2,2024
Julia Knower,29496,North Carolina,9.75,9.85,9.925,9.9,Friday,16,2,2024
Julie Madso,29496,Pittsburgh,9.75,9.725,,9.825,Friday,16,2,2024
Kaya Forbes,29496,North Carolina,9.675,,9.875,9.75,Friday,16,2,2024
Kaylee Larson,29496,Pittsburgh,,,9.75,,Friday,16,2,2024
Kennedy Duke,29496,Pittsburgh,,9.8,,9.8,Friday,16,2,2024
Lali Dekanoidze,29496,North Carolina,9.9,,,9.85,Friday,16,2,2024
Paige Prejean,29496,North Carolina,,,,9.75,Friday,16,2,2024
Reyna Garvey,29496,Pittsburgh,9.825,9.85,,,Friday,16,2,2024
Shruthi Anand,29496,Pittsburgh,,,,9.825,Friday,16,2,2024
Taylor Schulze,29496,North Carolina,,8.9,9.875,,Friday,16,2,2024
Amanda Zeng,29498,Stanford,,,9.875,9.775,Saturday,17,2,2024
Anapaula Gutierrez,29498,Stanford,9.8,,,9.95,Saturday,17,2,2024
Ariana Young,29498,Oregon State,,9.7,9.85,,Saturday,17,2,2024
Ashley Carter,29498,Stanford,,9.8,,,Saturday,17,2,2024
Ava Sorrento,29498,Stanford,9.85,,,,Saturday,17,2,2024
Brenna Neault,29498,Stanford,9.85,9.85,9.9,9.7,Saturday,17,2,2024
Chloe Widner,29498,Stanford,9.875,,,,Saturday,17,2,2024
Claire Dean,29498,Stanford,9.8,9.8,9.825,9.775,Saturday,17,2,2024
Jade Carey,29498,Oregon State,9.95,9.925,9.925,9.85,Saturday,17,2,2024
Jennifer McMillan,29498,Oregon State,9.7,9.9,,,Saturday,17,2,2024
Kaitlin Garcia,29498,Oregon State,,,9.9,9.725,Saturday,17,2,2024
Natalie Briones,29498,Oregon State,9.8,,,9.75,Saturday,17,2,2024
Olivia Buckner,29498,Oregon State,,9.9,,9.625,Saturday,17,2,2024
Porsche Trinidad,29498,Stanford,,9.175,,,Saturday,17,2,2024
Sage Thompson,29498,Oregon State,9.9,9.75,9.85,9.775,Saturday,17,2,2024
Savannah Miller,29498,Oregon State,,,9.875,,Saturday,17,2,2024
Sienna Robinson,29498,Stanford,9.8,9.8,,,Saturday,17,2,2024
Sophia Esposito,29498,Oregon State,9.825,9.85,9.9,9.875,Saturday,17,2,2024
Taralyn Nguyen,29498,Stanford,,9.825,9.9,9.85,Saturday,17,2,2024
Taylor DeVries,29498,Oregon State,9.875,,,,Saturday,17,2,2024
Temple Landry,29498,Stanford,,,9.775,,Saturday,17,2,2024
Victoria Cluck,29498,Stanford,,,9.8,,Saturday,17,2,2024
Abbie Lain,29500,Simpson,8.25,9.55,9.45,9.375,Saturday,17,2,2024
Alessia Russo,29500,Greenville,,9.625,,,Saturday,17,2,2024
Amara Nelson,29500,Greenville,8.25,9.725,9.425,9.625,Saturday,17,2,2024
Annika Cole,29500,Simpson,8.85,,9.575,,Saturday,17,2,2024
Ashlie Leage,29500,Greenville,7.35,9.625,,9.525,Saturday,17,2,2024
Audra Kaiser,29500,Greenville,,,9.375,,Saturday,17,2,2024
Baily Tessena,29500,Simpson,,7.8,,,Saturday,17,2,2024
Bella Dix,29500,Simpson,8.5,8.8,9.45,9.45,Saturday,17,2,2024
Brooklen Morgan,29500,Simpson,,8.8,9.55,9.05,Saturday,17,2,2024
Chloe Radmer,29500,Simpson,,8.375,,,Saturday,17,2,2024
Doree Shelton,29500,Greenville,,9.5,,,Saturday,17,2,2024
Elli Schnieders,29500,Greenville,,,,9.45,Saturday,17,2,2024
Erin Baugh,29500,Simpson,7.75,,,,Saturday,17,2,2024
Faye Jones,29500,Greenville,,,9.2,,Saturday,17,2,2024
Isabella Feltman,29500,Greenville,,9.4,9.35,9.7,Saturday,17,2,2024
Kaelyn Tally,29500,Simpson,,,9.65,9.475,Saturday,17,2,2024
Kaley Bristow,29500,Simpson,,7.65,9.25,,Saturday,17,2,2024
Kaylee Paige,29500,Simpson,8.425,,,,Saturday,17,2,2024
Madison Carter,29500,Greenville,8.8,,,9.5,Saturday,17,2,2024
Nicola Catchpole,29500,Simpson,,,,9.175,Saturday,17,2,2024
Olivia Tocco,29500,Greenville,,9.475,,,Saturday,17,2,2024
Rachel Miller,29500,Greenville,8.25,,9.725,9.5,Saturday,17,2,2024
Reagan Rodriguez,29500,Greenville,8.9,,,,Saturday,17,2,2024
Sienna Blake,29500,Greenville,9.1,,,,Saturday,17,2,2024
Taylor Templin,29500,Greenville,,,9.025,,Saturday,17,2,2024
Winter Poolaw,29500,Simpson,8.95,,,9.45,Saturday,17,2,2024
Alexis Ortega,29502,North Carolina State,9.85,9.825,,9.675,Saturday,17,2,2024
Ashley Knight,29502,North Carolina State,,,9.9,9.875,Saturday,17,2,2024
Brie Clark,29502,Clemson,,9.875,9.875,,Saturday,17,2,2024
Chloe Negrete,29502,North Carolina State,,9.9,9.95,9.85,Saturday,17,2,2024
Emily Shepard,29502,North Carolina State,9.975,9.95,9.925,9.9,Saturday,17,2,2024
Eve Jackson,29502,Clemson,9.875,,9.875,9.825,Saturday,17,2,2024
Kailee Adomaites,29502,North Carolina State,9.875,,,,Saturday,17,2,2024
Kaitlin DeGuzman,29502,Clemson,9.85,,,,Saturday,17,2,2024
Katie Harper,29502,North Carolina State,9.9,9.85,,,Saturday,17,2,2024
Katya Edwards,29502,North Carolina State,,,9.825,,Saturday,17,2,2024
Kielyn McCright,29502,Clemson,,8.975,,,Saturday,17,2,2024
Krista Zultevicz,29502,North Carolina State,,,9.85,9.85,Saturday,17,2,2024
Lauren Rutherford,29502,Clemson,9.875,,,,Saturday,17,2,2024
Lilly Lippeatt,29502,Clemson,9.9,9.9,,,Saturday,17,2,2024
Macy Jennings,29502,North Carolina State,,9.0,,,Saturday,17,2,2024
Maddie Hall,29502,North Carolina State,,,9.875,9.775,Saturday,17,2,2024
Madeline Reid,29502,North Carolina State,9.85,,,,Saturday,17,2,2024
Madison Minner,29502,Clemson,,,,9.35,Saturday,17,2,2024
Maggie Holman,29502,Clemson,,,9.675,9.25,Saturday,17,2,2024
Meg Adler,29502,North Carolina State,,9.85,,,Saturday,17,2,2024
Molly Arnold,29502,Clemson,,,9.875,9.925,Saturday,17,2,2024
Peyton Childs,29502,North Carolina State,8.75,,,,Saturday,17,2,2024
Quinn Kuhl,29502,Clemson,,9.075,,,Saturday,17,2,2024
Rebecca Wells,29502,Clemson,9.8,9.95,9.9,9.9,Saturday,17,2,2024
Sierra Church,29502,Clemson,,9.825,,,Saturday,17,2,2024
Trinity Brown,29502,Clemson,9.875,,9.05,9.8,Saturday,17,2,2024
Abby Singh,29504,Western Michigan,9.8,,,9.825,Saturday,17,2,2024
Ally Schaupp,29504,Western Michigan,,,9.85,,Saturday,17,2,2024
Amanda Gruber,29504,Western Michigan,,9.4,9.8,,Saturday,17,2,2024
Ashley Szymanski,29504,Ball State,9.825,9.2,,,Saturday,17,2,2024
Breckin Quoss,29504,Western Michigan,9.725,,,,Saturday,17,2,2024
Carissa Martinez,29504,Ball State,,,9.825,9.675,Saturday,17,2,2024
Cassie St. Clair,29504,Western Michigan,,,9.875,9.775,Saturday,17,2,2024
Dani Petrousek,29504,Western Michigan,9.75,9.625,9.775,,Saturday,17,2,2024
DonnaKathryn Roy,29504,Western Michigan,9.75,,9.85,,Saturday,17,2,2024
Gigi Singh,29504,Western Michigan,,9.825,,,Saturday,17,2,2024
Grace Sumner,29504,Ball State,9.675,9.8,,,Saturday,17,2,2024
Halle Faulkner,29504,Western Michigan,,,,9.825,Saturday,17,2,2024
Hannah Milton,29504,Western Michigan,,9.725,,9.825,Saturday,17,2,2024
Hannah Ruthberg,29504,Ball State,9.5,9.9,9.825,9.875,Saturday,17,2,2024
Megan Teter,29504,Ball State,9.725,9.75,9.75,9.775,Saturday,17,2,2024
Payton Murphy,29504,Western Michigan,9.675,9.775,9.9,9.8,Saturday,17,2,2024
Sarah Moravansky,29504,Western Michigan,9.75,9.85,,9.9,Saturday,17,2,2024
Suki Pfister,29504,Ball State,,,9.8,9.875,Saturday,17,2,2024
Victoria Henry,29504,Ball State,9.125,9.8,9.825,9.8,Saturday,17,2,2024
Zoe Middleton,29504,Ball State,9.825,9.9,9.9,9.75,Saturday,17,2,2024
Alia Wilson,29506,UW-Stout,9.625,,,,Saturday,17,2,2024
Anna Mielke,29506,UW-Stout,,,9.75,9.65,Saturday,17,2,2024
Ashnaya Gupta,29506,UW-Whitewater,,8.8,,,Saturday,17,2,2024
Ashtyn Gagner,29506,UW-Stout,,8.725,,9.675,Saturday,17,2,2024
Ava Pesch,29506,UW-Whitewater,9.525,,,9.6,Saturday,17,2,2024
Carleigh Moore,29506,UW-Whitewater,,,9.7,9.725,Saturday,17,2,2024
Carley Scott,29506,UW-Whitewater,9.575,,,,Saturday,17,2,2024
Chloe Hammond,29506,UW-Whitewater,,9.475,,9.725,Saturday,17,2,2024
Danielle Dudziak,29506,UW-Whitewater,,9.6,9.7,9.525,Saturday,17,2,2024
Effie Ferguson,29506,UW-Stout,9.6,9.35,9.25,,Saturday,17,2,2024
Elena Bailey,29506,UW-Whitewater,,,8.75,9.725,Saturday,17,2,2024
Genevieve Czaplewski,29506,UW-Stout,,9.65,,,Saturday,17,2,2024
Gillian Cummins,29506,UW-Stout,8.9,9.45,9.725,9.675,Saturday,17,2,2024
Gracie Talley,29506,UW-Whitewater,9.55,,,,Saturday,17,2,2024
Hayden Gough,29506,UW-Whitewater,9.55,,,,Saturday,17,2,2024
Isabela Krulich,29506,UW-Stout,,9.3,9.5,,Saturday,17,2,2024
Jessica Qualich,29506,UW-Stout,,,,9.55,Saturday,17,2,2024
Kelsey Kollhoff,29506,UW-Whitewater,9.625,9.05,9.85,,Saturday,17,2,2024
Kiara Brown,29506,UW-Stout,9.525,,,8.65,Saturday,17,2,2024
Molly Rickey,29506,UW-Stout,,,9.5,,Saturday,17,2,2024
Paige Magel,29506,UW-Whitewater,9.55,,,,Saturday,17,2,2024
Sarah Knetzke,29506,UW-Whitewater,,9.125,9.625,,Saturday,17,2,2024
Sarah Lutz,29506,UW-Stout,9.6,,,,Saturday,17,2,2024
Taylar Schaefer,29506,UW-Stout,,9.55,9.375,9.425,Saturday,17,2,2024
Teagan Green,29506,UW-Stout,8.45,,,,Saturday,17,2,2024
Tegan Haberstock,29506,UW-Whitewater,,9.4,9.625,9.45,Saturday,17,2,2024
Allie Gard,29508,Nebraska,,9.675,,,Saturday,17,2,2024
Alyssa Kramer,29508,Penn State,,,9.85,,Saturday,17,2,2024
Amani Herring,29508,Penn State,,9.85,9.875,9.775,Saturday,17,2,2024
Ashley Maul,29508,Penn State,,9.7,,,Saturday,17,2,2024
Ava Piedrahita,29508,Penn State,9.875,9.8,9.8,9.825,Saturday,17,2,2024
Ayzhia Hall,29508,Nebraska,,9.825,,9.85,Saturday,17,2,2024
Bella Salcedo,29508,Penn State,,9.875,9.825,9.75,Saturday,17,2,2024
Cassidy Rushlow,29508,Penn State,9.85,,,9.725,Saturday,17,2,2024
Clara Colombo,29508,Nebraska,9.85,,,,Saturday,17,2,2024
Csenge Bacskay,29508,Nebraska,9.825,9.825,9.9,9.775,Saturday,17,2,2024
Emma Simpton,29508,Nebraska,9.775,,,,Saturday,17,2,2024
Emma Spence,29508,Nebraska,9.825,9.825,9.9,9.775,Saturday,17,2,2024
Gabrielle Gallentine,29508,Penn State,9.725,,,,Saturday,17,2,2024
Halle Rourke,29508,Nebraska,,,9.775,,Saturday,17,2,2024
Isabel Sikon,29508,Nebraska,,9.8,,9.85,Saturday,17,2,2024
Jessica Johanson,29508,Penn State,9.725,,,,Saturday,17,2,2024
Kalea McElligott,29508,Penn State,9.825,9.8,9.825,9.8,Saturday,17,2,2024
Kinsey Davis,29508,Nebraska,9.85,,,,Saturday,17,2,2024
Maddie Johnston,29508,Penn State,9.8,9.85,9.725,9.825,Saturday,17,2,2024
Martina Comin,29508,Nebraska,,,9.825,9.775,Saturday,17,2,2024
Sophia McClelland,29508,Nebraska,,9.65,9.925,9.75,Saturday,17,2,2024
Whitney Jencks,29508,Nebraska,9.8,,9.825,,Saturday,17,2,2024
Adabelle Wright,29510,Cornell,,9.275,,,Saturday,17,2,2024
Addy Rothstein,29510,Cornell,9.55,,9.075,9.5,Saturday,17,2,2024
Alana Ricketts,29510,LIU,,9.75,9.6,9.825,Saturday,17,2,2024
Alina Danilchenko,29510,LIU,,9.65,9.675,9.65,Saturday,17,2,2024
Alisha Werlen,29510,Pennsylvania,,9.125,,,Saturday,17,2,2024
Ana Kenefick,29510,Pennsylvania,,9.675,9.725,,Saturday,17,2,2024
Angela Xing,29510,Brown,,9.675,9.775,9.8,Saturday,17,2,2024
Annalisa Page,29510,LIU,9.725,,9.7,9.7,Saturday,17,2,2024
Avery Byun,29510,Cornell,,,,9.65,Saturday,17,2,2024
Brisa Carraro,29510,LIU,9.825,9.825,,,Saturday,17,2,2024
Cael Bixler,29510,LIU,9.825,9.8,,9.625,Saturday,17,2,2024
Caitlyn Walsh,29510,Cornell,,,8.925,,Saturday,17,2,2024
Calista Brady,29510,Cornell,,,,9.175,Saturday,17,2,2024
Cami Whitaker,29510,Cornell,,,9.625,9.75,Saturday,17,2,2024
Campbell Marr,29510,Pennsylvania,,9.85,,,Saturday,17,2,2024
Carly Oniki,29510,Pennsylvania,9.625,,,,Saturday,17,2,2024
Ella Barrington,29510,LIU,,,9.25,,Saturday,17,2,2024
Emma Davies,29510,Pennsylvania,,,9.875,,Saturday,17,2,2024
Isabel Song,29510,Pennsylvania,9.5,,,9.675,Saturday,17,2,2024
Jessica Lin,29510,Brown,,9.25,,9.575,Saturday,17,2,2024
Jordan Barrow,29510,Pennsylvania,,,,9.75,Saturday,17,2,2024
Josie Moylan,29510,Cornell,9.725,,9.85,,Saturday,17,2,2024
Julia Bedell,29510,Brown,,,9.925,9.725,Saturday,17,2,2024
Kady Bills-McCoy,29510,LIU,,9.55,,,Saturday,17,2,2024
Kiersten Belkoff,29510,Pennsylvania,,9.675,,9.8,Saturday,17,2,2024
Kira Sanchez,29510,LIU,9.575,,9.55,,Saturday,17,2,2024
Lauren Kramer,29510,Brown,,9.125,9.8,9.75,Saturday,17,2,2024
Lauren Mckeown,29510,Brown,9.725,9.55,,,Saturday,17,2,2024
Lauren Miller,29510,LIU,,,,8.125,Saturday,17,2,2024
Lindsey Yang,29510,Brown,,9.85,9.85,,Saturday,17,2,2024
Liza Marcus,29510,Brown,9.275,9.725,9.825,,Saturday,17,2,2024
Logan Hinson,29510,LIU,9.225,,,,Saturday,17,2,2024
Marissa Lassiter,29510,Pennsylvania,,,9.825,,Saturday,17,2,2024
Maya Davis,29510,Brown,9.775,,9.85,,Saturday,17,2,2024
McKenna Weiner,29510,Brown,9.45,,,,Saturday,17,2,2024
Melanie Stone,29510,Cornell,9.65,8.8,,,Saturday,17,2,2024
Michaela Defranscisco,29510,Cornell,,,9.725,9.7,Saturday,17,2,2024
Mikayla Burton,29510,Cornell,,9.05,,,Saturday,17,2,2024
Morgen Shambo,29510,Cornell,9.525,,,,Saturday,17,2,2024
Natalia Tehrani,29510,Cornell,9.7,9.725,,,Saturday,17,2,2024
Regina Walton,29510,Cornell,,9.65,,,Saturday,17,2,2024
Samantha Wu,29510,Pennsylvania,,9.7,,,Saturday,17,2,2024
Sara Kenefick,29510,Pennsylvania,9.7,,9.875,9.65,Saturday,17,2,2024
Skyelar Kerico,29510,Pennsylvania,9.825,9.15,9.825,9.75,Saturday,17,2,2024
Sophia Dewar,29510,Brown,8.8,,,9.8,Saturday,17,2,2024
Sophia Paris,29510,Pennsylvania,9.825,,,,Saturday,17,2,2024
Sophia Sololowsky,29510,Brown,8.7,,,,Saturday,17,2,2024
Syd Morris,29510,LIU,9.75,9.925,9.9,9.65,Saturday,17,2,2024
Sydney Beers,29510,Cornell,9.675,9.7,9.925,9.9,Saturday,17,2,2024
Zara Gazdak,29510,Pennsylvania,9.75,,9.825,9.725,Saturday,17,2,2024
Andi Li,29515,California,9.85,9.825,,,Saturday,17,2,2024
Audrey Davis,29515,Oklahoma,9.975,9.925,9.925,9.825,Saturday,17,2,2024
Bell Johnson,29515,Oklahoma,,,9.85,,Saturday,17,2,2024
Caitlin McWilliams,29515,Washington,,,9.775,,Saturday,17,2,2024
Cally Swaney,29515,Arkansas,9.8,9.775,,,Saturday,17,2,2024
Cami Weaver,29515,Arkansas,,9.15,,9.875,Saturday,17,2,2024
Chelsea Hallinan,29515,Washington,,9.75,,,Saturday,17,2,2024
Danielle Sievers,29515,Oklahoma,9.825,,,,Saturday,17,2,2024
Deiah Moody,29515,Washington,9.825,9.875,,,Saturday,17,2,2024
Ella Cesario,29515,California,9.85,9.75,9.925,9.8,Saturday,17,2,2024
Emily Innes,29515,Washington,,9.8,9.9,9.825,Saturday,17,2,2024
Emily Pires,29515,Washington,,,9.05,,Saturday,17,2,2024
Faith Torrez,29515,Oklahoma,9.85,9.95,9.95,9.9,Saturday,17,2,2024
Frankie Price,29515,Arkansas,,,9.95,9.8,Saturday,17,2,2024
Gabby Perea,29515,California,9.875,9.9,,,Saturday,17,2,2024
Hailey Klein,29515,Arkansas,,9.425,9.75,9.8,Saturday,17,2,2024
Hannah Scheible,29515,Oklahoma,,,,9.875,Saturday,17,2,2024
Jaime Pratt,29515,Arkansas,9.85,,,,Saturday,17,2,2024
Jayden Silvers,29515,California,,,,9.875,Saturday,17,2,2024
Jensen Scalzo,29515,Arkansas,9.875,,,,Saturday,17,2,2024
Jordan Bowers,29515,Oklahoma,9.975,9.85,9.95,9.9,Saturday,17,2,2024
Jordan Kane,29515,California,,,9.9,,Saturday,17,2,2024
Kalyxta Gamiao,29515,Arkansas,,9.875,9.825,,Saturday,17,2,2024
Katherine LeVasseur,29515,Oklahoma,9.85,9.925,9.875,9.85,Saturday,17,2,2024
Keira Wells,29515,Oklahoma,,,,9.925,Saturday,17,2,2024
Kristin Lin,29515,Washington,9.8,,,9.75,Saturday,17,2,2024
Kyen Mayhew,29515,California,,,9.875,9.825,Saturday,17,2,2024
Lana Navarro,29515,Washington,,9.025,9.825,9.8,Saturday,17,2,2024
Lauren Williams,29515,Arkansas,,9.75,9.925,9.925,Saturday,17,2,2024
Leah Smith,29515,Arkansas,,,9.875,9.85,Saturday,17,2,2024
Lilly Tubbs,29515,Washington,9.875,,,9.8,Saturday,17,2,2024
Maddie Jones,29515,Arkansas,9.9,,9.875,,Saturday,17,2,2024
Madelyn Williams,29515,California,9.825,9.85,9.9,9.8,Saturday,17,2,2024
Mary McDonough,29515,Washington,,,,9.825,Saturday,17,2,2024
Meilin Sullivan,29515,Oklahoma,,9.825,,,Saturday,17,2,2024
Mya Lauzon,29515,California,9.8,9.875,9.95,9.9,Saturday,17,2,2024
Olivia Oppegard,29515,Washington,9.85,,,,Saturday,17,2,2024
Priscilla Park,29515,Arkansas,9.875,,,9.85,Saturday,17,2,2024
Ragan Smith,29515,Oklahoma,9.9,10.0,9.95,,Saturday,17,2,2024
Reese Drotar,29515,Arkansas,9.9,,,,Saturday,17,2,2024
Sirena Linton,29515,Arkansas,,9.825,,,Saturday,17,2,2024
Skylar Killough-Wilhelm,29515,Washington,9.875,9.825,9.875,9.8,Saturday,17,2,2024
Taylor Russon,29515,Washington,9.825,9.725,9.8,,Saturday,17,2,2024
eMjae Frazier,29515,California,9.925,9.625,9.925,9.875,Saturday,17,2,2024
Abigail Bunch,29517,Rhode Island College,9.35,,,,Sunday,18,2,2024
Alexis Castellaneta,29517,Utica,8.65,9.15,9.75,9.65,Sunday,18,2,2024
Alison Silva,29517,Rhode Island College,8.575,,,,Sunday,18,2,2024
Angelina Merulla,29517,Utica,,,8.625,,Sunday,18,2,2024
Christina Troche,29517,Utica,8.875,,8.825,,Sunday,18,2,2024
Emma Tucker,29517,Rhode Island College,,9.375,9.775,9.575,Sunday,18,2,2024
Grace Marra,29517,Utica,8.65,9.525,9.675,9.6,Sunday,18,2,2024
Haley Miller,29517,Utica,,9.425,,9.125,Sunday,18,2,2024
Ivy Jimenez,29517,Rhode Island College,,9.425,,9.425,Sunday,18,2,2024
Jensen Todd,29517,Utica,,9.35,,,Sunday,18,2,2024
Jessica Nugent,29517,Rhode Island College,,9.6,,,Sunday,18,2,2024
Jolie Carpino,29517,Rhode Island College,9.275,,,,Sunday,18,2,2024
Joscelyn Wabick,29517,Utica,,,,9.15,Sunday,18,2,2024
Julia Yitts,29517,Rhode Island College,,,9.55,,Sunday,18,2,2024
Kelsey Gates,29517,Rhode Island College,9.325,9.45,9.8,9.45,Sunday,18,2,2024
Madeline Brandt,29517,Rhode Island College,,,9.55,,Sunday,18,2,2024
Madison Reed,29517,Utica,,8.05,,9.35,Sunday,18,2,2024
Melissa Ainsley Pinkard,29517,Utica,8.45,,,,Sunday,18,2,2024
Morgan Lunn,29517,Rhode Island College,,9.375,9.725,,Sunday,18,2,2024
Olivia Fragala,29517,Utica,,9.375,,,Sunday,18,2,2024
Olivia Keyes,29517,Rhode Island College,9.575,9.7,9.9,9.45,Sunday,18,2,2024
Olivia Rosen,29517,Utica,8.975,,8.5,,Sunday,18,2,2024
Payton Green,29517,Rhode Island College,9.05,,,9.55,Sunday,18,2,2024
Ryli McGorry,29517,Utica,8.0,,8.7,9.35,Sunday,18,2,2024
Sophia Damiano,29517,Rhode Island College,,,,9.575,Sunday,18,2,2024
Abby Brushwood,29519,Eastern Michigan,,,9.775,9.775,Sunday,18,2,2024
Alana Anderson,29519,Northern Illinois,,,9.825,,Sunday,18,2,2024
Alana Fisher,29519,Eastern Michigan,,,9.675,9.8,Sunday,18,2,2024
Alyssa Al-Ashari,29519,Northern Illinois,9.8,9.85,,,Sunday,18,2,2024
Anna Grace McCullough,29519,Eastern Michigan,,,9.7,,Sunday,18,2,2024
Cassie Bergin,29519,Eastern Michigan,,9.75,,,Sunday,18,2,2024
Dawsyn Sallee,29519,Northern Illinois,,,9.75,9.85,Sunday,18,2,2024
Ella Chemotti,29519,Eastern Michigan,9.775,9.925,9.575,,Sunday,18,2,2024
Emmalise Nock,29519,Northern Illinois,9.65,,9.775,9.8,Sunday,18,2,2024
Genae Daniel,29519,Eastern Michigan,,,,9.75,Sunday,18,2,2024
Hannah Drielick,29519,Northern Illinois,8.775,,,,Sunday,18,2,2024
Isabella Ross,29519,Northern Illinois,,9.75,9.65,,Sunday,18,2,2024
Isabella Sissi,29519,Northern Illinois,9.725,9.85,9.75,9.825,Sunday,18,2,2024
Jacquelyn Patterson,29519,Eastern Michigan,,9.825,,9.7,Sunday,18,2,2024
Jocelyn Harbeck,29519,Northern Illinois,,,,9.7,Sunday,18,2,2024
Jordan Jankowski,29519,Eastern Michigan,9.775,9.75,,,Sunday,18,2,2024
Kendall George,29519,Northern Illinois,,9.725,,,Sunday,18,2,2024
Kiera O'Shea,29519,Northern Illinois,8.85,,,9.9,Sunday,18,2,2024
Kyrie Lowe,29519,Eastern Michigan,9.775,9.825,,9.65,Sunday,18,2,2024
Mikayla Brown,29519,Northern Illinois,,,9.8,,Sunday,18,2,2024
Molly Parris,29519,Eastern Michigan,9.725,,,,Sunday,18,2,2024
Natalia Kraus,29519,Northern Illinois,9.575,,,,Sunday,18,2,2024
Olivia Lynd,29519,Northern Illinois,,9.825,,,Sunday,18,2,2024
Raisa Boris,29519,Eastern Michigan,9.85,9.85,9.825,9.75,Sunday,18,2,2024
Samantha Nickle,29519,Northern Illinois,,9.725,,9.725,Sunday,18,2,2024
Trinity Macy,29519,Eastern Michigan,9.7,,9.7,,Sunday,18,2,2024
Alexa Rothenbuescher,29521,Maryland,9.775,,9.9,9.775,Sunday,18,2,2024
Baleigh Garcia,29521,Michigan State,,9.875,,,Sunday,18,2,2024
Delanie Harkness,29521,Michigan State,9.8,,9.875,,Sunday,18,2,2024
Emma Silberman,29521,Maryland,,9.875,,,Sunday,18,2,2024
Gabi Ortiz,29521,Michigan State,,9.875,,9.75,Sunday,18,2,2024
Gabrielle Stephen,29521,Michigan State,9.95,9.6,9.85,9.85,Sunday,18,2,2024
Giana Kalefe,29521,Michigan State,,9.85,,,Sunday,18,2,2024
Josephine Kogler,29521,Maryland,,9.0,,9.85,Sunday,18,2,2024
Layla Hammer,29521,Maryland,,9.775,,,Sunday,18,2,2024
Lindsay Bacheler,29521,Maryland,9.75,,,,Sunday,18,2,2024
MaKayla Tucker,29521,Michigan State,,9.8,9.825,9.9,Sunday,18,2,2024
Maddie Komoroski,29521,Maryland,,9.875,9.875,,Sunday,18,2,2024
Natalie Martin,29521,Maryland,,9.875,9.725,9.85,Sunday,18,2,2024
Nikki Smith,29521,Michigan State,9.925,,9.9,9.825,Sunday,18,2,2024
Nyah Smith,29521,Michigan State,,,9.825,,Sunday,18,2,2024
Olivia Weir,29521,Maryland,,,,9.75,Sunday,18,2,2024
Olivia Zsarmani,29521,Michigan State,9.825,,,,Sunday,18,2,2024
Rhea Leblanc,29521,Maryland,9.85,,9.8,9.75,Sunday,18,2,2024
Sage Kellerman,29521,Michigan State,9.95,,,9.875,Sunday,18,2,2024
Samantha Gilbert,29521,Maryland,,,9.775,,Sunday,18,2,2024
Sierra Kondo,29521,Maryland,9.9,,,,Sunday,18,2,2024
Skyla Schulte,29521,Michigan State,9.925,9.95,9.875,9.85,Sunday,18,2,2024
Tasha Brozowski,29521,Maryland,9.675,,,,Sunday,18,2,2024
Taylor Rech,29521,Maryland,,,9.675,9.725,Sunday,18,2,2024
Victoria Gatzendorfer,29521,Maryland,9.8,9.0,,,Sunday,18,2,2024
Alexa Rose Pahila,29523,Cortland State,9.45,8.9,,9.6,Sunday,18,2,2024
Anne Kiley,29523,Springfield College,9.375,,,,Sunday,18,2,2024
Autumn Adkins,29523,Cortland State,9.55,,9.725,9.35,Sunday,18,2,2024
Ava Kelly,29523,Springfield College,,,,9.425,Sunday,18,2,2024
Ayako Maeda,29523,Springfield College,9.55,,,,Sunday,18,2,2024
Claire Geiger,29523,Springfield College,8.85,,9.575,9.575,Sunday,18,2,2024
Delaney Brown,29523,Cortland State,,,9.85,9.575,Sunday,18,2,2024
Delaney LaViolette,29523,Springfield College,,,,9.6,Sunday,18,2,2024
Elsie Gardiner,29523,Springfield College,,,9.7,,Sunday,18,2,2024
Emma Skowronek,29523,Springfield College,8.75,9.25,,,Sunday,18,2,2024
Gabrielle Nadler,29523,Cortland State,,,9.775,,Sunday,18,2,2024
Gianna Mirigliano,29523,Cortland State,,,9.6,9.425,Sunday,18,2,2024
Jenna DiPalo,29523,Springfield College,,8.875,,,Sunday,18,2,2024
Julia Reer,29523,Springfield College,,9.625,9.9,,Sunday,18,2,2024
Kathryn McSweeney,29523,Cortland State,9.6,,8.725,,Sunday,18,2,2024
Kelly McGuinness,29523,Springfield College,,9.15,,9.4,Sunday,18,2,2024
Kiana Wong,29523,Cortland State,,9.55,,,Sunday,18,2,2024
Kyleigh Brown,29523,Cortland State,9.15,,,8.85,Sunday,18,2,2024
Lexi Weber,29523,Cortland State,,8.875,,,Sunday,18,2,2024
Marissa Zarra,29523,Springfield College,8.85,,,,Sunday,18,2,2024
Rae Anna Schutz,29523,Springfield College,,8.475,9.025,,Sunday,18,2,2024
Rianna Adams,29523,Cortland State,9.6,,,,Sunday,18,2,2024
Rory Allan,29523,Cortland State,,,,9.6,Sunday,18,2,2024
Sage Kaplan,29523,Springfield College,,,9.75,9.675,Sunday,18,2,2024
Samantha Meadows,29523,Cortland State,,9.8,,,Sunday,18,2,2024
Sophia LeBlanc,29523,Springfield College,9.8,9.55,,,Sunday,18,2,2024
Stacy Taylor,29523,Springfield College,,,9.775,9.55,Sunday,18,2,2024
Taylor Goldstein,29523,Cortland State,9.625,9.225,,,Sunday,18,2,2024
Victoria Cave,29523,Cortland State,,9.1,9.65,,Sunday,18,2,2024
Abby Mueller,29525,Illinois,9.825,9.75,9.825,9.875,Sunday,18,2,2024
Alea Byrne,29525,Illinois,,,,9.8,Sunday,18,2,2024
Allie Morgan,29525,Illinois,,,9.85,,Sunday,18,2,2024
Amelia Knight,29525,Illinois,9.875,9.85,,,Sunday,18,2,2024
Arielle Ward,29525,Illinois,,,9.825,9.85,Sunday,18,2,2024
Destiny Denning,29525,Illinois,9.8,,,,Sunday,18,2,2024
Ella Sirjord,29525,Minnesota,9.775,9.9,,,Sunday,18,2,2024
Emily Koch,29525,Minnesota,,9.775,9.9,,Sunday,18,2,2024
Gianna Gerdes,29525,Minnesota,9.8,9.8,9.875,9.825,Sunday,18,2,2024
Jordyn Lyden,29525,Minnesota,9.8,9.875,,,Sunday,18,2,2024
Kadyn Fitzgibbon,29525,Illinois,,,9.875,,Sunday,18,2,2024
Kaitlyn Ewald,29525,Illinois,9.85,9.85,9.8,,Sunday,18,2,2024
Lauren Pearl,29525,Minnesota,,9.875,9.925,9.725,Sunday,18,2,2024
Leah Gonsiorowski,29525,Minnesota,,,9.775,,Sunday,18,2,2024
Lyden Saltness,29525,Illinois,9.875,,,,Sunday,18,2,2024
Marissa Jencks,29525,Minnesota,9.8,,,9.825,Sunday,18,2,2024
Mia Takekawa,29525,Illinois,9.925,9.8,,,Sunday,18,2,2024
Mia Townes,29525,Illinois,,9.775,9.9,9.75,Sunday,18,2,2024
Mya Hooten,29525,Minnesota,9.9,,9.975,9.8,Sunday,18,2,2024
Olivia Coppola,29525,Illinois,,,,9.775,Sunday,18,2,2024
Ruthuja Nataraj,29525,Illinois,,9.9,,9.725,Sunday,18,2,2024
Sarah Moraw,29525,Minnesota,,9.9,,9.85,Sunday,18,2,2024
Seria Johnson,29525,Minnesota,,,9.825,,Sunday,18,2,2024
Sophia Nguyen,29525,Minnesota,8.75,,,9.725,Sunday,18,2,2024
Abby Chesshire,29527,Ithaca College,,9.025,9.4,,Sunday,18,2,2024
Caitlin Pellegrino,29527,Ithaca College,,9.55,9.6,9.4,Sunday,18,2,2024
Cali Czarcinski,29527,Brockport,,9.5,9.55,,Sunday,18,2,2024
Cassidy Gallivan,29527,Ithaca College,,,,9.375,Sunday,18,2,2024
Coral Cotteleer,29527,Ithaca College,8.7,,,,Sunday,18,2,2024
Corey Foster,29527,Ithaca College,,,9.575,,Sunday,18,2,2024
Emily Kobusky,29527,Ithaca College,,9.875,,,Sunday,18,2,2024
Emma Grace Sargent,29527,Brockport,8.9,,,9.675,Sunday,18,2,2024
Grace Murray,29527,Ithaca College,,,9.75,9.5,Sunday,18,2,2024
Gracie Weaver,29527,Brockport,,,,9.45,Sunday,18,2,2024
Hana Miller,29527,Ithaca College,7.95,,,9.625,Sunday,18,2,2024
Jillian Freyman,29527,Ithaca College,,9.175,9.7,9.5,Sunday,18,2,2024
Kaylie Goodwin,29527,Ithaca College,9.2,9.675,,,Sunday,18,2,2024
Kiara Hockman,29527,Brockport,,9.55,,,Sunday,18,2,2024
Kirsten Paultre,29527,Brockport,,,9.725,9.525,Sunday,18,2,2024
Laken Sooy,29527,Brockport,,9.6,9.725,,Sunday,18,2,2024
Lienna Kay,29527,Brockport,9.6,9.875,,9.625,Sunday,18,2,2024
Maren Eramo,29527,Brockport,9.525,,,9.75,Sunday,18,2,2024
Marina DelVecchio,29527,Brockport,8.725,,,,Sunday,18,2,2024
Marlena Bailey,29527,Ithaca College,9.525,,,,Sunday,18,2,2024
Maya Pecoraro,29527,Brockport,,9.7,9.65,,Sunday,18,2,2024
Natalie Galioto,29527,Brockport,,9.6,9.45,9.375,Sunday,18,2,2024
Natalie Steed,29527,Ithaca College,8.925,,,9.625,Sunday,18,2,2024
Rachel Swick,29527,Brockport,9.875,,8.75,,Sunday,18,2,2024
Skye Cohen,29527,Ithaca College,8.225,,,,Sunday,18,2,2024
Taylor Arias,29527,Ithaca College,,8.975,9.3,,Sunday,18,2,2024
Taylor Bushey,29527,Brockport,9.7,,,,Sunday,18,2,2024
Abbie Pierson,29529,West Virginia,9.45,9.75,9.875,9.85,Sunday,18,2,2024
Abbie Thompson,29529,Denver,,9.725,,,Sunday,18,2,2024
Amanda Hargraves,29529,Denver,,,,9.825,Sunday,18,2,2024
Amber Lowe,29529,West Virginia,9.875,9.6,9.875,,Sunday,18,2,2024
Brooke Alban,29529,West Virginia,9.725,,9.825,9.75,Sunday,18,2,2024
Ella Schell,29529,Iowa State,9.675,,9.775,,Sunday,18,2,2024
Ellen Collins,29529,West Virginia,,,,9.6,Sunday,18,2,2024
Emilie Hong,29529,Iowa State,,,9.7,9.875,Sunday,18,2,2024
Emma Wehry,29529,West Virginia,,,,9.75,Sunday,18,2,2024
Hannah Loyim,29529,Iowa State,9.725,9.6,,,Sunday,18,2,2024
Jayden McDonnell,29529,West Virginia,9.7,,,,Sunday,18,2,2024
Jessica Hutchinson,29529,Denver,9.925,9.95,9.925,9.775,Sunday,18,2,2024
Josie Bergstrom-Te Slaa,29529,Iowa State,,9.825,,9.825,Sunday,18,2,2024
Julia Brown,29529,West Virginia,,9.8,,,Sunday,18,2,2024
Jurnee Lane,29529,West Virginia,9.475,9.775,9.825,,Sunday,18,2,2024
Kaia Parker,29529,Iowa State,,,9.85,9.825,Sunday,18,2,2024
Kiana Lewis,29529,West Virginia,,8.45,9.85,9.875,Sunday,18,2,2024
Kiley Rorich,29529,Denver,9.9,,9.825,,Sunday,18,2,2024
Laura Cooke,29529,Iowa State,9.725,,,,Sunday,18,2,2024
Lauren O'Brochta,29529,Iowa State,,9.625,,,Sunday,18,2,2024
Lauren Thomas,29529,Iowa State,9.85,9.8,,,Sunday,18,2,2024
Loganne Basuel,29529,Iowa State,9.875,,,,Sunday,18,2,2024
Maddison Reidenbach,29529,Denver,,9.1,9.825,9.825,Sunday,18,2,2024
Madelyn Manternach,29529,Iowa State,,,9.825,,Sunday,18,2,2024
Madison Ulrich,29529,Denver,9.975,9.875,9.9,9.8,Sunday,18,2,2024
Mia Hebinck,29529,Denver,9.9,,,,Sunday,18,2,2024
Mila Brusch,29529,Denver,,,,9.85,Sunday,18,2,2024
Miranda Smith,29529,West Virginia,9.7,9.575,,,Sunday,18,2,2024
Momoko Iwai,29529,Denver,,9.875,9.8,,Sunday,18,2,2024
Noelle Adams,29529,Iowa State,,9.8,9.825,9.65,Sunday,18,2,2024
Paige Wills,29529,Iowa State,9.775,,,9.775,Sunday,18,2,2024
Rachel Wilke,29529,Iowa State,,9.75,9.05,,Sunday,18,2,2024
Rosie Casali,29529,Denver,9.85,9.775,9.925,9.85,Sunday,18,2,2024
Rylie Mundell,29529,Denver,9.9,,,,Sunday,18,2,2024
Sierra Muns,29529,West Virginia,,,9.75,9.8,Sunday,18,2,2024
Abigayle Martin,29532,Arizona,9.9,9.75,9.775,9.8,Monday,19,2,2024
Ainsley Greever,29532,Arizona,,,,9.8,Monday,19,2,2024
Alysen Fears,29532,Arizona,9.95,9.825,,9.825,Monday,19,2,2024
Bailey McCabe,29532,Arizona,9.75,,,,Monday,19,2,2024
Brooke Ferrari,29532,Texas Woman's,9.8,,,,Monday,19,2,2024
Cally Swaney,29532,Arkansas,,9.8,,,Monday,19,2,2024
Cameron Machado,29532,Alabama,9.975,,9.9,,Monday,19,2,2024
Cami Weaver,29532,Arkansas,,9.225,,9.825,Monday,19,2,2024
Caroline Bowns,29532,Texas Woman's,9.775,,,,Monday,19,2,2024
Caroline Herry,29532,Arizona,,9.875,9.9,9.775,Monday,19,2,2024
Chloe LaCoursiere,29532,Alabama,9.9,,,9.85,Monday,19,2,2024
Daisy Woodring,29532,Texas Woman's,,9.6,9.9,9.8,Monday,19,2,2024
Dakota Essenpries,29532,Arkansas,,,,9.825,Monday,19,2,2024
Elena Deets,29532,Arizona,,9.9,9.875,,Monday,19,2,2024
Ella Burgess,29532,Alabama,,9.825,9.9,,Monday,19,2,2024
Emily Mueller,29532,Arizona,9.85,9.875,9.925,,Monday,19,2,2024
Emily Six,29532,Texas Woman's,,9.825,9.825,9.7,Monday,19,2,2024
Emma Brkljacic,29532,Texas Woman's,,9.75,9.2,9.8,Monday,19,2,2024
Emma Strom,29532,Arizona,,,9.85,9.8,Monday,19,2,2024
Frankie Price,29532,Arkansas,,,9.95,,Monday,19,2,2024
Gabby Gladieux,29532,Alabama,9.875,9.85,9.925,9.875,Monday,19,2,2024
Hailey Klein,29532,Arkansas,,9.925,9.875,9.875,Monday,19,2,2024
Jaime Pratt,29532,Arkansas,9.875,,,,Monday,19,2,2024
Jensen Scalzo,29532,Arkansas,9.825,,,,Monday,19,2,2024
Jessica Castles,29532,Arizona,,9.675,,,Monday,19,2,2024
Kaitlyn Hoiland,29532,Texas Woman's,9.725,,,9.875,Monday,19,2,2024
Kalyxta Gamiao,29532,Arkansas,,9.9,9.85,,Monday,19,2,2024
Kami Zarlengo,29532,Texas Woman's,9.75,,,,Monday,19,2,2024
Karis German,29532,Alabama,,,,9.8,Monday,19,2,2024
Lainey Hunt,29532,Texas Woman's,9.65,,,,Monday,19,2,2024
Lauren Williams,29532,Arkansas,,9.725,9.95,9.875,Monday,19,2,2024
Leah Smith,29532,Arkansas,,,9.875,9.875,Monday,19,2,2024
Lilly Hudson,29532,Alabama,,9.825,9.95,9.85,Monday,19,2,2024
Luisa Blanco,29532,Alabama,9.875,9.85,9.875,9.85,Monday,19,2,2024
Maddie Jones,29532,Arkansas,9.85,,9.925,,Monday,19,2,2024
Madeline Gose,29532,Texas Woman's,,9.2,9.85,,Monday,19,2,2024
Makarri Doggette,29532,Alabama,9.925,,,9.9,Monday,19,2,2024
Malia Hargrove,29532,Arizona,9.825,,9.875,9.7,Monday,19,2,2024
Mati Waligora,29532,Alabama,9.925,9.825,9.875,,Monday,19,2,2024
Priscilla Park,29532,Arkansas,9.85,,,9.85,Monday,19,2,2024
Reese Drotar,29532,Arkansas,9.9,,,,Monday,19,2,2024
Shania Adams,29532,Alabama,,9.85,,,Monday,19,2,2024
Sirena Linton,29532,Arkansas,9.675,9.85,,,Monday,19,2,2024
Sophia Isbell,29532,Texas Woman's,,,,9.725,Monday,19,2,2024
Sophie Derr,29532,Arizona,9.775,,,,Monday,19,2,2024
Sophie Hernandez,29532,Texas Woman's,,9.675,9.9,,Monday,19,2,2024
Steelie King,29532,Texas Woman's,9.625,9.775,9.875,9.85,Monday,19,2,2024
Abby Paulson,29536,Utah,,9.925,9.9,,Monday,19,2,2024
Alani Sabado,29536,Utah,8.6,,,,Monday,19,2,2024
Amelie Morgan,29536,Utah,9.875,9.75,,9.9,Monday,19,2,2024
Ashley Glynn,29536,Utah,,,,9.85,Monday,19,2,2024
Brooklyn Moors,29536,UCLA,,,9.75,,Monday,19,2,2024
Camie Winger,29536,Utah,,,,9.8,Monday,19,2,2024
Chae Campbell,29536,UCLA,9.825,,,9.925,Monday,19,2,2024
Ciena Alipio,29536,UCLA,,9.825,,,Monday,19,2,2024
Elizabeth Gantner,29536,Utah,,9.8,,,Monday,19,2,2024
Ella Zirbes,29536,Utah,9.8,,9.875,9.75,Monday,19,2,2024
Emily Lee,29536,UCLA,,9.825,9.7,9.85,Monday,19,2,2024
Emma Andres,29536,UCLA,,9.7,9.825,,Monday,19,2,2024
Frida Esparza,29536,UCLA,9.825,9.15,,,Monday,19,2,2024
Grace McCallum,29536,Utah,9.85,9.875,9.925,,Monday,19,2,2024
Jaedyn Rucker,29536,Utah,,,,9.825,Monday,19,2,2024
Jaylene Gilstrap,29536,Utah,,,9.9,,Monday,19,2,2024
Katelyn Rosen,29536,UCLA,9.8,9.75,9.9,9.9,Monday,19,2,2024
Madisyn Anyimi,29536,UCLA,9.725,,,9.75,Monday,19,2,2024
Maile O'Keefe,29536,Utah,9.775,9.975,9.9,,Monday,19,2,2024
Makenna Smith,29536,Utah,9.9,9.825,9.825,9.825,Monday,19,2,2024
Margzetta Frazier,29536,UCLA,9.9,,,,Monday,19,2,2024
Nya Reed,29536,UCLA,,,9.85,9.85,Monday,19,2,2024
Selena Harris-Miranda,29536,UCLA,9.95,9.775,9.95,10.0,Monday,19,2,2024
Alana Ricketts,29540,LIU,,9.55,9.225,9.875,Monday,19,2,2024
Alexa Melanson,29540,Southern Conn.,,9.775,9.825,,Monday,19,2,2024
Alina Danilchenko,29540,LIU,,,9.775,9.575,Monday,19,2,2024
Alyssa Beaulieu,29540,New Hampshire,,9.725,9.6,,Monday,19,2,2024
Angel Lee,29540,Southern Conn.,,9.675,,,Monday,19,2,2024
Angelina Stanfa,29540,Southern Conn.,,9.65,8.35,,Monday,19,2,2024
Annalisa Page,29540,LIU,9.125,9.75,9.45,9.775,Monday,19,2,2024
Audrey Arnold,29540,Southern Conn.,9.7,,,,Monday,19,2,2024
Brianna Dorr,29540,Southern Conn.,,,,9.75,Monday,19,2,2024
Brisa Carraro,29540,LIU,9.85,9.15,,,Monday,19,2,2024
Cael Bixler,29540,LIU,8.8,9.9,,9.55,Monday,19,2,2024
Chloe DeJoy,29540,Yale,8.4,,9.825,,Monday,19,2,2024
Ella Barrington,29540,LIU,,,9.1,,Monday,19,2,2024
Ella Tashjian,29540,Yale,,9.575,9.875,9.7,Monday,19,2,2024
Emelia Diaz,29540,Southern Conn.,,8.55,,,Monday,19,2,2024
Emma Mangiacapre,29540,Yale,,9.075,,,Monday,19,2,2024
Erica Beyer,29540,Southern Conn.,,,9.85,,Monday,19,2,2024
Gabriela Dinisoe,29540,Southern Conn.,9.55,9.8,,,Monday,19,2,2024
Gianna Graver,29540,New Hampshire,9.775,,,,Monday,19,2,2024
Gigi Mastellone,29540,Southern Conn.,10.0,,,,Monday,19,2,2024
Gwen Ockerbloom,29540,New Hampshire,,9.05,,,Monday,19,2,2024
Hana Strause,29540,Yale,,9.775,9.8,9.525,Monday,19,2,2024
Hanna Zebdi,29540,Southern Conn.,,,9.725,9.75,Monday,19,2,2024
Jayci Jordan,29540,Southern Conn.,9.8,,,,Monday,19,2,2024
Jenna Devincenzo,29540,New Hampshire,9.925,9.025,,9.75,Monday,19,2,2024
Kady Bills-McCoy,29540,LIU,,9.65,,,Monday,19,2,2024
Kenadi Brown,29540,New Hampshire,9.85,,9.0,,Monday,19,2,2024
Kira Sanchez,29540,LIU,8.925,,,,Monday,19,2,2024
Kylie Gorgenyi,29540,New Hampshire,9.975,8.95,9.85,9.875,Monday,19,2,2024
Kylie Sitty,29540,Southern Conn.,9.625,,,9.15,Monday,19,2,2024
Lauren Holt,29540,Yale,9.6,,,,Monday,19,2,2024
Lauren Miller,29540,LIU,,,9.6,,Monday,19,2,2024
Leah Moreno,29540,New Hampshire,9.725,,,9.75,Monday,19,2,2024
Lexi Bracher,29540,Southern Conn.,,,,9.75,Monday,19,2,2024
Libby Allen,29540,Southern Conn.,,9.05,9.9,9.625,Monday,19,2,2024
Lily Aucoin,29540,Yale,9.625,,,9.45,Monday,19,2,2024
Logan Hinson,29540,LIU,9.425,,,,Monday,19,2,2024
Maya MacDonald,29540,New Hampshire,,,9.65,9.15,Monday,19,2,2024
McCall McMullen,29540,New Hampshire,,,,9.575,Monday,19,2,2024
Megan Brueck,29540,Yale,,9.05,9.775,9.15,Monday,19,2,2024
Meridith Donovan,29540,Yale,,9.1,,,Monday,19,2,2024
Sarah Wilson,29540,Yale,9.8,9.825,,9.675,Monday,19,2,2024
Serena Mullin,29540,New Hampshire,,9.8,9.775,9.675,Monday,19,2,2024
Sherry Wang,29540,Yale,9.775,,9.875,9.2,Monday,19,2,2024
Sierra Bauman,29540,New Hampshire,9.75,9.2,9.75,,Monday,19,2,2024
Sofia Delgado Cotto,29540,Southern Conn.,,,9.6,,Monday,19,2,2024
Sophia Ruecker,29540,Southern Conn.,9.625,,,9.675,Monday,19,2,2024
Syd Morris,29540,LIU,9.725,9.95,9.7,9.65,Monday,19,2,2024
Abigail Kenney,29541,Bridgeport,9.675,9.125,9.75,9.675,Monday,19,2,2024
Angela Xing,29541,Brown,,9.7,9.8,9.775,Monday,19,2,2024
Bridget Sullivan,29541,West Chester,,,,9.45,Monday,19,2,2024
Brooklyn Weingardt,29541,Bridgeport,,8.95,,,Monday,19,2,2024
Caroline Cascadden,29541,West Chester,,9.325,9.825,,Monday,19,2,2024
Catherine Aucoin,29541,Bridgeport,9.45,,9.6,,Monday,19,2,2024
Corinne Gruber,29541,West Chester,,,,9.425,Monday,19,2,2024
Emily Hernandez,29541,Bridgeport,9.8,,,9.45,Monday,19,2,2024
Hannah Barry,29541,Bridgeport,,9.875,,,Monday,19,2,2024
Hannah Shelton,29541,West Chester,9.625,,,,Monday,19,2,2024
Hyla Betts,29541,West Chester,9.775,,,,Monday,19,2,2024
Jessica Lin,29541,Brown,,9.8,,9.525,Monday,19,2,2024
Jordan Coleman,29541,West Chester,9.8,,,9.55,Monday,19,2,2024
Julia Bedell,29541,Brown,,,9.95,9.675,Monday,19,2,2024
Kieran Ross,29541,Bridgeport,,,9.7,9.65,Monday,19,2,2024
Kiley Fred,29541,West Chester,,,9.775,,Monday,19,2,2024
Kristina Rodriguez,29541,West Chester,9.125,,9.525,9.575,Monday,19,2,2024
Lauren Kramer,29541,Brown,,9.8,9.75,9.05,Monday,19,2,2024
Lauren Mckeown,29541,Brown,9.75,9.15,,,Monday,19,2,2024
Lily McFarland,29541,West Chester,,9.8,9.775,,Monday,19,2,2024
Lindsey Yang,29541,Brown,,9.875,9.45,,Monday,19,2,2024
Liza Marcus,29541,Brown,9.775,9.775,9.675,,Monday,19,2,2024
Lola Sepulveda,29541,Bridgeport,9.025,9.725,9.8,9.575,Monday,19,2,2024
Macarthy Keane,29541,West Chester,,9.65,,,Monday,19,2,2024
Madison Whitaker,29541,West Chester,,9.75,,,Monday,19,2,2024
Maya Davis,29541,Brown,9.725,,,,Monday,19,2,2024
McKenna Weiner,29541,Brown,9.4,,,,Monday,19,2,2024
Melina Ringas,29541,West Chester,9.0,9.0,,,Monday,19,2,2024
Molly McAleavey,29541,Bridgeport,,9.6,,,Monday,19,2,2024
Natalie Marshall,29541,West Chester,,9.725,,,Monday,19,2,2024
Nova Staruk,29541,Bridgeport,,,9.75,9.9,Monday,19,2,2024
Olivia Imbarlina,29541,Bridgeport,9.45,9.775,,,Monday,19,2,2024
Samantha Nokes,29541,Bridgeport,9.725,,,,Monday,19,2,2024
Sarah Eskew,29541,West Chester,9.75,,9.775,9.625,Monday,19,2,2024
Savannah Lindley,29541,Bridgeport,,,,8.75,Monday,19,2,2024
Shannon Carroll,29541,West Chester,,,9.725,9.425,Monday,19,2,2024
Sophia Dewar,29541,Brown,9.6,,9.875,9.7,Monday,19,2,2024
Sophia Sololowsky,29541,Brown,7.95,,,,Monday,19,2,2024
Tamyra Singletary,29541,Bridgeport,,,9.675,,Monday,19,2,2024
Alex Theodorou,29546,Arizona State,,,,9.875,Friday,23,2,2024
Anaya Smith,29546,Arizona State,,,,9.85,Friday,23,2,2024
Caitlin McWilliams,29546,Washington,,,9.775,,Friday,23,2,2024
Cassi Barbanente,29546,Arizona State,9.825,,,,Friday,23,2,2024
Chelsea Hallinan,29546,Washington,,9.8,,,Friday,23,2,2024
Cienna Samiley,29546,Arizona State,9.825,,,,Friday,23,2,2024
Deiah Moody,29546,Washington,9.825,9.825,,,Friday,23,2,2024
Emily Innes,29546,Washington,,9.675,9.85,9.725,Friday,23,2,2024
Emily Pires,29546,Washington,,,9.6,,Friday,23,2,2024
Emily White,29546,Arizona State,9.875,9.875,9.85,,Friday,23,2,2024
Gracie Reeves,29546,Arizona State,,9.75,,9.875,Friday,23,2,2024
Halle Gregoire,29546,Arizona State,,,9.9,9.775,Friday,23,2,2024
Hannah Scharf,29546,Arizona State,9.8,,9.6,9.85,Friday,23,2,2024
Jada Mangahas,29546,Arizona State,9.9,9.775,9.85,9.875,Friday,23,2,2024
Kayla Lee,29546,Arizona State,,9.875,9.775,,Friday,23,2,2024
Kimberly Smith,29546,Arizona State,,9.775,9.675,,Friday,23,2,2024
Kristin Lin,29546,Washington,9.8,,,9.725,Friday,23,2,2024
Lana Navarro,29546,Washington,,9.875,9.85,9.75,Friday,23,2,2024
Lilly Tubbs,29546,Washington,9.95,,,9.8,Friday,23,2,2024
Mary McDonough,29546,Washington,,,,9.725,Friday,23,2,2024
Olivia Oppegard,29546,Washington,9.025,,,,Friday,23,2,2024
Sarah Clark,29546,Arizona State,9.725,9.925,,,Friday,23,2,2024
Skylar Killough-Wilhelm,29546,Washington,9.875,9.925,9.825,9.85,Friday,23,2,2024
Taylor Russon,29546,Washington,9.8,9.9,9.775,,Friday,23,2,2024
Amari Celestine,29548,Missouri,,9.125,9.925,9.875,Friday,23,2,2024
Amaya Marshall,29548,Missouri,,9.775,,,Friday,23,2,2024
Aria Brusch,29548,Auburn,9.875,9.75,9.85,,Friday,23,2,2024
Cassie Stevens,29548,Auburn,9.85,9.925,9.95,9.9,Friday,23,2,2024
Gabby McLaughlin,29548,Auburn,9.8,9.225,9.875,,Friday,23,2,2024
Grace Anne Davis,29548,Missouri,,9.8,,9.85,Friday,23,2,2024
Hannah Hagle,29548,Auburn,,,9.9,,Friday,23,2,2024
Hannah Horton,29548,Missouri,9.8,,9.175,9.85,Friday,23,2,2024
Hollyn Patrick,29548,Missouri,9.825,,,,Friday,23,2,2024
Jocelyn Moore,29548,Missouri,9.825,,9.95,9.875,Friday,23,2,2024
Julianne Huff,29548,Auburn,,,,9.75,Friday,23,2,2024
Kennedy Griffin,29548,Missouri,,,9.9,,Friday,23,2,2024
Kyra Burns,29548,Missouri,9.825,,,,Friday,23,2,2024
Mara Titarsolej,29548,Missouri,9.85,,,,Friday,23,2,2024
Olivia Greaves,29548,Auburn,9.9,,,,Friday,23,2,2024
Olivia Hollingsworth,29548,Auburn,9.725,9.9,9.95,9.825,Friday,23,2,2024
Paige Zancan,29548,Auburn,,9.85,,,Friday,23,2,2024
Rayna Light,29548,Missouri,,9.775,9.85,9.875,Friday,23,2,2024
Sara Hubbard,29548,Auburn,,,,9.875,Friday,23,2,2024
Sienna Schreiber,29548,Missouri,9.9,9.925,9.85,9.8,Friday,23,2,2024
Sophia Groth,29548,Auburn,9.9,9.9,9.9,9.75,Friday,23,2,2024
Sydney Schaffer,29548,Missouri,,9.7,,,Friday,23,2,2024
Sydney Schumaker,29548,Auburn,,,,9.85,Friday,23,2,2024
Abby Willis,29550,Gustavus Adolphus,,,,9.5,Friday,23,2,2024
Addison Dack,29550,Gustavus Adolphus,,7.925,,,Friday,23,2,2024
Ashley Phillips,29550,Winona State,8.125,,,,Friday,23,2,2024
Aspen Peters,29550,Winona State,8.275,,,9.45,Friday,23,2,2024
Bryce Stoltz,29550,Winona State,8.45,9.7,9.625,9.3,Friday,23,2,2024
Camdyn McSweeney,29550,Winona State,,,9.5,,Friday,23,2,2024
Caylee Greeder,29550,Gustavus Adolphus,,,9.35,,Friday,23,2,2024
Courtney Knutson,29550,Winona State,,,9.2,9.475,Friday,23,2,2024
Ella Binfet,29550,Gustavus Adolphus,,,9.55,,Friday,23,2,2024
Ellie Sampson,29550,Winona State,9.15,,,,Friday,23,2,2024
Izzy Breitkreutz,29550,Gustavus Adolphus,,9.7,,,Friday,23,2,2024
Izzy Kropiwiec,29550,Winona State,,,9.55,9.4,Friday,23,2,2024
Kaelyn Duman,29550,Winona State,,9.025,,9.45,Friday,23,2,2024
Katy Cash,29550,Gustavus Adolphus,,9.575,,9.275,Friday,23,2,2024
Kaylee Bateman,29550,Winona State,9.45,8.9,,,Friday,23,2,2024
Kendra Aitken,29550,Winona State,,9.35,,,Friday,23,2,2024
Kendra Smaby,29550,Gustavus Adolphus,9.0,,,,Friday,23,2,2024
Lili Guy,29550,Gustavus Adolphus,9.075,,9.575,9.475,Friday,23,2,2024
Lily Horsch,29550,Gustavus Adolphus,9.175,,,,Friday,23,2,2024
Lindsay Bangs,29550,Gustavus Adolphus,,8.8,,9.5,Friday,23,2,2024
Maddox Lee,29550,Gustavus Adolphus,9.575,9.775,9.6,9.35,Friday,23,2,2024
Madysen Disekrud,29550,Winona State,,,9.15,9.55,Friday,23,2,2024
Marley Michaud,29550,Gustavus Adolphus,8.925,,9.625,9.375,Friday,23,2,2024
Olivia Jahnke,29550,Gustavus Adolphus,,9.675,9.625,,Friday,23,2,2024
Reagan Kelly,29550,Winona State,,9.675,,,Friday,23,2,2024
Sophie Schmitz,29550,Gustavus Adolphus,9.35,,,,Friday,23,2,2024
Taryn Sellner,29550,Winona State,,9.725,9.6,,Friday,23,2,2024
Taylor Magierka,29550,Winona State,9.2,,,,Friday,23,2,2024
Alexis Hankins,29553,Ohio State,,9.75,,,Friday,23,2,2024
Allie Gard,29553,Nebraska,,9.7,,,Friday,23,2,2024
Avery Balser,29553,Rutgers,9.875,,,,Friday,23,2,2024
Ayzhia Hall,29553,Nebraska,,9.325,,9.8,Friday,23,2,2024
Baleigh Garcia,29553,Michigan State,,9.85,,,Friday,23,2,2024
Clara Colombo,29553,Nebraska,9.8,,,,Friday,23,2,2024
Csenge Bacskay,29553,Nebraska,9.85,9.8,9.875,9.8,Friday,23,2,2024
Delanie Harkness,29553,Michigan State,9.9,,9.85,,Friday,23,2,2024
Elia Aird,29553,Rutgers,9.65,,9.025,9.7,Friday,23,2,2024
Ella Hodges,29553,Ohio State,,9.825,9.95,,Friday,23,2,2024
Ella Sirjord,29553,Minnesota,9.9,9.875,,,Friday,23,2,2024
Elle Beaufait,29553,Michigan State,,,9.925,,Friday,23,2,2024
Elliot Goldsmith,29553,Rutgers,9.625,,9.6,,Friday,23,2,2024
Emily Koch,29553,Minnesota,,9.775,9.875,,Friday,23,2,2024
Emily Leese,29553,Rutgers,,9.75,9.85,9.875,Friday,23,2,2024
Emma Pritchard,29553,Ohio State,9.775,9.725,,,Friday,23,2,2024
Emma Simpton,29553,Nebraska,9.85,,,,Friday,23,2,2024
Emma Spence,29553,Nebraska,9.85,9.0,9.875,9.85,Friday,23,2,2024
Gabi Ortiz,29553,Michigan State,,9.65,,,Friday,23,2,2024
Gabrielle Dildy,29553,Rutgers,,9.825,9.875,9.8,Friday,23,2,2024
Gabrielle Stephen,29553,Michigan State,9.75,9.825,9.875,9.875,Friday,23,2,2024
Giana Kalefe,29553,Michigan State,,9.85,,,Friday,23,2,2024
Gianna Gerdes,29553,Minnesota,9.85,9.225,9.9,9.8,Friday,23,2,2024
Halle Rourke,29553,Nebraska,,,9.9,,Friday,23,2,2024
Harmony Webster,29553,Rutgers,,,9.775,,Friday,23,2,2024
Isabel Sikon,29553,Nebraska,,9.475,,9.775,Friday,23,2,2024
Isabella Hughes,29553,Rutgers,,,,9.7,Friday,23,2,2024
Jackie Manifold,29553,Rutgers,9.65,9.85,,,Friday,23,2,2024
Jordyn Lyden,29553,Minnesota,9.875,,,,Friday,23,2,2024
Kaitlyn Grimes,29553,Ohio State,,,,9.875,Friday,23,2,2024
Katie Horak,29553,Minnesota,,9.875,,,Friday,23,2,2024
Katy Koopman,29553,Rutgers,,8.925,,,Friday,23,2,2024
Kaylyn Mintz,29553,Ohio State,9.775,,9.9,,Friday,23,2,2024
Kinsey Davis,29553,Nebraska,8.9,,,9.775,Friday,23,2,2024
Lauren Pearl,29553,Minnesota,,9.8,9.85,9.75,Friday,23,2,2024
Leah Gonsiorowski,29553,Minnesota,,,9.2,,Friday,23,2,2024
MaKayla Tucker,29553,Michigan State,,9.775,9.9,9.875,Friday,23,2,2024
Mallory Gregory,29553,Ohio State,,,,9.875,Friday,23,2,2024
Marissa Jencks,29553,Minnesota,9.6,,,9.775,Friday,23,2,2024
Martina Comin,29553,Nebraska,,,9.875,9.85,Friday,23,2,2024
Mya Hooten,29553,Minnesota,9.9,,9.975,9.825,Friday,23,2,2024
Nicole Riccardi,29553,Ohio State,9.9,,,9.75,Friday,23,2,2024
Nikki Smith,29553,Michigan State,9.9,,9.85,9.975,Friday,23,2,2024
Olivia DiNovi,29553,Rutgers,9.125,,,,Friday,23,2,2024
Olivia Zsarmani,29553,Michigan State,9.75,,,9.825,Friday,23,2,2024
Payton Harris,29553,Ohio State,9.925,9.85,9.85,9.875,Friday,23,2,2024
Rachael Riley,29553,Rutgers,,9.725,,9.8,Friday,23,2,2024
Sage Kellerman,29553,Michigan State,9.775,,,9.9,Friday,23,2,2024
Samara Buchanan,29553,Ohio State,,9.15,,,Friday,23,2,2024
Sarah Moraw,29553,Minnesota,,9.85,,9.85,Friday,23,2,2024
Savannah Gonzalez,29553,Ohio State,,,9.825,,Friday,23,2,2024
Seria Johnson,29553,Minnesota,,,9.85,,Friday,23,2,2024
Sidney Washington,29553,Ohio State,9.8,,9.85,9.825,Friday,23,2,2024
Skyla Schulte,29553,Michigan State,9.9,9.825,9.925,9.75,Friday,23,2,2024
Sophia McClelland,29553,Nebraska,,9.8,9.775,,Friday,23,2,2024
Sophia Nguyen,29553,Minnesota,9.725,,,9.775,Friday,23,2,2024
Stephanie Zannella,29553,Rutgers,,9.9,9.6,,Friday,23,2,2024
Tory Vetter,29553,Ohio State,9.8,9.8,9.925,9.925,Friday,23,2,2024
Valentina Lorente-Garcia,29553,Rutgers,9.775,,,9.775,Friday,23,2,2024
Whitney Jencks,29553,Nebraska,9.825,,9.85,,Friday,23,2,2024
Adriana Hoffman,29558,Towson,,,,9.775,Friday,23,2,2024
Alana Ricketts,29558,LIU,,9.825,9.05,9.8,Friday,23,2,2024
Alina Danilchenko,29558,LIU,,9.775,9.725,9.7,Friday,23,2,2024
Amelia Budd,29558,Temple,,,,9.8,Friday,23,2,2024
Angelina Hogan,29558,Temple,9.65,,,,Friday,23,2,2024
Annalisa Page,29558,LIU,,9.1,9.675,9.775,Friday,23,2,2024
Brisa Carraro,29558,LIU,9.4,,,,Friday,23,2,2024
Brissa Portillo,29558,Towson,,8.9,,,Friday,23,2,2024
Brooke Donabedian,29558,Temple,,9.8,9.9,,Friday,23,2,2024
Cael Bixler,29558,LIU,9.025,9.775,,9.525,Friday,23,2,2024
Camille Vitoff,29558,Towson,9.9,,,9.85,Friday,23,2,2024
Carmella Calafati,29558,Towson,,,9.95,,Friday,23,2,2024
Clara Hong,29558,Towson,9.85,9.85,,,Friday,23,2,2024
Cyrena Whalen,29558,Temple,9.875,,,,Friday,23,2,2024
Elise Tisler,29558,Towson,,,9.975,9.925,Friday,23,2,2024
Ella Barrington,29558,LIU,,,9.7,,Friday,23,2,2024
Emily Johnson,29558,Temple,9.1,,,,Friday,23,2,2024
Felicia Poblete,29558,Towson,,,,9.825,Friday,23,2,2024
Grace Vaillancourt,29558,Towson,9.95,9.875,9.85,,Friday,23,2,2024
Hailey Best,29558,Temple,,,,9.725,Friday,23,2,2024
Hannah Stallings,29558,Temple,,,9.8,,Friday,23,2,2024
Hannah Weklar,29558,Temple,9.8,,,9.775,Friday,23,2,2024
Isabella Minervini,29558,Towson,9.975,,9.9,,Friday,23,2,2024
Jenna Weitz,29558,Towson,,9.775,9.85,9.75,Friday,23,2,2024
Kady Bills-McCoy,29558,LIU,,9.775,,,Friday,23,2,2024
Kira Sanchez,29558,LIU,9.2,,,9.575,Friday,23,2,2024
Lauren Greene,29558,Towson,9.775,,,,Friday,23,2,2024
Lauren Keener,29558,Towson,8.95,9.85,,,Friday,23,2,2024
Lauren Miller,29558,LIU,8.8,,9.75,,Friday,23,2,2024
Logan Hinson,29558,LIU,9.65,,,,Friday,23,2,2024
Mackenzie Aresta,29558,Temple,,,,9.775,Friday,23,2,2024
Madison Dorunda,29558,Temple,,9.85,9.725,,Friday,23,2,2024
Payton Monk,29558,Temple,,9.75,9.9,,Friday,23,2,2024
Reese DeHaan,29558,Temple,9.75,,,,Friday,23,2,2024
Renee Schugman,29558,Temple,,9.775,9.8,9.875,Friday,23,2,2024
Retoshia Halsell,29558,Towson,,,9.975,9.85,Friday,23,2,2024
Sarah Girot,29558,Towson,,9.75,,,Friday,23,2,2024
Sarah Stallings,29558,Temple,9.875,9.0,,,Friday,23,2,2024
Summer Ruskey,29558,Temple,,9.1,9.85,9.825,Friday,23,2,2024
Syd Morris,29558,LIU,9.725,9.95,9.825,9.8,Friday,23,2,2024
Abby Paulson,29560,Utah,9.775,9.975,9.925,,Friday,23,2,2024
Alani Sabado,29560,Utah,9.825,,,,Friday,23,2,2024
Amanda Zeng,29560,Stanford,,,,9.75,Friday,23,2,2024
Anapaula Gutierrez,29560,Stanford,9.8,,,9.85,Friday,23,2,2024
Ashley Carter,29560,Stanford,,9.825,,,Friday,23,2,2024
Ashley Glynn,29560,Utah,,,,9.85,Friday,23,2,2024
Brenna Neault,29560,Stanford,9.925,9.825,9.725,9.7,Friday,23,2,2024
Camie Winger,29560,Utah,,9.75,,9.95,Friday,23,2,2024
Chloe Widner,29560,Stanford,9.85,9.975,9.925,,Friday,23,2,2024
Claire Dean,29560,Stanford,8.95,,,9.775,Friday,23,2,2024
Elizabeth Gantner,29560,Utah,,9.775,,,Friday,23,2,2024
Ella Zirbes,29560,Utah,9.925,,9.95,9.925,Friday,23,2,2024
Grace McCallum,29560,Utah,9.8,9.975,10.0,,Friday,23,2,2024
Ira Alexeeva,29560,Stanford,9.9,9.825,,,Friday,23,2,2024
Jaedyn Rucker,29560,Utah,,,9.85,9.85,Friday,23,2,2024
Jaylene Gilstrap,29560,Utah,,,9.9,9.825,Friday,23,2,2024
Maile O'Keefe,29560,Utah,9.925,9.975,9.925,,Friday,23,2,2024
Makenna Smith,29560,Utah,9.975,9.825,,9.825,Friday,23,2,2024
Sienna Robinson,29560,Stanford,9.825,9.9,9.725,,Friday,23,2,2024
Taralyn Nguyen,29560,Stanford,,9.7,9.85,9.85,Friday,23,2,2024
Temple Landry,29560,Stanford,,,9.125,,Friday,23,2,2024
Victoria Cluck,29560,Stanford,,,9.825,,Friday,23,2,2024
Amaya McConkay,29562,UW-Oshkosh,8.75,,,9.7,Friday,23,2,2024
Anna Zoromski,29562,UW-Oshkosh,,9.375,,9.6,Friday,23,2,2024
Ashnaya Gupta,29562,UW-Whitewater,,9.35,,,Friday,23,2,2024
Audrey Koester,29562,UW-Oshkosh,,,,8.925,Friday,23,2,2024
Ava Pesch,29562,UW-Whitewater,9.5,,,9.575,Friday,23,2,2024
Carleigh Moore,29562,UW-Whitewater,,,9.725,9.575,Friday,23,2,2024
Carley Scott,29562,UW-Whitewater,9.4,,,,Friday,23,2,2024
Chloe Hammond,29562,UW-Whitewater,,9.65,,9.65,Friday,23,2,2024
Danielle Dudziak,29562,UW-Whitewater,9.25,,9.325,9.6,Friday,23,2,2024
Delaney Cienkus,29562,UW-Oshkosh,,9.55,9.85,,Friday,23,2,2024
Elena Bailey,29562,UW-Whitewater,,,9.525,8.95,Friday,23,2,2024
Emily Buffington,29562,UW-Oshkosh,9.775,9.7,9.8,9.6,Friday,23,2,2024
Hayden Gough,29562,UW-Whitewater,8.9,,,,Friday,23,2,2024
Jay Ratkowski,29562,UW-Oshkosh,,,9.475,,Friday,23,2,2024
Kaylie Berens,29562,UW-Oshkosh,9.475,9.35,,,Friday,23,2,2024
Kelsey Kollhoff,29562,UW-Whitewater,9.675,9.65,9.85,,Friday,23,2,2024
Liz Romano,29562,UW-Oshkosh,,9.35,,,Friday,23,2,2024
Lydia Hayden,29562,UW-Oshkosh,9.525,9.7,,,Friday,23,2,2024
Mia Lucero,29562,UW-Oshkosh,,,9.6,9.15,Friday,23,2,2024
Paige Magel,29562,UW-Whitewater,9.625,9.1,,,Friday,23,2,2024
Reanna McGibboney,29562,UW-Oshkosh,9.625,,9.775,9.75,Friday,23,2,2024
Samantha Zeilinger,29562,UW-Oshkosh,8.55,,,,Friday,23,2,2024
Sarah Knetzke,29562,UW-Whitewater,,9.65,9.6,,Friday,23,2,2024
Taylor Leaman,29562,UW-Oshkosh,,,9.575,,Friday,23,2,2024
Tegan Haberstock,29562,UW-Whitewater,,8.85,9.625,9.35,Friday,23,2,2024
Abbie Pierson,29564,West Virginia,9.75,9.7,9.85,9.825,Friday,23,2,2024
Amber Lowe,29564,West Virginia,9.825,9.675,9.85,,Friday,23,2,2024
Audrey Davis,29564,Oklahoma,9.95,9.925,9.925,9.8,Friday,23,2,2024
Bell Johnson,29564,Oklahoma,,,9.925,,Friday,23,2,2024
Brooke Alban,29564,West Virginia,9.025,,9.775,9.75,Friday,23,2,2024
Danielle Sievers,29564,Oklahoma,9.9,,,,Friday,23,2,2024
Ellen Collins,29564,West Virginia,,,9.725,9.6,Friday,23,2,2024
Emma Wehry,29564,West Virginia,9.675,9.85,,9.8,Friday,23,2,2024
Faith Torrez,29564,Oklahoma,9.925,9.975,9.95,9.925,Friday,23,2,2024
Hannah Scheible,29564,Oklahoma,,,,9.875,Friday,23,2,2024
Jayden McDonnell,29564,West Virginia,9.75,,,,Friday,23,2,2024
Jordan Bowers,29564,Oklahoma,9.975,9.95,9.975,9.9,Friday,23,2,2024
Julia Brown,29564,West Virginia,,9.775,9.825,,Friday,23,2,2024
Katherine LeVasseur,29564,Oklahoma,9.925,9.95,9.925,9.9,Friday,23,2,2024
Keira Wells,29564,Oklahoma,,9.875,,9.875,Friday,23,2,2024
Kiana Lewis,29564,West Virginia,,8.35,9.825,9.8,Friday,23,2,2024
Miranda Smith,29564,West Virginia,9.75,9.7,,,Friday,23,2,2024
Ragan Smith,29564,Oklahoma,9.925,10.0,9.8,,Friday,23,2,2024
Sierra Muns,29564,West Virginia,,,,9.8,Friday,23,2,2024
Ady Wahl,29566,Georgia,9.85,,9.8,9.9,Friday,23,2,2024
Anya Turner,29566,Georgia,,9.9,,,Friday,23,2,2024
Ashlyn LaClair,29566,Georgia,,,9.8,9.775,Friday,23,2,2024
Cameron Machado,29566,Alabama,9.875,,9.95,,Friday,23,2,2024
Chloe LaCoursiere,29566,Alabama,9.9,,,9.825,Friday,23,2,2024
Ella Burgess,29566,Alabama,,9.825,9.95,,Friday,23,2,2024
Eryn Williams,29566,Georgia,,,9.825,,Friday,23,2,2024
Gabby Gladieux,29566,Alabama,9.85,9.9,9.975,9.925,Friday,23,2,2024
Heather Parker,29566,Georgia,,,9.675,,Friday,23,2,2024
Holly Snyder,29566,Georgia,9.25,,,,Friday,23,2,2024
Ja' Free Scott,29566,Georgia,9.875,9.9,,9.85,Friday,23,2,2024
Jamison Sears,29566,Alabama,,,,9.825,Friday,23,2,2024
Jaydah Battle,29566,Georgia,,9.75,,9.8,Friday,23,2,2024
Karis German,29566,Alabama,,,,9.8,Friday,23,2,2024
Katie Finnegan,29566,Georgia,,,,9.925,Friday,23,2,2024
Lilly Hudson,29566,Alabama,,9.825,9.925,9.875,Friday,23,2,2024
Lily Smith,29566,Georgia,9.925,9.825,9.9,9.8,Friday,23,2,2024
Luisa Blanco,29566,Alabama,9.95,9.9,9.95,9.875,Friday,23,2,2024
Mati Waligora,29566,Alabama,9.925,9.8,9.9,,Friday,23,2,2024
Naya Howard,29566,Georgia,9.8,9.85,,,Friday,23,2,2024
Shania Adams,29566,Alabama,9.95,9.95,,,Friday,23,2,2024
Sidney Fitzgerald,29566,Georgia,9.825,,9.85,,Friday,23,2,2024
Zora Morgan,29566,Georgia,,9.775,,,Friday,23,2,2024
Abbie Thompson,29568,Denver,,9.825,,,Friday,23,2,2024
Alilah Alvarado,29568,BYU,9.8,,,,Friday,23,2,2024
Allix Mason,29568,BYU,9.8,9.675,,9.725,Friday,23,2,2024
Amanda Hargraves,29568,Denver,,,,9.375,Friday,23,2,2024
Anna Bramblett-Wilde,29568,BYU,9.9,,,,Friday,23,2,2024
Anyssa Alvarado,29568,BYU,9.725,,,,Friday,23,2,2024
Ava Jorgensen,29568,BYU,,,,9.8,Friday,23,2,2024
Bella Mabanta,29568,Denver,,9.85,,,Friday,23,2,2024
Brynlee Andersen,29568,BYU,,9.95,,,Friday,23,2,2024
Elease Rollins,29568,BYU,,9.9,,,Friday,23,2,2024
Eliza Millar-Crossman,29568,BYU,,9.725,9.9,,Friday,23,2,2024
Heidi Schooley-Meyers,29568,BYU,,,9.875,,Friday,23,2,2024
Kiley Rorich,29568,Denver,9.85,,9.85,,Friday,23,2,2024
Kylie Eaquinto,29568,BYU,9.8,,9.875,9.825,Friday,23,2,2024
Linsey Hunter-Kempler,29568,BYU,9.825,,,,Friday,23,2,2024
Maddison Reidenbach,29568,Denver,,,9.9,9.8,Friday,23,2,2024
Madison Raesly-Patton,29568,BYU,,9.15,,,Friday,23,2,2024
Madison Ulrich,29568,Denver,9.9,9.675,9.925,9.825,Friday,23,2,2024
Melissa Earl,29568,BYU,,,,9.7,Friday,23,2,2024
Mia Hebinck,29568,Denver,9.875,9.5,,,Friday,23,2,2024
Mila Brusch,29568,Denver,,,9.85,9.8,Friday,23,2,2024
Mina Margraf-Benson,29568,BYU,,9.85,,,Friday,23,2,2024
Momoko Iwai,29568,Denver,9.775,9.95,9.875,,Friday,23,2,2024
Olivia Matern,29568,BYU,,,9.825,,Friday,23,2,2024
Rosie Casali,29568,Denver,9.275,9.775,9.925,9.85,Friday,23,2,2024
Rylie Mundell,29568,Denver,9.825,,,9.85,Friday,23,2,2024
Sophie Dudley,29568,BYU,,,9.85,9.725,Friday,23,2,2024
Sydney Benson,29568,BYU,,,9.725,9.875,Friday,23,2,2024
Aleah Finnegan,29570,LSU,,9.8,10.0,9.8,Friday,23,2,2024
Alexis Jeffrey,29570,LSU,9.85,,,,Friday,23,2,2024
Amari Drayton,29570,LSU,,,9.925,9.975,Friday,23,2,2024
Annie Beard,29570,LSU,,9.675,,,Friday,23,2,2024
Anya Pilgrim,29570,Florida,9.8,9.975,9.925,9.95,Friday,23,2,2024
Ashley Cowan,29570,LSU,9.825,,,,Friday,23,2,2024
Danie Ferris,29570,Florida,,,,9.9,Friday,23,2,2024
Ellie Lazzari,29570,Florida,9.8,9.725,,,Friday,23,2,2024
Gabby Disidore,29570,Florida,9.8,,,,Friday,23,2,2024
Haleigh Bryant,29570,LSU,9.925,9.95,9.95,9.925,Friday,23,2,2024
KJ Johnson,29570,LSU,,,9.95,9.825,Friday,23,2,2024
Kaylee Bluffstone,29570,Florida,,,9.875,,Friday,23,2,2024
Kiya Johnson,29570,LSU,9.825,9.825,9.95,9.95,Friday,23,2,2024
Konnor McClain,29570,LSU,9.825,9.95,9.9,,Friday,23,2,2024
Leanne Wong,29570,Florida,9.95,9.975,10.0,9.95,Friday,23,2,2024
Payton Richards,29570,Florida,,,5.4,,Friday,23,2,2024
Savannah Schoenherr,29570,LSU,9.85,,,9.875,Friday,23,2,2024
Sierra Ballard,29570,LSU,,9.825,,,Friday,23,2,2024
Skylar Draser,29570,Florida,,9.875,,9.775,Friday,23,2,2024
Sloane Blakely,29570,Florida,9.875,9.85,9.975,9.9,Friday,23,2,2024
Victoria Nguyen,29570,Florida,9.775,9.95,9.925,9.9,Friday,23,2,2024
Anneliese Silverman,29572,George Washington,9.8,9.8,9.9,9.825,Friday,23,2,2024
Ashley Szymanski,29572,Ball State,9.95,9.8,,,Friday,23,2,2024
Brooke Izzo,29572,George Washington,,9.9,,,Friday,23,2,2024
Carissa Martinez,29572,Ball State,,,9.775,9.775,Friday,23,2,2024
Deana Sheremeta,29572,George Washington,,,9.875,,Friday,23,2,2024
Delaney DeHaan,29572,George Washington,9.85,,,,Friday,23,2,2024
Grace Sumner,29572,Ball State,8.2,9.825,,,Friday,23,2,2024
Hannah Ruthberg,29572,Ball State,9.825,9.825,9.925,9.85,Friday,23,2,2024
Kasey Burke,29572,George Washington,,,9.825,9.8,Friday,23,2,2024
Kendall Whitman,29572,George Washington,9.775,9.875,9.9,9.75,Friday,23,2,2024
Madi McMullen,29572,George Washington,6.7,,,,Friday,23,2,2024
Marlee York,29572,George Washington,,,9.8,9.825,Friday,23,2,2024
Maya Peters,29572,George Washington,9.225,9.85,,,Friday,23,2,2024
Megan Teter,29572,Ball State,9.85,9.875,9.925,9.75,Friday,23,2,2024
Nancy Kiner,29572,George Washington,,9.85,,,Friday,23,2,2024
Payton Lynch,29572,George Washington,,,9.875,,Friday,23,2,2024
Rachel Katz,29572,George Washington,9.8,,,9.825,Friday,23,2,2024
Sarah Zois,29572,George Washington,,9.8,,9.875,Friday,23,2,2024
Suki Pfister,29572,Ball State,,,9.875,9.975,Friday,23,2,2024
Victoria Henry,29572,Ball State,9.875,9.725,9.925,9.95,Friday,23,2,2024
Zoe Middleton,29572,Ball State,9.825,9.85,9.925,9.8,Friday,23,2,2024
Abby Singh,29574,Western Michigan,9.775,,,9.675,Friday,23,2,2024
Alana Laster,29574,Illinois State,,,9.85,9.8,Friday,23,2,2024
Ally Lau,29574,Illinois State,,9.85,,,Friday,23,2,2024
Ally Schaupp,29574,Western Michigan,,,9.9,,Friday,23,2,2024
Amanda Gruber,29574,Western Michigan,,9.85,9.85,,Friday,23,2,2024
Angelica Labat,29574,Illinois State,9.85,9.75,9.9,9.8,Friday,23,2,2024
Ariana DeSouza,29574,Alaska,8.475,8.65,8.8,,Friday,23,2,2024
Avery Tillmanns,29574,Alaska,,,,9.5,Friday,23,2,2024
Breeann Spain,29574,Alaska,,9.3,,,Friday,23,2,2024
Brooklyn Kopsack,29574,Alaska,,,,9.55,Friday,23,2,2024
Carly Hawksworth,29574,Illinois State,9.725,,,,Friday,23,2,2024
Cassie St. Clair,29574,Western Michigan,,,9.9,9.85,Friday,23,2,2024
Claudia Lessig,29574,Alaska,9.525,9.7,9.625,9.625,Friday,23,2,2024
Dani Petrousek,29574,Western Michigan,9.075,9.5,9.575,,Friday,23,2,2024
DonnaKathryn Roy,29574,Western Michigan,9.625,,9.9,,Friday,23,2,2024
Emily Walker,29574,Alaska,8.8,,,,Friday,23,2,2024
Gigi Singh,29574,Western Michigan,,9.5,,,Friday,23,2,2024
Halle Faulkner,29574,Western Michigan,,,,9.825,Friday,23,2,2024
Hannah Milton,29574,Western Michigan,,9.7,,9.6,Friday,23,2,2024
Hayley Perkins,29574,Alaska,9.5,,9.55,,Friday,23,2,2024
Jada Niles,29574,Alaska,8.875,9.425,,,Friday,23,2,2024
Jaye Mack,29574,Illinois State,,,9.9,9.775,Friday,23,2,2024
Jessica Johnson,29574,Alaska,9.175,9.75,,,Friday,23,2,2024
Joy Ziegenfelder,29574,Illinois State,,9.075,,9.575,Friday,23,2,2024
Julia Heiner,29574,Illinois State,9.775,,,,Friday,23,2,2024
Kaitlyn Donovan,29574,Illinois State,,,9.825,,Friday,23,2,2024
Leah Davis,29574,Illinois State,,9.8,9.85,,Friday,23,2,2024
Maddy Murphy,29574,Alaska,,,9.625,9.8,Friday,23,2,2024
Madison Kipp,29574,Illinois State,9.65,9.575,,,Friday,23,2,2024
Makenna King,29574,Western Michigan,8.85,,,,Friday,23,2,2024
Mia Oh,29574,Illinois State,,,,9.625,Friday,23,2,2024
Montana Fairbairn,29574,Alaska,,9.65,9.675,9.725,Friday,23,2,2024
Mya Robinson,29574,Illinois State,,9.675,,9.65,Friday,23,2,2024
Payton Murphy,29574,Western Michigan,9.85,9.8,9.95,9.725,Friday,23,2,2024
Reese Grolla,29574,Illinois State,9.725,,,,Friday,23,2,2024
Sara Wabi,29574,Illinois State,9.825,,9.85,,Friday,23,2,2024
Sarah Moravansky,29574,Western Michigan,9.75,9.65,,9.75,Friday,23,2,2024
Silje Hildebrand,29574,Alaska,,,9.325,9.525,Friday,23,2,2024
Athena Jones,29577,Sacramento State,,9.775,9.9,,Friday,23,2,2024
Ayla McKean,29577,Air Force,9.9,9.85,9.825,,Friday,23,2,2024
Bella Lahmidi,29577,Sacramento State,9.825,,,9.7,Friday,23,2,2024
Clara Wallace,29577,Air Force,9.825,9.825,,9.625,Friday,23,2,2024
Emma Morgenthaler,29577,Sacramento State,9.825,9.825,9.85,9.825,Friday,23,2,2024
Gabriella Hartley,29577,Air Force,,9.125,,,Friday,23,2,2024
Gabriella Meccia,29577,Air Force,,,9.875,9.75,Friday,23,2,2024
Gianna Martyna,29577,Air Force,,,9.775,,Friday,23,2,2024
Grace Gilman,29577,Sacramento State,,9.825,9.85,9.65,Friday,23,2,2024
Jillianne Lastra,29577,Sacramento State,9.9,,,,Friday,23,2,2024
Kara Houghton,29577,Sacramento State,9.975,9.85,9.9,,Friday,23,2,2024
Kimberly Kinkade,29577,Air Force,9.275,,,,Friday,23,2,2024
Kylee Greene,29577,Air Force,,8.05,,,Friday,23,2,2024
Madison Carlisle,29577,Air Force,9.9,,9.65,,Friday,23,2,2024
Maggie Slife,29577,Air Force,9.95,9.625,9.9,9.8,Friday,23,2,2024
Rosa Juarez Baez,29577,Air Force,,,,9.55,Friday,23,2,2024
Rose Wilson,29577,Sacramento State,8.4,,,9.7,Friday,23,2,2024
Rylin Zimmerman,29577,Sacramento State,,9.125,,9.825,Friday,23,2,2024
Sarah Lutrel,29577,Sacramento State,9.775,9.95,9.875,9.825,Friday,23,2,2024
Sarah Willis,29577,Air Force,,,9.75,9.725,Friday,23,2,2024
Simone Dumas-Guzman,29577,Sacramento State,,,9.9,,Friday,23,2,2024
Velandra Brochi,29577,Air Force,9.825,9.825,,9.675,Friday,23,2,2024
Adriana Popp,29579,Boise State,,9.925,,9.8,Friday,23,2,2024
Alivia Ostendorf,29579,Utah State,,9.75,9.925,9.75,Friday,23,2,2024
Alyssa Vulaj,29579,Boise State,,9.825,9.825,9.8,Friday,23,2,2024
Amari Evans,29579,Utah State,,,9.775,,Friday,23,2,2024
Angel Stuart,29579,Utah State,9.775,,9.9,9.675,Friday,23,2,2024
Avery Bibbey,29579,Utah State,9.325,,,,Friday,23,2,2024
Blake Pascal,29579,Boise State,,,9.875,,Friday,23,2,2024
Brianna Brooks,29579,Utah State,9.875,9.825,9.675,9.85,Friday,23,2,2024
Brooke Ferrari,29579,Texas Woman's,9.825,,,,Friday,23,2,2024
Carly Buell,29579,Boise State,9.875,,,,Friday,23,2,2024
Caroline Bowns,29579,Texas Woman's,9.825,,,,Friday,23,2,2024
Courtney Blackson,29579,Boise State,9.925,,9.8,9.125,Friday,23,2,2024
Daisy Woodring,29579,Texas Woman's,,9.85,9.725,9.95,Friday,23,2,2024
Dani Kirstine,29579,Utah State,9.725,9.8,,,Friday,23,2,2024
Elaina McGovern,29579,Boise State,9.65,,9.9,9.8,Friday,23,2,2024
Ella Schell,29579,Iowa State,9.775,,8.925,,Friday,23,2,2024
Emilie Hong,29579,Iowa State,,,9.775,9.25,Friday,23,2,2024
Emily Lopez,29579,Boise State,9.925,9.8,,9.8,Friday,23,2,2024
Emily Six,29579,Texas Woman's,,9.75,9.8,9.075,Friday,23,2,2024
Emma Brkljacic,29579,Texas Woman's,,9.875,9.875,9.775,Friday,23,2,2024
Emma Loyim,29579,Boise State,,9.9,9.925,,Friday,23,2,2024
Hannah Loyim,29579,Iowa State,9.775,9.85,9.825,9.7,Friday,23,2,2024
Jenna Eagles,29579,Utah State,,9.825,9.9,,Friday,23,2,2024
Josie Bergstrom-Te Slaa,29579,Iowa State,,9.85,,9.875,Friday,23,2,2024
Juliette Boyer,29579,Utah State,9.875,,,9.75,Friday,23,2,2024
Kaia Parker,29579,Iowa State,,,9.875,9.75,Friday,23,2,2024
Kaitlyn Hoiland,29579,Texas Woman's,9.825,,,9.875,Friday,23,2,2024
Kami Zarlengo,29579,Texas Woman's,9.825,,,,Friday,23,2,2024
Kylee Hamby,29579,Boise State,9.825,,,,Friday,23,2,2024
Lainey Hunt,29579,Texas Woman's,9.5,,,,Friday,23,2,2024
Laura Cooke,29579,Iowa State,9.325,,,,Friday,23,2,2024
Lauren O'Brochta,29579,Iowa State,,9.8,,,Friday,23,2,2024
Lauren Thomas,29579,Iowa State,9.775,9.825,,,Friday,23,2,2024
Lexi Aragon,29579,Utah State,9.75,9.8,,,Friday,23,2,2024
Loganne Basuel,29579,Iowa State,9.8,,,,Friday,23,2,2024
Madeline Gose,29579,Texas Woman's,,9.9,9.8,,Friday,23,2,2024
Mahleea Werline,29579,Boise State,9.85,,,,Friday,23,2,2024
Noelle Adams,29579,Iowa State,,9.15,9.95,9.825,Friday,23,2,2024
Nyla Morabito,29579,Utah State,,,9.85,9.8,Friday,23,2,2024
Paige Wills,29579,Iowa State,9.675,,,9.8,Friday,23,2,2024
Payton Gatzlaff,29579,Utah State,,,,9.575,Friday,23,2,2024
Rachel Wilke,29579,Iowa State,,9.6,9.85,,Friday,23,2,2024
Sophia Isbell,29579,Texas Woman's,,,,9.675,Friday,23,2,2024
Sophie Hernandez,29579,Texas Woman's,,9.2,9.0,,Friday,23,2,2024
Steelie King,29579,Texas Woman's,8.775,9.15,9.85,9.725,Friday,23,2,2024
Sydney Jelen,29579,Utah State,,9.85,,,Friday,23,2,2024
Sydney Kho,29579,Boise State,,9.875,,9.775,Friday,23,2,2024
Sydney Leitch,29579,Boise State,,9.75,9.725,,Friday,23,2,2024
Amy Wozniak,29583,North Carolina,,,9.625,,Friday,23,2,2024
Bella Miller,29583,North Carolina,,,9.6,,Friday,23,2,2024
Brie Clark,29583,Clemson,,9.775,9.925,,Friday,23,2,2024
Cory Shinohara,29583,North Carolina,,,,9.8,Friday,23,2,2024
Elly King,29583,North Carolina,,9.65,,,Friday,23,2,2024
Eve Jackson,29583,Clemson,9.9,9.2,9.9,9.8,Friday,23,2,2024
Gwen Fink,29583,North Carolina,9.85,9.775,9.825,9.825,Friday,23,2,2024
Hallie Thompson,29583,North Carolina,,9.85,,,Friday,23,2,2024
Isabelle Schaefer,29583,North Carolina,9.825,,,,Friday,23,2,2024
Jamie Shearer,29583,North Carolina,9.725,,,,Friday,23,2,2024
Jessica Naranjo,29583,North Carolina,,9.825,,,Friday,23,2,2024
Julia Knower,29583,North Carolina,9.825,9.55,9.775,9.55,Friday,23,2,2024
Kaitlin DeGuzman,29583,Clemson,9.725,,,,Friday,23,2,2024
Kate Bryant,29583,Clemson,,,,9.75,Friday,23,2,2024
Kaya Forbes,29583,North Carolina,9.175,,9.625,9.9,Friday,23,2,2024
Kielyn McCright,29583,Clemson,,9.9,,,Friday,23,2,2024
Lali Dekanoidze,29583,North Carolina,9.925,,,9.875,Friday,23,2,2024
Lauren Rutherford,29583,Clemson,9.825,,9.9,9.925,Friday,23,2,2024
Lilly Lippeatt,29583,Clemson,9.825,9.85,,,Friday,23,2,2024
Maggie Holman,29583,Clemson,,,9.825,,Friday,23,2,2024
Molly Arnold,29583,Clemson,,,9.925,9.8,Friday,23,2,2024
Paige Prejean,29583,North Carolina,,,,9.75,Friday,23,2,2024
Rebecca Wells,29583,Clemson,9.85,9.85,9.95,9.8,Friday,23,2,2024
Sierra Church,29583,Clemson,,9.925,,,Friday,23,2,2024
Taylor Schulze,29583,North Carolina,,9.65,9.575,,Friday,23,2,2024
Trinity Brown,29583,Clemson,9.85,,,9.875,Friday,23,2,2024
Arianna Patterson,29585,Kentucky,,9.825,,9.8,Friday,23,2,2024
Bailey Bunn,29585,Kentucky,9.9,9.875,,,Friday,23,2,2024
Cally Swaney,29585,Arkansas,9.85,9.85,,,Friday,23,2,2024
Cami Weaver,29585,Arkansas,,9.8,,9.925,Friday,23,2,2024
Cecily Rizo,29585,Kentucky,9.825,,,9.8,Friday,23,2,2024
Creslyn Brose,29585,Kentucky,,9.85,9.95,,Friday,23,2,2024
Dakota Essenpries,29585,Arkansas,,,,9.775,Friday,23,2,2024
Delaynee Rodriguez,29585,Kentucky,9.875,9.825,9.775,9.75,Friday,23,2,2024
Frankie Price,29585,Arkansas,,,9.975,9.825,Friday,23,2,2024
Hailey Davis,29585,Kentucky,9.8,,9.9,,Friday,23,2,2024
Hailey Klein,29585,Arkansas,,9.725,9.875,9.825,Friday,23,2,2024
Isabella Magnelli,29585,Kentucky,,9.875,9.9,9.85,Friday,23,2,2024
Jaime Pratt,29585,Arkansas,9.825,,,,Friday,23,2,2024
Jensen Scalzo,29585,Arkansas,9.9,,,,Friday,23,2,2024
Jillian Procasky,29585,Kentucky,9.85,,,,Friday,23,2,2024
Kalyxta Gamiao,29585,Arkansas,,9.8,9.875,,Friday,23,2,2024
Lauren Williams,29585,Arkansas,,,9.95,9.925,Friday,23,2,2024
Leah Smith,29585,Arkansas,,,9.925,9.9,Friday,23,2,2024
Maddie Jones,29585,Arkansas,9.95,9.675,9.95,,Friday,23,2,2024
Makenzie Wilson,29585,Kentucky,,,9.8,9.875,Friday,23,2,2024
Priscilla Park,29585,Arkansas,9.85,,,,Friday,23,2,2024
Raena Worley,29585,Kentucky,9.825,9.85,9.975,9.7,Friday,23,2,2024
Reese Drotar,29585,Arkansas,9.825,,,,Friday,23,2,2024
Sirena Linton,29585,Arkansas,,9.775,,,Friday,23,2,2024
Adriana Bustelo,29587,Central Michigan,9.75,9.85,,,Saturday,24,2,2024
Alyssa Guns,29587,Kent State,,9.7,9.9,,Saturday,24,2,2024
Amber Mueller,29587,Central Michigan,,9.175,,,Saturday,24,2,2024
Ashley Morgan,29587,Kent State,,,,9.725,Saturday,24,2,2024
Ashley Veglucci,29587,Central Michigan,9.375,9.75,9.925,,Saturday,24,2,2024
Charlie Behner,29587,Kent State,9.625,,,9.825,Saturday,24,2,2024
Dani Fuertez,29587,Kent State,,9.875,9.625,,Saturday,24,2,2024
Elizabeth Buttle,29587,Central Michigan,,,9.9,,Saturday,24,2,2024
Elizabeth Cesarone,29587,Central Michigan,,,9.825,9.875,Saturday,24,2,2024
Gabby Riley,29587,Kent State,,9.75,,,Saturday,24,2,2024
Hallie Hornbacher,29587,Central Michigan,,,9.9,,Saturday,24,2,2024
Heidi Schultz,29587,Kent State,9.525,9.775,9.875,,Saturday,24,2,2024
Jenna Germond,29587,Central Michigan,9.0,,,9.8,Saturday,24,2,2024
Karlie Franz,29587,Kent State,8.75,,9.925,,Saturday,24,2,2024
Kennedy Weinpert,29587,Kent State,,,9.775,9.85,Saturday,24,2,2024
Kyndall Gilbert,29587,Kent State,9.75,,,9.6,Saturday,24,2,2024
Luciana Alvarado-Reid,29587,Central Michigan,9.95,9.85,9.9,9.825,Saturday,24,2,2024
Nastia Rudnitskaya,29587,Kent State,9.825,,,9.875,Saturday,24,2,2024
Quinn Skrupa,29587,Central Michigan,9.025,9.825,9.85,9.8,Saturday,24,2,2024
Samantha Shannon,29587,Central Michigan,9.775,,,9.825,Saturday,24,2,2024
Sarah Haxton,29587,Kent State,9.925,9.8,,,Saturday,24,2,2024
Zoe Rankin,29587,Kent State,,9.725,9.9,9.8,Saturday,24,2,2024
Zoie Pelfrey,29587,Central Michigan,,9.65,,9.825,Saturday,24,2,2024
Anne Marie Kuebler,29589,William & Mary,,,,9.175,Saturday,24,2,2024
Ascha Laird,29589,William & Mary,9.0,,,,Saturday,24,2,2024
Bridget Sullivan,29589,West Chester,,,,9.575,Saturday,24,2,2024
Caroline Blatchford,29589,William & Mary,9.775,9.0,,9.725,Saturday,24,2,2024
Caroline Cascadden,29589,West Chester,,9.875,9.8,,Saturday,24,2,2024
Catherine Bare,29589,William & Mary,9.525,,,,Saturday,24,2,2024
Grace Costello,29589,William & Mary,,9.725,9.55,9.775,Saturday,24,2,2024
Hannah Burke,29589,William & Mary,,,9.7,9.675,Saturday,24,2,2024
Hannah Shelton,29589,West Chester,9.45,,,,Saturday,24,2,2024
Hyla Betts,29589,West Chester,9.625,,,,Saturday,24,2,2024
Jordan Coleman,29589,West Chester,9.775,,,9.575,Saturday,24,2,2024
Kiley Fred,29589,West Chester,,,9.725,,Saturday,24,2,2024
Kristina Rodriguez,29589,West Chester,9.7,9.8,9.0,8.15,Saturday,24,2,2024
Lily McFarland,29589,West Chester,,9.05,9.65,9.425,Saturday,24,2,2024
Madeline Frazier,29589,William & Mary,,9.625,8.625,,Saturday,24,2,2024
Madison Whitaker,29589,West Chester,,9.75,,,Saturday,24,2,2024
Melanie Faulkner,29589,William & Mary,,9.375,,,Saturday,24,2,2024
Melina Ringas,29589,West Chester,9.35,,,,Saturday,24,2,2024
Michelle Ngo,29589,William & Mary,,,9.825,,Saturday,24,2,2024
Natalie Marshall,29589,West Chester,,9.8,,,Saturday,24,2,2024
Sarah Eskew,29589,West Chester,9.775,9.775,9.7,9.775,Saturday,24,2,2024
Sarah Kuper,29589,William & Mary,9.7,9.4,,9.75,Saturday,24,2,2024
Sarah Wozniak,29589,William & Mary,9.35,,,,Saturday,24,2,2024
Shannon Carroll,29589,West Chester,,,9.775,9.8,Saturday,24,2,2024
Sofia Huang,29589,William & Mary,,9.65,,9.8,Saturday,24,2,2024
Sophie Chandler,29589,William & Mary,,,9.35,,Saturday,24,2,2024
Summer Penzi,29589,William & Mary,,,9.375,,Saturday,24,2,2024
Tori Sipes,29589,William & Mary,9.625,,,,Saturday,24,2,2024
Abby Mueller,29591,Illinois,9.825,9.8,9.725,9.85,Saturday,24,2,2024
Alea Byrne,29591,Illinois,,,9.725,9.875,Saturday,24,2,2024
Alexa Ebeling,29591,Iowa,,9.775,,,Saturday,24,2,2024
Alexa Rothenbuescher,29591,Maryland,9.7,,9.925,9.775,Saturday,24,2,2024
Allie Morgan,29591,Illinois,,,9.675,,Saturday,24,2,2024
Alyse Karenbauer,29591,Iowa,,,9.85,9.675,Saturday,24,2,2024
Alyssa Kramer,29591,Penn State,,,9.875,,Saturday,24,2,2024
Amani Herring,29591,Penn State,,9.825,9.875,9.9,Saturday,24,2,2024
Amelia Knight,29591,Illinois,9.9,9.8,,,Saturday,24,2,2024
Arielle Ward,29591,Illinois,9.75,,9.875,9.9,Saturday,24,2,2024
Ashley Maul,29591,Penn State,,9.75,,,Saturday,24,2,2024
Aubrey Nick,29591,Iowa,,9.85,,,Saturday,24,2,2024
Ava Jordan,29591,Michigan,,,,9.7,Saturday,24,2,2024
Ava Piedrahita,29591,Penn State,9.875,9.8,9.875,9.85,Saturday,24,2,2024
Avery Chambers,29591,Iowa,,,,9.8,Saturday,24,2,2024
Bailey Libby,29591,Iowa,,,9.825,,Saturday,24,2,2024
Bella Salcedo,29591,Penn State,,9.875,9.9,9.475,Saturday,24,2,2024
Carly Bauman,29591,Michigan,9.925,9.875,9.875,9.75,Saturday,24,2,2024
Cassidy Rushlow,29591,Penn State,9.85,,,,Saturday,24,2,2024
Destiny Denning,29591,Illinois,9.8,,,,Saturday,24,2,2024
Ella Castellanos,29591,Iowa,8.425,,,,Saturday,24,2,2024
Emily Erb,29591,Iowa,,,9.9,,Saturday,24,2,2024
Emma Silberman,29591,Maryland,,9.75,,,Saturday,24,2,2024
Eva Volpe,29591,Iowa,9.775,9.825,9.725,9.8,Saturday,24,2,2024
Farah Lipetz,29591,Michigan,9.2,,,,Saturday,24,2,2024
Gabby Wilson,29591,Michigan,9.9,9.9,9.95,9.875,Saturday,24,2,2024
Gabrielle Gallentine,29591,Penn State,9.8,,,,Saturday,24,2,2024
Gianna Masella,29591,Iowa,9.825,,,9.8,Saturday,24,2,2024
Hanna Castillo,29591,Iowa,,,9.875,9.75,Saturday,24,2,2024
Haylen Zabrowski,29591,Michigan,9.65,,,,Saturday,24,2,2024
Ilka Juk,29591,Iowa,9.725,9.925,,,Saturday,24,2,2024
Jacey Vore,29591,Michigan,9.9,9.825,,,Saturday,24,2,2024
Jenna Mulligan,29591,Michigan,,9.825,9.875,9.825,Saturday,24,2,2024
Jessica Johanson,29591,Penn State,9.825,,,9.825,Saturday,24,2,2024
Josephine Kogler,29591,Maryland,,9.875,,9.85,Saturday,24,2,2024
Kadyn Fitzgibbon,29591,Illinois,,,9.825,,Saturday,24,2,2024
Kaitlyn Ewald,29591,Illinois,,9.825,,,Saturday,24,2,2024
Kalea McElligott,29591,Penn State,9.7,9.7,9.825,9.75,Saturday,24,2,2024
Karina Munoz,29591,Iowa,9.95,9.9,9.875,9.825,Saturday,24,2,2024
Layla Hammer,29591,Maryland,,9.725,,,Saturday,24,2,2024
Lindsay Bacheler,29591,Maryland,8.775,,,,Saturday,24,2,2024
Lyden Saltness,29591,Illinois,9.975,,,,Saturday,24,2,2024
Maddie Johnston,29591,Penn State,9.825,9.775,9.7,9.9,Saturday,24,2,2024
Maddie Komoroski,29591,Maryland,,9.8,9.95,,Saturday,24,2,2024
Marissa Rojas,29591,Iowa,9.3,9.85,,,Saturday,24,2,2024
Mia Takekawa,29591,Illinois,9.9,9.8,,9.85,Saturday,24,2,2024
Mia Townes,29591,Illinois,,9.8,9.925,9.825,Saturday,24,2,2024
Natalie Martin,29591,Maryland,,9.65,9.8,9.9,Saturday,24,2,2024
Olivia Weir,29591,Maryland,,,,9.775,Saturday,24,2,2024
Paige Thaxton,29591,Michigan,,,9.875,,Saturday,24,2,2024
Reyna Guggino,29591,Michigan,,9.85,9.925,9.95,Saturday,24,2,2024
Rhea Leblanc,29591,Maryland,9.8,,9.825,9.725,Saturday,24,2,2024
Ruthuja Nataraj,29591,Illinois,,9.85,,9.825,Saturday,24,2,2024
Samantha Gilbert,29591,Maryland,,,9.85,,Saturday,24,2,2024
Sierra Brooks,29591,Michigan,9.95,9.85,9.975,9.875,Saturday,24,2,2024
Sierra Kondo,29591,Maryland,8.8,,,,Saturday,24,2,2024
Tasha Brozowski,29591,Maryland,9.725,,,,Saturday,24,2,2024
Taylor Rech,29591,Maryland,,,9.875,9.75,Saturday,24,2,2024
Victoria Gatzendorfer,29591,Maryland,9.8,9.65,,,Saturday,24,2,2024
Addy Rothstein,29596,Cornell,9.7,,,9.375,Saturday,24,2,2024
Alexandra Quiana,29596,Cornell,,9.8,9.625,,Saturday,24,2,2024
Ana Kenefick,29596,Pennsylvania,,9.825,9.75,,Saturday,24,2,2024
Angela Xing,29596,Brown,,9.775,9.8,9.75,Saturday,24,2,2024
Avery Byun,29596,Cornell,,9.8,9.85,9.625,Saturday,24,2,2024
Caitlyn Walsh,29596,Cornell,,,9.625,,Saturday,24,2,2024
Calista Brady,29596,Cornell,,,,9.225,Saturday,24,2,2024
Cami Whitaker,29596,Cornell,,,9.725,9.75,Saturday,24,2,2024
Campbell Marr,29596,Pennsylvania,,9.85,,,Saturday,24,2,2024
Carly Oniki,29596,Pennsylvania,9.625,,,,Saturday,24,2,2024
Chloe DeJoy,29596,Yale,9.725,,9.725,,Saturday,24,2,2024
Ella Tashjian,29596,Yale,,9.175,9.875,9.825,Saturday,24,2,2024
Emily Ford,29596,Brown,,,,9.65,Saturday,24,2,2024
Emma Davies,29596,Pennsylvania,,,9.85,,Saturday,24,2,2024
Emma Mangiacapre,29596,Yale,,9.825,,,Saturday,24,2,2024
Gigi Sabatini,29596,Yale,9.725,9.8,9.775,9.7,Saturday,24,2,2024
Hana Strause,29596,Yale,,9.8,9.675,,Saturday,24,2,2024
Isabel Song,29596,Pennsylvania,9.7,,,,Saturday,24,2,2024
Jessica Lin,29596,Brown,,9.7,,9.55,Saturday,24,2,2024
Jordan Barrow,29596,Pennsylvania,,,,9.825,Saturday,24,2,2024
Josie Moylan,29596,Cornell,9.65,,9.65,,Saturday,24,2,2024
Julia Bedell,29596,Brown,,,9.925,9.775,Saturday,24,2,2024
Kiersten Belkoff,29596,Pennsylvania,,9.825,,9.75,Saturday,24,2,2024
Lauren Holt,29596,Yale,9.75,,,,Saturday,24,2,2024
Lauren Kramer,29596,Brown,,9.775,9.775,9.725,Saturday,24,2,2024
Lauren Mckeown,29596,Brown,9.75,9.2,,,Saturday,24,2,2024
Lily Aucoin,29596,Yale,9.825,,,8.9,Saturday,24,2,2024
Lindsey Yang,29596,Brown,,9.025,,,Saturday,24,2,2024
Liza Marcus,29596,Brown,9.275,9.75,9.7,,Saturday,24,2,2024
Madison Perkins,29596,Pennsylvania,,,,9.6,Saturday,24,2,2024
Marissa Lassiter,29596,Pennsylvania,,,9.65,9.775,Saturday,24,2,2024
Maya Davis,29596,Brown,9.725,,9.8,,Saturday,24,2,2024
McKenna Weiner,29596,Brown,9.35,,,,Saturday,24,2,2024
Megan Brueck,29596,Yale,,,8.75,9.775,Saturday,24,2,2024
Melanie Stone,29596,Cornell,9.625,,,,Saturday,24,2,2024
Meridith Donovan,29596,Yale,,9.7,,,Saturday,24,2,2024
Michaela Defranscisco,29596,Cornell,,,,9.825,Saturday,24,2,2024
Mikayla Burton,29596,Cornell,,9.85,,,Saturday,24,2,2024
Morgen Shambo,29596,Cornell,9.75,,,,Saturday,24,2,2024
Natalia Tehrani,29596,Cornell,9.7,9.8,,,Saturday,24,2,2024
Regina Walton,29596,Cornell,,9.775,,,Saturday,24,2,2024
Samantha Wu,29596,Pennsylvania,,9.9,,,Saturday,24,2,2024
Sara Kenefick,29596,Pennsylvania,9.7,9.775,9.85,9.825,Saturday,24,2,2024
Sarah Wilson,29596,Yale,9.85,9.75,,9.725,Saturday,24,2,2024
Sherry Wang,29596,Yale,9.775,,9.75,9.775,Saturday,24,2,2024
Skyelar Kerico,29596,Pennsylvania,9.825,9.875,9.85,9.775,Saturday,24,2,2024
Sophia Dewar,29596,Brown,9.6,,9.8,9.775,Saturday,24,2,2024
Sophia Paris,29596,Pennsylvania,9.775,,,,Saturday,24,2,2024
Sophia Sololowsky,29596,Brown,9.5,,,,Saturday,24,2,2024
Sydney Beers,29596,Cornell,9.65,9.825,9.875,9.8,Saturday,24,2,2024
Zara Gazdak,29596,Pennsylvania,9.1,,9.5,,Saturday,24,2,2024
Abby Chesshire,29600,Ithaca College,,9.725,9.75,,Sunday,25,2,2024
Alexa Rose Pahila,29600,Cortland State,9.175,8.875,,9.5,Sunday,25,2,2024
Amy Hamilton,29600,Cortland State,,,9.4,,Sunday,25,2,2024
Autumn Adkins,29600,Cortland State,9.05,,9.7,,Sunday,25,2,2024
Caitlin Pellegrino,29600,Ithaca College,,9.775,9.7,9.5,Sunday,25,2,2024
Coral Cotteleer,29600,Ithaca College,9.5,,,,Sunday,25,2,2024
Corey Foster,29600,Ithaca College,,9.7,9.825,,Sunday,25,2,2024
Delaney Brown,29600,Cortland State,,,9.725,9.525,Sunday,25,2,2024
Emily Kobusky,29600,Ithaca College,,9.825,,,Sunday,25,2,2024
Gabrielle Nadler,29600,Cortland State,,,9.65,,Sunday,25,2,2024
Gianna Mirigliano,29600,Cortland State,,9.75,9.7,9.65,Sunday,25,2,2024
Grace Murray,29600,Ithaca College,,,9.825,9.675,Sunday,25,2,2024
Hana Miller,29600,Ithaca College,,,,8.8,Sunday,25,2,2024
Jillian Freyman,29600,Ithaca College,,9.425,9.825,9.55,Sunday,25,2,2024
Kathryn McSweeney,29600,Cortland State,9.5,,,,Sunday,25,2,2024
Kaylie Goodwin,29600,Ithaca College,8.925,9.7,,,Sunday,25,2,2024
Kiana Wong,29600,Cortland State,,9.45,,,Sunday,25,2,2024
Kyleigh Brown,29600,Cortland State,8.775,,,9.575,Sunday,25,2,2024
Lauren Babineaux,29600,Ithaca College,9.45,,,9.65,Sunday,25,2,2024
Marlena Bailey,29600,Ithaca College,9.35,,,,Sunday,25,2,2024
Natalie Steed,29600,Ithaca College,9.1,,,9.75,Sunday,25,2,2024
Ninabella English,29600,Cortland State,,,,9.275,Sunday,25,2,2024
Rianna Adams,29600,Cortland State,9.7,,,,Sunday,25,2,2024
Rory Allan,29600,Cortland State,,,,9.725,Sunday,25,2,2024
Samantha Meadows,29600,Cortland State,,9.05,,,Sunday,25,2,2024
Skye Cohen,29600,Ithaca College,7.35,,9.5,,Sunday,25,2,2024
Taylor Goldstein,29600,Cortland State,9.475,9.7,,,Sunday,25,2,2024
Victoria Cave,29600,Cortland State,,9.0,8.7,,Sunday,25,2,2024
Adrenne Roth,29602,Ursinus College,8.325,9.675,,,Sunday,25,2,2024
Aladiana Tosado,29602,Brockport,9.125,,,,Sunday,25,2,2024
Anne Kiley,29602,Springfield College,9.0,,,9.65,Sunday,25,2,2024
Arianna Ellis,29602,Ursinus College,,,9.725,,Sunday,25,2,2024
Ashley Cromer,29602,Ursinus College,,9.725,,9.3,Sunday,25,2,2024
Ava Kelly,29602,Springfield College,,9.25,,9.325,Sunday,25,2,2024
Ayako Maeda,29602,Springfield College,9.45,,,,Sunday,25,2,2024
Bella Leo,29602,Ursinus College,9.325,9.7,9.65,,Sunday,25,2,2024
Brianna Cassin,29602,Springfield College,,,9.625,,Sunday,25,2,2024
Brianna Duffy,29602,Ursinus College,9.475,,,,Sunday,25,2,2024
Cali Czarcinski,29602,Brockport,,9.15,9.75,,Sunday,25,2,2024
Carly Troilo,29602,Ursinus College,,,9.8,9.35,Sunday,25,2,2024
Claire Geiger,29602,Springfield College,9.0,,9.775,9.375,Sunday,25,2,2024
Elsie Gardiner,29602,Springfield College,,,9.725,,Sunday,25,2,2024
Emma Grace Sargent,29602,Brockport,9.025,,,9.725,Sunday,25,2,2024
Emma Skowronek,29602,Springfield College,8.35,9.75,,,Sunday,25,2,2024
Erin Roe,29602,Ursinus College,9.3,9.7,,9.65,Sunday,25,2,2024
Erin Stubbs,29602,Ursinus College,,,,9.575,Sunday,25,2,2024
Gracie Weaver,29602,Brockport,,,,9.45,Sunday,25,2,2024
Isabella Scarpetti,29602,Ursinus College,,8.35,8.95,,Sunday,25,2,2024
Jenna DiPalo,29602,Springfield College,,8.95,,,Sunday,25,2,2024
Julia Reer,29602,Springfield College,,9.6,9.775,,Sunday,25,2,2024
Kelly McGuinness,29602,Springfield College,,9.725,,9.25,Sunday,25,2,2024
Kiara Hockman,29602,Brockport,,9.875,9.825,,Sunday,25,2,2024
Kirsten Paultre,29602,Brockport,,,9.725,9.575,Sunday,25,2,2024
Kylie Ruggiero,29602,Ursinus College,9.575,,,,Sunday,25,2,2024
Laken Sooy,29602,Brockport,,9.875,9.9,,Sunday,25,2,2024
Lauren Coleman,29602,Ursinus College,9.25,,,,Sunday,25,2,2024
Lienna Kay,29602,Brockport,9.4,9.9,9.775,9.45,Sunday,25,2,2024
Madison Zimmerman,29602,Ursinus College,,9.675,,,Sunday,25,2,2024
Maren Eramo,29602,Brockport,9.7,,,9.825,Sunday,25,2,2024
Marissa Zarra,29602,Springfield College,8.75,,,,Sunday,25,2,2024
Maya Pecoraro,29602,Brockport,,9.775,,,Sunday,25,2,2024
Megan Matteucci,29602,Ursinus College,,,9.825,9.425,Sunday,25,2,2024
Natalie Galioto,29602,Brockport,,9.775,9.625,9.6,Sunday,25,2,2024
Rachel Swick,29602,Brockport,9.675,,,,Sunday,25,2,2024
Sidney Schreiber,29602,Ursinus College,,,9.525,9.425,Sunday,25,2,2024
Sophia LeBlanc,29602,Springfield College,9.6,9.725,9.75,8.55,Sunday,25,2,2024
Stacy Taylor,29602,Springfield College,,,9.75,9.4,Sunday,25,2,2024
Taylor Bushey,29602,Brockport,9.45,,,,Sunday,25,2,2024
Abigail Bunch,29605,Rhode Island College,9.3,,,,Sunday,25,2,2024
Alexa Melanson,29605,Southern Conn.,,9.75,9.7,,Sunday,25,2,2024
Alison Silva,29605,Rhode Island College,9.05,,,,Sunday,25,2,2024
Aliyah Reed-Hammon,29605,Fisk,,9.175,9.625,9.8,Sunday,25,2,2024
Alyssa Beaulieu,29605,New Hampshire,,9.675,9.85,,Sunday,25,2,2024
Angel Lee,29605,Southern Conn.,,9.675,,,Sunday,25,2,2024
Angelina Stanfa,29605,Southern Conn.,,9.575,,,Sunday,25,2,2024
Aniyah Taylor,29605,Fisk,8.825,9.625,,8.95,Sunday,25,2,2024
Anne Challman,29605,New Hampshire,,,9.775,,Sunday,25,2,2024
Audrey Arnold,29605,Southern Conn.,9.7,,,,Sunday,25,2,2024
Ava Kelly,29605,Southern Conn.,,,9.7,9.675,Sunday,25,2,2024
Breyana Daniels,29605,Fisk,,,,9.525,Sunday,25,2,2024
Brianna Dorr,29605,Southern Conn.,,,,9.675,Sunday,25,2,2024
Ciniah Rosby,29605,Fisk,9.45,9.675,9.475,9.65,Sunday,25,2,2024
Emiley Kahl,29605,Southern Conn.,,9.425,,,Sunday,25,2,2024
Emma Tucker,29605,Rhode Island College,,9.75,9.7,9.725,Sunday,25,2,2024
Erica Beyer,29605,Southern Conn.,,,9.05,,Sunday,25,2,2024
Gabriela Dinisoe,29605,Southern Conn.,9.7,9.55,,,Sunday,25,2,2024
Gianna Graver,29605,New Hampshire,9.75,,,,Sunday,25,2,2024
Gigi Mastellone,29605,Southern Conn.,9.85,,,,Sunday,25,2,2024
Gwen Ockerbloom,29605,New Hampshire,,9.85,,,Sunday,25,2,2024
Hanna Zebdi,29605,Southern Conn.,,,9.575,,Sunday,25,2,2024
Ivy Jimenez,29605,Rhode Island College,,9.65,,9.425,Sunday,25,2,2024
Jada Reece,29605,Fisk,,,9.65,,Sunday,25,2,2024
Jayci Jordan,29605,Southern Conn.,8.55,,,,Sunday,25,2,2024
Jenna Devincenzo,29605,New Hampshire,9.825,9.175,,9.675,Sunday,25,2,2024
Jessica Nugent,29605,Rhode Island College,,8.925,,,Sunday,25,2,2024
Jolie Carpino,29605,Rhode Island College,9.0,,,,Sunday,25,2,2024
Jordynn Cromartie,29605,Fisk,,,9.35,,Sunday,25,2,2024
Julia Yitts,29605,Rhode Island College,,,9.525,,Sunday,25,2,2024
Kaylei McDonald,29605,Fisk,,8.575,,,Sunday,25,2,2024
Kelsey Gates,29605,Rhode Island College,9.0,8.875,9.775,9.55,Sunday,25,2,2024
Kenadi Brown,29605,New Hampshire,9.775,,9.725,,Sunday,25,2,2024
Kiana Session,29605,Fisk,,,,9.175,Sunday,25,2,2024
Kiara Richmon,29605,Fisk,8.95,,,,Sunday,25,2,2024
Kylie Gorgenyi,29605,New Hampshire,9.925,9.75,9.9,9.9,Sunday,25,2,2024
Kylie Sitty,29605,Southern Conn.,9.6,,,9.775,Sunday,25,2,2024
Leah Moreno,29605,New Hampshire,9.75,,,9.775,Sunday,25,2,2024
Lexi Bracher,29605,Southern Conn.,,,,9.65,Sunday,25,2,2024
Libby Allen,29605,Southern Conn.,,9.725,9.825,9.625,Sunday,25,2,2024
Liberty Mora,29605,Fisk,,9.125,,,Sunday,25,2,2024
Madeline Brandt,29605,Rhode Island College,,,9.525,,Sunday,25,2,2024
Madison Baucom,29605,Fisk,9.425,,,,Sunday,25,2,2024
Maya MacDonald,29605,New Hampshire,,,9.825,9.775,Sunday,25,2,2024
McCall McMullen,29605,New Hampshire,,,,9.7,Sunday,25,2,2024
Morgan Lunn,29605,Rhode Island College,,8.9,9.65,,Sunday,25,2,2024
Morgan Price,29605,Fisk,9.875,9.725,9.85,9.9,Sunday,25,2,2024
Olivia Keyes,29605,Rhode Island College,9.4,9.65,9.85,9.45,Sunday,25,2,2024
Payton Green,29605,Rhode Island College,8.9,,,9.725,Sunday,25,2,2024
Serena Mullin,29605,New Hampshire,,8.95,,9.675,Sunday,25,2,2024
Sierra Bauman,29605,New Hampshire,9.775,9.8,9.725,,Sunday,25,2,2024
Sophia Damiano,29605,Rhode Island College,,,,9.575,Sunday,25,2,2024
Sophia Ruecker,29605,Southern Conn.,9.725,,9.725,9.7,Sunday,25,2,2024
Zyia Coleman,29605,Fisk,9.425,,9.475,,Sunday,25,2,2024
Addie Gallun,29609,UW-Eau Claire,,,9.725,,Sunday,25,2,2024
Alana Anderson,29609,Northern Illinois,,,9.9,,Sunday,25,2,2024
Alana Laster,29609,Illinois State,,,9.85,9.4,Sunday,25,2,2024
Ally Lau,29609,Illinois State,,9.825,,,Sunday,25,2,2024
Alyssa Al-Ashari,29609,Northern Illinois,9.9,9.775,,,Sunday,25,2,2024
Andrea O'Connell,29609,UW-Eau Claire,,,9.9,,Sunday,25,2,2024
Angelica Labat,29609,Illinois State,9.725,9.725,9.875,9.85,Sunday,25,2,2024
Ava Obermoller,29609,UW-Eau Claire,,,,9.475,Sunday,25,2,2024
Avery Tillmanns,29609,Alaska,,,,9.525,Sunday,25,2,2024
Breeann Spain,29609,Alaska,,9.5,,,Sunday,25,2,2024
Brooklyn Kopsack,29609,Alaska,,9.225,,9.55,Sunday,25,2,2024
Brooklynn Einck,29609,UW-Eau Claire,8.55,,,,Sunday,25,2,2024
Cadence Cordova,29609,UW-Eau Claire,,,,9.525,Sunday,25,2,2024
Carly Hawksworth,29609,Illinois State,8.625,,,,Sunday,25,2,2024
Claudia Lessig,29609,Alaska,9.65,9.725,9.7,9.55,Sunday,25,2,2024
Dawsyn Sallee,29609,Northern Illinois,,,9.925,9.85,Sunday,25,2,2024
Emily Leese,29609,UW-Eau Claire,,,9.675,9.45,Sunday,25,2,2024
Emily Walker,29609,Alaska,9.025,,,,Sunday,25,2,2024
Emmalise Nock,29609,Northern Illinois,9.65,,9.9,9.725,Sunday,25,2,2024
Georgia Guynn,29609,UW-Eau Claire,,9.75,,,Sunday,25,2,2024
Hannah Drielick,29609,Northern Illinois,9.675,,,,Sunday,25,2,2024
Harriet Toth,29609,UW-Eau Claire,9.425,9.6,9.875,9.625,Sunday,25,2,2024
Hayley Perkins,29609,Alaska,9.425,,9.75,,Sunday,25,2,2024
Isabella Ross,29609,Northern Illinois,,9.75,9.85,,Sunday,25,2,2024
Isabella Sissi,29609,Northern Illinois,9.825,9.15,9.875,9.825,Sunday,25,2,2024
Jada Niles,29609,Alaska,9.7,9.625,,,Sunday,25,2,2024
Jaye Mack,29609,Illinois State,,,9.95,9.875,Sunday,25,2,2024
Jessica Johnson,29609,Alaska,8.75,9.05,,,Sunday,25,2,2024
Jocelyn Harbeck,29609,Northern Illinois,,,,9.7,Sunday,25,2,2024
Joy Ziegenfelder,29609,Illinois State,,9.7,,,Sunday,25,2,2024
Julia Heiner,29609,Illinois State,9.725,,,,Sunday,25,2,2024
Kaitlyn Donovan,29609,Illinois State,,,9.9,9.75,Sunday,25,2,2024
Kelsey Donovan,29609,UW-Eau Claire,,,9.7,,Sunday,25,2,2024
Kendall George,29609,Northern Illinois,,9.6,,,Sunday,25,2,2024
Kiera O'Shea,29609,Northern Illinois,9.675,,,9.85,Sunday,25,2,2024
Leah Davis,29609,Illinois State,,9.1,9.85,,Sunday,25,2,2024
Linnea Vasali,29609,UW-Eau Claire,,9.675,,,Sunday,25,2,2024
Maddy Murphy,29609,Alaska,,,9.8,9.8,Sunday,25,2,2024
Madelyn Gomez,29609,Alaska,,,9.75,,Sunday,25,2,2024
Madison Daly,29609,UW-Eau Claire,9.25,,,9.65,Sunday,25,2,2024
Madison Kipp,29609,Illinois State,9.15,9.85,,,Sunday,25,2,2024
Meghan Dahlin,29609,UW-Eau Claire,,9.75,,,Sunday,25,2,2024
Mia Oh,29609,Illinois State,,,,9.775,Sunday,25,2,2024
Molly Campbell,29609,UW-Eau Claire,9.35,9.1,9.8,9.575,Sunday,25,2,2024
Montana Fairbairn,29609,Alaska,7.3,9.6,9.825,9.7,Sunday,25,2,2024
Mya Robinson,29609,Illinois State,,9.1,,9.9,Sunday,25,2,2024
Natalia Kraus,29609,Northern Illinois,9.725,,,,Sunday,25,2,2024
Olivia Lynd,29609,Northern Illinois,,9.725,,,Sunday,25,2,2024
Rachel Hettiarachchy,29609,UW-Eau Claire,8.525,,,,Sunday,25,2,2024
Reese Grolla,29609,Illinois State,9.825,,,,Sunday,25,2,2024
Samantha Nickle,29609,Northern Illinois,,9.65,9.875,9.775,Sunday,25,2,2024
Sara Wabi,29609,Illinois State,9.15,,9.85,,Sunday,25,2,2024
Silje Hildebrand,29609,Alaska,,,9.725,9.525,Sunday,25,2,2024
Tia Ravara,29609,UW-Eau Claire,8.725,9.625,,,Sunday,25,2,2024
Amelia Moneymaker,29613,UC Davis,9.75,9.85,9.9,9.775,Sunday,25,2,2024
Anna Holtan,29613,UC Davis,,9.75,9.85,9.6,Sunday,25,2,2024
Ava Scafani,29613,UC Davis,9.075,9.85,,,Sunday,25,2,2024
Ayumi Oshiro,29613,UC Davis,9.65,9.775,4.0,,Sunday,25,2,2024
Devyn Valuch,29613,San Jose State,9.625,9.525,9.8,9.8,Sunday,25,2,2024
Emma Otsu,29613,UC Davis,9.775,9.75,9.775,9.775,Sunday,25,2,2024
Isabella Fitz-Gerald,29613,UC Davis,8.775,,,,Sunday,25,2,2024
Jada Mazury,29613,San Jose State,9.9,,9.925,9.775,Sunday,25,2,2024
Jadyn Wakita,29613,UC Davis,9.75,,,9.75,Sunday,25,2,2024
Jaudai Lopes,29613,San Jose State,9.675,9.75,9.875,9.825,Sunday,25,2,2024
Katherine Weyhmiller,29613,San Jose State,9.75,9.925,,,Sunday,25,2,2024
Keanna Abraham,29613,UC Davis,,9.75,9.925,9.825,Sunday,25,2,2024
Lauren Macpherson,29613,San Jose State,,9.95,9.85,,Sunday,25,2,2024
Madison Kirsch,29613,San Jose State,,9.85,,9.8,Sunday,25,2,2024
Marissa Ashton,29613,San Jose State,,9.875,,,Sunday,25,2,2024
Megan Ray,29613,UC Davis,,,9.85,9.875,Sunday,25,2,2024
Mia Nelson,29613,San Jose State,,,9.775,9.875,Sunday,25,2,2024
Mikaela Pitts,29613,San Jose State,,,,9.775,Sunday,25,2,2024
Natasha Forrand,29613,San Jose State,,,9.825,,Sunday,25,2,2024
Olivia Reardon,29613,San Jose State,9.825,,,,Sunday,25,2,2024
Sophia Konieczny,29613,San Jose State,9.75,,,,Sunday,25,2,2024
Alex Irvine,29615,UCLA,,,,9.75,Sunday,25,2,2024
Andi Li,29615,California,9.925,9.875,,,Sunday,25,2,2024
Brooklyn Moors,29615,UCLA,,,9.8,,Sunday,25,2,2024
Chae Campbell,29615,UCLA,9.95,9.925,,9.75,Sunday,25,2,2024
Ella Cesario,29615,California,9.875,9.85,9.9,9.85,Sunday,25,2,2024
Emily Lee,29615,UCLA,,9.95,9.9,9.9,Sunday,25,2,2024
Emma Andres,29615,UCLA,,9.825,9.925,,Sunday,25,2,2024
Frida Esparza,29615,UCLA,9.95,9.9,,,Sunday,25,2,2024
Gabby Perea,29615,California,9.95,9.925,,,Sunday,25,2,2024
Jayden Silvers,29615,California,,,,9.875,Sunday,25,2,2024
Jordan Kane,29615,California,,,9.925,,Sunday,25,2,2024
Katelyn Rosen,29615,UCLA,9.9,9.825,9.925,9.875,Sunday,25,2,2024
Kyen Mayhew,29615,California,,,9.925,9.8,Sunday,25,2,2024
Madelyn Williams,29615,California,9.95,9.95,9.875,9.825,Sunday,25,2,2024
Madisyn Anyimi,29615,UCLA,9.825,,,,Sunday,25,2,2024
Margzetta Frazier,29615,UCLA,9.825,,,,Sunday,25,2,2024
Mya Lauzon,29615,California,9.875,10.0,9.925,9.9,Sunday,25,2,2024
Nya Reed,29615,UCLA,,,9.95,9.8,Sunday,25,2,2024
Selena Harris-Miranda,29615,UCLA,9.95,9.85,9.925,9.8,Sunday,25,2,2024
eMjae Frazier,29615,California,9.95,9.975,10.0,9.9,Sunday,25,2,2024
Abby Mitchell,29617,UW-La Crosse,,,,9.475,Sunday,25,2,2024
Alex Wood,29617,UW-La Crosse,,,,9.55,Sunday,25,2,2024
Alia Wilson,29617,UW-Stout,9.35,,,,Sunday,25,2,2024
Anna Mielke,29617,UW-Stout,,,9.75,9.5,Sunday,25,2,2024
Ashlyn Barker,29617,UW-La Crosse,9.425,,,,Sunday,25,2,2024
Ashtyn Gagner,29617,UW-Stout,,9.625,9.6,9.35,Sunday,25,2,2024
Caelen Lansing,29617,UW-La Crosse,,,9.7,,Sunday,25,2,2024
Claire Robbins,29617,UW-La Crosse,,9.725,9.65,,Sunday,25,2,2024
Claudia Walter,29617,UW-La Crosse,8.275,,,,Sunday,25,2,2024
Effie Ferguson,29617,UW-Stout,9.6,9.475,9.5,,Sunday,25,2,2024
Elizabeth Janssen,29617,UW-La Crosse,9.0,,,,Sunday,25,2,2024
Genevieve Czaplewski,29617,UW-Stout,,9.175,,,Sunday,25,2,2024
Gillian Cummins,29617,UW-Stout,8.65,9.5,9.725,9.425,Sunday,25,2,2024
Grace Kehr,29617,UW-La Crosse,,,,9.55,Sunday,25,2,2024
Hannah Hautala,29617,UW-La Crosse,,9.525,,,Sunday,25,2,2024
Hunter Matulka,29617,UW-La Crosse,,9.55,9.5,,Sunday,25,2,2024
Isabela Krulich,29617,UW-Stout,,8.4,9.625,,Sunday,25,2,2024
Jensen Dejong,29617,UW-Stout,,,,9.025,Sunday,25,2,2024
Jessica Qualich,29617,UW-Stout,,,,9.35,Sunday,25,2,2024
Jessica Taylor,29617,UW-La Crosse,,,9.675,,Sunday,25,2,2024
Jordan Halcom,29617,UW-La Crosse,,9.4,,,Sunday,25,2,2024
Kiara Brown,29617,UW-Stout,9.525,,,,Sunday,25,2,2024
Kyla Dickson,29617,UW-La Crosse,,9.6,9.35,,Sunday,25,2,2024
Lauren Main,29617,UW-La Crosse,9.5,,,,Sunday,25,2,2024
Lilly Millington,29617,UW-La Crosse,,,,9.625,Sunday,25,2,2024
Molly Rickey,29617,UW-Stout,,,9.475,,Sunday,25,2,2024
Rachel Chesley,29617,UW-La Crosse,9.65,,,9.5,Sunday,25,2,2024
Raina Christenson,29617,UW-La Crosse,,9.7,,,Sunday,25,2,2024
Sarah Best,29617,UW-La Crosse,9.525,,9.575,,Sunday,25,2,2024
Sarah Lutz,29617,UW-Stout,9.325,,,,Sunday,25,2,2024
Sarah Pastore,29617,UW-La Crosse,,,,9.55,Sunday,25,2,2024
Taylar Schaefer,29617,UW-Stout,,9.575,,9.275,Sunday,25,2,2024
Teagan Green,29617,UW-Stout,9.25,,,,Sunday,25,2,2024
Alana Ricketts,29619,LIU,,9.825,9.85,9.85,Sunday,25,2,2024
Alina Danilchenko,29619,LIU,,,,9.625,Sunday,25,2,2024
Annalisa Page,29619,LIU,9.8,,9.725,9.775,Sunday,25,2,2024
Brisa Carraro,29619,LIU,9.95,9.625,,,Sunday,25,2,2024
Cael Bixler,29619,LIU,,9.975,,9.575,Sunday,25,2,2024
Charniya Brown,29619,Bowling Green,9.65,,,,Sunday,25,2,2024
Elise Brzoska,29619,Bowling Green,,9.8,,,Sunday,25,2,2024
Ella Barrington,29619,LIU,,,9.8,,Sunday,25,2,2024
Emily Castiglia,29619,Bowling Green,,9.85,,,Sunday,25,2,2024
Isabella Rivelli,29619,Bowling Green,9.825,,,,Sunday,25,2,2024
Kady Bills-McCoy,29619,LIU,,8.0,,,Sunday,25,2,2024
Kathryn Weilbacher,29619,Bowling Green,9.875,9.85,9.925,9.85,Sunday,25,2,2024
Keira Thornton,29619,Bowling Green,9.725,,9.875,9.7,Sunday,25,2,2024
Kira Sanchez,29619,LIU,8.85,,9.775,,Sunday,25,2,2024
Lauren Bannister,29619,Bowling Green,,,9.75,9.725,Sunday,25,2,2024
Lauren Miller,29619,LIU,9.75,,9.875,9.475,Sunday,25,2,2024
Logan Hinson,29619,LIU,9.7,,,,Sunday,25,2,2024
Love Akpan,29619,Bowling Green,,9.8,9.775,9.8,Sunday,25,2,2024
Madison Coburn,29619,Bowling Green,,,9.8,9.725,Sunday,25,2,2024
Megan Bingham,29619,Bowling Green,9.7,9.875,,9.7,Sunday,25,2,2024
Megan Decious,29619,Bowling Green,,,9.65,,Sunday,25,2,2024
Megan Dzialo,29619,Bowling Green,9.7,,,,Sunday,25,2,2024
Nadia Parente,29619,Bowling Green,,9.8,,,Sunday,25,2,2024
Syd Morris,29619,LIU,9.9,9.825,9.925,9.75,Sunday,25,2,2024
Taylor Doten,29619,LIU,,9.725,,,Sunday,25,2,2024
Abbie Lain,29621,Simpson,7.75,9.3,9.625,9.275,Sunday,25,2,2024
Angelina Smiley,29621,Hamline,7.25,,,,Sunday,25,2,2024
Anna Beaudry,29621,Hamline,9.275,,,,Sunday,25,2,2024
Anna Johnson,29621,Hamline,,,,9.0,Sunday,25,2,2024
Annelise Smaby,29621,Hamline,8.875,,9.25,,Sunday,25,2,2024
Annika Cole,29621,Simpson,8.875,,9.675,,Sunday,25,2,2024
Baily Tessena,29621,Simpson,,9.425,,,Sunday,25,2,2024
Bella Dix,29621,Simpson,8.65,8.8,9.625,9.3,Sunday,25,2,2024
Brianna Weikel,29621,Hamline,9.35,9.6,9.55,,Sunday,25,2,2024
Britney Krumrei,29621,Hamline,,,,9.25,Sunday,25,2,2024
Brooke Reardon,29621,Hamline,,9.5,,,Sunday,25,2,2024
Brooklen Morgan,29621,Simpson,,9.45,9.125,9.325,Sunday,25,2,2024
Cailey Price,29621,Hamline,,,,9.225,Sunday,25,2,2024
Caledonia Norton,29621,Hamline,7.825,,,,Sunday,25,2,2024
Catelyn Zack,29621,Hamline,,,9.05,,Sunday,25,2,2024
Chloe Radmer,29621,Simpson,,8.925,,,Sunday,25,2,2024
Emma Charles,29621,Simpson,8.5,,,,Sunday,25,2,2024
Hannah Lemon,29621,Hamline,,9.1,,,Sunday,25,2,2024
Izzy Brown,29621,Simpson,,,8.8,,Sunday,25,2,2024
Julia Cheely,29621,Hamline,8.925,9.275,,9.45,Sunday,25,2,2024
Kaelyn Tally,29621,Simpson,,,9.75,9.475,Sunday,25,2,2024
Kaitlyn Morgan,29621,Hamline,,9.4,,,Sunday,25,2,2024
Kaylee Paige,29621,Simpson,8.65,,,,Sunday,25,2,2024
Laurel Raymond,29621,Hamline,,8.625,9.25,9.325,Sunday,25,2,2024
Meighan White,29621,Hamline,,,9.025,8.525,Sunday,25,2,2024
Nicola Catchpole,29621,Simpson,,,,9.0,Sunday,25,2,2024
Olivia Short,29621,Simpson,,8.775,,,Sunday,25,2,2024
Sydney Stoenner,29621,Hamline,,,9.275,,Sunday,25,2,2024
Winter Poolaw,29621,Simpson,8.825,,,9.325,Sunday,25,2,2024
Abigayle Martin,29623,Arizona,9.85,9.9,9.825,9.7,Sunday,25,2,2024
Ainsley Greever,29623,Arizona,,,,9.75,Sunday,25,2,2024
Alysen Fears,29623,Arizona,9.875,9.775,9.875,9.85,Sunday,25,2,2024
Ariana Young,29623,Oregon State,,9.075,9.675,,Sunday,25,2,2024
Caroline Herry,29623,Arizona,,9.875,9.9,9.675,Sunday,25,2,2024
Elena Deets,29623,Arizona,9.825,9.925,9.875,,Sunday,25,2,2024
Emily Mueller,29623,Arizona,9.825,9.85,9.825,,Sunday,25,2,2024
Emma Strom,29623,Arizona,,9.875,9.775,9.825,Sunday,25,2,2024
Jade Carey,29623,Oregon State,9.975,9.975,9.925,9.875,Sunday,25,2,2024
Jennifer McMillan,29623,Oregon State,9.925,9.8,,,Sunday,25,2,2024
Kaitlin Garcia,29623,Oregon State,,,9.85,9.275,Sunday,25,2,2024
Karlie Chavez,29623,Oregon State,,,,9.775,Sunday,25,2,2024
Natalie Briones,29623,Oregon State,9.85,,9.825,9.875,Sunday,25,2,2024
Olivia Buckner,29623,Oregon State,,9.8,,,Sunday,25,2,2024
Sage Thompson,29623,Oregon State,9.925,9.8,8.85,9.775,Sunday,25,2,2024
Sophia Esposito,29623,Oregon State,9.775,9.85,9.85,9.9,Sunday,25,2,2024
Sophie Derr,29623,Arizona,8.975,,,,Sunday,25,2,2024
Taylor DeVries,29623,Oregon State,9.85,,,,Sunday,25,2,2024
Tirzah Wise,29623,Arizona,9.875,,,9.75,Sunday,25,2,2024
Alexis Ortega,29625,North Carolina State,9.875,9.8,,9.775,Sunday,25,2,2024
Arayah Simons,29625,Pittsburgh,9.85,8.425,,9.8,Sunday,25,2,2024
Ashley Knight,29625,North Carolina State,,,9.8,9.875,Sunday,25,2,2024
Chloe Negrete,29625,North Carolina State,,9.9,9.875,9.825,Sunday,25,2,2024
Ciara Ward,29625,Pittsburgh,,,9.825,9.75,Sunday,25,2,2024
Emily Shepard,29625,North Carolina State,9.95,9.825,9.875,9.85,Sunday,25,2,2024
Emily Todd,29625,Pittsburgh,9.7,,,,Sunday,25,2,2024
Faith Lerro,29625,Pittsburgh,9.8,,,,Sunday,25,2,2024
Hallie Copperwheat,29625,Pittsburgh,,9.875,9.875,,Sunday,25,2,2024
Jah'Liyah Bedminster,29625,Pittsburgh,9.75,,9.9,9.7,Sunday,25,2,2024
Jordyn Ewing,29625,Pittsburgh,9.85,,9.875,,Sunday,25,2,2024
Julie Madso,29625,Pittsburgh,,9.6,,9.8,Sunday,25,2,2024
Kailee Adomaites,29625,North Carolina State,9.775,,,,Sunday,25,2,2024
Katie Harper,29625,North Carolina State,9.85,9.875,,,Sunday,25,2,2024
Katya Edwards,29625,North Carolina State,,,9.85,,Sunday,25,2,2024
Kaylee Larson,29625,Pittsburgh,,,9.775,,Sunday,25,2,2024
Kendall Foy,29625,Pittsburgh,,8.95,,,Sunday,25,2,2024
Kennedy Duke,29625,Pittsburgh,,9.7,9.825,9.775,Sunday,25,2,2024
Krista Zultevicz,29625,North Carolina State,,,9.825,9.825,Sunday,25,2,2024
Macy Jennings,29625,North Carolina State,,9.0,,,Sunday,25,2,2024
Maddie Hall,29625,North Carolina State,,,9.65,9.75,Sunday,25,2,2024
Madeline Reid,29625,North Carolina State,9.85,,,,Sunday,25,2,2024
Meg Adler,29625,North Carolina State,,9.775,,,Sunday,25,2,2024
Peyton Childs,29625,North Carolina State,9.7,,,,Sunday,25,2,2024
Reyna Garvey,29625,Pittsburgh,9.775,9.8,,,Sunday,25,2,2024
Shruthi Anand,29625,Pittsburgh,,,,9.825,Sunday,25,2,2024
Abigail Kenney,29627,Bridgeport,9.525,9.825,9.75,9.775,Monday,26,2,2024
Amy Foret,29627,Centenary College,,8.425,,9.6,Monday,26,2,2024
Brooke Murdock,29627,Centenary College,,9.625,9.4,,Monday,26,2,2024
Catherine Aucoin,29627,Bridgeport,8.9,,,,Monday,26,2,2024
Claire Flores,29627,Centenary College,9.55,,9.5,,Monday,26,2,2024
Emily Hernandez,29627,Bridgeport,9.825,,,9.6,Monday,26,2,2024
Emily McClung,29627,Centenary College,,,,9.3,Monday,26,2,2024
Emily Turner,29627,Bridgeport,,9.125,,,Monday,26,2,2024
Emma Lavelle,29627,Centenary College,8.85,9.125,,,Monday,26,2,2024
Hannah Barry,29627,Bridgeport,,9.65,,,Monday,26,2,2024
Isabel Plaza,29627,Centenary College,9.4,,9.45,9.5,Monday,26,2,2024
Kendall Huff,29627,Centenary College,,,9.325,9.6,Monday,26,2,2024
Kieran Ross,29627,Bridgeport,,,9.675,9.575,Monday,26,2,2024
Lacey Wedge,29627,Centenary College,,,9.8,9.45,Monday,26,2,2024
Lola Sepulveda,29627,Bridgeport,9.65,9.625,9.8,9.775,Monday,26,2,2024
Margaret Coyle,29627,Bridgeport,,,9.625,,Monday,26,2,2024
Molly McAleavey,29627,Bridgeport,,9.3,,,Monday,26,2,2024
Mylia Vidtor,29627,Centenary College,,9.525,,,Monday,26,2,2024
Nova Staruk,29627,Bridgeport,,,9.7,9.475,Monday,26,2,2024
Olivia Imbarlina,29627,Bridgeport,9.4,9.7,,,Monday,26,2,2024
Olivia Williams,29627,Centenary College,9.375,,9.675,,Monday,26,2,2024
Roxanne Myers,29627,Centenary College,8.85,,,,Monday,26,2,2024
Rylie Molina,29627,Centenary College,,8.925,,,Monday,26,2,2024
Samantha Nokes,29627,Bridgeport,9.7,,,,Monday,26,2,2024
Sophie Schmitz,29627,Centenary College,9.725,8.65,,9.325,Monday,26,2,2024
Tamyra Singletary,29627,Bridgeport,,,9.675,9.5,Monday,26,2,2024
Alex Routsis,29629,Southern Utah,9.8,,,,Monday,26,2,2024
Aly Coutu,29629,Southern Utah,,9.775,,,Monday,26,2,2024
Alyssa Fernandez,29629,Southern Utah,,9.9,9.8,,Monday,26,2,2024
Anna Hartley,29629,Southern Utah,,9.675,,,Monday,26,2,2024
Aubri Schwartze,29629,Southern Utah,9.9,,,,Monday,26,2,2024
Brinlee Christensen,29629,Southern Utah,9.8,,9.8,9.75,Monday,26,2,2024
Ella Schell,29629,Iowa State,9.825,,,,Monday,26,2,2024
Ellie Cacciola,29629,Southern Utah,,9.775,9.85,9.85,Monday,26,2,2024
Emilie Hong,29629,Iowa State,,,9.825,9.625,Monday,26,2,2024
Hannah Loyim,29629,Iowa State,9.8,9.75,9.825,9.65,Monday,26,2,2024
Isabella Neff,29629,Southern Utah,9.825,,,,Monday,26,2,2024
Josie Bergstrom-Te Slaa,29629,Iowa State,,9.85,,9.75,Monday,26,2,2024
Kaia Parker,29629,Iowa State,,,9.7,9.725,Monday,26,2,2024
Kayla Pardue,29629,Southern Utah,,,9.825,9.875,Monday,26,2,2024
Kennedi McClain,29629,Southern Utah,,9.9,,9.775,Monday,26,2,2024
Laura Cooke,29629,Iowa State,9.825,,,,Monday,26,2,2024
Lauren O'Brochta,29629,Iowa State,,9.725,,,Monday,26,2,2024
Lauren Thomas,29629,Iowa State,9.65,9.7,,,Monday,26,2,2024
Loganne Basuel,29629,Iowa State,9.8,,,,Monday,26,2,2024
Madelyn Manternach,29629,Iowa State,,,9.85,,Monday,26,2,2024
Niya Randolph,29629,Southern Utah,9.875,9.6,9.925,9.8,Monday,26,2,2024
Noelle Adams,29629,Iowa State,,9.925,9.875,9.875,Monday,26,2,2024
Paige Wills,29629,Iowa State,9.45,,,9.7,Monday,26,2,2024
Rachel Wilke,29629,Iowa State,,9.775,9.7,,Monday,26,2,2024
Taylor Gull,29629,Southern Utah,,,9.725,,Monday,26,2,2024
Trista Goodman,29629,Southern Utah,9.725,,,9.775,Monday,26,2,2024
Abby Mitchell,29631,UW-La Crosse,,,,9.575,Thursday,29,2,2024
Aleah Radojevich,29631,UW-Oshkosh,,,9.8,,Thursday,29,2,2024
Alex Wood,29631,UW-La Crosse,,,,9.675,Thursday,29,2,2024
Alia Wilson,29631,UW-Stout,8.55,,,,Thursday,29,2,2024
Amaya McConkay,29631,UW-Oshkosh,9.525,,,9.6,Thursday,29,2,2024
Anna Mielke,29631,UW-Stout,,,9.775,9.775,Thursday,29,2,2024
Anna Zoromski,29631,UW-Oshkosh,,9.675,,9.55,Thursday,29,2,2024
Ashlyn Barker,29631,UW-La Crosse,8.825,,,,Thursday,29,2,2024
Ashtyn Gagner,29631,UW-Stout,,9.675,9.35,9.425,Thursday,29,2,2024
Audrey Koester,29631,UW-Oshkosh,,,,8.95,Thursday,29,2,2024
Caelen Lansing,29631,UW-La Crosse,,,9.075,,Thursday,29,2,2024
Claire Robbins,29631,UW-La Crosse,,9.675,9.8,,Thursday,29,2,2024
Claudia Walter,29631,UW-La Crosse,9.275,,,,Thursday,29,2,2024
Delaney Cienkus,29631,UW-Oshkosh,,9.65,9.8,,Thursday,29,2,2024
Effie Ferguson,29631,UW-Stout,8.775,9.7,9.7,,Thursday,29,2,2024
Elizabeth Janssen,29631,UW-La Crosse,9.4,,,,Thursday,29,2,2024
Ella Hemker,29631,UW-Stout,,,,9.5,Thursday,29,2,2024
Emily Buffington,29631,UW-Oshkosh,9.725,9.25,9.725,9.45,Thursday,29,2,2024
Genevieve Czaplewski,29631,UW-Stout,,9.65,,,Thursday,29,2,2024
Gillian Cummins,29631,UW-Stout,9.225,9.5,9.625,9.375,Thursday,29,2,2024
Grace Kehr,29631,UW-La Crosse,,,,9.625,Thursday,29,2,2024
Hannah Hautala,29631,UW-La Crosse,,9.2,,,Thursday,29,2,2024
Hunter Matulka,29631,UW-La Crosse,,9.675,,,Thursday,29,2,2024
Isabela Krulich,29631,UW-Stout,,9.3,9.7,,Thursday,29,2,2024
Jay Ratkowski,29631,UW-Oshkosh,,,9.8,,Thursday,29,2,2024
Jessica Qualich,29631,UW-Stout,,,9.475,9.525,Thursday,29,2,2024
Jessica Taylor,29631,UW-La Crosse,,,9.75,,Thursday,29,2,2024
Jordan Halcom,29631,UW-La Crosse,,9.675,,,Thursday,29,2,2024
Kaylie Berens,29631,UW-Oshkosh,9.7,9.425,,,Thursday,29,2,2024
Kiara Brown,29631,UW-Stout,9.425,,,,Thursday,29,2,2024
Kyla Dickson,29631,UW-La Crosse,,9.725,9.7,,Thursday,29,2,2024
Lauren Main,29631,UW-La Crosse,8.675,,,,Thursday,29,2,2024
Lilly Millington,29631,UW-La Crosse,,,,9.7,Thursday,29,2,2024
Liz Romano,29631,UW-Oshkosh,,9.8,,,Thursday,29,2,2024
Lydia Hayden,29631,UW-Oshkosh,9.575,9.55,,,Thursday,29,2,2024
Mia Lucero,29631,UW-Oshkosh,,,9.775,9.7,Thursday,29,2,2024
Paige Breckwoldt,29631,UW-La Crosse,,,,9.625,Thursday,29,2,2024
Rachel Chesley,29631,UW-La Crosse,9.75,,9.6,9.6,Thursday,29,2,2024
Raina Christenson,29631,UW-La Crosse,,9.45,,,Thursday,29,2,2024
Reanna McGibboney,29631,UW-Oshkosh,9.65,,9.75,9.65,Thursday,29,2,2024
Samantha Zeilinger,29631,UW-Oshkosh,9.6,,,,Thursday,29,2,2024
Sarah Best,29631,UW-La Crosse,9.625,,9.675,,Thursday,29,2,2024
Sarah Lutz,29631,UW-Stout,8.45,,,,Thursday,29,2,2024
Taylar Schaefer,29631,UW-Stout,,9.425,,9.675,Thursday,29,2,2024
Teagan Green,29631,UW-Stout,9.2,,,,Thursday,29,2,2024
Alex Irvine,29634,UCLA,,,9.75,9.775,Friday,1,3,2024
Amanda Zeng,29634,Stanford,,,,9.725,Friday,1,3,2024
Anna Roberts,29634,Stanford,9.825,,,9.825,Friday,1,3,2024
Brenna Neault,29634,Stanford,9.775,9.85,9.85,9.825,Friday,1,3,2024
Chae Campbell,29634,UCLA,9.875,9.875,,9.9,Friday,1,3,2024
Chloe Lashbrooke,29634,UCLA,,,9.825,,Friday,1,3,2024
Chloe Widner,29634,Stanford,9.9,9.85,9.925,,Friday,1,3,2024
Claire Dean,29634,Stanford,9.8,9.75,9.85,9.8,Friday,1,3,2024
Emily Lee,29634,UCLA,,9.9,9.875,9.85,Friday,1,3,2024
Emma Andres,29634,UCLA,,9.825,9.825,,Friday,1,3,2024
Emma Malabuyo,29634,UCLA,8.675,9.925,,,Friday,1,3,2024
Frida Esparza,29634,UCLA,9.9,,,,Friday,1,3,2024
Ira Alexeeva,29634,Stanford,9.825,9.95,,,Friday,1,3,2024
Katelyn Rosen,29634,UCLA,9.875,9.825,,,Friday,1,3,2024
Madisyn Anyimi,29634,UCLA,,,,9.8,Friday,1,3,2024
Margzetta Frazier,29634,UCLA,9.85,,,,Friday,1,3,2024
Nya Reed,29634,UCLA,,,9.925,9.775,Friday,1,3,2024
Selena Harris-Miranda,29634,UCLA,9.9,9.875,9.825,9.725,Friday,1,3,2024
Sienna Robinson,29634,Stanford,9.825,9.775,9.775,,Friday,1,3,2024
Taralyn Nguyen,29634,Stanford,,9.825,9.875,9.85,Friday,1,3,2024
Victoria Cluck,29634,Stanford,,,9.7,,Friday,1,3,2024
Alexis Castellaneta,29636,Utica,8.5,9.825,9.775,9.85,Friday,1,3,2024
Angelina Merulla,29636,Utica,,,8.675,,Friday,1,3,2024
Cali Czarcinski,29636,Brockport,,9.75,9.725,,Friday,1,3,2024
Christina Troche,29636,Utica,8.275,,9.05,,Friday,1,3,2024
Emma Grace Sargent,29636,Brockport,9.825,,,9.825,Friday,1,3,2024
Grace Marra,29636,Utica,9.1,9.625,9.75,9.575,Friday,1,3,2024
Gracie Weaver,29636,Brockport,,,,9.575,Friday,1,3,2024
Haley Miller,29636,Utica,,9.1,,9.375,Friday,1,3,2024
Jensen Todd,29636,Utica,,9.175,,,Friday,1,3,2024
Joscelyn Wabick,29636,Utica,,,,9.05,Friday,1,3,2024
Kiara Hockman,29636,Brockport,,9.65,,,Friday,1,3,2024
Kirsten Paultre,29636,Brockport,,,9.8,9.475,Friday,1,3,2024
Laken Sooy,29636,Brockport,,9.85,9.825,,Friday,1,3,2024
Lienna Kay,29636,Brockport,9.3,9.8,9.8,9.6,Friday,1,3,2024
Madison Reed,29636,Utica,,9.75,,9.125,Friday,1,3,2024
Maren Eramo,29636,Brockport,9.5,,,9.825,Friday,1,3,2024
Marina DelVecchio,29636,Brockport,9.475,,,,Friday,1,3,2024
Maya Pecoraro,29636,Brockport,,9.775,9.775,,Friday,1,3,2024
Melissa Ainsley Pinkard,29636,Utica,8.45,,,,Friday,1,3,2024
Natalie Galioto,29636,Brockport,,9.85,9.7,9.65,Friday,1,3,2024
Olivia Fragala,29636,Utica,,9.5,,,Friday,1,3,2024
Olivia Rosen,29636,Utica,8.8,,9.3,,Friday,1,3,2024
Rachel Swick,29636,Brockport,9.35,,,,Friday,1,3,2024
Ryli McGorry,29636,Utica,8.575,,8.825,9.475,Friday,1,3,2024
Taylor Bushey,29636,Brockport,9.75,,,,Friday,1,3,2024
Abbie Pierson,29638,West Virginia,7.725,9.425,9.875,9.8,Friday,1,3,2024
Adriana Hoffman,29638,Towson,,,,9.775,Friday,1,3,2024
Alyssa Kramer,29638,Penn State,,,9.875,,Friday,1,3,2024
Amani Herring,29638,Penn State,,9.8,9.825,9.8,Friday,1,3,2024
Amber Lowe,29638,West Virginia,9.825,9.825,9.825,,Friday,1,3,2024
Ashley Maul,29638,Penn State,,9.8,9.775,,Friday,1,3,2024
Ashley Szymanski,29638,Ball State,9.875,9.8,,,Friday,1,3,2024
Ava Piedrahita,29638,Penn State,9.775,9.225,9.825,9.9,Friday,1,3,2024
Bella Salcedo,29638,Penn State,,9.9,9.9,9.825,Friday,1,3,2024
Brissa Portillo,29638,Towson,,9.775,,,Friday,1,3,2024
Brooke Alban,29638,West Virginia,,,9.8,9.7,Friday,1,3,2024
Camille Vitoff,29638,Towson,9.75,,,9.825,Friday,1,3,2024
Carissa Martinez,29638,Ball State,,,9.825,9.775,Friday,1,3,2024
Carmella Calafati,29638,Towson,,,9.75,,Friday,1,3,2024
Clara Hong,29638,Towson,9.75,9.775,,,Friday,1,3,2024
Elise Tisler,29638,Towson,,,9.85,9.975,Friday,1,3,2024
Emma Wehry,29638,West Virginia,9.8,9.725,,9.875,Friday,1,3,2024
Felicia Poblete,29638,Towson,,,,9.875,Friday,1,3,2024
Gabrielle Gallentine,29638,Penn State,9.875,,,,Friday,1,3,2024
Grace Sumner,29638,Ball State,9.825,9.825,,,Friday,1,3,2024
Grace Vaillancourt,29638,Towson,9.875,9.875,9.875,,Friday,1,3,2024
Hannah Ruthberg,29638,Ball State,8.9,9.85,9.85,9.8,Friday,1,3,2024
Isabella Minervini,29638,Towson,9.95,,9.825,,Friday,1,3,2024
Jayden McDonnell,29638,West Virginia,9.75,,,9.7,Friday,1,3,2024
Jenna Weitz,29638,Towson,,9.8,9.8,9.825,Friday,1,3,2024
Jessica Johanson,29638,Penn State,9.775,,,9.825,Friday,1,3,2024
Julia Brown,29638,West Virginia,,9.85,9.8,,Friday,1,3,2024
Jurnee Lane,29638,West Virginia,9.675,9.8,9.825,,Friday,1,3,2024
Kalea McElligott,29638,Penn State,9.775,9.875,9.875,9.85,Friday,1,3,2024
Kiana Lewis,29638,West Virginia,,,9.825,9.9,Friday,1,3,2024
Lauren Greene,29638,Towson,9.75,,,,Friday,1,3,2024
Lauren Keener,29638,Towson,9.8,9.725,,,Friday,1,3,2024
Maddie Johnston,29638,Penn State,9.825,9.875,,9.85,Friday,1,3,2024
Maggie Mace,29638,Penn State,9.075,,,,Friday,1,3,2024
Megan Teter,29638,Ball State,9.775,9.8,9.7,9.725,Friday,1,3,2024
Miranda Smith,29638,West Virginia,9.7,9.725,,,Friday,1,3,2024
Retoshia Halsell,29638,Towson,,,9.9,9.825,Friday,1,3,2024
Sarah Girot,29638,Towson,,9.85,,,Friday,1,3,2024
Sierra Muns,29638,West Virginia,,,,9.7,Friday,1,3,2024
Suki Pfister,29638,Ball State,,,9.2,9.95,Friday,1,3,2024
Victoria Henry,29638,Ball State,9.3,9.7,9.8,9.8,Friday,1,3,2024
Zoe Middleton,29638,Ball State,9.825,9.775,9.875,9.85,Friday,1,3,2024
Abbie Lain,29642,Simpson,,,,9.425,Friday,1,3,2024
Annika Cole,29642,Simpson,8.75,,9.375,,Friday,1,3,2024
Ashley Roth,29642,Winona State,9.325,,,,Friday,1,3,2024
Aspen Peters,29642,Winona State,,,,9.4,Friday,1,3,2024
Baily Tessena,29642,Simpson,,9.175,,,Friday,1,3,2024
Bella Dix,29642,Simpson,8.65,8.4,9.5,9.225,Friday,1,3,2024
Brooklen Morgan,29642,Simpson,,9.3,9.25,9.3,Friday,1,3,2024
Bryce Stoltz,29642,Winona State,9.175,9.05,9.325,9.5,Friday,1,3,2024
Chloe Radmer,29642,Simpson,,8.95,,,Friday,1,3,2024
Courtney Knutson,29642,Winona State,,,9.35,,Friday,1,3,2024
Ellie Sampson,29642,Winona State,9.125,,,,Friday,1,3,2024
Emma Charles,29642,Simpson,8.725,9.65,,9.6,Friday,1,3,2024
Evalyn Resnick,29642,Simpson,9.125,,,,Friday,1,3,2024
Izzy Brown,29642,Simpson,,8.9,8.65,,Friday,1,3,2024
Izzy Kropiwiec,29642,Winona State,,,9.5,9.425,Friday,1,3,2024
Jessisca Miley,29642,Winona State,9.425,7.55,9.55,9.4,Friday,1,3,2024
Kaelyn Duman,29642,Winona State,,9.45,,9.325,Friday,1,3,2024
Kaelyn Tally,29642,Simpson,,,9.425,9.55,Friday,1,3,2024
Kaley Bristow,29642,Simpson,,,8.925,,Friday,1,3,2024
Kaylee Bateman,29642,Winona State,9.1,9.225,,,Friday,1,3,2024
Kaylee Paige,29642,Simpson,9.075,,,,Friday,1,3,2024
Madysen Disekrud,29642,Winona State,,,9.45,9.55,Friday,1,3,2024
Reagan Kelly,29642,Winona State,,8.85,,,Friday,1,3,2024
Taryn Sellner,29642,Winona State,,9.45,9.575,,Friday,1,3,2024
Taylor Magierka,29642,Winona State,9.475,,,,Friday,1,3,2024
Winter Poolaw,29642,Simpson,9.05,,,9.35,Friday,1,3,2024
Addie Gallun,29644,UW-Eau Claire,,,9.65,9.375,Friday,1,3,2024
Andrea O'Connell,29644,UW-Eau Claire,,,9.725,,Friday,1,3,2024
Angelina Smiley,29644,Hamline,7.725,,,9.125,Friday,1,3,2024
Anna Beaudry,29644,Hamline,8.575,,,,Friday,1,3,2024
Anna Johnson,29644,Hamline,,,,9.175,Friday,1,3,2024
Annelise Smaby,29644,Hamline,8.225,,8.875,,Friday,1,3,2024
Ava Obermoller,29644,UW-Eau Claire,8.3,,,9.3,Friday,1,3,2024
Brianna Weikel,29644,Hamline,8.35,9.25,9.6,,Friday,1,3,2024
Brooke Reardon,29644,Hamline,,9.3,,,Friday,1,3,2024
Brooklynn Einck,29644,UW-Eau Claire,8.75,,,,Friday,1,3,2024
Cadence Cordova,29644,UW-Eau Claire,,,,9.3,Friday,1,3,2024
Cailey Price,29644,Hamline,,,,9.3,Friday,1,3,2024
Caledonia Norton,29644,Hamline,7.725,,,,Friday,1,3,2024
Catelyn Zack,29644,Hamline,,,9.225,,Friday,1,3,2024
Emily Leese,29644,UW-Eau Claire,,,9.625,9.3,Friday,1,3,2024
Georgia Guynn,29644,UW-Eau Claire,,9.3,,,Friday,1,3,2024
Hannah Lemon,29644,Hamline,,8.225,,,Friday,1,3,2024
Harriet Toth,29644,UW-Eau Claire,9.15,9.35,9.575,9.4,Friday,1,3,2024
Julia Cheely,29644,Hamline,8.35,9.375,,9.375,Friday,1,3,2024
Kaitlyn Morgan,29644,Hamline,,9.25,,,Friday,1,3,2024
Kelsey Donovan,29644,UW-Eau Claire,,,9.4,,Friday,1,3,2024
Laurel Raymond,29644,Hamline,,8.625,9.3,9.175,Friday,1,3,2024
Linnea Vasali,29644,UW-Eau Claire,,9.1,,,Friday,1,3,2024
Madison Daly,29644,UW-Eau Claire,7.85,9.275,,8.75,Friday,1,3,2024
Meghan Dahlin,29644,UW-Eau Claire,,9.65,,,Friday,1,3,2024
Meighan White,29644,Hamline,,,9.15,8.65,Friday,1,3,2024
Molly Campbell,29644,UW-Eau Claire,9.075,,9.65,,Friday,1,3,2024
Sydney Stoenner,29644,Hamline,,,9.35,,Friday,1,3,2024
Tia Ravara,29644,UW-Eau Claire,9.175,9.25,,,Friday,1,3,2024
Audrey Davis,29646,Oklahoma,9.975,9.975,9.9,9.8,Friday,1,3,2024
Ava Jordan,29646,Michigan,,,,9.725,Friday,1,3,2024
Bell Johnson,29646,Oklahoma,,,9.875,,Friday,1,3,2024
Carly Bauman,29646,Michigan,9.9,9.825,,,Friday,1,3,2024
Danielle Sievers,29646,Oklahoma,9.95,,,,Friday,1,3,2024
Faith Torrez,29646,Oklahoma,9.9,9.975,9.9,9.925,Friday,1,3,2024
Gabby Wilson,29646,Michigan,9.875,9.85,9.925,9.825,Friday,1,3,2024
Hannah Scheible,29646,Oklahoma,,,,9.875,Friday,1,3,2024
Haylen Zabrowski,29646,Michigan,9.825,,,,Friday,1,3,2024
Jacey Vore,29646,Michigan,9.875,9.825,,,Friday,1,3,2024
Jenna Mulligan,29646,Michigan,,9.9,9.875,9.775,Friday,1,3,2024
Jordan Bowers,29646,Oklahoma,9.925,9.95,9.95,9.85,Friday,1,3,2024
Katherine LeVasseur,29646,Oklahoma,9.975,9.9,9.925,9.975,Friday,1,3,2024
Keira Wells,29646,Oklahoma,,9.825,,9.9,Friday,1,3,2024
Mccaleigh Marr,29646,Michigan,9.9,,,,Friday,1,3,2024
Paige Thaxton,29646,Michigan,,,9.825,9.725,Friday,1,3,2024
Ragan Smith,29646,Oklahoma,9.9,10.0,9.925,,Friday,1,3,2024
Reyna Guggino,29646,Michigan,,9.85,9.875,9.875,Friday,1,3,2024
Sierra Brooks,29646,Michigan,9.95,9.9,9.925,9.875,Friday,1,3,2024
Alivia Ostendorf,29648,Utah State,,9.65,9.85,9.85,Friday,1,3,2024
Amari Evans,29648,Utah State,9.775,,9.825,,Friday,1,3,2024
Angel Stuart,29648,Utah State,9.825,,9.675,9.575,Friday,1,3,2024
Avery Bibbey,29648,Utah State,9.9,,,,Friday,1,3,2024
Ayla McKean,29648,Air Force,9.875,9.85,9.75,,Friday,1,3,2024
Brianna Brooks,29648,Utah State,9.85,9.45,9.6,9.8,Friday,1,3,2024
Chelsea Boyer,29648,Air Force,9.775,,,,Friday,1,3,2024
Clara Wallace,29648,Air Force,9.675,9.825,9.85,9.625,Friday,1,3,2024
Dani Kirstine,29648,Utah State,,9.5,,,Friday,1,3,2024
Devyn Valuch,29648,San Jose State,,,,9.75,Friday,1,3,2024
Gabriella Hartley,29648,Air Force,,9.7,,9.6,Friday,1,3,2024
Gabriella Meccia,29648,Air Force,,,9.45,9.775,Friday,1,3,2024
Gianna Martyna,29648,Air Force,,,9.85,,Friday,1,3,2024
Jada Mazury,29648,San Jose State,9.875,9.9,9.9,,Friday,1,3,2024
Jaudai Lopes,29648,San Jose State,9.775,9.8,9.875,9.8,Friday,1,3,2024
Jenna Eagles,29648,Utah State,,9.025,9.825,,Friday,1,3,2024
Juliette Boyer,29648,Utah State,9.875,,,9.5,Friday,1,3,2024
Katherine Weyhmiller,29648,San Jose State,9.875,9.85,9.825,,Friday,1,3,2024
Kimberly Kinkade,29648,Air Force,9.7,,,,Friday,1,3,2024
Kylee Greene,29648,Air Force,,9.625,,,Friday,1,3,2024
Lauren Macpherson,29648,San Jose State,9.15,9.825,9.85,9.75,Friday,1,3,2024
Lexi Aragon,29648,Utah State,9.85,9.85,,,Friday,1,3,2024
Madison Carlisle,29648,Air Force,9.825,,,,Friday,1,3,2024
Madison Kirsch,29648,San Jose State,,9.625,,9.85,Friday,1,3,2024
Maggie Slife,29648,Air Force,9.875,9.7,9.875,9.85,Friday,1,3,2024
Marissa Ashton,29648,San Jose State,,9.825,,,Friday,1,3,2024
Mia Nelson,29648,San Jose State,,,9.8,9.8,Friday,1,3,2024
Mikaela Pitts,29648,San Jose State,,,,9.75,Friday,1,3,2024
Natasha Forrand,29648,San Jose State,,,9.75,,Friday,1,3,2024
Nyla Morabito,29648,Utah State,,,9.825,9.8,Friday,1,3,2024
Olivia Reardon,29648,San Jose State,9.7,,,,Friday,1,3,2024
Payton Gatzlaff,29648,Utah State,,,,9.75,Friday,1,3,2024
Sarah Willis,29648,Air Force,,9.775,9.825,9.75,Friday,1,3,2024
Sophia Konieczny,29648,San Jose State,9.825,,,,Friday,1,3,2024
Sydney Jelen,29648,Utah State,,9.775,,,Friday,1,3,2024
Velandra Brochi,29648,Air Force,,,,9.6,Friday,1,3,2024
Alex Routsis,29651,Southern Utah,8.6,,,,Friday,1,3,2024
Alilah Alvarado,29651,BYU,9.8,,,,Friday,1,3,2024
Allix Mason,29651,BYU,9.85,9.7,,9.65,Friday,1,3,2024
Aly Coutu,29651,Southern Utah,,9.75,,,Friday,1,3,2024
Alyssa Fernandez,29651,Southern Utah,,9.875,9.75,,Friday,1,3,2024
Anna Bramblett-Wilde,29651,BYU,9.85,,,,Friday,1,3,2024
Anyssa Alvarado,29651,BYU,9.875,,,,Friday,1,3,2024
Aubri Schwartze,29651,Southern Utah,9.025,,,,Friday,1,3,2024
Brinlee Christensen,29651,Southern Utah,9.8,,9.85,8.95,Friday,1,3,2024
Brynlee Andersen,29651,BYU,,9.8,,,Friday,1,3,2024
Elease Rollins,29651,BYU,,9.85,,9.775,Friday,1,3,2024
Eliza Millar-Crossman,29651,BYU,,9.8,9.55,,Friday,1,3,2024
Ellie Cacciola,29651,Southern Utah,,9.875,9.75,9.775,Friday,1,3,2024
Elliot Bringhurst,29651,Southern Utah,,9.7,,,Friday,1,3,2024
Heidi Schooley-Meyers,29651,BYU,,,9.85,,Friday,1,3,2024
Isabella Neff,29651,Southern Utah,9.825,,,,Friday,1,3,2024
Kayla Pardue,29651,Southern Utah,,,8.95,9.775,Friday,1,3,2024
Kennedi McClain,29651,Southern Utah,,9.8,,9.725,Friday,1,3,2024
Kylie Eaquinto,29651,BYU,9.725,,9.6,9.8,Friday,1,3,2024
Mackenzie Kelly,29651,Southern Utah,,,,9.7,Friday,1,3,2024
Madison Raesly-Patton,29651,BYU,,9.75,,,Friday,1,3,2024
Melissa Earl,29651,BYU,,,,9.8,Friday,1,3,2024
Mina Margraf-Benson,29651,BYU,,9.675,,,Friday,1,3,2024
Niya Randolph,29651,Southern Utah,9.75,9.825,9.875,9.8,Friday,1,3,2024
Olivia Matern,29651,BYU,,,9.775,,Friday,1,3,2024
Sophie Dudley,29651,BYU,,,9.725,9.7,Friday,1,3,2024
Sydney Benson,29651,BYU,9.375,,9.825,9.8,Friday,1,3,2024
Taylor Gull,29651,Southern Utah,,,9.825,,Friday,1,3,2024
Trista Goodman,29651,Southern Utah,9.825,,,,Friday,1,3,2024
Adriana Popp,29653,Boise State,,9.9,,9.85,Friday,1,3,2024
Alyssa Vulaj,29653,Boise State,,9.8,9.875,9.775,Friday,1,3,2024
Amelia Moneymaker,29653,UC Davis,9.775,9.85,9.5,9.775,Friday,1,3,2024
Anna Holtan,29653,UC Davis,,9.775,9.625,9.7,Friday,1,3,2024
Ava Scafani,29653,UC Davis,6.05,9.8,,,Friday,1,3,2024
Blake Pascal,29653,Boise State,,,9.825,,Friday,1,3,2024
Caitlin McWilliams,29653,Washington,,,9.875,,Friday,1,3,2024
Carly Buell,29653,Boise State,9.8,,,,Friday,1,3,2024
Chelsea Hallinan,29653,Washington,,9.2,,,Friday,1,3,2024
Courtney Blackson,29653,Boise State,9.85,,9.95,9.875,Friday,1,3,2024
Deiah Moody,29653,Washington,9.825,9.85,,,Friday,1,3,2024
Elaina McGovern,29653,Boise State,9.75,,9.875,9.775,Friday,1,3,2024
Ella Sirjord,29653,Minnesota,8.9,9.85,,,Friday,1,3,2024
Emily Innes,29653,Washington,,9.8,9.925,9.875,Friday,1,3,2024
Emily Koch,29653,Minnesota,,9.85,9.875,,Friday,1,3,2024
Emily Lopez,29653,Boise State,9.925,9.85,,9.825,Friday,1,3,2024
Emily Pires,29653,Washington,,,9.85,,Friday,1,3,2024
Emma Loyim,29653,Boise State,,9.725,9.95,,Friday,1,3,2024
Emma Otsu,29653,UC Davis,9.725,9.825,9.775,9.825,Friday,1,3,2024
Gianna Gerdes,29653,Minnesota,9.925,9.85,9.925,9.875,Friday,1,3,2024
Isabella Fitz-Gerald,29653,UC Davis,9.8,,,,Friday,1,3,2024
Jadyn Wakita,29653,UC Davis,9.75,,,9.75,Friday,1,3,2024
Jordyn Lyden,29653,Minnesota,9.825,,,,Friday,1,3,2024
Katie Horak,29653,Minnesota,,9.85,,,Friday,1,3,2024
Keanna Abraham,29653,UC Davis,,9.825,9.9,9.35,Friday,1,3,2024
Kristin Lin,29653,Washington,9.775,,,9.75,Friday,1,3,2024
Kylee Hamby,29653,Boise State,9.65,,,,Friday,1,3,2024
Lana Navarro,29653,Washington,,9.875,9.875,9.875,Friday,1,3,2024
Lauren Pearl,29653,Minnesota,,9.85,9.95,9.875,Friday,1,3,2024
Lilly Tubbs,29653,Washington,9.875,,,9.825,Friday,1,3,2024
Mahleea Werline,29653,Boise State,9.775,,,,Friday,1,3,2024
Marisa Laird,29653,UC Davis,9.725,,,,Friday,1,3,2024
Marissa Jencks,29653,Minnesota,9.775,,9.85,9.825,Friday,1,3,2024
Mary McDonough,29653,Washington,,,,9.825,Friday,1,3,2024
Megan Ray,29653,UC Davis,,8.975,9.825,9.9,Friday,1,3,2024
Mya Hooten,29653,Minnesota,8.925,,9.95,9.925,Friday,1,3,2024
Nandhini Senthil,29653,UC Davis,,,9.05,,Friday,1,3,2024
Olivia Oppegard,29653,Washington,9.85,,,,Friday,1,3,2024
Sarah Moraw,29653,Minnesota,,9.875,,9.725,Friday,1,3,2024
Seria Johnson,29653,Minnesota,,,9.9,,Friday,1,3,2024
Skylar Killough-Wilhelm,29653,Washington,9.9,9.875,9.95,9.825,Friday,1,3,2024
Sophia Nguyen,29653,Minnesota,9.775,,,9.825,Friday,1,3,2024
Sydney Kho,29653,Boise State,,9.8,,9.75,Friday,1,3,2024
Sydney Leitch,29653,Boise State,,9.75,9.875,,Friday,1,3,2024
Taylor Russon,29653,Washington,9.8,9.85,9.775,,Friday,1,3,2024
Ady Wahl,29656,Georgia,9.875,,9.6,9.95,Friday,1,3,2024
Anya Turner,29656,Georgia,,9.925,,,Friday,1,3,2024
Aria Brusch,29656,Auburn,9.825,9.8,9.85,,Friday,1,3,2024
Ashlyn LaClair,29656,Georgia,,,9.9,9.775,Friday,1,3,2024
Cassie Stevens,29656,Auburn,9.75,9.225,9.85,9.875,Friday,1,3,2024
Emma Grace Boyd,29656,Auburn,9.825,,,,Friday,1,3,2024
Eryn Williams,29656,Georgia,,,9.85,,Friday,1,3,2024
Gabby McLaughlin,29656,Auburn,,9.925,9.725,,Friday,1,3,2024
Hannah Hagle,29656,Auburn,,,9.85,,Friday,1,3,2024
Holly Snyder,29656,Georgia,9.925,,9.875,,Friday,1,3,2024
Ja' Free Scott,29656,Georgia,9.925,9.9,,9.85,Friday,1,3,2024
Jaydah Battle,29656,Georgia,,9.925,,9.825,Friday,1,3,2024
Julianne Huff,29656,Auburn,,,,9.775,Friday,1,3,2024
Katie Finnegan,29656,Georgia,9.825,,,9.85,Friday,1,3,2024
Lily Smith,29656,Georgia,9.85,9.8,9.95,9.825,Friday,1,3,2024
Naya Howard,29656,Georgia,9.75,9.85,,,Friday,1,3,2024
Olivia Greaves,29656,Auburn,9.9,,,,Friday,1,3,2024
Olivia Hollingsworth,29656,Auburn,9.825,9.85,9.925,9.725,Friday,1,3,2024
Paige Zancan,29656,Auburn,,9.825,,9.9,Friday,1,3,2024
Sara Hubbard,29656,Auburn,,,,9.75,Friday,1,3,2024
Sidney Fitzgerald,29656,Georgia,,,9.875,,Friday,1,3,2024
Sophia Groth,29656,Auburn,9.8,9.925,9.875,,Friday,1,3,2024
Sydney Schumaker,29656,Auburn,,,,9.75,Friday,1,3,2024
Zora Morgan,29656,Georgia,,9.75,,,Friday,1,3,2024
Adriana Bustelo,29658,Central Michigan,9.525,9.225,,,Friday,1,3,2024
Alexa Rothenbuescher,29658,Maryland,9.775,,9.875,9.775,Friday,1,3,2024
Anneliese Silverman,29658,George Washington,9.575,9.85,9.8,9.8,Friday,1,3,2024
Ascha Laird,29658,William & Mary,9.525,,,,Friday,1,3,2024
Ashley Veglucci,29658,Central Michigan,9.75,9.725,9.85,,Friday,1,3,2024
Brooke Izzo,29658,George Washington,,9.65,,,Friday,1,3,2024
Caroline Blatchford,29658,William & Mary,9.8,9.75,,9.55,Friday,1,3,2024
Catherine Bare,29658,William & Mary,9.7,,,,Friday,1,3,2024
Deana Sheremeta,29658,George Washington,,,9.85,,Friday,1,3,2024
Delaney DeHaan,29658,George Washington,9.75,,,,Friday,1,3,2024
Elizabeth Buttle,29658,Central Michigan,,,9.85,,Friday,1,3,2024
Elizabeth Cesarone,29658,Central Michigan,,,9.725,9.85,Friday,1,3,2024
Emma Silberman,29658,Maryland,9.85,9.85,,9.775,Friday,1,3,2024
Grace Costello,29658,William & Mary,,9.125,9.6,9.675,Friday,1,3,2024
Hallie Hornbacher,29658,Central Michigan,,,9.9,,Friday,1,3,2024
Hannah Burke,29658,William & Mary,,,9.7,9.675,Friday,1,3,2024
Jenna Germond,29658,Central Michigan,9.8,,,9.75,Friday,1,3,2024
Josephine Kogler,29658,Maryland,,9.9,,9.85,Friday,1,3,2024
Karina Lankamer,29658,Central Michigan,,9.825,,,Friday,1,3,2024
Kasey Burke,29658,George Washington,,,9.8,9.875,Friday,1,3,2024
Kendall Whitman,29658,George Washington,9.5,9.825,9.925,9.825,Friday,1,3,2024
Layla Hammer,29658,Maryland,,9.05,,,Friday,1,3,2024
Luciana Alvarado-Reid,29658,Central Michigan,9.85,9.875,9.175,9.8,Friday,1,3,2024
Maddie Komoroski,29658,Maryland,,9.925,9.8,,Friday,1,3,2024
Madeline Frazier,29658,William & Mary,,9.825,9.7,,Friday,1,3,2024
Marlee York,29658,George Washington,,,9.775,9.775,Friday,1,3,2024
Maya Peters,29658,George Washington,8.825,9.925,,,Friday,1,3,2024
Melanie Faulkner,29658,William & Mary,,9.0,9.65,,Friday,1,3,2024
Michelle Ngo,29658,William & Mary,,9.65,9.75,9.5,Friday,1,3,2024
Nancy Kiner,29658,George Washington,,9.825,,,Friday,1,3,2024
Natalie Martin,29658,Maryland,,9.825,9.875,9.7,Friday,1,3,2024
Olivia Weir,29658,Maryland,,,,9.775,Friday,1,3,2024
Payton Lynch,29658,George Washington,,,9.8,,Friday,1,3,2024
Quinn Skrupa,29658,Central Michigan,9.625,9.65,9.7,9.65,Friday,1,3,2024
Rachel Katz,29658,George Washington,9.725,,,9.85,Friday,1,3,2024
Rhea Leblanc,29658,Maryland,9.8,,9.75,,Friday,1,3,2024
Samantha Gilbert,29658,Maryland,,,9.825,,Friday,1,3,2024
Samantha Shannon,29658,Central Michigan,9.8,9.65,,9.75,Friday,1,3,2024
Sarah Kuper,29658,William & Mary,9.65,9.65,,9.75,Friday,1,3,2024
Sarah Wozniak,29658,William & Mary,9.65,,,,Friday,1,3,2024
Sarah Zois,29658,George Washington,,9.75,,9.9,Friday,1,3,2024
Sierra Kondo,29658,Maryland,9.75,,,,Friday,1,3,2024
Sofia Huang,29658,William & Mary,,,,9.675,Friday,1,3,2024
Sophia Tyeryar,29658,George Washington,9.525,,,,Friday,1,3,2024
Sophie Chandler,29658,William & Mary,,,9.6,,Friday,1,3,2024
Tasha Brozowski,29658,Maryland,9.775,,,,Friday,1,3,2024
Taylor Rech,29658,Maryland,,,9.825,9.775,Friday,1,3,2024
Tori Sipes,29658,William & Mary,9.675,,,,Friday,1,3,2024
Victoria Gatzendorfer,29658,Maryland,9.275,9.75,,,Friday,1,3,2024
Zoie Pelfrey,29658,Central Michigan,,,,9.725,Friday,1,3,2024
Alyssa Beaulieu,29662,New Hampshire,,9.65,9.825,,Friday,1,3,2024
Anne Challman,29662,New Hampshire,,,9.775,,Friday,1,3,2024
Baleigh Garcia,29662,Michigan State,,9.9,,,Friday,1,3,2024
Delanie Harkness,29662,Michigan State,9.875,,9.925,,Friday,1,3,2024
Elle Beaufait,29662,Michigan State,,,9.875,,Friday,1,3,2024
Gabi Ortiz,29662,Michigan State,,9.825,,,Friday,1,3,2024
Gabrielle Stephen,29662,Michigan State,9.825,9.8,9.825,9.875,Friday,1,3,2024
Giana Kalefe,29662,Michigan State,,9.9,,,Friday,1,3,2024
Gianna Graver,29662,New Hampshire,9.725,,,,Friday,1,3,2024
Gwen Ockerbloom,29662,New Hampshire,,9.8,,,Friday,1,3,2024
Jenna Devincenzo,29662,New Hampshire,9.85,9.85,,9.7,Friday,1,3,2024
Kenadi Brown,29662,New Hampshire,9.75,,9.775,,Friday,1,3,2024
Kylie Gorgenyi,29662,New Hampshire,9.825,9.175,9.85,9.825,Friday,1,3,2024
Leah Moreno,29662,New Hampshire,9.75,,,9.825,Friday,1,3,2024
MaKayla Tucker,29662,Michigan State,,9.85,9.925,9.875,Friday,1,3,2024
Maya MacDonald,29662,New Hampshire,,,8.95,9.625,Friday,1,3,2024
McCall McMullen,29662,New Hampshire,,,,9.7,Friday,1,3,2024
Nikki Smith,29662,Michigan State,9.8,,,10.0,Friday,1,3,2024
Nyah Smith,29662,Michigan State,,,9.875,,Friday,1,3,2024
Olivia Zsarmani,29662,Michigan State,9.875,,,9.875,Friday,1,3,2024
Sage Kellerman,29662,Michigan State,9.925,,,9.85,Friday,1,3,2024
Serena Mullin,29662,New Hampshire,,9.8,9.825,9.85,Friday,1,3,2024
Sierra Bauman,29662,New Hampshire,9.725,9.775,,,Friday,1,3,2024
Skyla Schulte,29662,Michigan State,9.875,9.875,9.925,9.85,Friday,1,3,2024
Abby Mueller,29664,Illinois,9.725,9.8,9.775,9.85,Friday,1,3,2024
Alea Byrne,29664,Illinois,,,,9.8,Friday,1,3,2024
Alexis Hankins,29664,Ohio State,9.65,9.8,,,Friday,1,3,2024
Allie Morgan,29664,Illinois,,,8.9,,Friday,1,3,2024
Alyssa Guns,29664,Kent State,,9.775,9.85,,Friday,1,3,2024
Amelia Knight,29664,Illinois,9.8,9.725,,,Friday,1,3,2024
Arielle Ward,29664,Illinois,9.775,,9.675,9.825,Friday,1,3,2024
Ashley Morgan,29664,Kent State,,,,9.8,Friday,1,3,2024
Brynne Tsipis,29664,Kent State,9.825,,,,Friday,1,3,2024
Charlie Behner,29664,Kent State,9.725,,,9.825,Friday,1,3,2024
Charniya Brown,29664,Bowling Green,9.575,,,9.6,Friday,1,3,2024
Courtney McCann,29664,Ohio State,,9.85,,,Friday,1,3,2024
Dani Fuertez,29664,Kent State,,9.75,9.8,,Friday,1,3,2024
Elise Brzoska,29664,Bowling Green,,9.825,9.65,,Friday,1,3,2024
Ella Hodges,29664,Ohio State,,9.2,9.875,,Friday,1,3,2024
Emily Castiglia,29664,Bowling Green,,9.75,,,Friday,1,3,2024
Emma Pritchard,29664,Ohio State,9.7,9.775,,,Friday,1,3,2024
Gabby Riley,29664,Kent State,,9.65,,,Friday,1,3,2024
Heidi Schultz,29664,Kent State,9.825,9.9,9.875,,Friday,1,3,2024
Isabella Rivelli,29664,Bowling Green,9.75,,,,Friday,1,3,2024
Kadyn Fitzgibbon,29664,Illinois,,,9.8,,Friday,1,3,2024
Kaitlyn Ewald,29664,Illinois,9.8,9.85,9.875,,Friday,1,3,2024
Kaitlyn Grimes,29664,Ohio State,,,,9.675,Friday,1,3,2024
Karlie Franz,29664,Kent State,,,9.875,,Friday,1,3,2024
Keira Thornton,29664,Bowling Green,9.675,,9.8,9.725,Friday,1,3,2024
Kennedy Weinpert,29664,Kent State,,,,9.85,Friday,1,3,2024
Kyndall Gilbert,29664,Kent State,9.725,,9.725,9.875,Friday,1,3,2024
Lauren Bannister,29664,Bowling Green,,,9.7,9.525,Friday,1,3,2024
Love Akpan,29664,Bowling Green,9.525,9.7,9.7,9.8,Friday,1,3,2024
Lyden Saltness,29664,Illinois,9.9,,,,Friday,1,3,2024
Madison Coburn,29664,Bowling Green,,,9.725,9.8,Friday,1,3,2024
Mallory Gregory,29664,Ohio State,,,,9.75,Friday,1,3,2024
Megan Bingham,29664,Bowling Green,9.625,9.85,,9.7,Friday,1,3,2024
Megan Decious,29664,Bowling Green,,,9.45,,Friday,1,3,2024
Megan Dzialo,29664,Bowling Green,9.5,,,,Friday,1,3,2024
Mia Takekawa,29664,Illinois,9.9,9.8,,9.825,Friday,1,3,2024
Mia Townes,29664,Illinois,,9.8,9.875,9.875,Friday,1,3,2024
Nadia Parente,29664,Bowling Green,,9.75,,,Friday,1,3,2024
Nastia Rudnitskaya,29664,Kent State,9.725,,,9.825,Friday,1,3,2024
Nicole Riccardi,29664,Ohio State,9.875,,9.85,9.875,Friday,1,3,2024
Payton Harris,29664,Ohio State,9.9,9.85,9.95,9.8,Friday,1,3,2024
Ruthuja Nataraj,29664,Illinois,,9.725,,9.75,Friday,1,3,2024
Sarah Haxton,29664,Kent State,9.75,9.8,,,Friday,1,3,2024
Sarina Ross,29664,Bowling Green,,9.75,,,Friday,1,3,2024
Savannah Gonzalez,29664,Ohio State,,,9.875,,Friday,1,3,2024
Sidney Washington,29664,Ohio State,9.775,,9.85,9.825,Friday,1,3,2024
Tory Vetter,29664,Ohio State,9.875,9.9,9.925,9.8,Friday,1,3,2024
Zoe Rankin,29664,Kent State,,9.75,9.725,9.8,Friday,1,3,2024
Anaya Smith,29667,Arizona State,,,,9.675,Friday,1,3,2024
Ariana Young,29667,Oregon State,,9.9,9.875,,Friday,1,3,2024
Cassi Barbanente,29667,Arizona State,9.85,,,,Friday,1,3,2024
Cienna Samiley,29667,Arizona State,9.8,,,,Friday,1,3,2024
Emily White,29667,Arizona State,9.85,9.875,9.8,,Friday,1,3,2024
Gracie Reeves,29667,Arizona State,,,,9.8,Friday,1,3,2024
Halle Gregoire,29667,Arizona State,,,9.85,9.875,Friday,1,3,2024
Hannah Scharf,29667,Arizona State,9.775,9.8,9.85,9.875,Friday,1,3,2024
Jada Mangahas,29667,Arizona State,9.9,9.7,9.825,9.7,Friday,1,3,2024
Jade Carey,29667,Oregon State,9.925,9.875,9.975,9.95,Friday,1,3,2024
Jennifer McMillan,29667,Oregon State,9.85,9.875,,,Friday,1,3,2024
Kaitlin Garcia,29667,Oregon State,,,9.775,9.85,Friday,1,3,2024
Karlie Chavez,29667,Oregon State,,,9.85,,Friday,1,3,2024
Kayla Lee,29667,Arizona State,,9.85,9.875,,Friday,1,3,2024
Kimberly Smith,29667,Arizona State,,9.65,9.875,,Friday,1,3,2024
Lilia Purler,29667,Arizona State,,,,9.75,Friday,1,3,2024
Natalie Briones,29667,Oregon State,9.85,,,9.825,Friday,1,3,2024
Olivia Buckner,29667,Oregon State,,9.45,,9.6,Friday,1,3,2024
Sage Thompson,29667,Oregon State,9.875,9.775,9.9,9.775,Friday,1,3,2024
Sarah Clark,29667,Arizona State,9.9,9.825,,,Friday,1,3,2024
Sophia Esposito,29667,Oregon State,9.875,9.825,9.925,9.75,Friday,1,3,2024
Taylor DeVries,29667,Oregon State,9.95,,,,Friday,1,3,2024
Aleah Finnegan,29669,LSU,,9.875,9.95,9.875,Friday,1,3,2024
Alexis Jeffrey,29669,LSU,9.875,9.9,,,Friday,1,3,2024
Amari Drayton,29669,LSU,,,9.925,9.725,Friday,1,3,2024
Ashley Cowan,29669,LSU,9.925,,,,Friday,1,3,2024
Cameron Machado,29669,Alabama,9.875,,9.825,,Friday,1,3,2024
Chase Brock,29669,LSU,,,,9.875,Friday,1,3,2024
Chloe LaCoursiere,29669,Alabama,9.875,,,9.825,Friday,1,3,2024
Corinne Bunagan,29669,Alabama,,,,9.775,Friday,1,3,2024
Ella Burgess,29669,Alabama,,9.95,9.6,,Friday,1,3,2024
Gabby Gladieux,29669,Alabama,9.8,9.9,9.95,9.8,Friday,1,3,2024
Haleigh Bryant,29669,LSU,9.975,9.925,10.0,9.95,Friday,1,3,2024
Jamison Sears,29669,Alabama,,,,9.875,Friday,1,3,2024
KJ Johnson,29669,LSU,,,9.975,9.875,Friday,1,3,2024
Kiya Johnson,29669,LSU,9.9,9.875,,9.875,Friday,1,3,2024
Konnor McClain,29669,LSU,9.9,9.875,9.925,,Friday,1,3,2024
Lilly Hudson,29669,Alabama,,9.85,9.875,9.825,Friday,1,3,2024
Luisa Blanco,29669,Alabama,9.85,9.925,9.875,9.9,Friday,1,3,2024
Mati Waligora,29669,Alabama,8.4,9.85,9.875,,Friday,1,3,2024
Shania Adams,29669,Alabama,9.8,9.875,,,Friday,1,3,2024
Sierra Ballard,29669,LSU,,9.825,9.9,,Friday,1,3,2024
Tori Tatum,29669,LSU,9.95,,,,Friday,1,3,2024
Abby Paulson,29671,Utah,9.75,9.925,9.875,,Saturday,2,3,2024
Alani Sabado,29671,Utah,9.875,,,,Saturday,2,3,2024
Andi Li,29671,California,9.925,9.875,,,Saturday,2,3,2024
Ashley Glynn,29671,Utah,,,,9.9,Saturday,2,3,2024
Camie Winger,29671,Utah,,9.85,,9.85,Saturday,2,3,2024
Elizabeth Gantner,29671,Utah,,9.825,,,Saturday,2,3,2024
Ella Cesario,29671,California,9.875,9.75,9.8,9.8,Saturday,2,3,2024
Ella Zirbes,29671,Utah,9.9,,9.925,9.85,Saturday,2,3,2024
Gabby Perea,29671,California,9.975,9.275,,,Saturday,2,3,2024
Grace McCallum,29671,Utah,9.95,9.9,8.675,,Saturday,2,3,2024
Jaedyn Rucker,29671,Utah,,,9.9,9.9,Saturday,2,3,2024
Jayden Silvers,29671,California,,,,9.875,Saturday,2,3,2024
Jaylene Gilstrap,29671,Utah,,9.075,9.925,9.8,Saturday,2,3,2024
Jordan Kane,29671,California,,,9.875,,Saturday,2,3,2024
Kyen Mayhew,29671,California,,,9.925,9.9,Saturday,2,3,2024
Madelyn Williams,29671,California,9.975,9.9,9.875,9.875,Saturday,2,3,2024
Maile O'Keefe,29671,Utah,9.85,9.925,9.95,,Saturday,2,3,2024
Makenna Smith,29671,Utah,9.825,,,9.525,Saturday,2,3,2024
Mya Lauzon,29671,California,9.825,9.925,9.925,9.9,Saturday,2,3,2024
eMjae Frazier,29671,California,9.975,9.95,9.975,9.85,Saturday,2,3,2024
Addy Rothstein,29673,Cornell,9.55,,,9.7,Saturday,2,3,2024
Adrenne Roth,29673,Ursinus College,9.425,9.7,,,Saturday,2,3,2024
Alexandra Quiana,29673,Cornell,,9.65,9.825,,Saturday,2,3,2024
Arianna Ellis,29673,Ursinus College,,9.575,9.675,,Saturday,2,3,2024
Ashley Cromer,29673,Ursinus College,,9.275,,9.575,Saturday,2,3,2024
Avery Balser,29673,Rutgers,9.8,,9.675,,Saturday,2,3,2024
Avery Byun,29673,Cornell,,9.225,9.725,9.7,Saturday,2,3,2024
Bella Leo,29673,Ursinus College,6.75,,,,Saturday,2,3,2024
Brianna Duffy,29673,Ursinus College,9.275,,,,Saturday,2,3,2024
Bridget Sullivan,29673,West Chester,,,,9.375,Saturday,2,3,2024
Caitlyn Walsh,29673,Cornell,,,9.825,,Saturday,2,3,2024
Cami Whitaker,29673,Cornell,,,9.775,9.85,Saturday,2,3,2024
Carly Troilo,29673,Ursinus College,,,9.25,9.55,Saturday,2,3,2024
Caroline Cascadden,29673,West Chester,,9.75,9.175,,Saturday,2,3,2024
Corinne Gruber,29673,West Chester,,,,9.525,Saturday,2,3,2024
Daria Gregory,29673,Ursinus College,,,9.2,,Saturday,2,3,2024
Elia Aird,29673,Rutgers,9.8,,9.775,9.825,Saturday,2,3,2024
Elliot Goldsmith,29673,Rutgers,9.575,,,,Saturday,2,3,2024
Emily Leese,29673,Rutgers,,9.65,9.85,9.875,Saturday,2,3,2024
Erin Roe,29673,Ursinus College,9.5,9.7,,9.7,Saturday,2,3,2024
Erin Stubbs,29673,Ursinus College,,,,9.375,Saturday,2,3,2024
Gabrielle Dildy,29673,Rutgers,,9.375,9.775,9.85,Saturday,2,3,2024
Hannah Shelton,29673,West Chester,8.225,,,,Saturday,2,3,2024
Harmony Webster,29673,Rutgers,,,9.825,,Saturday,2,3,2024
Hyla Betts,29673,West Chester,9.6,,,,Saturday,2,3,2024
Isabella Scarpetti,29673,Ursinus College,,8.825,9.325,,Saturday,2,3,2024
Jackie Manifold,29673,Rutgers,9.75,9.875,,,Saturday,2,3,2024
Jaidyn Raby,29673,Rutgers,,,,9.775,Saturday,2,3,2024
Jordan Coleman,29673,West Chester,9.7,,,9.55,Saturday,2,3,2024
Josie Moylan,29673,Cornell,9.55,,9.825,9.5,Saturday,2,3,2024
Karah Vargo,29673,West Chester,,9.45,,,Saturday,2,3,2024
Katy Koopman,29673,Rutgers,,8.825,,,Saturday,2,3,2024
Kiley Fred,29673,West Chester,,,9.725,,Saturday,2,3,2024
Kristina Rodriguez,29673,West Chester,8.9,9.625,9.525,9.675,Saturday,2,3,2024
Kylie Ruggiero,29673,Ursinus College,9.4,,,,Saturday,2,3,2024
Lauren Coleman,29673,Ursinus College,9.1,,,,Saturday,2,3,2024
Lily McFarland,29673,West Chester,,9.775,9.525,9.625,Saturday,2,3,2024
Madison Whitaker,29673,West Chester,,9.725,,,Saturday,2,3,2024
Madison Zimmerman,29673,Ursinus College,,9.75,,,Saturday,2,3,2024
Megan Matteucci,29673,Ursinus College,,,9.025,8.925,Saturday,2,3,2024
Melanie Stone,29673,Cornell,9.5,,,,Saturday,2,3,2024
Melina Ringas,29673,West Chester,9.5,,,,Saturday,2,3,2024
Michaela Defranscisco,29673,Cornell,,,,9.675,Saturday,2,3,2024
Mikayla Burton,29673,Cornell,,9.75,,,Saturday,2,3,2024
Morgen Shambo,29673,Cornell,9.675,,,,Saturday,2,3,2024
Natalia Tehrani,29673,Cornell,9.625,9.275,,,Saturday,2,3,2024
Natalie Marshall,29673,West Chester,,9.05,,,Saturday,2,3,2024
Olivia DiNovi,29673,Rutgers,9.725,,,,Saturday,2,3,2024
Rachael Riley,29673,Rutgers,,9.6,,9.775,Saturday,2,3,2024
Regina Walton,29673,Cornell,,9.8,,,Saturday,2,3,2024
Sarah Eskew,29673,West Chester,8.6,,9.725,9.75,Saturday,2,3,2024
Shannon Carroll,29673,West Chester,,,9.45,,Saturday,2,3,2024
Sidney Schreiber,29673,Ursinus College,,,9.725,9.65,Saturday,2,3,2024
Stephanie Zannella,29673,Rutgers,,9.875,9.775,,Saturday,2,3,2024
Sydney Beers,29673,Cornell,9.55,9.725,9.875,9.775,Saturday,2,3,2024
Valentina Lorente-Garcia,29673,Rutgers,9.75,,,9.8,Saturday,2,3,2024
Alana Anderson,29677,Northern Illinois,,,9.75,,Saturday,2,3,2024
Alexis Ortega,29677,North Carolina State,9.85,9.825,,9.85,Saturday,2,3,2024
Alyssa Al-Ashari,29677,Northern Illinois,9.85,9.85,,,Saturday,2,3,2024
Amelia Budd,29677,Temple,,,,9.7,Saturday,2,3,2024
Angelina Hogan,29677,Temple,9.625,,,,Saturday,2,3,2024
Ashley Knight,29677,North Carolina State,,,9.85,9.85,Saturday,2,3,2024
Brooke Donabedian,29677,Temple,,9.825,9.85,,Saturday,2,3,2024
Chloe Negrete,29677,North Carolina State,,9.825,9.825,9.825,Saturday,2,3,2024
Cyrena Whalen,29677,Temple,9.0,,,,Saturday,2,3,2024
Dawsyn Sallee,29677,Northern Illinois,,,9.65,9.775,Saturday,2,3,2024
Ella Schell,29677,Iowa State,9.775,,,,Saturday,2,3,2024
Ellery Werner,29677,Northern Illinois,,9.7,,,Saturday,2,3,2024
Emilie Hong,29677,Iowa State,,,9.85,9.875,Saturday,2,3,2024
Emily Johnson,29677,Temple,9.725,,,,Saturday,2,3,2024
Emily Shepard,29677,North Carolina State,9.95,9.825,9.925,9.825,Saturday,2,3,2024
Emmalise Nock,29677,Northern Illinois,9.725,,9.875,9.575,Saturday,2,3,2024
Hannah Drielick,29677,Northern Illinois,9.625,,,,Saturday,2,3,2024
Hannah Loyim,29677,Iowa State,9.725,9.85,9.775,9.75,Saturday,2,3,2024
Hannah Stallings,29677,Temple,,,9.65,,Saturday,2,3,2024
Hannah Weklar,29677,Temple,8.85,,,9.825,Saturday,2,3,2024
Isabella Ross,29677,Northern Illinois,,9.7,9.825,,Saturday,2,3,2024
Isabella Sissi,29677,Northern Illinois,9.7,9.75,9.85,9.75,Saturday,2,3,2024
Jocelyn Harbeck,29677,Northern Illinois,,,,9.725,Saturday,2,3,2024
Josie Bergstrom-Te Slaa,29677,Iowa State,,9.875,,9.75,Saturday,2,3,2024
Kaia Parker,29677,Iowa State,,,9.925,9.525,Saturday,2,3,2024
Kailee Adomaites,29677,North Carolina State,9.725,,,,Saturday,2,3,2024
Katie Harper,29677,North Carolina State,9.95,9.8,,,Saturday,2,3,2024
Katya Edwards,29677,North Carolina State,,,9.925,,Saturday,2,3,2024
Kendall George,29677,Northern Illinois,,9.55,,,Saturday,2,3,2024
Kiera O'Shea,29677,Northern Illinois,9.575,,,9.9,Saturday,2,3,2024
Krista Zultevicz,29677,North Carolina State,,,9.7,9.725,Saturday,2,3,2024
Laura Cooke,29677,Iowa State,9.875,,,,Saturday,2,3,2024
Lauren O'Brochta,29677,Iowa State,,9.875,,,Saturday,2,3,2024
Lauren Thomas,29677,Iowa State,9.825,9.85,,,Saturday,2,3,2024
Loganne Basuel,29677,Iowa State,9.775,,,,Saturday,2,3,2024
Mackenzie Aresta,29677,Temple,,,,9.85,Saturday,2,3,2024
Macy Jennings,29677,North Carolina State,,9.825,,,Saturday,2,3,2024
Maddie Hall,29677,North Carolina State,,,9.8,9.825,Saturday,2,3,2024
Madeline Reid,29677,North Carolina State,9.925,,,,Saturday,2,3,2024
Madelyn Manternach,29677,Iowa State,,,9.9,,Saturday,2,3,2024
Madison Dorunda,29677,Temple,,9.8,9.75,,Saturday,2,3,2024
Meg Adler,29677,North Carolina State,,9.775,,,Saturday,2,3,2024
Mikayla Brown,29677,Northern Illinois,,,9.8,,Saturday,2,3,2024
Natalia Kraus,29677,Northern Illinois,9.475,,,,Saturday,2,3,2024
Noelle Adams,29677,Iowa State,,9.875,9.85,9.8,Saturday,2,3,2024
Olivia Lynd,29677,Northern Illinois,,9.75,,,Saturday,2,3,2024
Paige Wills,29677,Iowa State,9.825,,,9.775,Saturday,2,3,2024
Payton Monk,29677,Temple,,9.575,9.75,9.675,Saturday,2,3,2024
Peyton Childs,29677,North Carolina State,9.125,,,,Saturday,2,3,2024
Rachel Wilke,29677,Iowa State,,9.8,9.825,,Saturday,2,3,2024
Reese DeHaan,29677,Temple,9.575,,,,Saturday,2,3,2024
Renee Schugman,29677,Temple,,9.8,9.85,9.775,Saturday,2,3,2024
Samantha Nickle,29677,Northern Illinois,,,,9.725,Saturday,2,3,2024
Sarah Stallings,29677,Temple,9.825,9.725,,,Saturday,2,3,2024
Summer Ruskey,29677,Temple,,9.625,9.825,9.725,Saturday,2,3,2024
Abby Willis,29681,Gustavus Adolphus,,,9.2,9.3,Saturday,2,3,2024
Ashnaya Gupta,29681,UW-Whitewater,,9.475,,,Saturday,2,3,2024
Ava Pesch,29681,UW-Whitewater,9.55,,,9.625,Saturday,2,3,2024
Brianna Balian,29681,UW-Whitewater,,,,8.55,Saturday,2,3,2024
Carleigh Moore,29681,UW-Whitewater,,,9.475,9.6,Saturday,2,3,2024
Carley Scott,29681,UW-Whitewater,9.6,,,,Saturday,2,3,2024
Caylee Greeder,29681,Gustavus Adolphus,,,9.325,,Saturday,2,3,2024
Chloe Hammond,29681,UW-Whitewater,,9.75,,9.55,Saturday,2,3,2024
Danielle Dudziak,29681,UW-Whitewater,,,9.65,9.55,Saturday,2,3,2024
Elena Bailey,29681,UW-Whitewater,,,9.65,9.525,Saturday,2,3,2024
Ella Binfet,29681,Gustavus Adolphus,,,9.55,,Saturday,2,3,2024
Estee Flom,29681,UW-Whitewater,9.575,,,,Saturday,2,3,2024
Gracie Talley,29681,UW-Whitewater,9.425,,,,Saturday,2,3,2024
Izzy Breitkreutz,29681,Gustavus Adolphus,,9.35,,,Saturday,2,3,2024
Katy Cash,29681,Gustavus Adolphus,,8.725,,9.25,Saturday,2,3,2024
Kelsey Kollhoff,29681,UW-Whitewater,9.725,9.225,9.725,,Saturday,2,3,2024
Kendra Smaby,29681,Gustavus Adolphus,9.675,,,,Saturday,2,3,2024
Lili Guy,29681,Gustavus Adolphus,9.1,,9.45,9.375,Saturday,2,3,2024
Lily Horsch,29681,Gustavus Adolphus,9.15,,,9.5,Saturday,2,3,2024
Lindsay Bangs,29681,Gustavus Adolphus,,9.225,,9.275,Saturday,2,3,2024
Maddox Lee,29681,Gustavus Adolphus,8.25,9.675,,,Saturday,2,3,2024
Marley Michaud,29681,Gustavus Adolphus,9.05,8.875,9.475,9.1,Saturday,2,3,2024
Olivia Jahnke,29681,Gustavus Adolphus,,8.75,9.6,,Saturday,2,3,2024
Paige Magel,29681,UW-Whitewater,9.7,9.4,,,Saturday,2,3,2024
Sarah Knetzke,29681,UW-Whitewater,,9.85,9.425,,Saturday,2,3,2024
Sophie Schmitz,29681,Gustavus Adolphus,9.225,,,,Saturday,2,3,2024
Tegan Haberstock,29681,UW-Whitewater,,9.35,9.65,,Saturday,2,3,2024
Alexa Rose Pahila,29686,Cortland State,9.375,8.95,,,Sunday,3,3,2024
Alexis Castellaneta,29686,Utica,8.125,9.7,9.825,9.85,Sunday,3,3,2024
Amy Hamilton,29686,Cortland State,,8.825,9.55,,Sunday,3,3,2024
Angelina Merulla,29686,Utica,,,8.625,,Sunday,3,3,2024
Autumn Adkins,29686,Cortland State,9.525,,9.7,9.475,Sunday,3,3,2024
Christina Troche,29686,Utica,8.75,,8.775,,Sunday,3,3,2024
Delaney Brown,29686,Cortland State,,,9.7,9.625,Sunday,3,3,2024
Gabrielle Nadler,29686,Cortland State,,,9.675,,Sunday,3,3,2024
Gianna Mirigliano,29686,Cortland State,,9.525,9.6,9.525,Sunday,3,3,2024
Grace Marra,29686,Utica,9.125,9.55,9.825,9.525,Sunday,3,3,2024
Haley Miller,29686,Utica,,9.375,,9.25,Sunday,3,3,2024
Jensen Todd,29686,Utica,,5.8,,,Sunday,3,3,2024
Joscelyn Wabick,29686,Utica,,,,8.7,Sunday,3,3,2024
Kathryn McSweeney,29686,Cortland State,9.05,,9.65,,Sunday,3,3,2024
Kiana Wong,29686,Cortland State,,9.425,,,Sunday,3,3,2024
Kyleigh Brown,29686,Cortland State,9.2,,,9.425,Sunday,3,3,2024
Madison Reed,29686,Utica,,9.475,,9.3,Sunday,3,3,2024
Melissa Ainsley Pinkard,29686,Utica,8.55,,,,Sunday,3,3,2024
Ninabella English,29686,Cortland State,,,,9.4,Sunday,3,3,2024
Olivia Fragala,29686,Utica,,8.675,,,Sunday,3,3,2024
Olivia Rosen,29686,Utica,8.9,,9.2,,Sunday,3,3,2024
Rianna Adams,29686,Cortland State,9.6,,,,Sunday,3,3,2024
Rory Allan,29686,Cortland State,,,,9.525,Sunday,3,3,2024
Ryli McGorry,29686,Utica,8.45,,9.525,8.725,Sunday,3,3,2024
Samantha Meadows,29686,Cortland State,,9.7,,,Sunday,3,3,2024
Taylor Goldstein,29686,Cortland State,9.675,9.35,,,Sunday,3,3,2024
Abby Brushwood,29688,Eastern Michigan,,,9.875,9.775,Sunday,3,3,2024
Alana Fisher,29688,Eastern Michigan,,,,9.875,Sunday,3,3,2024
Alyssa Guns,29688,Kent State,,9.85,9.85,,Sunday,3,3,2024
Anna Grace McCullough,29688,Eastern Michigan,,,9.05,,Sunday,3,3,2024
Ashley Morgan,29688,Kent State,,,,9.775,Sunday,3,3,2024
Brynne Tsipis,29688,Kent State,9.875,,,,Sunday,3,3,2024
Cassie Bergin,29688,Eastern Michigan,,9.8,,,Sunday,3,3,2024
Charlie Behner,29688,Kent State,9.85,,,9.875,Sunday,3,3,2024
Dani Fuertez,29688,Kent State,,9.775,9.9,,Sunday,3,3,2024
Ella Chemotti,29688,Eastern Michigan,9.825,9.875,9.725,,Sunday,3,3,2024
Gabby Riley,29688,Kent State,,9.875,,,Sunday,3,3,2024
Genae Daniel,29688,Eastern Michigan,,,,9.7,Sunday,3,3,2024
Heidi Schultz,29688,Kent State,9.775,9.9,9.85,,Sunday,3,3,2024
Jacquelyn Patterson,29688,Eastern Michigan,,9.875,,9.775,Sunday,3,3,2024
Jordan Jankowski,29688,Eastern Michigan,9.775,8.9,,,Sunday,3,3,2024
Karlie Franz,29688,Kent State,,,9.9,,Sunday,3,3,2024
Kennedy Weinpert,29688,Kent State,,,,9.85,Sunday,3,3,2024
Kyndall Gilbert,29688,Kent State,9.675,,,9.95,Sunday,3,3,2024
Kyrie Lowe,29688,Eastern Michigan,9.875,9.8,9.65,9.7,Sunday,3,3,2024
Molly Parris,29688,Eastern Michigan,9.775,,,,Sunday,3,3,2024
Nastia Rudnitskaya,29688,Kent State,9.825,,9.9,9.85,Sunday,3,3,2024
Raisa Boris,29688,Eastern Michigan,9.9,9.9,9.9,9.825,Sunday,3,3,2024
Sarah Haxton,29688,Kent State,9.925,9.85,,,Sunday,3,3,2024
Trinity Macy,29688,Eastern Michigan,9.875,,9.85,,Sunday,3,3,2024
Zoe Rankin,29688,Kent State,,9.775,9.775,9.775,Sunday,3,3,2024
Ailey Kuehn,29690,S.E. Missouri,,,,9.75,Sunday,3,3,2024
Alana Laster,29690,Illinois State,,,9.925,9.825,Sunday,3,3,2024
Allie Gard,29690,Nebraska,,9.875,,,Sunday,3,3,2024
Ally Lau,29690,Illinois State,,9.825,,,Sunday,3,3,2024
Amy Wozniak,29690,North Carolina,,,9.725,,Sunday,3,3,2024
Angelica Labat,29690,Illinois State,7.8,9.675,9.75,9.85,Sunday,3,3,2024
Anna Chodon,29690,S.E. Missouri,,9.775,,,Sunday,3,3,2024
Anna Speller,29690,S.E. Missouri,,9.175,,,Sunday,3,3,2024
Ava Johnston,29690,S.E. Missouri,9.675,,,,Sunday,3,3,2024
Ayzhia Hall,29690,Nebraska,,9.875,,9.775,Sunday,3,3,2024
Bella Miller,29690,North Carolina,,,9.8,,Sunday,3,3,2024
Carly Hawksworth,29690,Illinois State,8.25,,,,Sunday,3,3,2024
Clara Colombo,29690,Nebraska,9.8,,,,Sunday,3,3,2024
Cory Shinohara,29690,North Carolina,,,,9.725,Sunday,3,3,2024
Csenge Bacskay,29690,Nebraska,9.8,8.975,9.85,9.725,Sunday,3,3,2024
Emma Simpton,29690,Nebraska,9.9,,,,Sunday,3,3,2024
Emma Spence,29690,Nebraska,9.925,9.85,9.9,9.8,Sunday,3,3,2024
Gwen Fink,29690,North Carolina,9.825,9.85,9.725,9.7,Sunday,3,3,2024
Halle Rourke,29690,Nebraska,,,9.7,,Sunday,3,3,2024
Hallie Thompson,29690,North Carolina,,9.65,,,Sunday,3,3,2024
Isabel Sikon,29690,Nebraska,,9.875,,9.8,Sunday,3,3,2024
Isabelle Schaefer,29690,North Carolina,9.85,,,,Sunday,3,3,2024
Jamie Shearer,29690,North Carolina,9.725,9.775,,,Sunday,3,3,2024
Janelle Lopez,29690,S.E. Missouri,9.7,,,9.7,Sunday,3,3,2024
Jaye Mack,29690,Illinois State,,,9.85,9.8,Sunday,3,3,2024
Jessica Naranjo,29690,North Carolina,,9.425,,,Sunday,3,3,2024
Jordan Napolitano,29690,S.E. Missouri,,9.8,9.725,9.7,Sunday,3,3,2024
Julia Heiner,29690,Illinois State,9.825,,,,Sunday,3,3,2024
Julia Knower,29690,North Carolina,9.7,9.875,9.8,9.825,Sunday,3,3,2024
Kailyn Hamilton,29690,S.E. Missouri,9.725,,8.35,,Sunday,3,3,2024
Kaitlyn Donovan,29690,Illinois State,,,9.7,9.65,Sunday,3,3,2024
Kaya Forbes,29690,North Carolina,9.475,,9.425,9.75,Sunday,3,3,2024
Kinsey Davis,29690,Nebraska,9.9,,,,Sunday,3,3,2024
Lali Dekanoidze,29690,North Carolina,9.85,,,9.85,Sunday,3,3,2024
Leah Davis,29690,Illinois State,,9.8,9.775,,Sunday,3,3,2024
Lydia Webb,29690,S.E. Missouri,9.825,9.825,9.8,9.6,Sunday,3,3,2024
Madison Greene,29690,S.E. Missouri,,8.65,9.825,9.675,Sunday,3,3,2024
Madison Kipp,29690,Illinois State,9.15,9.875,,,Sunday,3,3,2024
Martina Comin,29690,Nebraska,,,9.925,9.85,Sunday,3,3,2024
Mia Oh,29690,Illinois State,,,,9.675,Sunday,3,3,2024
Mya Robinson,29690,Illinois State,,9.8,,9.725,Sunday,3,3,2024
Paige Prejean,29690,North Carolina,,,,9.725,Sunday,3,3,2024
Reese Grolla,29690,Illinois State,9.6,9.375,,,Sunday,3,3,2024
Sara Wabi,29690,Illinois State,9.825,,9.85,,Sunday,3,3,2024
Sophia McClelland,29690,Nebraska,,9.825,9.925,9.675,Sunday,3,3,2024
Sydney Crouch,29690,S.E. Missouri,9.75,,9.75,,Sunday,3,3,2024
Taylor Ingle,29690,S.E. Missouri,9.7,9.875,9.65,9.65,Sunday,3,3,2024
Taylor Schulze,29690,North Carolina,,9.05,9.75,,Sunday,3,3,2024
Whitney Jencks,29690,Nebraska,9.9,,9.85,,Sunday,3,3,2024
Alexa Ebeling,29694,Iowa,,9.775,,,Sunday,3,3,2024
Alyse Karenbauer,29694,Iowa,,,9.75,9.825,Sunday,3,3,2024
Athena Jones,29694,Sacramento State,,9.85,9.725,,Sunday,3,3,2024
Aubrey Nick,29694,Iowa,,9.875,,,Sunday,3,3,2024
Avery Chambers,29694,Iowa,,,,9.625,Sunday,3,3,2024
Bailey Libby,29694,Iowa,,,9.9,,Sunday,3,3,2024
Bella Lahmidi,29694,Sacramento State,9.75,,,9.65,Sunday,3,3,2024
Emily Erb,29694,Iowa,,,9.875,,Sunday,3,3,2024
Emma Morgenthaler,29694,Sacramento State,9.5,9.775,9.775,9.7,Sunday,3,3,2024
Eva Volpe,29694,Iowa,9.775,9.7,9.0,9.65,Sunday,3,3,2024
Gianna Masella,29694,Iowa,9.75,,,9.675,Sunday,3,3,2024
Grace Gilman,29694,Sacramento State,,9.8,9.85,9.675,Sunday,3,3,2024
Hanna Castillo,29694,Iowa,,,9.825,9.825,Sunday,3,3,2024
Ilka Juk,29694,Iowa,9.725,9.875,,,Sunday,3,3,2024
Jillianne Lastra,29694,Sacramento State,9.8,,,,Sunday,3,3,2024
Kaia Vanney,29694,Iowa,9.675,,,,Sunday,3,3,2024
Kara Houghton,29694,Sacramento State,9.85,9.5,9.775,,Sunday,3,3,2024
Karina Munoz,29694,Iowa,9.825,9.925,9.9,9.875,Sunday,3,3,2024
Mallory Barron,29694,Sacramento State,,8.775,,,Sunday,3,3,2024
Marissa Rojas,29694,Iowa,9.575,9.725,,,Sunday,3,3,2024
Rose Wilson,29694,Sacramento State,9.625,,,9.8,Sunday,3,3,2024
Rylin Zimmerman,29694,Sacramento State,,,,9.775,Sunday,3,3,2024
Sarah Lutrel,29694,Sacramento State,8.85,9.8,9.675,9.8,Sunday,3,3,2024
Simone Dumas-Guzman,29694,Sacramento State,,,9.775,,Sunday,3,3,2024
Abby Chesshire,29696,Ithaca College,,9.025,9.775,,Sunday,3,3,2024
Anne Kiley,29696,Springfield College,9.075,,,9.65,Sunday,3,3,2024
Ayako Maeda,29696,Springfield College,9.55,,,,Sunday,3,3,2024
Brianna Cassin,29696,Springfield College,,,8.925,,Sunday,3,3,2024
Caitlin Pellegrino,29696,Ithaca College,,9.55,9.7,9.475,Sunday,3,3,2024
Claire Geiger,29696,Springfield College,8.925,,9.575,,Sunday,3,3,2024
Coral Cotteleer,29696,Ithaca College,8.25,,,,Sunday,3,3,2024
Corey Foster,29696,Ithaca College,,9.275,9.725,,Sunday,3,3,2024
Danah MacLeod,29696,Springfield College,6.5,,,,Sunday,3,3,2024
Delaney LaViolette,29696,Springfield College,,,,9.575,Sunday,3,3,2024
Elsie Gardiner,29696,Springfield College,,,9.575,,Sunday,3,3,2024
Emily Kobusky,29696,Ithaca College,,9.375,,,Sunday,3,3,2024
Emma Skowronek,29696,Springfield College,8.725,8.55,,,Sunday,3,3,2024
Grace Murray,29696,Ithaca College,,,9.8,9.65,Sunday,3,3,2024
Hana Miller,29696,Ithaca College,,,,9.575,Sunday,3,3,2024
Jenna DiPalo,29696,Springfield College,,9.225,,,Sunday,3,3,2024
Jillian Freyman,29696,Ithaca College,,9.0,9.8,9.625,Sunday,3,3,2024
Julia Reer,29696,Springfield College,,9.45,9.775,,Sunday,3,3,2024
Kaylie Goodwin,29696,Ithaca College,8.725,8.9,,,Sunday,3,3,2024
Kelly McGuinness,29696,Springfield College,,9.225,,9.425,Sunday,3,3,2024
Lauren Babineaux,29696,Ithaca College,9.175,,,9.625,Sunday,3,3,2024
Marlena Bailey,29696,Ithaca College,8.625,,,,Sunday,3,3,2024
Natalie Steed,29696,Ithaca College,8.825,,,9.725,Sunday,3,3,2024
Sage Kaplan,29696,Springfield College,,9.725,,9.6,Sunday,3,3,2024
Skye Cohen,29696,Ithaca College,9.2,,9.55,,Sunday,3,3,2024
Sophia LeBlanc,29696,Springfield College,9.675,9.35,9.725,9.425,Sunday,3,3,2024
Stacy Taylor,29696,Springfield College,,,9.825,9.6,Sunday,3,3,2024
Abigayle Martin,29698,Arizona,9.775,9.6,9.7,9.775,Sunday,3,3,2024
Ainsley Greever,29698,Arizona,,,,9.75,Sunday,3,3,2024
Alysen Fears,29698,Arizona,9.875,9.9,9.725,9.875,Sunday,3,3,2024
Caitlin McWilliams,29698,Washington,,,9.85,,Sunday,3,3,2024
Caroline Herry,29698,Arizona,,9.9,9.8,,Sunday,3,3,2024
Chelsea Hallinan,29698,Washington,,9.7,,,Sunday,3,3,2024
Deiah Moody,29698,Washington,9.875,9.85,,,Sunday,3,3,2024
Elena Deets,29698,Arizona,9.65,9.975,9.875,,Sunday,3,3,2024
Emily Innes,29698,Washington,,9.8,9.9,9.825,Sunday,3,3,2024
Emily Mueller,29698,Arizona,9.75,9.925,9.8,,Sunday,3,3,2024
Emily Pires,29698,Washington,,,9.7,,Sunday,3,3,2024
Emma Strom,29698,Arizona,,9.925,9.825,9.7,Sunday,3,3,2024
Jessica Castles,29698,Arizona,,,,9.75,Sunday,3,3,2024
Kristin Lin,29698,Washington,9.65,,,9.75,Sunday,3,3,2024
Lana Navarro,29698,Washington,,9.8,9.675,9.875,Sunday,3,3,2024
Lilly Tubbs,29698,Washington,9.95,,,9.675,Sunday,3,3,2024
Malia Hargrove,29698,Arizona,9.775,,,9.85,Sunday,3,3,2024
Mary McDonough,29698,Washington,,,,9.775,Sunday,3,3,2024
Olivia Oppegard,29698,Washington,9.725,,,,Sunday,3,3,2024
Skylar Killough-Wilhelm,29698,Washington,9.975,9.4,9.875,9.825,Sunday,3,3,2024
Sophie Derr,29698,Arizona,9.85,,,,Sunday,3,3,2024
Taylor Russon,29698,Washington,9.75,9.925,9.825,,Sunday,3,3,2024
Alexa Melanson,29700,Southern Conn.,,9.675,9.725,,Sunday,3,3,2024
Alexa Rothenbuescher,29700,Maryland,9.925,,9.9,9.7,Sunday,3,3,2024
Alyssa Beaulieu,29700,New Hampshire,,9.825,9.825,,Sunday,3,3,2024
Angel Lee,29700,Southern Conn.,,9.6,,,Sunday,3,3,2024
Angelina Stanfa,29700,Southern Conn.,,9.6,,,Sunday,3,3,2024
Anne Challman,29700,New Hampshire,,,9.825,,Sunday,3,3,2024
Audrey Arnold,29700,Southern Conn.,9.475,,,,Sunday,3,3,2024
Ava Kelly,29700,Southern Conn.,,,9.775,9.675,Sunday,3,3,2024
Brianna Dorr,29700,Southern Conn.,,,,9.675,Sunday,3,3,2024
Chloe DeJoy,29700,Yale,9.75,,9.7,,Sunday,3,3,2024
Ella Tashjian,29700,Yale,,9.725,9.8,9.675,Sunday,3,3,2024
Emiley Kahl,29700,Southern Conn.,,9.5,,,Sunday,3,3,2024
Emma Mangiacapre,29700,Yale,,9.75,,,Sunday,3,3,2024
Emma Silberman,29700,Maryland,9.85,9.875,,9.85,Sunday,3,3,2024
Erica Beyer,29700,Southern Conn.,,,9.8,,Sunday,3,3,2024
Gabriela Dinisoe,29700,Southern Conn.,9.65,9.175,,,Sunday,3,3,2024
Gianna Graver,29700,New Hampshire,9.775,,,,Sunday,3,3,2024
Gigi Mastellone,29700,Southern Conn.,9.15,,,,Sunday,3,3,2024
Gigi Sabatini,29700,Yale,,9.75,9.825,9.75,Sunday,3,3,2024
Gwen Ockerbloom,29700,New Hampshire,,9.275,,,Sunday,3,3,2024
Hana Strause,29700,Yale,,9.775,9.8,9.4,Sunday,3,3,2024
Jayci Jordan,29700,Southern Conn.,9.725,,,,Sunday,3,3,2024
Jenna Devincenzo,29700,New Hampshire,3.725,9.775,,9.675,Sunday,3,3,2024
Josephine Kogler,29700,Maryland,,9.85,,9.875,Sunday,3,3,2024
Kenadi Brown,29700,New Hampshire,8.9,,9.775,,Sunday,3,3,2024
Kylie Gorgenyi,29700,New Hampshire,9.8,9.8,9.775,9.775,Sunday,3,3,2024
Kylie Sitty,29700,Southern Conn.,9.625,,9.45,9.675,Sunday,3,3,2024
Lauren Holt,29700,Yale,9.675,,,,Sunday,3,3,2024
Layla Hammer,29700,Maryland,,9.775,,,Sunday,3,3,2024
Leah Moreno,29700,New Hampshire,9.875,,,9.675,Sunday,3,3,2024
Lexi Bracher,29700,Southern Conn.,,,,9.6,Sunday,3,3,2024
Libby Allen,29700,Southern Conn.,,8.9,9.775,9.75,Sunday,3,3,2024
Lily Aucoin,29700,Yale,9.725,,,,Sunday,3,3,2024
Maddie Komoroski,29700,Maryland,,9.925,9.925,,Sunday,3,3,2024
Maya MacDonald,29700,New Hampshire,,,9.7,9.65,Sunday,3,3,2024
McCall McMullen,29700,New Hampshire,,,,9.625,Sunday,3,3,2024
Megan Brueck,29700,Yale,,,,9.55,Sunday,3,3,2024
Meridith Donovan,29700,Yale,,9.35,,,Sunday,3,3,2024
Natalie Martin,29700,Maryland,,9.65,9.8,9.925,Sunday,3,3,2024
Olivia Weir,29700,Maryland,,,,9.8,Sunday,3,3,2024
Rhea Leblanc,29700,Maryland,9.875,,9.9,,Sunday,3,3,2024
Sarah Wilson,29700,Yale,9.9,9.8,9.85,9.7,Sunday,3,3,2024
Serena Mullin,29700,New Hampshire,,9.825,9.8,9.6,Sunday,3,3,2024
Sherry Wang,29700,Yale,9.775,,9.8,9.65,Sunday,3,3,2024
Sierra Bauman,29700,New Hampshire,9.775,9.775,,,Sunday,3,3,2024
Sierra Kondo,29700,Maryland,9.875,,,,Sunday,3,3,2024
Sophia Ruecker,29700,Southern Conn.,9.125,,9.625,9.65,Sunday,3,3,2024
Tasha Brozowski,29700,Maryland,9.875,,,,Sunday,3,3,2024
Tayler Osterhout,29700,Maryland,,,9.6,,Sunday,3,3,2024
Taylor Rech,29700,Maryland,,,9.875,9.825,Sunday,3,3,2024
Victoria Gatzendorfer,29700,Maryland,9.75,9.8,,,Sunday,3,3,2024
Abigail Bunch,29704,Rhode Island College,9.5,,,,Sunday,3,3,2024
Abigail Kenney,29704,Bridgeport,9.725,9.675,9.825,9.775,Sunday,3,3,2024
Addie Liebhardt,29704,Brown,8.125,,,,Sunday,3,3,2024
Alexa Chuy,29704,Talladega,9.125,9.6,9.8,9.725,Sunday,3,3,2024
Alondra Maldonado,29704,Talladega,,9.825,9.625,,Sunday,3,3,2024
Angela Xing,29704,Brown,,9.725,9.825,9.8,Sunday,3,3,2024
Asta-Sollilja Farrell,29704,Brown,9.675,,,,Sunday,3,3,2024
Catherine Aucoin,29704,Bridgeport,9.675,,9.725,,Sunday,3,3,2024
Diamond Cook,29704,Talladega,,,9.7,,Sunday,3,3,2024
Emily Ford,29704,Brown,,9.775,,9.7,Sunday,3,3,2024
Emily Hernandez,29704,Bridgeport,9.85,,,9.625,Sunday,3,3,2024
Emma Tucker,29704,Rhode Island College,,9.725,9.9,9.725,Sunday,3,3,2024
Gracie Romero,29704,Rhode Island College,8.2,,,,Sunday,3,3,2024
Hannah Barry,29704,Bridgeport,,9.85,,,Sunday,3,3,2024
Ivy Jimenez,29704,Rhode Island College,,9.625,,9.6,Sunday,3,3,2024
Jaidyn Bryant,29704,Talladega,,,9.525,9.6,Sunday,3,3,2024
Jamilia Duffus,29704,Talladega,9.7,,,9.725,Sunday,3,3,2024
Jessica Lin,29704,Brown,,9.025,,9.575,Sunday,3,3,2024
Jessica Nugent,29704,Rhode Island College,,8.875,,,Sunday,3,3,2024
Jolie Carpino,29704,Rhode Island College,8.8,,,,Sunday,3,3,2024
Julia Bedell,29704,Brown,,,9.925,9.85,Sunday,3,3,2024
Julia Yitts,29704,Rhode Island College,,,9.8,,Sunday,3,3,2024
Kelsey Gates,29704,Rhode Island College,9.525,9.575,9.9,9.45,Sunday,3,3,2024
Kieran Ross,29704,Bridgeport,,9.55,9.8,9.7,Sunday,3,3,2024
Kiora Peart-Williams,29704,Talladega,9.65,,,,Sunday,3,3,2024
Krystin Johnson,29704,Talladega,9.7,9.225,9.8,9.825,Sunday,3,3,2024
Landyn Williams,29704,Talladega,,8.3,9.625,9.75,Sunday,3,3,2024
Lauren Kramer,29704,Brown,,9.675,9.75,9.65,Sunday,3,3,2024
Lauren Mckeown,29704,Brown,9.825,,,,Sunday,3,3,2024
Liza Marcus,29704,Brown,9.775,9.725,9.8,,Sunday,3,3,2024
Lola Sepulveda,29704,Bridgeport,9.775,9.65,9.875,9.8,Sunday,3,3,2024
Madeline Brandt,29704,Rhode Island College,,,9.65,,Sunday,3,3,2024
Maya Davis,29704,Brown,8.0,,9.775,,Sunday,3,3,2024
McKenna Weiner,29704,Brown,9.7,9.625,,,Sunday,3,3,2024
Molly McAleavey,29704,Bridgeport,,9.575,,,Sunday,3,3,2024
Morgan Lunn,29704,Rhode Island College,,8.625,9.85,,Sunday,3,3,2024
Morgan Swaby,29704,Talladega,8.95,9.275,,,Sunday,3,3,2024
Nova Staruk,29704,Bridgeport,,,9.625,9.825,Sunday,3,3,2024
Olivia Imbarlina,29704,Bridgeport,9.75,9.725,,,Sunday,3,3,2024
Olivia Keyes,29704,Rhode Island College,9.55,9.675,9.8,9.45,Sunday,3,3,2024
Payton Green,29704,Rhode Island College,9.125,,,9.725,Sunday,3,3,2024
Promise Jean-Marie,29704,Talladega,8.75,,,9.375,Sunday,3,3,2024
Samantha Nokes,29704,Bridgeport,9.75,,,,Sunday,3,3,2024
Sidnei Heubach,29704,Talladega,,9.375,,,Sunday,3,3,2024
Sophia Damiano,29704,Rhode Island College,,,,9.425,Sunday,3,3,2024
Sophia Dewar,29704,Brown,,,,9.8,Sunday,3,3,2024
Tamyra Singletary,29704,Bridgeport,,,9.75,9.6,Sunday,3,3,2024
Abbie Thompson,29708,Denver,,9.9,9.9,,Sunday,3,3,2024
Alexa Kabat,29708,Air Force,9.55,,,,Sunday,3,3,2024
Allie Berkley,29708,Lindenwood,,,,9.825,Sunday,3,3,2024
Amanda Hargraves,29708,Denver,,,,9.8,Sunday,3,3,2024
Ayla McKean,29708,Air Force,9.85,9.6,9.8,,Sunday,3,3,2024
Bella Mabanta,29708,Denver,,9.95,,,Sunday,3,3,2024
Clara Wallace,29708,Air Force,9.725,9.85,9.825,9.7,Sunday,3,3,2024
Devyn Valuch,29708,San Jose State,,,,9.8,Sunday,3,3,2024
Gabriella Hartley,29708,Air Force,,9.55,,9.6,Sunday,3,3,2024
Gabriella Meccia,29708,Air Force,,,9.8,9.725,Sunday,3,3,2024
Gianna Martyna,29708,Air Force,,,9.8,,Sunday,3,3,2024
Hannah Appleget,29708,Lindenwood,8.975,9.825,9.775,9.725,Sunday,3,3,2024
Hannah Moon,29708,Lindenwood,9.775,9.6,9.575,,Sunday,3,3,2024
Jada Mazury,29708,San Jose State,9.775,9.875,9.95,9.225,Sunday,3,3,2024
Jaidan Kossuth,29708,Lindenwood,,9.0,,,Sunday,3,3,2024
Jaly Jones,29708,Lindenwood,9.775,9.725,9.9,9.675,Sunday,3,3,2024
Jaudai Lopes,29708,San Jose State,9.75,9.8,9.825,9.9,Sunday,3,3,2024
Jessica Hutchinson,29708,Denver,9.95,9.925,10.0,9.85,Sunday,3,3,2024
Katherine Weyhmiller,29708,San Jose State,9.775,9.775,9.875,,Sunday,3,3,2024
Kaylee Cooper,29708,Lindenwood,9.775,,,,Sunday,3,3,2024
Kiley Rorich,29708,Denver,9.825,,9.9,,Sunday,3,3,2024
Kimberly Kinkade,29708,Air Force,9.625,,,,Sunday,3,3,2024
Kylee Greene,29708,Air Force,,9.525,,,Sunday,3,3,2024
Lauren Macpherson,29708,San Jose State,9.225,9.875,9.925,9.8,Sunday,3,3,2024
Leah Parton,29708,Lindenwood,,,,9.575,Sunday,3,3,2024
Madison Carlisle,29708,Air Force,8.5,,,,Sunday,3,3,2024
Madison Kirsch,29708,San Jose State,,9.85,,9.875,Sunday,3,3,2024
Madison Rush,29708,Lindenwood,,9.625,,,Sunday,3,3,2024
Madison Ulrich,29708,Denver,9.925,9.8,9.925,9.825,Sunday,3,3,2024
Maggie Slife,29708,Air Force,9.875,9.125,9.9,9.85,Sunday,3,3,2024
Marissa Ashton,29708,San Jose State,,9.8,,,Sunday,3,3,2024
Mia Hebinck,29708,Denver,9.2,,,,Sunday,3,3,2024
Mia Nelson,29708,San Jose State,,,9.8,9.825,Sunday,3,3,2024
Mila Brusch,29708,Denver,,,,9.9,Sunday,3,3,2024
Momoko Iwai,29708,Denver,,9.975,9.95,,Sunday,3,3,2024
Natasha Forrand,29708,San Jose State,,,9.875,,Sunday,3,3,2024
Nya Kraus,29708,Lindenwood,9.7,9.675,9.9,,Sunday,3,3,2024
Olivia Reardon,29708,San Jose State,9.725,,,,Sunday,3,3,2024
Reese Baechle,29708,Lindenwood,9.85,,9.825,9.8,Sunday,3,3,2024
Rosie Casali,29708,Denver,9.875,9.8,9.9,9.875,Sunday,3,3,2024
Rylie Mundell,29708,Denver,9.875,,,9.9,Sunday,3,3,2024
Sarah Willis,29708,Air Force,,8.325,9.75,9.775,Sunday,3,3,2024
Simone Evans,29708,Lindenwood,,,9.825,,Sunday,3,3,2024
Sophia Konieczny,29708,San Jose State,9.8,,,,Sunday,3,3,2024
Trinity Caffey,29708,Lindenwood,,,,9.825,Sunday,3,3,2024
Abby Mueller,29712,Illinois,9.75,9.475,9.075,9.775,Sunday,3,3,2024
Alea Byrne,29712,Illinois,,,9.825,9.8,Sunday,3,3,2024
Amelia Knight,29712,Illinois,9.775,9.75,,,Sunday,3,3,2024
Arielle Ward,29712,Illinois,9.75,9.75,9.875,9.9,Sunday,3,3,2024
Charniya Brown,29712,Bowling Green,,,,9.75,Sunday,3,3,2024
Elise Brzoska,29712,Bowling Green,,9.775,9.625,,Sunday,3,3,2024
Emily Castiglia,29712,Bowling Green,,9.8,,,Sunday,3,3,2024
Isabella Rivelli,29712,Bowling Green,9.775,,,,Sunday,3,3,2024
Kadyn Fitzgibbon,29712,Illinois,,,9.775,,Sunday,3,3,2024
Kaitlyn Ewald,29712,Illinois,9.75,9.825,9.75,,Sunday,3,3,2024
Kathryn Weilbacher,29712,Bowling Green,9.725,9.125,9.8,9.825,Sunday,3,3,2024
Keira Thornton,29712,Bowling Green,9.6,,9.575,9.675,Sunday,3,3,2024
Lauren Bannister,29712,Bowling Green,,,9.725,,Sunday,3,3,2024
Love Akpan,29712,Bowling Green,8.85,9.825,9.8,9.825,Sunday,3,3,2024
Lyden Saltness,29712,Illinois,9.9,,,,Sunday,3,3,2024
Madison Coburn,29712,Bowling Green,,,9.625,9.775,Sunday,3,3,2024
Megan Bingham,29712,Bowling Green,9.55,9.7,,9.5,Sunday,3,3,2024
Megan Dzialo,29712,Bowling Green,9.5,,,,Sunday,3,3,2024
Mia Takekawa,29712,Illinois,9.775,9.85,,9.8,Sunday,3,3,2024
Mia Townes,29712,Illinois,,9.825,9.825,9.775,Sunday,3,3,2024
Nadia Parente,29712,Bowling Green,,9.825,,,Sunday,3,3,2024
Olivia Coppola,29712,Illinois,,,,9.85,Sunday,3,3,2024
Anya Pilgrim,29714,Florida,9.9,9.95,10.0,9.825,Sunday,3,3,2024
Arianna Patterson,29714,Kentucky,,9.1,,9.925,Sunday,3,3,2024
Bailey Bunn,29714,Kentucky,9.8,9.875,,,Sunday,3,3,2024
Cecily Rizo,29714,Kentucky,9.875,,,9.85,Sunday,3,3,2024
Creslyn Brose,29714,Kentucky,,9.775,9.975,,Sunday,3,3,2024
Danie Ferris,29714,Florida,,,,9.95,Sunday,3,3,2024
Delaynee Rodriguez,29714,Kentucky,9.875,9.875,9.875,9.825,Sunday,3,3,2024
Ellie Lazzari,29714,Florida,9.5,9.9,,,Sunday,3,3,2024
Gabby Disidore,29714,Florida,9.9,,,,Sunday,3,3,2024
Hailey Davis,29714,Kentucky,9.825,,9.925,,Sunday,3,3,2024
Isabella Magnelli,29714,Kentucky,,9.95,9.925,9.9,Sunday,3,3,2024
Jillian Procasky,29714,Kentucky,9.925,,,,Sunday,3,3,2024
Leanne Wong,29714,Florida,9.975,9.975,9.95,9.875,Sunday,3,3,2024
Lori Brubach,29714,Florida,,,9.85,,Sunday,3,3,2024
Makenzie Wilson,29714,Kentucky,,,9.925,10.0,Sunday,3,3,2024
Morgan Hurd,29714,Florida,,,9.95,,Sunday,3,3,2024
Raena Worley,29714,Kentucky,9.95,9.925,10.0,9.775,Sunday,3,3,2024
Skylar Draser,29714,Florida,,9.85,,9.95,Sunday,3,3,2024
Sloane Blakely,29714,Florida,9.8,9.9,9.925,9.9,Sunday,3,3,2024
Victoria Nguyen,29714,Florida,9.85,9.825,9.9,9.2,Sunday,3,3,2024
Aaliyah Gilmore,29716,Texas Woman's,9.775,,,,Sunday,3,3,2024
Ana Kenefick,29716,Pennsylvania,,9.7,9.8,,Sunday,3,3,2024
Audrey Davis,29716,Oklahoma,10.0,9.95,9.85,9.85,Sunday,3,3,2024
Bell Johnson,29716,Oklahoma,,,9.875,,Sunday,3,3,2024
Brie Clark,29716,Clemson,,9.7,9.9,,Sunday,3,3,2024
Brooke Ferrari,29716,Texas Woman's,9.85,,,,Sunday,3,3,2024
Campbell Marr,29716,Pennsylvania,,9.675,,,Sunday,3,3,2024
Caroline Bowns,29716,Texas Woman's,9.8,,,,Sunday,3,3,2024
Connie Hsu,29716,Pennsylvania,9.55,9.575,,,Sunday,3,3,2024
Daisy Woodring,29716,Texas Woman's,,9.75,9.8,9.875,Sunday,3,3,2024
Danielle Sievers,29716,Oklahoma,9.85,,,,Sunday,3,3,2024
Emily Six,29716,Texas Woman's,,9.825,9.8,9.725,Sunday,3,3,2024
Emma Brkljacic,29716,Texas Woman's,,9.825,9.625,9.775,Sunday,3,3,2024
Emma Davies,29716,Pennsylvania,,,9.775,,Sunday,3,3,2024
Eve Jackson,29716,Clemson,9.8,9.675,9.9,9.825,Sunday,3,3,2024
Faith Torrez,29716,Oklahoma,9.9,9.9,9.95,9.95,Sunday,3,3,2024
Hannah Scheible,29716,Oklahoma,,,,9.925,Sunday,3,3,2024
Isabel Song,29716,Pennsylvania,9.675,,,9.725,Sunday,3,3,2024
Jordan Barrow,29716,Pennsylvania,,,,9.75,Sunday,3,3,2024
Jordan Bowers,29716,Oklahoma,9.95,9.9,9.95,9.925,Sunday,3,3,2024
Kaitlin DeGuzman,29716,Clemson,9.9,,,,Sunday,3,3,2024
Kaitlyn Hoiland,29716,Texas Woman's,9.825,,,9.85,Sunday,3,3,2024
Kami Zarlengo,29716,Texas Woman's,9.825,,,,Sunday,3,3,2024
Katherine LeVasseur,29716,Oklahoma,9.875,9.925,9.85,9.875,Sunday,3,3,2024
Keira Wells,29716,Oklahoma,,9.825,,9.825,Sunday,3,3,2024
Kielyn McCright,29716,Clemson,,9.5,,,Sunday,3,3,2024
Kiersten Belkoff,29716,Pennsylvania,,9.65,,9.775,Sunday,3,3,2024
Lainey Hunt,29716,Texas Woman's,9.825,,,,Sunday,3,3,2024
Lauren Rutherford,29716,Clemson,9.8,,,,Sunday,3,3,2024
Lilly Lippeatt,29716,Clemson,9.825,9.725,,,Sunday,3,3,2024
Madeline Gose,29716,Texas Woman's,,9.1,9.725,,Sunday,3,3,2024
Madison Minner,29716,Clemson,,,9.8,9.9,Sunday,3,3,2024
Maggie Holman,29716,Clemson,,,9.55,9.775,Sunday,3,3,2024
Marissa Lassiter,29716,Pennsylvania,,,9.675,9.8,Sunday,3,3,2024
Molly Arnold,29716,Clemson,,,9.875,9.85,Sunday,3,3,2024
Ragan Smith,29716,Oklahoma,9.9,10.0,9.85,,Sunday,3,3,2024
Rebecca Wells,29716,Clemson,9.875,9.8,9.875,9.85,Sunday,3,3,2024
Sara Kenefick,29716,Pennsylvania,9.725,9.675,9.675,9.7,Sunday,3,3,2024
Sierra Church,29716,Clemson,,9.675,,,Sunday,3,3,2024
Skyelar Kerico,29716,Pennsylvania,9.8,9.825,9.85,9.825,Sunday,3,3,2024
Sophia Isbell,29716,Texas Woman's,,,,9.825,Sunday,3,3,2024
Sophia Paris,29716,Pennsylvania,9.725,,,,Sunday,3,3,2024
Sophie Hernandez,29716,Texas Woman's,,9.825,9.775,,Sunday,3,3,2024
Steelie King,29716,Texas Woman's,,9.875,9.8,9.825,Sunday,3,3,2024
Trinity Brown,29716,Clemson,,,,9.8,Sunday,3,3,2024
Trinity Webb,29716,Clemson,9.8,,,,Sunday,3,3,2024
Zara Gazdak,29716,Pennsylvania,9.675,,9.725,,Sunday,3,3,2024
Abbie Pierson,29719,West Virginia,9.675,9.775,9.525,9.85,Sunday,3,3,2024
Abby Singh,29719,Western Michigan,9.8,,,9.775,Sunday,3,3,2024
Adriana Hoffman,29719,Towson,,,,9.825,Sunday,3,3,2024
Ally Schaupp,29719,Western Michigan,,,9.85,,Sunday,3,3,2024
Amanda Gruber,29719,Western Michigan,,9.825,9.0,,Sunday,3,3,2024
Amber Lowe,29719,West Virginia,9.225,9.175,9.85,,Sunday,3,3,2024
Anna Leigh,29719,West Virginia,9.75,,,,Sunday,3,3,2024
Arayah Simons,29719,Pittsburgh,9.275,,,9.575,Sunday,3,3,2024
Breckin Quoss,29719,Western Michigan,9.625,,,,Sunday,3,3,2024
Brissa Portillo,29719,Towson,,9.075,,,Sunday,3,3,2024
Brooke Alban,29719,West Virginia,,,9.85,9.65,Sunday,3,3,2024
Camille Vitoff,29719,Towson,9.6,,,9.825,Sunday,3,3,2024
Carmella Calafati,29719,Towson,,,9.85,,Sunday,3,3,2024
Cassie St. Clair,29719,Western Michigan,,,9.875,9.05,Sunday,3,3,2024
Ciara Ward,29719,Pittsburgh,,,9.675,9.025,Sunday,3,3,2024
Clara Hong,29719,Towson,9.75,9.8,,,Sunday,3,3,2024
Dani Petrousek,29719,Western Michigan,9.675,9.6,9.775,,Sunday,3,3,2024
Elise Tisler,29719,Towson,,,9.825,9.875,Sunday,3,3,2024
Emily Todd,29719,Pittsburgh,9.775,9.725,9.8,,Sunday,3,3,2024
Emma Wehry,29719,West Virginia,,9.825,,9.825,Sunday,3,3,2024
Faith Lerro,29719,Pittsburgh,9.7,,,,Sunday,3,3,2024
Gigi Singh,29719,Western Michigan,,9.4,,,Sunday,3,3,2024
Grace Vaillancourt,29719,Towson,9.825,9.9,9.85,,Sunday,3,3,2024
Halle Faulkner,29719,Western Michigan,,,,9.9,Sunday,3,3,2024
Hallie Copperwheat,29719,Pittsburgh,,9.8,,,Sunday,3,3,2024
Hannah Milton,29719,Western Michigan,,9.575,,9.775,Sunday,3,3,2024
Isabella Minervini,29719,Towson,9.95,,9.7,,Sunday,3,3,2024
Jah'Liyah Bedminster,29719,Pittsburgh,9.825,,9.85,9.8,Sunday,3,3,2024
Jayden McDonnell,29719,West Virginia,9.1,,,9.7,Sunday,3,3,2024
Jenna Weitz,29719,Towson,,9.8,9.85,9.775,Sunday,3,3,2024
Jordyn Ewing,29719,Pittsburgh,9.85,9.675,9.875,,Sunday,3,3,2024
Julia Brown,29719,West Virginia,,9.775,9.775,,Sunday,3,3,2024
Jurnee Lane,29719,West Virginia,9.775,9.525,9.775,,Sunday,3,3,2024
Kaylee Larson,29719,Pittsburgh,,,9.7,,Sunday,3,3,2024
Kendall Foy,29719,Pittsburgh,,9.675,,,Sunday,3,3,2024
Kennedy Duke,29719,Pittsburgh,9.75,9.75,9.775,9.8,Sunday,3,3,2024
Kiana Lewis,29719,West Virginia,,,9.875,9.875,Sunday,3,3,2024
Lauren Greene,29719,Towson,9.725,,,,Sunday,3,3,2024
Lauren Keener,29719,Towson,9.125,9.75,,,Sunday,3,3,2024
Makenna King,29719,Western Michigan,9.825,,,,Sunday,3,3,2024
Miranda Smith,29719,West Virginia,9.875,9.775,,,Sunday,3,3,2024
Payton Murphy,29719,Western Michigan,9.075,9.775,9.9,9.875,Sunday,3,3,2024
Polina Belanovski,29719,Towson,,,,9.875,Sunday,3,3,2024
Retoshia Halsell,29719,Towson,,,9.825,9.85,Sunday,3,3,2024
Reyna Garvey,29719,Pittsburgh,,9.25,,9.7,Sunday,3,3,2024
Sarah Girot,29719,Towson,,9.775,,,Sunday,3,3,2024
Sarah Moravansky,29719,Western Michigan,8.6,9.675,9.575,9.875,Sunday,3,3,2024
Shruthi Anand,29719,Pittsburgh,,,,9.825,Sunday,3,3,2024
Sierra Muns,29719,West Virginia,,,,9.65,Sunday,3,3,2024
Trinity Munsisoumang,29719,Pittsburgh,,,9.35,,Sunday,3,3,2024
Alonna Kratzer,29723,Missouri,,,9.9,,Sunday,3,3,2024
Amari Celestine,29723,Missouri,,9.825,9.875,9.875,Sunday,3,3,2024
Amaya Marshall,29723,Missouri,9.9,9.8,,,Sunday,3,3,2024
Cally Swaney,29723,Arkansas,9.75,,,,Sunday,3,3,2024
Cami Weaver,29723,Arkansas,,9.925,,9.8,Sunday,3,3,2024
Dakota Essenpries,29723,Arkansas,,,,9.8,Sunday,3,3,2024
Frankie Price,29723,Arkansas,,,9.925,9.875,Sunday,3,3,2024
Grace Anne Davis,29723,Missouri,,9.8,,,Sunday,3,3,2024
Hailey Klein,29723,Arkansas,,9.925,9.875,9.85,Sunday,3,3,2024
Hannah Horton,29723,Missouri,,,9.15,9.825,Sunday,3,3,2024
Hollyn Patrick,29723,Missouri,9.925,,,,Sunday,3,3,2024
Jaime Pratt,29723,Arkansas,9.8,,,,Sunday,3,3,2024
Jensen Scalzo,29723,Arkansas,9.825,,,,Sunday,3,3,2024
Jocelyn Moore,29723,Missouri,9.875,,9.95,9.8,Sunday,3,3,2024
Kalyxta Gamiao,29723,Arkansas,,9.9,9.8,,Sunday,3,3,2024
Kennedy Griffin,29723,Missouri,,,9.95,9.825,Sunday,3,3,2024
Kyra Burns,29723,Missouri,9.9,,,,Sunday,3,3,2024
Lauren Williams,29723,Arkansas,,9.8,9.95,9.875,Sunday,3,3,2024
Leah Smith,29723,Arkansas,,,9.85,9.85,Sunday,3,3,2024
Maddie Jones,29723,Arkansas,9.925,9.925,9.925,,Sunday,3,3,2024
Mara Titarsolej,29723,Missouri,9.1,,,,Sunday,3,3,2024
Rayna Light,29723,Missouri,,9.725,,9.825,Sunday,3,3,2024
Reese Drotar,29723,Arkansas,9.85,,,,Sunday,3,3,2024
Sienna Schreiber,29723,Missouri,9.85,10.0,9.925,9.875,Sunday,3,3,2024
Sirena Linton,29723,Arkansas,9.9,9.9,,,Sunday,3,3,2024
Sydney Schaffer,29723,Missouri,,9.825,,,Sunday,3,3,2024
Alex Routsis,29725,Southern Utah,9.8,,,,Monday,4,3,2024
Alilah Alvarado,29725,BYU,9.9,,,,Monday,4,3,2024
Allix Mason,29725,BYU,9.8,9.875,,9.8,Monday,4,3,2024
Aly Coutu,29725,Southern Utah,9.625,9.875,,,Monday,4,3,2024
Alyssa Fernandez,29725,Southern Utah,,9.85,9.825,,Monday,4,3,2024
Anna Bramblett-Wilde,29725,BYU,9.85,,,,Monday,4,3,2024
Anna Hartley,29725,Southern Utah,,9.9,,,Monday,4,3,2024
Anyssa Alvarado,29725,BYU,9.95,,,,Monday,4,3,2024
Ava Jorgensen,29725,BYU,,,,9.775,Monday,4,3,2024
Brinlee Christensen,29725,Southern Utah,9.8,,9.875,9.85,Monday,4,3,2024
Brynlee Andersen,29725,BYU,,9.925,,,Monday,4,3,2024
Elease Rollins,29725,BYU,,9.8,9.75,9.8,Monday,4,3,2024
Eliza Millar-Crossman,29725,BYU,,9.775,9.85,,Monday,4,3,2024
Ellie Cacciola,29725,Southern Utah,,9.825,9.875,9.85,Monday,4,3,2024
Heidi Schooley-Meyers,29725,BYU,,,9.9,,Monday,4,3,2024
Isabella Neff,29725,Southern Utah,9.825,,,,Monday,4,3,2024
Kayla Pardue,29725,Southern Utah,,,9.825,9.775,Monday,4,3,2024
Kennedi McClain,29725,Southern Utah,,9.85,,9.825,Monday,4,3,2024
Kylie Eaquinto,29725,BYU,9.825,,,,Monday,4,3,2024
Madison Raesly-Patton,29725,BYU,,9.825,,,Monday,4,3,2024
Melissa Earl,29725,BYU,,,,9.9,Monday,4,3,2024
Mina Margraf-Benson,29725,BYU,,9.825,9.825,,Monday,4,3,2024
Niya Randolph,29725,Southern Utah,9.95,9.85,9.9,9.9,Monday,4,3,2024
Sophie Dudley,29725,BYU,,,9.85,9.85,Monday,4,3,2024
Sydney Benson,29725,BYU,9.825,,9.75,9.875,Monday,4,3,2024
Taylor Gull,29725,Southern Utah,,,9.775,9.825,Monday,4,3,2024
Trista Goodman,29725,Southern Utah,9.875,,,,Monday,4,3,2024
Alexa Rothenbuescher,29727,Maryland,9.925,,9.9,9.85,Thursday,7,3,2024
Alexis Ortega,29727,North Carolina State,9.95,9.875,,9.8,Thursday,7,3,2024
Alisha Werlen,29727,Pennsylvania,,9.7,,,Thursday,7,3,2024
Amelia Budd,29727,Temple,,,,9.75,Thursday,7,3,2024
Ana Kenefick,29727,Pennsylvania,,9.625,9.775,,Thursday,7,3,2024
Angelina Hogan,29727,Temple,9.725,,,,Thursday,7,3,2024
Ashley Knight,29727,North Carolina State,,,9.8,9.925,Thursday,7,3,2024
Brooke Donabedian,29727,Temple,,9.775,9.875,,Thursday,7,3,2024
Campbell Marr,29727,Pennsylvania,,9.85,,,Thursday,7,3,2024
Carly Oniki,29727,Pennsylvania,,9.65,,,Thursday,7,3,2024
Chloe Negrete,29727,North Carolina State,,9.9,9.85,9.7,Thursday,7,3,2024
Connie Hsu,29727,Pennsylvania,9.65,,,,Thursday,7,3,2024
Cyrena Whalen,29727,Temple,9.775,,,,Thursday,7,3,2024
Emily Johnson,29727,Temple,9.825,,,,Thursday,7,3,2024
Emily Shepard,29727,North Carolina State,9.325,9.925,9.9,,Thursday,7,3,2024
Emma Davies,29727,Pennsylvania,,,9.85,,Thursday,7,3,2024
Emma Silberman,29727,Maryland,9.85,9.65,9.75,9.825,Thursday,7,3,2024
Hannah Weklar,29727,Temple,9.525,,9.775,9.65,Thursday,7,3,2024
Isabel Song,29727,Pennsylvania,9.7,,,9.65,Thursday,7,3,2024
Jordan Barrow,29727,Pennsylvania,,,,9.8,Thursday,7,3,2024
Josephine Kogler,29727,Maryland,,9.625,,9.775,Thursday,7,3,2024
Kailee Adomaites,29727,North Carolina State,9.75,,,,Thursday,7,3,2024
Katie Harper,29727,North Carolina State,9.9,9.875,,,Thursday,7,3,2024
Katya Edwards,29727,North Carolina State,,,9.8,,Thursday,7,3,2024
Kiersten Belkoff,29727,Pennsylvania,,9.825,,9.775,Thursday,7,3,2024
Krista Zultevicz,29727,North Carolina State,,,9.8,9.7,Thursday,7,3,2024
Layla Hammer,29727,Maryland,,9.925,,,Thursday,7,3,2024
Mackenzie Aresta,29727,Temple,,,,9.675,Thursday,7,3,2024
Macy Jennings,29727,North Carolina State,,9.85,,,Thursday,7,3,2024
Maddie Hall,29727,North Carolina State,,,9.7,9.65,Thursday,7,3,2024
Maddie Komoroski,29727,Maryland,,9.875,9.825,,Thursday,7,3,2024
Madeline Reid,29727,North Carolina State,9.8,,,,Thursday,7,3,2024
Madison Dorunda,29727,Temple,,9.825,9.75,,Thursday,7,3,2024
Madison Perkins,29727,Pennsylvania,,9.575,,9.75,Thursday,7,3,2024
Marissa Lassiter,29727,Pennsylvania,9.75,,9.725,9.65,Thursday,7,3,2024
Meg Adler,29727,North Carolina State,,9.15,,9.825,Thursday,7,3,2024
Natalie Martin,29727,Maryland,,9.95,9.8,9.85,Thursday,7,3,2024
Olivia Weir,29727,Maryland,,,,9.875,Thursday,7,3,2024
Payton Monk,29727,Temple,,9.575,9.85,9.675,Thursday,7,3,2024
Peyton Childs,29727,North Carolina State,9.825,,,,Thursday,7,3,2024
Reese DeHaan,29727,Temple,9.725,,,,Thursday,7,3,2024
Renee Schugman,29727,Temple,,9.85,9.75,9.7,Thursday,7,3,2024
Rhea Leblanc,29727,Maryland,9.875,,9.85,,Thursday,7,3,2024
Sara Kenefick,29727,Pennsylvania,9.125,,9.8,,Thursday,7,3,2024
Sarah Stallings,29727,Temple,9.9,9.825,,,Thursday,7,3,2024
Sierra Kondo,29727,Maryland,9.875,,,,Thursday,7,3,2024
Skyelar Kerico,29727,Pennsylvania,4.9,,9.725,9.725,Thursday,7,3,2024
Sophia Paris,29727,Pennsylvania,9.775,,,,Thursday,7,3,2024
Summer Ruskey,29727,Temple,,9.625,9.85,9.7,Thursday,7,3,2024
Tasha Brozowski,29727,Maryland,9.825,,,,Thursday,7,3,2024
Taylor Rech,29727,Maryland,,,9.775,9.85,Thursday,7,3,2024
Victoria Gatzendorfer,29727,Maryland,9.8,9.9,,,Thursday,7,3,2024
Zara Gazdak,29727,Pennsylvania,,,9.775,,Thursday,7,3,2024
Aaliyah Gilmore,29731,Texas Woman's,9.75,,,,Friday,8,3,2024
Aleah Finnegan,29731,LSU,,9.9,9.825,9.9,Friday,8,3,2024
Alexis Jeffrey,29731,LSU,9.9,9.9,,,Friday,8,3,2024
Amari Drayton,29731,LSU,,,9.875,9.9,Friday,8,3,2024
Anneliese Silverman,29731,George Washington,9.725,9.8,9.65,9.8,Friday,8,3,2024
Aria Brusch,29731,Auburn,9.85,9.9,9.875,,Friday,8,3,2024
Ashley Cowan,29731,LSU,9.85,,,,Friday,8,3,2024
Bailey Bourgeois,29731,Texas Woman's,8.9,,,,Friday,8,3,2024
Brooke Ferrari,29731,Texas Woman's,9.875,,,,Friday,8,3,2024
Brooke Izzo,29731,George Washington,,9.65,,,Friday,8,3,2024
Caroline Bowns,29731,Texas Woman's,9.725,,,,Friday,8,3,2024
Cassie Stevens,29731,Auburn,9.9,9.925,9.9,9.9,Friday,8,3,2024
Daisy Woodring,29731,Texas Woman's,,9.725,9.85,9.825,Friday,8,3,2024
Deana Sheremeta,29731,George Washington,,,9.8,,Friday,8,3,2024
Delaney DeHaan,29731,George Washington,9.875,,,,Friday,8,3,2024
Emily Six,29731,Texas Woman's,,9.725,9.725,9.75,Friday,8,3,2024
Emma Brkljacic,29731,Texas Woman's,,9.05,9.775,9.55,Friday,8,3,2024
Gabby McLaughlin,29731,Auburn,9.825,9.9,9.925,,Friday,8,3,2024
Haleigh Bryant,29731,LSU,10.0,9.95,9.975,10.0,Friday,8,3,2024
Julianne Huff,29731,Auburn,,,9.875,9.825,Friday,8,3,2024
KJ Johnson,29731,LSU,,9.725,9.95,9.925,Friday,8,3,2024
Kaitlyn Hoiland,29731,Texas Woman's,9.85,,,9.775,Friday,8,3,2024
Kami Zarlengo,29731,Texas Woman's,9.775,,,,Friday,8,3,2024
Kasey Burke,29731,George Washington,,,9.8,9.775,Friday,8,3,2024
Kendall Whitman,29731,George Washington,8.65,9.75,9.85,9.875,Friday,8,3,2024
Kiya Johnson,29731,LSU,9.875,9.9,9.975,9.875,Friday,8,3,2024
Madeline Gose,29731,Texas Woman's,,9.25,9.75,,Friday,8,3,2024
Marlee York,29731,George Washington,,,,9.8,Friday,8,3,2024
Maya Peters,29731,George Washington,9.475,9.8,,,Friday,8,3,2024
Nancy Kiner,29731,George Washington,,9.85,,,Friday,8,3,2024
Olivia Dunne,29731,LSU,9.875,,9.9,,Friday,8,3,2024
Olivia Greaves,29731,Auburn,9.175,,,9.825,Friday,8,3,2024
Olivia Hollingsworth,29731,Auburn,9.825,9.875,9.575,9.65,Friday,8,3,2024
Paige Zancan,29731,Auburn,,9.775,,,Friday,8,3,2024
Payton Lynch,29731,George Washington,,,9.725,,Friday,8,3,2024
Rachel Katz,29731,George Washington,9.825,,,9.825,Friday,8,3,2024
Sara Hubbard,29731,Auburn,,,,9.825,Friday,8,3,2024
Sarah Zois,29731,George Washington,,9.525,9.7,9.775,Friday,8,3,2024
Savannah Schoenherr,29731,LSU,9.925,,,9.95,Friday,8,3,2024
Sierra Ballard,29731,LSU,,9.85,,,Friday,8,3,2024
Sophia Groth,29731,Auburn,9.725,9.825,9.9,,Friday,8,3,2024
Sophia Isbell,29731,Texas Woman's,,,,9.7,Friday,8,3,2024
Sophia Tyeryar,29731,George Washington,9.4,,,,Friday,8,3,2024
Sophie Hernandez,29731,Texas Woman's,,9.65,9.8,,Friday,8,3,2024
Steelie King,29731,Texas Woman's,,9.75,9.75,9.675,Friday,8,3,2024
Sydney Schumaker,29731,Auburn,,,,9.075,Friday,8,3,2024
Alexa Ebeling,29735,Iowa,,9.575,,,Friday,8,3,2024
Alyse Karenbauer,29735,Iowa,,,9.85,9.825,Friday,8,3,2024
Aubrey Nick,29735,Iowa,,9.85,,,Friday,8,3,2024
Avery Chambers,29735,Iowa,,,,9.775,Friday,8,3,2024
Bailey Libby,29735,Iowa,,,9.85,,Friday,8,3,2024
Ella Schell,29735,Iowa State,9.725,,,,Friday,8,3,2024
Emilie Hong,29735,Iowa State,,,,9.85,Friday,8,3,2024
Emily Erb,29735,Iowa,,,9.85,,Friday,8,3,2024
Eva Volpe,29735,Iowa,9.85,9.775,9.775,9.825,Friday,8,3,2024
Gianna Masella,29735,Iowa,9.85,,9.7,9.75,Friday,8,3,2024
Hannah Loyim,29735,Iowa State,9.7,9.675,9.8,9.75,Friday,8,3,2024
Ilka Juk,29735,Iowa,9.725,9.9,,,Friday,8,3,2024
Josie Bergstrom-Te Slaa,29735,Iowa State,,9.875,,9.85,Friday,8,3,2024
Kaia Parker,29735,Iowa State,,,9.875,9.8,Friday,8,3,2024
Kaia Vanney,29735,Iowa,9.725,,,,Friday,8,3,2024
Karina Munoz,29735,Iowa,9.825,9.9,9.875,9.85,Friday,8,3,2024
Laura Cooke,29735,Iowa State,9.8,,9.775,,Friday,8,3,2024
Lauren O'Brochta,29735,Iowa State,,9.775,,,Friday,8,3,2024
Lauren Thomas,29735,Iowa State,9.75,9.825,,,Friday,8,3,2024
Loganne Basuel,29735,Iowa State,9.925,,,,Friday,8,3,2024
Madelyn Manternach,29735,Iowa State,,,9.425,,Friday,8,3,2024
Marissa Rojas,29735,Iowa,8.925,9.825,,,Friday,8,3,2024
Noelle Adams,29735,Iowa State,,9.225,9.925,9.825,Friday,8,3,2024
Paige Wills,29735,Iowa State,9.65,,,9.775,Friday,8,3,2024
Rachel Wilke,29735,Iowa State,,9.85,9.8,,Friday,8,3,2024
Abby Mueller,29737,Illinois,9.8,9.75,9.85,9.775,Friday,8,3,2024
Alea Byrne,29737,Illinois,,,9.85,9.7,Friday,8,3,2024
Alexa Chuy,29737,Talladega,9.6,9.625,9.675,9.65,Friday,8,3,2024
Alondra Maldonado,29737,Talladega,,9.75,9.6,,Friday,8,3,2024
Amelia Knight,29737,Illinois,9.525,9.85,,,Friday,8,3,2024
Arielle Ward,29737,Illinois,,9.6,9.725,9.925,Friday,8,3,2024
Cameron Machado,29737,Alabama,9.9,,9.75,,Friday,8,3,2024
Chloe LaCoursiere,29737,Alabama,9.625,,,9.725,Friday,8,3,2024
Corinne Bunagan,29737,Alabama,,,,9.875,Friday,8,3,2024
Destiny Denning,29737,Illinois,9.75,,,,Friday,8,3,2024
Diamond Cook,29737,Talladega,,,9.525,,Friday,8,3,2024
Ella Burgess,29737,Alabama,,9.875,9.9,,Friday,8,3,2024
Ella Sirjord,29737,Minnesota,9.9,9.9,,,Friday,8,3,2024
Emily Koch,29737,Minnesota,,9.875,9.8,,Friday,8,3,2024
Gabby Gladieux,29737,Alabama,9.8,9.95,9.975,9.9,Friday,8,3,2024
Gianna Gerdes,29737,Minnesota,9.85,9.85,9.9,9.825,Friday,8,3,2024
Jaidyn Bryant,29737,Talladega,,,9.5,,Friday,8,3,2024
Jamilia Duffus,29737,Talladega,9.5,,,9.725,Friday,8,3,2024
Jamison Sears,29737,Alabama,,,,9.925,Friday,8,3,2024
Jordyn Lyden,29737,Minnesota,9.9,,,,Friday,8,3,2024
Kadyn Fitzgibbon,29737,Illinois,,,9.675,,Friday,8,3,2024
Kaitlyn Ewald,29737,Illinois,9.825,9.75,9.7,,Friday,8,3,2024
Katie Horak,29737,Minnesota,,9.875,,,Friday,8,3,2024
Kiora Peart-Williams,29737,Talladega,9.625,,,9.675,Friday,8,3,2024
Krystin Johnson,29737,Talladega,9.3,7.775,9.625,9.825,Friday,8,3,2024
Landyn Williams,29737,Talladega,,,9.625,9.675,Friday,8,3,2024
Lauren Pearl,29737,Minnesota,,9.875,9.95,9.875,Friday,8,3,2024
Lilly Hudson,29737,Alabama,9.875,9.95,9.95,9.8,Friday,8,3,2024
Luisa Blanco,29737,Alabama,9.95,9.9,10.0,10.0,Friday,8,3,2024
Lyden Saltness,29737,Illinois,9.8,,,,Friday,8,3,2024
Mackenzie Butler,29737,Talladega,,9.05,,9.025,Friday,8,3,2024
Marissa Jencks,29737,Minnesota,9.675,,9.8,9.8,Friday,8,3,2024
Mati Waligora,29737,Alabama,,9.625,9.9,,Friday,8,3,2024
Mia Takekawa,29737,Illinois,9.95,9.9,,9.725,Friday,8,3,2024
Mia Townes,29737,Illinois,,9.825,9.85,9.725,Friday,8,3,2024
Morgan Swaby,29737,Talladega,8.375,9.15,,,Friday,8,3,2024
Mya Hooten,29737,Minnesota,9.925,,9.875,9.9,Friday,8,3,2024
Olivia Coppola,29737,Illinois,,,,9.75,Friday,8,3,2024
Promise Jean-Marie,29737,Talladega,9.075,,,,Friday,8,3,2024
Sarah Moraw,29737,Minnesota,,9.95,,9.875,Friday,8,3,2024
Seria Johnson,29737,Minnesota,,,9.125,,Friday,8,3,2024
Shania Adams,29737,Alabama,9.725,9.85,,,Friday,8,3,2024
Sidnei Heubach,29737,Talladega,,9.725,,,Friday,8,3,2024
Sophia Nguyen,29737,Minnesota,9.75,,,9.775,Friday,8,3,2024
Abby Paulson,29741,Utah,,9.875,9.925,,Friday,8,3,2024
Abigayle Martin,29741,Arizona,9.2,9.9,,9.8,Friday,8,3,2024
Ainsley Greever,29741,Arizona,,,,9.725,Friday,8,3,2024
Alani Sabado,29741,Utah,9.125,,,,Friday,8,3,2024
Alysen Fears,29741,Arizona,9.8,9.825,9.85,9.825,Friday,8,3,2024
Ashley Glynn,29741,Utah,,,,9.825,Friday,8,3,2024
Camie Winger,29741,Utah,9.875,9.825,,9.85,Friday,8,3,2024
Caroline Herry,29741,Arizona,,9.775,9.85,,Friday,8,3,2024
Elena Deets,29741,Arizona,9.825,9.85,9.85,,Friday,8,3,2024
Elizabeth Gantner,29741,Utah,,9.85,,,Friday,8,3,2024
Ella Zirbes,29741,Utah,9.925,,9.875,9.9,Friday,8,3,2024
Emily Mueller,29741,Arizona,8.775,9.875,9.9,,Friday,8,3,2024
Emma Strom,29741,Arizona,,9.8,9.9,9.775,Friday,8,3,2024
Grace McCallum,29741,Utah,10.0,9.9,9.95,9.825,Friday,8,3,2024
Jaedyn Rucker,29741,Utah,,,9.875,9.925,Friday,8,3,2024
Jaylene Gilstrap,29741,Utah,,,9.95,,Friday,8,3,2024
Jessica Castles,29741,Arizona,,,,9.825,Friday,8,3,2024
Maile O'Keefe,29741,Utah,9.875,9.975,,,Friday,8,3,2024
Makenna Smith,29741,Utah,9.85,9.825,9.85,9.85,Friday,8,3,2024
Malia Hargrove,29741,Arizona,9.775,,9.875,9.925,Friday,8,3,2024
Sophie Derr,29741,Arizona,9.35,,,,Friday,8,3,2024
Alexis Hankins,29743,Ohio State,9.85,9.875,,,Friday,8,3,2024
Alilah Alvarado,29743,BYU,9.8,,,,Friday,8,3,2024
Allix Mason,29743,BYU,,9.825,,9.775,Friday,8,3,2024
Anna Bramblett-Wilde,29743,BYU,9.125,,,,Friday,8,3,2024
Anyssa Alvarado,29743,BYU,9.8,,,,Friday,8,3,2024
Ava Jorgensen,29743,BYU,9.8,,9.775,9.775,Friday,8,3,2024
Brynlee Andersen,29743,BYU,,9.975,,,Friday,8,3,2024
Courtney McCann,29743,Ohio State,,9.8,,,Friday,8,3,2024
Elease Rollins,29743,BYU,,9.925,,9.725,Friday,8,3,2024
Eliza Millar-Crossman,29743,BYU,,9.8,9.825,,Friday,8,3,2024
Ella Hodges,29743,Ohio State,,9.8,9.95,,Friday,8,3,2024
Emma Pritchard,29743,Ohio State,9.7,9.825,,,Friday,8,3,2024
Heidi Schooley-Meyers,29743,BYU,,,9.8,,Friday,8,3,2024
Kaitlyn Grimes,29743,Ohio State,,,,9.85,Friday,8,3,2024
Kylie Eaquinto,29743,BYU,9.825,,9.85,,Friday,8,3,2024
Linsey Hunter-Kempler,29743,BYU,9.825,,,,Friday,8,3,2024
Madison Raesly-Patton,29743,BYU,,9.85,,,Friday,8,3,2024
Mallory Gregory,29743,Ohio State,,,,9.825,Friday,8,3,2024
Melissa Earl,29743,BYU,,,,9.775,Friday,8,3,2024
Nicole Riccardi,29743,Ohio State,9.875,,9.9,9.825,Friday,8,3,2024
Olivia Matern,29743,BYU,,,9.775,,Friday,8,3,2024
Payton Harris,29743,Ohio State,9.825,9.775,9.925,9.925,Friday,8,3,2024
Savannah Gonzalez,29743,Ohio State,,,9.775,,Friday,8,3,2024
Sidney Washington,29743,Ohio State,9.75,,9.875,9.85,Friday,8,3,2024
Sophie Dudley,29743,BYU,,9.85,9.8,9.75,Friday,8,3,2024
Sydney Benson,29743,BYU,,,,9.85,Friday,8,3,2024
Tory Vetter,29743,Ohio State,9.8,9.875,9.9,9.85,Friday,8,3,2024
Ady Wahl,29745,Georgia,9.8,,9.925,9.875,Friday,8,3,2024
Anya Turner,29745,Georgia,,9.85,,,Friday,8,3,2024
Ashlyn LaClair,29745,Georgia,,,9.85,9.675,Friday,8,3,2024
Ava Jordan,29745,Michigan,,,,9.775,Friday,8,3,2024
Carly Bauman,29745,Michigan,9.875,9.825,9.875,,Friday,8,3,2024
Eryn Williams,29745,Georgia,,,9.825,,Friday,8,3,2024
Farah Lipetz,29745,Michigan,8.95,,,,Friday,8,3,2024
Gabby Wilson,29745,Michigan,9.925,9.725,9.975,9.875,Friday,8,3,2024
Holly Snyder,29745,Georgia,9.875,,9.9,,Friday,8,3,2024
Ja' Free Scott,29745,Georgia,9.275,9.85,,9.75,Friday,8,3,2024
Jacey Vore,29745,Michigan,9.85,9.85,,,Friday,8,3,2024
Jaydah Battle,29745,Georgia,,9.85,,9.75,Friday,8,3,2024
Jenna Mulligan,29745,Michigan,,9.85,9.825,9.875,Friday,8,3,2024
Katie Finnegan,29745,Georgia,9.75,,,9.825,Friday,8,3,2024
Lily Smith,29745,Georgia,9.95,9.85,9.95,9.75,Friday,8,3,2024
Mccaleigh Marr,29745,Michigan,9.775,,,,Friday,8,3,2024
Naya Howard,29745,Georgia,9.175,9.85,,,Friday,8,3,2024
Paige Thaxton,29745,Michigan,,,9.725,9.75,Friday,8,3,2024
Reyna Guggino,29745,Michigan,,9.325,9.875,9.925,Friday,8,3,2024
Sidney Fitzgerald,29745,Georgia,,,9.65,,Friday,8,3,2024
Sierra Brooks,29745,Michigan,9.825,9.8,9.925,9.85,Friday,8,3,2024
Zora Morgan,29745,Georgia,,9.15,,,Friday,8,3,2024
Ariana Young,29747,Oregon State,,9.775,9.9,,Friday,8,3,2024
Caitlin McWilliams,29747,Washington,,,9.8,,Friday,8,3,2024
Chelsea Hallinan,29747,Washington,,9.9,,,Friday,8,3,2024
Deiah Moody,29747,Washington,9.85,9.875,,,Friday,8,3,2024
Emily Innes,29747,Washington,,9.875,9.9,9.8,Friday,8,3,2024
Emily Pires,29747,Washington,,,9.825,,Friday,8,3,2024
Jade Carey,29747,Oregon State,9.95,9.95,9.65,9.85,Friday,8,3,2024
Jennifer McMillan,29747,Oregon State,9.925,9.85,,,Friday,8,3,2024
Kaitlin Garcia,29747,Oregon State,,,9.85,9.775,Friday,8,3,2024
Karlie Chavez,29747,Oregon State,,,9.9,,Friday,8,3,2024
Kristin Lin,29747,Washington,9.75,,,9.775,Friday,8,3,2024
Lana Navarro,29747,Washington,,9.875,9.9,9.9,Friday,8,3,2024
Lilly Tubbs,29747,Washington,9.875,,,9.825,Friday,8,3,2024
Mary McDonough,29747,Washington,,,,9.775,Friday,8,3,2024
Natalie Briones,29747,Oregon State,9.85,,,9.825,Friday,8,3,2024
Olivia Buckner,29747,Oregon State,,9.775,,9.725,Friday,8,3,2024
Olivia Oppegard,29747,Washington,9.725,,,,Friday,8,3,2024
Sage Thompson,29747,Oregon State,9.95,9.175,9.875,9.775,Friday,8,3,2024
Skylar Killough-Wilhelm,29747,Washington,9.85,9.875,9.9,9.85,Friday,8,3,2024
Sophia Esposito,29747,Oregon State,9.275,9.875,9.925,9.875,Friday,8,3,2024
Taylor DeVries,29747,Oregon State,9.775,,,,Friday,8,3,2024
Taylor Russon,29747,Washington,9.6,9.9,9.8,,Friday,8,3,2024
Arayah Simons,29749,Pittsburgh,,,,9.75,Friday,8,3,2024
Charniya Brown,29749,Bowling Green,9.625,,,9.725,Friday,8,3,2024
Ciara Ward,29749,Pittsburgh,,,9.85,9.85,Friday,8,3,2024
Elise Brzoska,29749,Bowling Green,,9.6,8.825,,Friday,8,3,2024
Emily Todd,29749,Pittsburgh,9.825,9.9,9.7,,Friday,8,3,2024
Faith Lerro,29749,Pittsburgh,9.85,,,,Friday,8,3,2024
Hallie Copperwheat,29749,Pittsburgh,,9.825,,,Friday,8,3,2024
Isabella Rivelli,29749,Bowling Green,9.85,,,,Friday,8,3,2024
Jah'Liyah Bedminster,29749,Pittsburgh,9.8,,9.9,9.625,Friday,8,3,2024
Jordyn Ewing,29749,Pittsburgh,9.85,9.35,9.925,,Friday,8,3,2024
Julie Madso,29749,Pittsburgh,9.525,,,,Friday,8,3,2024
Kathryn Weilbacher,29749,Bowling Green,9.275,9.775,9.875,9.95,Friday,8,3,2024
Kaylee Larson,29749,Pittsburgh,,,9.825,,Friday,8,3,2024
Keira Thornton,29749,Bowling Green,9.75,,9.85,9.75,Friday,8,3,2024
Kendall Foy,29749,Pittsburgh,,9.175,,,Friday,8,3,2024
Kennedy Duke,29749,Pittsburgh,9.65,9.825,9.775,9.775,Friday,8,3,2024
Lauren Bannister,29749,Bowling Green,,,9.75,,Friday,8,3,2024
Love Akpan,29749,Bowling Green,,9.775,9.875,9.9,Friday,8,3,2024
Madison Coburn,29749,Bowling Green,,,9.75,9.875,Friday,8,3,2024
Megan Bingham,29749,Bowling Green,9.65,9.825,,9.775,Friday,8,3,2024
Megan Dzialo,29749,Bowling Green,8.225,,,,Friday,8,3,2024
Nadia Parente,29749,Bowling Green,,9.15,,,Friday,8,3,2024
Reyna Garvey,29749,Pittsburgh,,9.625,,9.775,Friday,8,3,2024
Sarina Ross,29749,Bowling Green,,9.75,,,Friday,8,3,2024
Shruthi Anand,29749,Pittsburgh,,,,9.875,Friday,8,3,2024
Alex Routsis,29751,Southern Utah,9.825,,,,Friday,8,3,2024
Aly Coutu,29751,Southern Utah,,9.825,,,Friday,8,3,2024
Alyssa Fernandez,29751,Southern Utah,,9.825,9.825,,Friday,8,3,2024
Alyssa Kramer,29751,Penn State,,,9.3,,Friday,8,3,2024
Amani Herring,29751,Penn State,,9.325,9.8,9.675,Friday,8,3,2024
Anna Hartley,29751,Southern Utah,,9.7,,,Friday,8,3,2024
Ashley Maul,29751,Penn State,,9.725,9.8,,Friday,8,3,2024
Aubri Schwartze,29751,Southern Utah,9.875,,,,Friday,8,3,2024
Ava Piedrahita,29751,Penn State,9.9,9.875,9.825,9.925,Friday,8,3,2024
Bella Salcedo,29751,Penn State,,9.875,9.9,9.8,Friday,8,3,2024
Brinlee Christensen,29751,Southern Utah,9.85,,9.825,9.15,Friday,8,3,2024
Ellie Cacciola,29751,Southern Utah,,9.95,9.875,9.825,Friday,8,3,2024
Gabrielle Gallentine,29751,Penn State,9.875,9.825,,,Friday,8,3,2024
Isabella Neff,29751,Southern Utah,9.875,,,,Friday,8,3,2024
Jessica Johanson,29751,Penn State,9.1,,,9.775,Friday,8,3,2024
Kalea McElligott,29751,Penn State,9.825,9.9,9.8,9.825,Friday,8,3,2024
Kayla Pardue,29751,Southern Utah,,,9.8,9.9,Friday,8,3,2024
Kennedi McClain,29751,Southern Utah,,9.325,,9.75,Friday,8,3,2024
Maddie Johnston,29751,Penn State,9.8,,,9.75,Friday,8,3,2024
Maggie Mace,29751,Penn State,9.725,,,,Friday,8,3,2024
Niya Randolph,29751,Southern Utah,9.925,9.8,9.875,9.85,Friday,8,3,2024
Taylor Gull,29751,Southern Utah,,,9.8,,Friday,8,3,2024
Trista Goodman,29751,Southern Utah,9.95,,,9.75,Friday,8,3,2024
Alana Laster,29753,Illinois State,,,9.925,9.725,Friday,8,3,2024
Ally Lau,29753,Illinois State,,9.125,,,Friday,8,3,2024
Amelia Moneymaker,29753,UC Davis,9.925,9.875,9.9,9.75,Friday,8,3,2024
Angelica Labat,29753,Illinois State,9.725,9.8,9.875,9.75,Friday,8,3,2024
Anna Holtan,29753,UC Davis,,9.95,9.825,9.65,Friday,8,3,2024
Ariana DeSouza,29753,Alaska,,9.5,,,Friday,8,3,2024
Audrey Guess,29753,Alaska,7.55,,,,Friday,8,3,2024
Ava Scafani,29753,UC Davis,,9.775,,,Friday,8,3,2024
Avery Tillmanns,29753,Alaska,,,,9.425,Friday,8,3,2024
Brooklyn Kopsack,29753,Alaska,,,,9.475,Friday,8,3,2024
Carly Hawksworth,29753,Illinois State,9.725,,,,Friday,8,3,2024
Claudia Lessig,29753,Alaska,8.9,9.725,9.525,9.475,Friday,8,3,2024
Emily Walker,29753,Alaska,9.75,,,,Friday,8,3,2024
Emma Otsu,29753,UC Davis,9.8,9.825,9.825,9.825,Friday,8,3,2024
Isabella Fitz-Gerald,29753,UC Davis,9.9,,,,Friday,8,3,2024
Jadyn Wakita,29753,UC Davis,9.875,,,9.7,Friday,8,3,2024
Jaye Mack,29753,Illinois State,,9.825,9.9,9.75,Friday,8,3,2024
Jessica Johnson,29753,Alaska,9.5,9.3,,,Friday,8,3,2024
Joy Ziegenfelder,29753,Illinois State,,9.2,,,Friday,8,3,2024
Julia Heiner,29753,Illinois State,9.825,,,,Friday,8,3,2024
Kaitlyn Donovan,29753,Illinois State,,,9.85,9.7,Friday,8,3,2024
Keanna Abraham,29753,UC Davis,,9.85,9.9,9.9,Friday,8,3,2024
Leah Davis,29753,Illinois State,,9.9,9.75,,Friday,8,3,2024
Maddy Murphy,29753,Alaska,,,9.275,9.775,Friday,8,3,2024
Madelyn Gomez,29753,Alaska,,,9.65,,Friday,8,3,2024
Marcela Bonifasi,29753,Alaska,8.9,9.65,9.525,,Friday,8,3,2024
Marisa Laird,29753,UC Davis,9.75,,,,Friday,8,3,2024
Megan Ray,29753,UC Davis,,9.75,9.9,9.85,Friday,8,3,2024
Mia Oh,29753,Illinois State,,,,9.775,Friday,8,3,2024
Milla Gideon,29753,UC Davis,9.875,,,,Friday,8,3,2024
Montana Fairbairn,29753,Alaska,9.025,9.75,9.75,9.775,Friday,8,3,2024
Mya Robinson,29753,Illinois State,9.825,9.65,,9.8,Friday,8,3,2024
Nandhini Senthil,29753,UC Davis,,,9.025,,Friday,8,3,2024
Reese Grolla,29753,Illinois State,9.75,,,,Friday,8,3,2024
Sara Wabi,29753,Illinois State,9.875,,9.7,,Friday,8,3,2024
Shannon Farrell,29753,Alaska,,9.6,,,Friday,8,3,2024
Silje Hildebrand,29753,Alaska,,,9.425,9.55,Friday,8,3,2024
Amy Foret,29756,Centenary College,,9.425,,9.625,Friday,8,3,2024
Anne Marie Kuebler,29756,William & Mary,,,,9.2,Friday,8,3,2024
Ascha Laird,29756,William & Mary,9.725,,,,Friday,8,3,2024
Bridget Sullivan,29756,West Chester,,,,9.475,Friday,8,3,2024
Brooke Murdock,29756,Centenary College,8.35,8.9,9.1,,Friday,8,3,2024
Caroline Blatchford,29756,William & Mary,9.75,9.0,,9.6,Friday,8,3,2024
Caroline Cascadden,29756,West Chester,,9.9,9.8,,Friday,8,3,2024
Catherine Bare,29756,William & Mary,9.725,,,,Friday,8,3,2024
Claire Flores,29756,Centenary College,9.45,,9.45,,Friday,8,3,2024
Corinne Gruber,29756,West Chester,,,9.75,9.55,Friday,8,3,2024
Emma Lavelle,29756,Centenary College,9.325,8.925,,,Friday,8,3,2024
Grace Costello,29756,William & Mary,,9.65,9.75,9.625,Friday,8,3,2024
Hannah Burke,29756,William & Mary,,,9.775,9.725,Friday,8,3,2024
Hannah Shelton,29756,West Chester,9.575,,,9.45,Friday,8,3,2024
Hyla Betts,29756,West Chester,9.625,,,,Friday,8,3,2024
Jordan Coleman,29756,West Chester,9.75,,,9.55,Friday,8,3,2024
Kendall Huff,29756,Centenary College,,,9.4,8.9,Friday,8,3,2024
Kiley Fred,29756,West Chester,,,9.75,,Friday,8,3,2024
Kristina Rodriguez,29756,West Chester,9.65,,9.8,9.65,Friday,8,3,2024
Lacey Wedge,29756,Centenary College,,,9.85,9.725,Friday,8,3,2024
Lily McFarland,29756,West Chester,,9.875,9.675,,Friday,8,3,2024
Macarthy Keane,29756,West Chester,,9.75,,,Friday,8,3,2024
Madeline Frazier,29756,William & Mary,,9.825,9.75,,Friday,8,3,2024
Madison Whitaker,29756,West Chester,,9.825,,,Friday,8,3,2024
Melanie Faulkner,29756,William & Mary,,9.75,9.625,,Friday,8,3,2024
Melina Ringas,29756,West Chester,9.725,,,,Friday,8,3,2024
Michelle Ngo,29756,William & Mary,,9.725,9.8,,Friday,8,3,2024
Mylia Vidtor,29756,Centenary College,,9.575,,9.45,Friday,8,3,2024
Natalie Marshall,29756,West Chester,,9.725,,,Friday,8,3,2024
Olivia Williams,29756,Centenary College,9.325,,9.625,,Friday,8,3,2024
Roxanne Myers,29756,Centenary College,9.45,,,,Friday,8,3,2024
Rylie Molina,29756,Centenary College,,8.85,,,Friday,8,3,2024
Sarah Eskew,29756,West Chester,9.675,9.8,9.1,9.8,Friday,8,3,2024
Sarah Kuper,29756,William & Mary,9.675,9.7,,9.7,Friday,8,3,2024
Sarah Wozniak,29756,William & Mary,9.7,,,,Friday,8,3,2024
Sofia Huang,29756,William & Mary,,,,9.7,Friday,8,3,2024
Sophie Schmitz,29756,Centenary College,9.625,8.875,9.525,9.65,Friday,8,3,2024
Summer Penzi,29756,William & Mary,,,9.6,,Friday,8,3,2024
Tori Sipes,29756,William & Mary,9.25,,,,Friday,8,3,2024
Ayla McKean,29759,Air Force,9.875,9.325,9.775,9.625,Friday,8,3,2024
Brie Clark,29759,Clemson,,9.925,9.95,,Friday,8,3,2024
Chelsea Boyer,29759,Air Force,9.8,,,,Friday,8,3,2024
Clara Wallace,29759,Air Force,9.775,9.825,9.65,9.65,Friday,8,3,2024
Eve Jackson,29759,Clemson,9.9,9.675,9.85,9.775,Friday,8,3,2024
Gabriella Hartley,29759,Air Force,,9.3,,9.55,Friday,8,3,2024
Gabriella Meccia,29759,Air Force,,,9.775,9.6,Friday,8,3,2024
Gianna Martyna,29759,Air Force,,,9.85,,Friday,8,3,2024
Kaitlin DeGuzman,29759,Clemson,9.925,,,,Friday,8,3,2024
Kate Bryant,29759,Clemson,,,,9.775,Friday,8,3,2024
Kielyn McCright,29759,Clemson,,9.85,,,Friday,8,3,2024
Kimberly Kinkade,29759,Air Force,8.175,9.475,,,Friday,8,3,2024
Kylee Greene,29759,Air Force,,9.75,,,Friday,8,3,2024
Lauren Rutherford,29759,Clemson,9.825,,,,Friday,8,3,2024
Lilly Lippeatt,29759,Clemson,9.85,9.85,9.925,,Friday,8,3,2024
Madison Carlisle,29759,Air Force,9.7,,,,Friday,8,3,2024
Madison Minner,29759,Clemson,,,9.9,9.75,Friday,8,3,2024
Maggie Holman,29759,Clemson,,,,9.85,Friday,8,3,2024
Maggie Slife,29759,Air Force,9.875,9.825,9.875,9.85,Friday,8,3,2024
Molly Arnold,29759,Clemson,,,9.925,9.875,Friday,8,3,2024
Rebecca Wells,29759,Clemson,9.775,9.95,9.875,9.9,Friday,8,3,2024
Sarah Willis,29759,Air Force,,,8.9,9.775,Friday,8,3,2024
Sierra Church,29759,Clemson,,9.875,,,Friday,8,3,2024
Trinity Webb,29759,Clemson,9.9,,,,Friday,8,3,2024
Amy Wozniak,29761,North Carolina,9.825,,9.775,,Friday,8,3,2024
Arianna Patterson,29761,Kentucky,,9.9,9.775,9.825,Friday,8,3,2024
Bailey Bunn,29761,Kentucky,9.875,9.85,,,Friday,8,3,2024
Bella Miller,29761,North Carolina,,,9.875,,Friday,8,3,2024
Cecily Rizo,29761,Kentucky,9.9,,,9.8,Friday,8,3,2024
Cory Shinohara,29761,North Carolina,,,,9.725,Friday,8,3,2024
Creslyn Brose,29761,Kentucky,,9.6,9.925,,Friday,8,3,2024
Delaynee Rodriguez,29761,Kentucky,9.95,9.85,9.85,9.675,Friday,8,3,2024
Gwen Fink,29761,North Carolina,9.875,9.8,9.675,9.8,Friday,8,3,2024
Hailey Davis,29761,Kentucky,9.85,,9.875,,Friday,8,3,2024
Hallie Thompson,29761,North Carolina,,9.775,,,Friday,8,3,2024
Isabella Magnelli,29761,Kentucky,,9.925,9.95,9.875,Friday,8,3,2024
Isabelle Schaefer,29761,North Carolina,9.925,,,,Friday,8,3,2024
Jamie Shearer,29761,North Carolina,9.45,9.75,,,Friday,8,3,2024
Jessica Naranjo,29761,North Carolina,,9.85,,,Friday,8,3,2024
Jillian Procasky,29761,Kentucky,9.875,,,,Friday,8,3,2024
Julia Knower,29761,North Carolina,9.825,9.8,9.9,9.85,Friday,8,3,2024
Kaya Forbes,29761,North Carolina,,,9.9,9.7,Friday,8,3,2024
Lali Dekanoidze,29761,North Carolina,9.95,,,9.875,Friday,8,3,2024
Makenzie Wilson,29761,Kentucky,,,,9.875,Friday,8,3,2024
Paige Prejean,29761,North Carolina,,,,9.775,Friday,8,3,2024
Raena Worley,29761,Kentucky,9.9,9.925,10.0,9.875,Friday,8,3,2024
Taylor Schulze,29761,North Carolina,,8.85,8.825,,Friday,8,3,2024
Alex Irvine,29763,UCLA,9.9,,,9.85,Saturday,9,3,2024
Alex Theodorou,29763,Arizona State,,,,9.7,Saturday,9,3,2024
Anaya Smith,29763,Arizona State,,,,9.875,Saturday,9,3,2024
Brooklyn Moors,29763,UCLA,,,9.925,,Saturday,9,3,2024
Cassi Barbanente,29763,Arizona State,9.75,,,,Saturday,9,3,2024
Chae Campbell,29763,UCLA,9.775,9.675,,9.875,Saturday,9,3,2024
Chloe Lashbrooke,29763,UCLA,,,8.7,,Saturday,9,3,2024
Emily Lee,29763,UCLA,9.775,9.875,9.85,9.875,Saturday,9,3,2024
Emily White,29763,Arizona State,9.875,9.925,9.825,,Saturday,9,3,2024
Emma Andres,29763,UCLA,,9.9,9.75,,Saturday,9,3,2024
Frida Esparza,29763,UCLA,9.725,9.2,,,Saturday,9,3,2024
Gracie Reeves,29763,Arizona State,9.8,9.75,,9.775,Saturday,9,3,2024
Halle Gregoire,29763,Arizona State,,,9.875,9.8,Saturday,9,3,2024
Hannah Scharf,29763,Arizona State,9.725,9.675,9.925,9.85,Saturday,9,3,2024
Jada Mangahas,29763,Arizona State,9.825,9.05,9.675,9.85,Saturday,9,3,2024
Katelyn Rosen,29763,UCLA,9.85,9.8,9.9,9.9,Saturday,9,3,2024
Katie McNamara,29763,UCLA,,9.175,,,Saturday,9,3,2024
Kayla Lee,29763,Arizona State,,9.825,9.825,,Saturday,9,3,2024
Kimberly Smith,29763,Arizona State,,,9.85,,Saturday,9,3,2024
Margzetta Frazier,29763,UCLA,9.85,,,,Saturday,9,3,2024
Nya Reed,29763,UCLA,,,9.95,9.75,Saturday,9,3,2024
Paige Anastasi,29763,UCLA,,,,9.85,Saturday,9,3,2024
Sarah Clark,29763,Arizona State,9.9,9.85,,,Saturday,9,3,2024
Abby Chesshire,29765,Ithaca College,,9.75,9.7,,Saturday,9,3,2024
Abigail Bunch,29765,Rhode Island College,9.5,,,,Saturday,9,3,2024
Adrenne Roth,29765,Ursinus College,8.5,8.575,,,Saturday,9,3,2024
Alexa Rose Pahila,29765,Cortland State,9.45,9.0,,9.55,Saturday,9,3,2024
Alexis Castellaneta,29765,Utica,8.75,9.75,9.8,9.85,Saturday,9,3,2024
Alison Silva,29765,Rhode Island College,9.3,,,,Saturday,9,3,2024
Angelina Merulla,29765,Utica,,,9.125,,Saturday,9,3,2024
Anne Kiley,29765,Springfield College,8.6,,,9.675,Saturday,9,3,2024
Arianna Ellis,29765,Ursinus College,,9.45,9.65,,Saturday,9,3,2024
Ashley Cromer,29765,Ursinus College,,9.175,9.675,9.65,Saturday,9,3,2024
Autumn Adkins,29765,Cortland State,9.725,,9.825,,Saturday,9,3,2024
Ava Miranov,29765,Cortland State,,,,9.475,Saturday,9,3,2024
Ayako Maeda,29765,Springfield College,9.7,,,,Saturday,9,3,2024
Brianna Duffy,29765,Ursinus College,9.425,,,,Saturday,9,3,2024
Caitlin Pellegrino,29765,Ithaca College,,9.25,9.725,9.55,Saturday,9,3,2024
Cali Czarcinski,29765,Brockport,,9.5,9.7,,Saturday,9,3,2024
Christina Troche,29765,Utica,9.15,,9.1,,Saturday,9,3,2024
Claire Geiger,29765,Springfield College,9.175,,9.7,9.45,Saturday,9,3,2024
Cloe Block,29765,Cortland State,9.675,8.95,,,Saturday,9,3,2024
Coral Cotteleer,29765,Ithaca College,8.35,,,,Saturday,9,3,2024
Corey Foster,29765,Ithaca College,,8.35,9.725,,Saturday,9,3,2024
Danah MacLeod,29765,Springfield College,8.975,,,,Saturday,9,3,2024
Daria Gregory,29765,Ursinus College,,,9.5,,Saturday,9,3,2024
Delaney Brown,29765,Cortland State,,,9.2,9.5,Saturday,9,3,2024
Delaney LaViolette,29765,Springfield College,,,,9.425,Saturday,9,3,2024
Elsie Gardiner,29765,Springfield College,,,9.575,,Saturday,9,3,2024
Emily Kobusky,29765,Ithaca College,,8.875,,,Saturday,9,3,2024
Emma Grace Sargent,29765,Brockport,9.8,,,9.75,Saturday,9,3,2024
Emma Skowronek,29765,Springfield College,9.125,8.8,,,Saturday,9,3,2024
Emma Tucker,29765,Rhode Island College,,9.775,9.725,9.775,Saturday,9,3,2024
Erin Roe,29765,Ursinus College,9.05,9.45,,9.75,Saturday,9,3,2024
Erin Stubbs,29765,Ursinus College,,,,9.5,Saturday,9,3,2024
Gabrielle Nadler,29765,Cortland State,,,9.8,,Saturday,9,3,2024
Gianna Mirigliano,29765,Cortland State,,9.65,9.55,9.4,Saturday,9,3,2024
Grace Marra,29765,Utica,9.475,9.3,9.825,9.525,Saturday,9,3,2024
Grace Murray,29765,Ithaca College,,,9.825,9.575,Saturday,9,3,2024
Gracie Weaver,29765,Brockport,,,,9.475,Saturday,9,3,2024
Haley Miller,29765,Utica,,8.75,,9.325,Saturday,9,3,2024
Hana Miller,29765,Ithaca College,,,,9.6,Saturday,9,3,2024
Isabella Scarpetti,29765,Ursinus College,,8.975,9.35,,Saturday,9,3,2024
Ivy Jimenez,29765,Rhode Island College,,9.675,,9.7,Saturday,9,3,2024
Jenna DiPalo,29765,Springfield College,,9.25,,,Saturday,9,3,2024
Jensen Todd,29765,Utica,,9.225,,,Saturday,9,3,2024
Jessica Nugent,29765,Rhode Island College,,9.65,,,Saturday,9,3,2024
Jillian Freyman,29765,Ithaca College,,9.7,9.8,9.5,Saturday,9,3,2024
Jolie Carpino,29765,Rhode Island College,8.7,,,,Saturday,9,3,2024
Joscelyn Wabick,29765,Utica,,,,9.275,Saturday,9,3,2024
Julia Reer,29765,Springfield College,,9.425,9.725,,Saturday,9,3,2024
Julia Yitts,29765,Rhode Island College,,,9.6,,Saturday,9,3,2024
Kathryn McSweeney,29765,Cortland State,9.8,,9.675,,Saturday,9,3,2024
Kaylie Goodwin,29765,Ithaca College,9.625,9.4,,,Saturday,9,3,2024
Kelly McGuinness,29765,Springfield College,,9.7,,,Saturday,9,3,2024
Kelsey Gates,29765,Rhode Island College,9.025,9.275,9.875,9.45,Saturday,9,3,2024
Kiana Wong,29765,Cortland State,,9.55,,,Saturday,9,3,2024
Kiara Hockman,29765,Brockport,,9.425,9.8,9.575,Saturday,9,3,2024
Kirsten Paultre,29765,Brockport,,,9.85,9.55,Saturday,9,3,2024
Kyleigh Brown,29765,Cortland State,,,,9.725,Saturday,9,3,2024
Kylie Ruggiero,29765,Ursinus College,9.825,,,,Saturday,9,3,2024
Laken Sooy,29765,Brockport,,9.0,9.775,,Saturday,9,3,2024
Lauren Babineaux,29765,Ithaca College,9.625,,,9.075,Saturday,9,3,2024
Lauren Coleman,29765,Ursinus College,9.3,,,,Saturday,9,3,2024
Lienna Kay,29765,Brockport,9.825,8.575,9.575,9.7,Saturday,9,3,2024
Madeline Brandt,29765,Rhode Island College,,,9.775,,Saturday,9,3,2024
Madison Reed,29765,Utica,,8.95,,9.125,Saturday,9,3,2024
Madison Zimmerman,29765,Ursinus College,,9.675,,,Saturday,9,3,2024
Maren Eramo,29765,Brockport,9.775,,,9.8,Saturday,9,3,2024
Marina DelVecchio,29765,Brockport,9.525,,,,Saturday,9,3,2024
Marlena Bailey,29765,Ithaca College,9.25,,,,Saturday,9,3,2024
Maya Pecoraro,29765,Brockport,,8.3,,,Saturday,9,3,2024
Megan Matteucci,29765,Ursinus College,9.45,,9.75,9.5,Saturday,9,3,2024
Melissa Ainsley Pinkard,29765,Utica,9.225,,,,Saturday,9,3,2024
Morgan Lunn,29765,Rhode Island College,,9.275,9.75,,Saturday,9,3,2024
Natalie Galioto,29765,Brockport,,9.325,9.775,,Saturday,9,3,2024
Natalie Steed,29765,Ithaca College,9.325,,,9.7,Saturday,9,3,2024
Olivia Fragala,29765,Utica,,8.4,,,Saturday,9,3,2024
Olivia Keyes,29765,Rhode Island College,9.6,9.8,9.65,9.475,Saturday,9,3,2024
Olivia Rosen,29765,Utica,8.7,,9.275,,Saturday,9,3,2024
Payton Green,29765,Rhode Island College,9.2,,,8.95,Saturday,9,3,2024
Rachel Swick,29765,Brockport,9.875,,,,Saturday,9,3,2024
Rianna Adams,29765,Cortland State,9.7,,,,Saturday,9,3,2024
Rory Allan,29765,Cortland State,,,,9.625,Saturday,9,3,2024
Rylee Fishkin,29765,Cortland State,,,9.425,,Saturday,9,3,2024
Ryli McGorry,29765,Utica,8.0,,9.5,9.4,Saturday,9,3,2024
Sage Kaplan,29765,Springfield College,,8.75,9.75,9.575,Saturday,9,3,2024
Samantha Meadows,29765,Cortland State,,9.7,,,Saturday,9,3,2024
Sidney Schreiber,29765,Ursinus College,,,9.8,9.725,Saturday,9,3,2024
Skye Cohen,29765,Ithaca College,9.45,,9.65,,Saturday,9,3,2024
Sophia Damiano,29765,Rhode Island College,,,,9.6,Saturday,9,3,2024
Sophia LeBlanc,29765,Springfield College,9.8,9.6,9.625,9.475,Saturday,9,3,2024
Stacy Taylor,29765,Springfield College,,,9.65,9.6,Saturday,9,3,2024
Taylor Bushey,29765,Brockport,9.725,,,,Saturday,9,3,2024
Taylor Goldstein,29765,Cortland State,9.75,8.9,,,Saturday,9,3,2024
Valentina Hurtado,29765,Ursinus College,,,,9.475,Saturday,9,3,2024
Abby Willis,29772,Gustavus Adolphus,,,,9.45,Saturday,9,3,2024
Addie Gallun,29772,UW-Eau Claire,,,9.575,,Saturday,9,3,2024
Aleah Radojevich,29772,UW-Oshkosh,,,9.625,,Saturday,9,3,2024
Alex Wood,29772,UW-La Crosse,,,,9.75,Saturday,9,3,2024
Alia Wilson,29772,UW-Stout,8.875,,,,Saturday,9,3,2024
Amaya McConkay,29772,UW-Oshkosh,9.65,,,9.55,Saturday,9,3,2024
Andrea O'Connell,29772,UW-Eau Claire,,,9.45,9.5,Saturday,9,3,2024
Angelina Smiley,29772,Hamline,8.325,,,,Saturday,9,3,2024
Anna Beaudry,29772,Hamline,9.075,,,,Saturday,9,3,2024
Anna Johnson,29772,Hamline,,,,8.45,Saturday,9,3,2024
Anna Mielke,29772,UW-Stout,,,9.65,9.575,Saturday,9,3,2024
Anna Zoromski,29772,UW-Oshkosh,,9.55,,9.55,Saturday,9,3,2024
Annelise Smaby,29772,Hamline,7.575,,,,Saturday,9,3,2024
Ashley Roth,29772,Winona State,8.575,,,,Saturday,9,3,2024
Ashlyn Barker,29772,UW-La Crosse,9.45,,,,Saturday,9,3,2024
Ashnaya Gupta,29772,UW-Whitewater,,9.525,,,Saturday,9,3,2024
Ashtyn Gagner,29772,UW-Stout,,8.725,8.7,9.45,Saturday,9,3,2024
Aspen Peters,29772,Winona State,,,,9.375,Saturday,9,3,2024
Audrey Koester,29772,UW-Oshkosh,,,,9.125,Saturday,9,3,2024
Ava Obermoller,29772,UW-Eau Claire,7.85,,,9.275,Saturday,9,3,2024
Ava Pesch,29772,UW-Whitewater,9.55,,,9.65,Saturday,9,3,2024
Brianna Balian,29772,UW-Whitewater,,,,9.5,Saturday,9,3,2024
Brianna Weikel,29772,Hamline,8.975,9.5,9.4,,Saturday,9,3,2024
Britney Krumrei,29772,Hamline,,,,9.25,Saturday,9,3,2024
Brooke Reardon,29772,Hamline,,8.7,,,Saturday,9,3,2024
Brooklynn Einck,29772,UW-Eau Claire,9.375,,,,Saturday,9,3,2024
Bryce Stoltz,29772,Winona State,9.25,9.475,9.675,9.5,Saturday,9,3,2024
Cadence Cordova,29772,UW-Eau Claire,,,,9.35,Saturday,9,3,2024
Caelen Lansing,29772,UW-La Crosse,,,9.725,,Saturday,9,3,2024
Cailey Price,29772,Hamline,,,8.95,9.225,Saturday,9,3,2024
Caledonia Norton,29772,Hamline,8.5,,,,Saturday,9,3,2024
Carleigh Moore,29772,UW-Whitewater,,,9.4,9.575,Saturday,9,3,2024
Carley Scott,29772,UW-Whitewater,9.65,,,,Saturday,9,3,2024
Catelyn Zack,29772,Hamline,,,9.1,,Saturday,9,3,2024
Caylee Greeder,29772,Gustavus Adolphus,,,9.375,,Saturday,9,3,2024
Chloe Hammond,29772,UW-Whitewater,,9.675,,9.6,Saturday,9,3,2024
Claire Robbins,29772,UW-La Crosse,9.725,9.5,9.675,,Saturday,9,3,2024
Courtney Knutson,29772,Winona State,,,9.25,,Saturday,9,3,2024
Danielle Dudziak,29772,UW-Whitewater,,,9.5,9.5,Saturday,9,3,2024
Delaney Cienkus,29772,UW-Oshkosh,,9.65,9.75,,Saturday,9,3,2024
Effie Ferguson,29772,UW-Stout,9.7,9.775,9.4,,Saturday,9,3,2024
Elena Bailey,29772,UW-Whitewater,,,9.6,,Saturday,9,3,2024
Elizabeth Janssen,29772,UW-La Crosse,9.45,,,,Saturday,9,3,2024
Ella Binfet,29772,Gustavus Adolphus,,,9.325,,Saturday,9,3,2024
Ella Hemker,29772,UW-Stout,,,,9.575,Saturday,9,3,2024
Ellie Sampson,29772,Winona State,9.25,,,,Saturday,9,3,2024
Emily Buffington,29772,UW-Oshkosh,9.9,9.675,9.125,9.7,Saturday,9,3,2024
Emily Leese,29772,UW-Eau Claire,,,9.375,9.325,Saturday,9,3,2024
Estee Flom,29772,UW-Whitewater,9.55,,,,Saturday,9,3,2024
Genevieve Czaplewski,29772,UW-Stout,,9.65,,,Saturday,9,3,2024
Georgia Guynn,29772,UW-Eau Claire,,8.925,,,Saturday,9,3,2024
Gillian Cummins,29772,UW-Stout,9.5,9.4,9.55,9.5,Saturday,9,3,2024
Grace Kehr,29772,UW-La Crosse,,,,9.7,Saturday,9,3,2024
Hannah Lemon,29772,Hamline,,8.95,,,Saturday,9,3,2024
Harriet Toth,29772,UW-Eau Claire,9.4,9.4,9.325,9.5,Saturday,9,3,2024
Hayden Gough,29772,UW-Whitewater,9.675,,,,Saturday,9,3,2024
Hunter Matulka,29772,UW-La Crosse,,9.675,,,Saturday,9,3,2024
Isabela Krulich,29772,UW-Stout,,9.55,9.65,,Saturday,9,3,2024
Izzy Breitkreutz,29772,Gustavus Adolphus,,8.625,,,Saturday,9,3,2024
Izzy Kropiwiec,29772,Winona State,,,9.425,9.65,Saturday,9,3,2024
Jay Ratkowski,29772,UW-Oshkosh,,,9.675,,Saturday,9,3,2024
Jessica Qualich,29772,UW-Stout,,,9.4,9.65,Saturday,9,3,2024
Jessica Taylor,29772,UW-La Crosse,,,9.675,,Saturday,9,3,2024
Jessisca Miley,29772,Winona State,9.1,8.2,9.6,9.4,Saturday,9,3,2024
Jordan Halcom,29772,UW-La Crosse,,9.4,,,Saturday,9,3,2024
Julia Cheely,29772,Hamline,9.45,8.4,,9.475,Saturday,9,3,2024
Kaelyn Duman,29772,Winona State,,8.875,,9.425,Saturday,9,3,2024
Kaitlyn Morgan,29772,Hamline,,9.525,,,Saturday,9,3,2024
Kara Welsh,29772,UW-Whitewater,,,,9.875,Saturday,9,3,2024
Katy Cash,29772,Gustavus Adolphus,,9.45,,,Saturday,9,3,2024
Kaylee Bateman,29772,Winona State,9.575,8.8,,,Saturday,9,3,2024
Kaylie Berens,29772,UW-Oshkosh,9.625,9.625,,,Saturday,9,3,2024
Kelsey Donovan,29772,UW-Eau Claire,,,9.325,,Saturday,9,3,2024
Kelsey Kollhoff,29772,UW-Whitewater,9.725,9.35,9.7,,Saturday,9,3,2024
Kendra Smaby,29772,Gustavus Adolphus,9.625,,,,Saturday,9,3,2024
Kiara Brown,29772,UW-Stout,9.675,,,,Saturday,9,3,2024
Kyla Dickson,29772,UW-La Crosse,,9.125,9.5,,Saturday,9,3,2024
Laurel Raymond,29772,Hamline,,9.25,9.35,9.275,Saturday,9,3,2024
Lauren Main,29772,UW-La Crosse,9.7,,,,Saturday,9,3,2024
Lili Guy,29772,Gustavus Adolphus,9.075,,9.45,9.6,Saturday,9,3,2024
Lilly Millington,29772,UW-La Crosse,,,,9.65,Saturday,9,3,2024
Lily Horsch,29772,Gustavus Adolphus,8.95,,,9.525,Saturday,9,3,2024
Lindsay Bangs,29772,Gustavus Adolphus,,7.9,,9.425,Saturday,9,3,2024
Linnea Vasali,29772,UW-Eau Claire,,9.6,,,Saturday,9,3,2024
Liz Romano,29772,UW-Oshkosh,,8.375,,,Saturday,9,3,2024
Lydia Hayden,29772,UW-Oshkosh,9.65,9.075,,,Saturday,9,3,2024
Maddox Lee,29772,Gustavus Adolphus,9.25,9.575,9.3,9.0,Saturday,9,3,2024
Madison Daly,29772,UW-Eau Claire,9.6,,,9.2,Saturday,9,3,2024
Madysen Disekrud,29772,Winona State,,,9.625,9.575,Saturday,9,3,2024
Marisa Zepeda,29772,UW-La Crosse,,9.225,,,Saturday,9,3,2024
Marley Michaud,29772,Gustavus Adolphus,9.125,8.325,9.5,9.4,Saturday,9,3,2024
Meghan Dahlin,29772,UW-Eau Claire,,8.95,,,Saturday,9,3,2024
Meighan White,29772,Hamline,,,9.275,9.275,Saturday,9,3,2024
Mia Lucero,29772,UW-Oshkosh,,,9.75,9.8,Saturday,9,3,2024
Molly Campbell,29772,UW-Eau Claire,8.75,9.225,9.625,,Saturday,9,3,2024
Olivia Jahnke,29772,Gustavus Adolphus,,9.525,9.525,,Saturday,9,3,2024
Paige Breckwoldt,29772,UW-La Crosse,,,9.55,9.75,Saturday,9,3,2024
Paige Magel,29772,UW-Whitewater,9.65,9.5,,,Saturday,9,3,2024
Rachel Chesley,29772,UW-La Crosse,9.7,,9.775,9.575,Saturday,9,3,2024
Raina Christenson,29772,UW-La Crosse,,8.975,,,Saturday,9,3,2024
Reagan Kelly,29772,Winona State,,9.425,,,Saturday,9,3,2024
Reanna McGibboney,29772,UW-Oshkosh,9.625,,9.6,9.775,Saturday,9,3,2024
Samantha Zeilinger,29772,UW-Oshkosh,9.7,,,,Saturday,9,3,2024
Sarah Best,29772,UW-La Crosse,9.8,,,,Saturday,9,3,2024
Sarah Knetzke,29772,UW-Whitewater,,9.775,9.5,,Saturday,9,3,2024
Sarah Lutz,29772,UW-Stout,9.175,,,,Saturday,9,3,2024
Sarah Pastore,29772,UW-La Crosse,,,,9.625,Saturday,9,3,2024
Sophie Schmitz,29772,Gustavus Adolphus,9.15,,,,Saturday,9,3,2024
Sydney Stoenner,29772,Hamline,,,9.475,,Saturday,9,3,2024
Taryn Sellner,29772,Winona State,,9.625,9.675,,Saturday,9,3,2024
Taylar Schaefer,29772,UW-Stout,,9.55,,9.475,Saturday,9,3,2024
Taylor Magierka,29772,Winona State,9.2,,,,Saturday,9,3,2024
Teagan Green,29772,UW-Stout,9.375,,,,Saturday,9,3,2024
Tegan Haberstock,29772,UW-Whitewater,,9.425,9.625,,Saturday,9,3,2024
Tia Ravara,29772,UW-Eau Claire,8.975,9.475,,,Saturday,9,3,2024
Abby Brushwood,29780,Eastern Michigan,,,9.825,9.625,Saturday,9,3,2024
Alana Fisher,29780,Eastern Michigan,,9.75,9.675,9.725,Saturday,9,3,2024
Allie Berkley,29780,Lindenwood,,,,9.75,Saturday,9,3,2024
Allie Gard,29780,Nebraska,,9.825,,,Saturday,9,3,2024
Anna Grace McCullough,29780,Eastern Michigan,,,9.775,,Saturday,9,3,2024
Anya Pilgrim,29780,Florida,9.85,9.875,9.775,9.95,Saturday,9,3,2024
Ayzhia Hall,29780,Nebraska,,9.55,,9.825,Saturday,9,3,2024
Cassie Bergin,29780,Eastern Michigan,,9.775,,,Saturday,9,3,2024
Clara Colombo,29780,Nebraska,9.875,,,,Saturday,9,3,2024
Csenge Bacskay,29780,Nebraska,9.775,9.85,9.875,9.75,Saturday,9,3,2024
Danie Ferris,29780,Florida,,,,9.85,Saturday,9,3,2024
Ella Chemotti,29780,Eastern Michigan,9.8,9.175,9.7,,Saturday,9,3,2024
Ellie Lazzari,29780,Florida,9.8,9.9,,9.9,Saturday,9,3,2024
Emma Simpton,29780,Nebraska,9.8,,,,Saturday,9,3,2024
Emma Spence,29780,Nebraska,9.9,9.85,9.95,9.85,Saturday,9,3,2024
Gabby Disidore,29780,Florida,9.875,,,,Saturday,9,3,2024
Genae Daniel,29780,Eastern Michigan,,,,9.725,Saturday,9,3,2024
Halle Rourke,29780,Nebraska,,,9.875,,Saturday,9,3,2024
Hannah Appleget,29780,Lindenwood,9.85,9.825,9.8,9.75,Saturday,9,3,2024
Hannah Moon,29780,Lindenwood,9.925,9.825,,,Saturday,9,3,2024
Isabel Sikon,29780,Nebraska,,9.775,,9.85,Saturday,9,3,2024
Jacquelyn Patterson,29780,Eastern Michigan,,9.05,,9.15,Saturday,9,3,2024
Jaidan Kossuth,29780,Lindenwood,,9.825,,,Saturday,9,3,2024
Jaly Jones,29780,Lindenwood,9.8,9.775,9.85,9.75,Saturday,9,3,2024
Jordan Jankowski,29780,Eastern Michigan,9.8,,,,Saturday,9,3,2024
Katin Childress,29780,Eastern Michigan,,,,9.575,Saturday,9,3,2024
Kaylee Bluffstone,29780,Florida,,,9.85,,Saturday,9,3,2024
Kaylee Cooper,29780,Lindenwood,9.825,,,,Saturday,9,3,2024
Kinsey Davis,29780,Nebraska,9.9,,,9.825,Saturday,9,3,2024
Kyrie Lowe,29780,Eastern Michigan,9.775,9.625,,,Saturday,9,3,2024
Leah Parton,29780,Lindenwood,,,,9.55,Saturday,9,3,2024
Leanne Wong,29780,Florida,9.975,9.925,,9.85,Saturday,9,3,2024
Lori Brubach,29780,Florida,,,9.825,,Saturday,9,3,2024
Madison Rush,29780,Lindenwood,,9.15,,,Saturday,9,3,2024
Martina Comin,29780,Nebraska,,,9.775,9.875,Saturday,9,3,2024
Molly Parris,29780,Eastern Michigan,9.05,,,,Saturday,9,3,2024
Morgan Hurd,29780,Florida,,9.7,9.85,,Saturday,9,3,2024
Nya Kraus,29780,Lindenwood,9.825,9.85,9.825,,Saturday,9,3,2024
Raisa Boris,29780,Eastern Michigan,9.125,9.7,9.8,9.75,Saturday,9,3,2024
Reese Baechle,29780,Lindenwood,9.05,,9.8,9.9,Saturday,9,3,2024
Simone Evans,29780,Lindenwood,,,9.725,,Saturday,9,3,2024
Skylar Draser,29780,Florida,9.825,9.9,9.825,9.9,Saturday,9,3,2024
Sophia McClelland,29780,Nebraska,,9.85,9.9,,Saturday,9,3,2024
Sydney Lopez,29780,Lindenwood,,,9.75,,Saturday,9,3,2024
Trinity Caffey,29780,Lindenwood,,,,9.825,Saturday,9,3,2024
Trinity Macy,29780,Eastern Michigan,9.825,,9.75,,Saturday,9,3,2024
Victoria Nguyen,29780,Florida,9.875,9.95,9.875,9.925,Saturday,9,3,2024
Whitney Jencks,29780,Nebraska,9.85,,9.85,,Saturday,9,3,2024
Adriana Bustelo,29784,Central Michigan,9.775,,,,Saturday,9,3,2024
Alessia Russo,29784,Greenville,8.8,9.65,,,Saturday,9,3,2024
Aliyah Reed-Hammon,29784,Fisk,,7.7,9.75,9.6,Saturday,9,3,2024
Amara Nelson,29784,Greenville,9.175,9.775,9.75,9.75,Saturday,9,3,2024
Amber Mueller,29784,Central Michigan,,9.825,,,Saturday,9,3,2024
Aniyah Taylor,29784,Fisk,9.6,9.7,,,Saturday,9,3,2024
Ashley Veglucci,29784,Central Michigan,9.075,9.15,9.9,,Saturday,9,3,2024
Ashlie Leage,29784,Greenville,9.6,9.0,,9.65,Saturday,9,3,2024
Audra Kaiser,29784,Greenville,,,9.45,,Saturday,9,3,2024
Baleigh Garcia,29784,Michigan State,,9.925,,,Saturday,9,3,2024
Breyana Daniels,29784,Fisk,,,,9.5,Saturday,9,3,2024
Ciniah Rosby,29784,Fisk,9.7,9.85,9.625,9.0,Saturday,9,3,2024
Delanie Harkness,29784,Michigan State,9.95,9.9,9.925,,Saturday,9,3,2024
Doree Shelton,29784,Greenville,,9.575,,,Saturday,9,3,2024
Elizabeth Buttle,29784,Central Michigan,,,9.825,,Saturday,9,3,2024
Elizabeth Cesarone,29784,Central Michigan,,,9.875,9.875,Saturday,9,3,2024
Elle Beaufait,29784,Michigan State,,,9.85,,Saturday,9,3,2024
Ellery Gilmer,29784,Greenville,,,9.625,,Saturday,9,3,2024
Elli Schnieders,29784,Greenville,,,,8.725,Saturday,9,3,2024
Gabrielle Stephen,29784,Michigan State,9.925,9.9,,9.875,Saturday,9,3,2024
Giana Kalefe,29784,Michigan State,,9.925,,,Saturday,9,3,2024
Hallie Hornbacher,29784,Central Michigan,,,9.9,9.725,Saturday,9,3,2024
Isabella Feltman,29784,Greenville,,8.85,9.55,9.6,Saturday,9,3,2024
Jada Reece,29784,Fisk,,,9.85,,Saturday,9,3,2024
Jenna Germond,29784,Central Michigan,9.825,,,9.75,Saturday,9,3,2024
Jori Jackard,29784,Michigan State,9.9,,,,Saturday,9,3,2024
Karina Lankamer,29784,Central Michigan,,9.8,,,Saturday,9,3,2024
Kaylei McDonald,29784,Fisk,,9.625,,,Saturday,9,3,2024
Kiana Session,29784,Fisk,,,,9.575,Saturday,9,3,2024
Liberty Mora,29784,Fisk,,9.75,9.1,,Saturday,9,3,2024
Luciana Alvarado-Reid,29784,Central Michigan,9.825,9.825,9.875,9.825,Saturday,9,3,2024
MaKayla Tucker,29784,Michigan State,,9.9,9.9,9.925,Saturday,9,3,2024
Madison Baucom,29784,Fisk,9.75,,,,Saturday,9,3,2024
Madison Carter,29784,Greenville,8.9,,,,Saturday,9,3,2024
Morgan Price,29784,Fisk,9.9,9.9,9.675,9.8,Saturday,9,3,2024
Nikki Smith,29784,Michigan State,,,9.95,9.775,Saturday,9,3,2024
Nyah Smith,29784,Michigan State,,,9.875,,Saturday,9,3,2024
Olivia Tocco,29784,Greenville,,9.725,,9.375,Saturday,9,3,2024
Olivia Zsarmani,29784,Michigan State,9.875,,,9.925,Saturday,9,3,2024
Quinn Skrupa,29784,Central Michigan,9.825,9.775,9.8,,Saturday,9,3,2024
Rachel Miller,29784,Greenville,,,9.825,9.25,Saturday,9,3,2024
Reagan Rodriguez,29784,Greenville,9.05,,,,Saturday,9,3,2024
Sage Kellerman,29784,Michigan State,9.825,,,9.875,Saturday,9,3,2024
Samantha Shannon,29784,Central Michigan,9.775,9.85,,9.775,Saturday,9,3,2024
Sienna Blake,29784,Greenville,9.475,,,,Saturday,9,3,2024
Skyla Schulte,29784,Michigan State,9.8,9.95,9.975,9.85,Saturday,9,3,2024
Sydney Smith,29784,Fisk,9.0,,,,Saturday,9,3,2024
Taylor Templin,29784,Greenville,,,9.425,,Saturday,9,3,2024
Zoie Pelfrey,29784,Central Michigan,,,,9.7,Saturday,9,3,2024
Zyia Coleman,29784,Fisk,8.975,,9.75,9.025,Saturday,9,3,2024
Abigail Kenney,29788,Bridgeport,9.7,9.825,9.85,9.775,Sunday,10,3,2024
Angela Xing,29788,Brown,,9.15,9.875,9.8,Sunday,10,3,2024
Asta-Sollilja Farrell,29788,Brown,9.775,,,,Sunday,10,3,2024
Catherine Aucoin,29788,Bridgeport,9.625,,9.6,,Sunday,10,3,2024
Emily Ford,29788,Brown,,9.75,,9.7,Sunday,10,3,2024
Emily Hernandez,29788,Bridgeport,8.2,,,9.55,Sunday,10,3,2024
Hannah Barry,29788,Bridgeport,,9.825,,,Sunday,10,3,2024
Jessica Lin,29788,Brown,,9.6,,9.55,Sunday,10,3,2024
Julia Bedell,29788,Brown,,,9.9,9.85,Sunday,10,3,2024
Kieran Ross,29788,Bridgeport,,,,8.825,Sunday,10,3,2024
Lauren Kramer,29788,Brown,,8.725,9.7,9.775,Sunday,10,3,2024
Lauren Mckeown,29788,Brown,9.775,,,,Sunday,10,3,2024
Lindsey Yang,29788,Brown,,9.725,9.7,,Sunday,10,3,2024
Liza Marcus,29788,Brown,9.175,9.675,9.675,,Sunday,10,3,2024
Lola Sepulveda,29788,Bridgeport,9.675,9.75,9.825,9.825,Sunday,10,3,2024
Margaret Coyle,29788,Bridgeport,,,9.575,,Sunday,10,3,2024
Maya Davis,29788,Brown,8.55,,9.875,,Sunday,10,3,2024
McKenna Weiner,29788,Brown,9.375,,,,Sunday,10,3,2024
Molly McAleavey,29788,Bridgeport,,9.75,,,Sunday,10,3,2024
Nova Staruk,29788,Bridgeport,,,9.65,9.8,Sunday,10,3,2024
Olivia Imbarlina,29788,Bridgeport,9.675,9.55,,,Sunday,10,3,2024
Rian Thompkins,29788,Bridgeport,,9.725,,,Sunday,10,3,2024
Samantha Nokes,29788,Bridgeport,9.6,,,,Sunday,10,3,2024
Sophia Dewar,29788,Brown,9.7,,,9.1,Sunday,10,3,2024
Tamyra Singletary,29788,Bridgeport,,,9.55,9.65,Sunday,10,3,2024
Addy Rothstein,29791,Cornell,9.525,,9.8,9.7,Sunday,10,3,2024
Alexandra Quiana,29791,Cornell,,9.475,9.75,,Sunday,10,3,2024
Amy Foret,29791,Centenary College,,9.525,,9.55,Sunday,10,3,2024
Avery Byun,29791,Cornell,,,,9.725,Sunday,10,3,2024
Brooke Murdock,29791,Centenary College,,9.575,9.0,,Sunday,10,3,2024
Caitlyn Walsh,29791,Cornell,,,9.775,,Sunday,10,3,2024
Cami Whitaker,29791,Cornell,,,9.8,9.7,Sunday,10,3,2024
Claire Flores,29791,Centenary College,9.5,,9.5,,Sunday,10,3,2024
Emma Lavelle,29791,Centenary College,9.4,9.05,,,Sunday,10,3,2024
Isabel Plaza,29791,Centenary College,9.15,,,9.575,Sunday,10,3,2024
Josie Moylan,29791,Cornell,9.55,,9.825,9.525,Sunday,10,3,2024
Kendall Huff,29791,Centenary College,,,9.3,9.475,Sunday,10,3,2024
Melanie Stone,29791,Cornell,9.75,9.025,,,Sunday,10,3,2024
Michaela Defranscisco,29791,Cornell,,,,9.725,Sunday,10,3,2024
Mikayla Burton,29791,Cornell,,9.9,,,Sunday,10,3,2024
Morgen Shambo,29791,Cornell,9.725,,,,Sunday,10,3,2024
Mylia Vidtor,29791,Centenary College,,8.925,,,Sunday,10,3,2024
Natalia Tehrani,29791,Cornell,9.8,9.725,,,Sunday,10,3,2024
Olivia Williams,29791,Centenary College,9.375,,9.65,8.5,Sunday,10,3,2024
Regina Walton,29791,Cornell,,9.775,,,Sunday,10,3,2024
Roxanne Myers,29791,Centenary College,9.575,,,,Sunday,10,3,2024
Rylie Molina,29791,Centenary College,,9.75,,,Sunday,10,3,2024
Sophie Schmitz,29791,Centenary College,9.775,9.05,9.55,9.55,Sunday,10,3,2024
Sydney Beers,29791,Cornell,9.775,9.75,9.875,9.875,Sunday,10,3,2024
Abbie Thompson,29793,Denver,,9.275,9.875,,Sunday,10,3,2024
Ailey Kuehn,29793,S.E. Missouri,,9.1,,9.725,Sunday,10,3,2024
Alonna Kratzer,29793,Missouri,,,9.875,,Sunday,10,3,2024
Alyssa Beaulieu,29793,New Hampshire,,9.725,9.85,,Sunday,10,3,2024
Amanda Hargraves,29793,Denver,,,,9.825,Sunday,10,3,2024
Amari Celestine,29793,Missouri,,9.9,9.925,9.85,Sunday,10,3,2024
Amaya Marshall,29793,Missouri,9.925,9.2,,,Sunday,10,3,2024
Anna Chodon,29793,S.E. Missouri,,9.325,,,Sunday,10,3,2024
Anna Speller,29793,S.E. Missouri,,9.725,,,Sunday,10,3,2024
Anne Challman,29793,New Hampshire,,,9.625,,Sunday,10,3,2024
Ava Johnston,29793,S.E. Missouri,9.675,,,,Sunday,10,3,2024
Bella Mabanta,29793,Denver,,9.9,,,Sunday,10,3,2024
Gianna Graver,29793,New Hampshire,9.75,,,,Sunday,10,3,2024
Grace Anne Davis,29793,Missouri,,9.9,,9.775,Sunday,10,3,2024
Gwen Ockerbloom,29793,New Hampshire,,9.675,,,Sunday,10,3,2024
Hollyn Patrick,29793,Missouri,9.875,,,,Sunday,10,3,2024
Janelle Lopez,29793,S.E. Missouri,9.8,,,9.55,Sunday,10,3,2024
Jenna Devincenzo,29793,New Hampshire,9.775,9.025,,9.75,Sunday,10,3,2024
Jessica Hutchinson,29793,Denver,9.95,9.975,9.875,9.925,Sunday,10,3,2024
Jocelyn Moore,29793,Missouri,9.9,,9.925,9.875,Sunday,10,3,2024
Jordan Napolitano,29793,S.E. Missouri,,9.125,9.625,9.725,Sunday,10,3,2024
Kailyn Hamilton,29793,S.E. Missouri,9.675,,9.6,,Sunday,10,3,2024
Kenadi Brown,29793,New Hampshire,9.725,,,,Sunday,10,3,2024
Kennedy Griffin,29793,Missouri,,9.8,9.95,9.8,Sunday,10,3,2024
Kiley Rorich,29793,Denver,9.85,,9.875,,Sunday,10,3,2024
Kylie Gorgenyi,29793,New Hampshire,9.8,9.6,9.85,9.8,Sunday,10,3,2024
Kyra Burns,29793,Missouri,9.875,,,,Sunday,10,3,2024
Leah Moreno,29793,New Hampshire,9.75,,,9.7,Sunday,10,3,2024
Lydia Webb,29793,S.E. Missouri,9.825,9.525,9.75,9.7,Sunday,10,3,2024
Madison Greene,29793,S.E. Missouri,,,9.825,9.775,Sunday,10,3,2024
Madison Ulrich,29793,Denver,9.875,9.825,9.85,9.85,Sunday,10,3,2024
Mara Titarsolej,29793,Missouri,9.95,,,,Sunday,10,3,2024
Maya MacDonald,29793,New Hampshire,,,9.825,9.65,Sunday,10,3,2024
McCall McMullen,29793,New Hampshire,,,,9.675,Sunday,10,3,2024
Mia Hebinck,29793,Denver,9.9,,,,Sunday,10,3,2024
Mila Brusch,29793,Denver,,,,9.825,Sunday,10,3,2024
Momoko Iwai,29793,Denver,,9.825,9.875,,Sunday,10,3,2024
Rayna Light,29793,Missouri,,,9.8,9.775,Sunday,10,3,2024
Rosie Casali,29793,Denver,9.875,9.825,9.875,9.925,Sunday,10,3,2024
Rylie Mundell,29793,Denver,9.95,,,9.8,Sunday,10,3,2024
Serena Mullin,29793,New Hampshire,,9.85,9.875,9.8,Sunday,10,3,2024
Sienna Schreiber,29793,Missouri,9.95,9.925,9.95,9.775,Sunday,10,3,2024
Sierra Bauman,29793,New Hampshire,9.6,9.7,9.775,,Sunday,10,3,2024
Sydney Crouch,29793,S.E. Missouri,9.775,,8.75,,Sunday,10,3,2024
Sydney Schaffer,29793,Missouri,,9.55,,,Sunday,10,3,2024
Taylor Ingle,29793,S.E. Missouri,9.675,9.8,9.6,9.575,Sunday,10,3,2024
Adriana Hoffman,29797,Towson,,,,9.775,Sunday,10,3,2024
Alexa Rothenbuescher,29797,Maryland,9.825,,9.85,9.85,Sunday,10,3,2024
Camille Vitoff,29797,Towson,9.85,,,9.775,Sunday,10,3,2024
Carmella Calafati,29797,Towson,,8.35,9.825,,Sunday,10,3,2024
Clara Hong,29797,Towson,9.85,9.825,,,Sunday,10,3,2024
Elise Tisler,29797,Towson,,,9.875,9.85,Sunday,10,3,2024
Emma Silberman,29797,Maryland,9.775,9.75,,9.825,Sunday,10,3,2024
Felicia Poblete,29797,Towson,,,,9.625,Sunday,10,3,2024
Grace Vaillancourt,29797,Towson,9.9,9.825,9.85,,Sunday,10,3,2024
Isabella Minervini,29797,Towson,9.85,,9.6,,Sunday,10,3,2024
Jenna Weitz,29797,Towson,,9.875,9.675,,Sunday,10,3,2024
Josephine Kogler,29797,Maryland,,9.85,,9.85,Sunday,10,3,2024
Lauren Greene,29797,Towson,9.85,,,,Sunday,10,3,2024
Lauren Keener,29797,Towson,9.8,9.875,,,Sunday,10,3,2024
Layla Hammer,29797,Maryland,,9.775,,,Sunday,10,3,2024
Maddie Komoroski,29797,Maryland,,9.925,9.8,,Sunday,10,3,2024
Natalie Martin,29797,Maryland,,6.2,9.875,9.875,Sunday,10,3,2024
Olivia Weir,29797,Maryland,,,,9.775,Sunday,10,3,2024
Polina Belanovski,29797,Towson,,,,9.775,Sunday,10,3,2024
Retoshia Halsell,29797,Towson,,,9.825,9.8,Sunday,10,3,2024
Rhea Leblanc,29797,Maryland,9.925,,9.875,,Sunday,10,3,2024
Samantha Gilbert,29797,Maryland,,,9.75,,Sunday,10,3,2024
Sarah Girot,29797,Towson,,9.9,,,Sunday,10,3,2024
Sierra Kondo,29797,Maryland,9.8,,,,Sunday,10,3,2024
Tasha Brozowski,29797,Maryland,9.825,,,,Sunday,10,3,2024
Taylor Rech,29797,Maryland,,,9.8,9.8,Sunday,10,3,2024
Victoria Gatzendorfer,29797,Maryland,9.85,9.8,,,Sunday,10,3,2024
Abby Singh,29799,Western Michigan,9.775,,,9.775,Sunday,10,3,2024
Ally Schaupp,29799,Western Michigan,,,9.775,,Sunday,10,3,2024
Alyssa Guns,29799,Kent State,,9.775,9.9,,Sunday,10,3,2024
Amanda Gruber,29799,Western Michigan,,9.8,9.9,,Sunday,10,3,2024
Ashley Morgan,29799,Kent State,,,,9.675,Sunday,10,3,2024
Brynne Tsipis,29799,Kent State,9.8,,,,Sunday,10,3,2024
Cassie St. Clair,29799,Western Michigan,,,9.975,9.9,Sunday,10,3,2024
Charlie Behner,29799,Kent State,9.825,,,9.875,Sunday,10,3,2024
Dani Fuertez,29799,Kent State,,9.875,9.825,,Sunday,10,3,2024
Dani Petrousek,29799,Western Michigan,9.775,9.075,9.675,,Sunday,10,3,2024
DonnaKathryn Roy,29799,Western Michigan,9.725,,9.875,,Sunday,10,3,2024
Gabby Riley,29799,Kent State,,9.85,,,Sunday,10,3,2024
Gigi Singh,29799,Western Michigan,,9.05,,,Sunday,10,3,2024
Halle Faulkner,29799,Western Michigan,,,,9.9,Sunday,10,3,2024
Hannah Milton,29799,Western Michigan,,9.375,,9.7,Sunday,10,3,2024
Heidi Schultz,29799,Kent State,8.8,9.875,9.9,,Sunday,10,3,2024
Karlie Franz,29799,Kent State,,,9.95,,Sunday,10,3,2024
Kennedy Weinpert,29799,Kent State,,,,9.825,Sunday,10,3,2024
Kyndall Gilbert,29799,Kent State,9.775,,,9.875,Sunday,10,3,2024
Makenna King,29799,Western Michigan,9.9,,,,Sunday,10,3,2024
Nastia Rudnitskaya,29799,Kent State,9.85,,9.875,9.825,Sunday,10,3,2024
Payton Murphy,29799,Western Michigan,9.85,9.825,9.975,9.8,Sunday,10,3,2024
Sarah Haxton,29799,Kent State,9.875,9.8,,,Sunday,10,3,2024
Sarah Moravansky,29799,Western Michigan,9.875,9.725,,9.8,Sunday,10,3,2024
Zoe Rankin,29799,Kent State,,9.675,9.85,9.775,Sunday,10,3,2024
Alana Anderson,29801,Northern Illinois,9.8,,9.525,,Sunday,10,3,2024
Alyssa Al-Ashari,29801,Northern Illinois,9.875,9.225,,,Sunday,10,3,2024
Ashley Szymanski,29801,Ball State,9.875,9.825,,,Sunday,10,3,2024
Ava Molina,29801,Ball State,9.725,,,,Sunday,10,3,2024
Carissa Martinez,29801,Ball State,,,8.975,9.75,Sunday,10,3,2024
Dawsyn Sallee,29801,Northern Illinois,,,9.7,9.75,Sunday,10,3,2024
Ellery Werner,29801,Northern Illinois,,9.8,,,Sunday,10,3,2024
Emmalise Nock,29801,Northern Illinois,9.8,,9.775,9.775,Sunday,10,3,2024
Grace Sumner,29801,Ball State,9.775,9.85,,,Sunday,10,3,2024
Hannah Drielick,29801,Northern Illinois,9.75,,,,Sunday,10,3,2024
Hannah Ruthberg,29801,Ball State,9.8,9.8,9.775,9.775,Sunday,10,3,2024
Isabella Ross,29801,Northern Illinois,,9.05,9.75,9.625,Sunday,10,3,2024
Jenna Blair,29801,Northern Illinois,,,9.725,,Sunday,10,3,2024
Jocelyn Harbeck,29801,Northern Illinois,,,,9.55,Sunday,10,3,2024
Kendall George,29801,Northern Illinois,,9.775,,,Sunday,10,3,2024
Kiera O'Shea,29801,Northern Illinois,9.575,,,9.85,Sunday,10,3,2024
Megan Teter,29801,Ball State,9.875,9.7,9.85,9.75,Sunday,10,3,2024
Mikayla Brown,29801,Northern Illinois,,,9.725,,Sunday,10,3,2024
Natalia Kraus,29801,Northern Illinois,9.775,,,,Sunday,10,3,2024
Olivia Lynd,29801,Northern Illinois,,9.725,,,Sunday,10,3,2024
Samantha Nickle,29801,Northern Illinois,,9.7,,9.725,Sunday,10,3,2024
Suki Pfister,29801,Ball State,,,9.875,9.925,Sunday,10,3,2024
Victoria Henry,29801,Ball State,,9.8,9.55,9.825,Sunday,10,3,2024
Zoe Middleton,29801,Ball State,9.75,9.525,9.825,9.9,Sunday,10,3,2024
Ariana DeSouza,29803,Alaska,,9.575,,,Sunday,10,3,2024
Athena Jones,29803,Sacramento State,,9.775,9.775,,Sunday,10,3,2024
Avery Tillmanns,29803,Alaska,,,,9.525,Sunday,10,3,2024
Bella Lahmidi,29803,Sacramento State,9.85,,,9.625,Sunday,10,3,2024
Brooklyn Kopsack,29803,Alaska,,,,9.525,Sunday,10,3,2024
Claudia Lessig,29803,Alaska,9.5,9.6,9.55,9.5,Sunday,10,3,2024
Emily Walker,29803,Alaska,9.25,,,,Sunday,10,3,2024
Emma Morgenthaler,29803,Sacramento State,9.65,9.775,9.775,9.775,Sunday,10,3,2024
Grace Gilman,29803,Sacramento State,,9.675,9.75,9.7,Sunday,10,3,2024
Hayley Perkins,29803,Alaska,9.65,,,,Sunday,10,3,2024
Jessica Johnson,29803,Alaska,9.425,9.8,,,Sunday,10,3,2024
Jillianne Lastra,29803,Sacramento State,9.75,,,,Sunday,10,3,2024
Kara Houghton,29803,Sacramento State,9.35,9.825,9.575,,Sunday,10,3,2024
Maddy Murphy,29803,Alaska,,,9.45,9.775,Sunday,10,3,2024
Madelyn Gomez,29803,Alaska,,,9.375,,Sunday,10,3,2024
Mallory Barron,29803,Sacramento State,,9.8,,,Sunday,10,3,2024
Marcela Bonifasi,29803,Alaska,9.6,9.725,9.375,,Sunday,10,3,2024
Montana Fairbairn,29803,Alaska,7.9,9.775,9.675,9.675,Sunday,10,3,2024
Rose Wilson,29803,Sacramento State,9.8,,,9.8,Sunday,10,3,2024
Sarah Fitzgerald,29803,Sacramento State,,,,9.625,Sunday,10,3,2024
Sarah Lutrel,29803,Sacramento State,9.625,9.85,9.75,9.8,Sunday,10,3,2024
Shannon Farrell,29803,Alaska,,9.5,,,Sunday,10,3,2024
Silje Hildebrand,29803,Alaska,,,9.55,9.05,Sunday,10,3,2024
Simone Dumas-Guzman,29803,Sacramento State,,,9.7,,Sunday,10,3,2024
Adriana Popp,29805,Boise State,,9.875,,9.725,Sunday,10,3,2024
Alana Laster,29805,Illinois State,,,9.875,9.725,Sunday,10,3,2024
Ally Lau,29805,Illinois State,,9.85,,,Sunday,10,3,2024
Alyssa Vulaj,29805,Boise State,,9.875,9.725,9.825,Sunday,10,3,2024
Angelica Labat,29805,Illinois State,9.8,9.875,9.9,9.25,Sunday,10,3,2024
Anna Ferguson,29805,Boise State,,9.95,9.85,,Sunday,10,3,2024
Blake Pascal,29805,Boise State,,,9.825,,Sunday,10,3,2024
Carly Buell,29805,Boise State,9.25,,,,Sunday,10,3,2024
Carly Hawksworth,29805,Illinois State,9.775,,,,Sunday,10,3,2024
Chloe DeJoy,29805,Yale,9.85,,9.75,,Sunday,10,3,2024
Courtney Blackson,29805,Boise State,9.95,,9.15,,Sunday,10,3,2024
Devyn Valuch,29805,San Jose State,,,,9.775,Sunday,10,3,2024
Elaina McGovern,29805,Boise State,9.85,,9.85,9.775,Sunday,10,3,2024
Ella Tashjian,29805,Yale,,9.875,9.75,9.7,Sunday,10,3,2024
Emily Lopez,29805,Boise State,,9.95,,,Sunday,10,3,2024
Emma Loyim,29805,Boise State,,9.8,9.875,9.75,Sunday,10,3,2024
Emma Mangiacapre,29805,Yale,,9.85,,,Sunday,10,3,2024
Gigi Sabatini,29805,Yale,,9.75,9.725,9.675,Sunday,10,3,2024
Hana Strause,29805,Yale,,9.775,9.775,9.5,Sunday,10,3,2024
Jada Mazury,29805,San Jose State,9.9,9.8,9.9,,Sunday,10,3,2024
Jaudai Lopes,29805,San Jose State,9.85,9.725,9.95,9.775,Sunday,10,3,2024
Jaye Mack,29805,Illinois State,,9.8,9.8,9.825,Sunday,10,3,2024
Joy Ziegenfelder,29805,Illinois State,,9.9,,,Sunday,10,3,2024
Julia Heiner,29805,Illinois State,9.7,,,,Sunday,10,3,2024
Kaitlyn Donovan,29805,Illinois State,,,9.9,9.725,Sunday,10,3,2024
Katherine Weyhmiller,29805,San Jose State,9.875,9.875,9.725,,Sunday,10,3,2024
Kylee Hamby,29805,Boise State,9.9,,,,Sunday,10,3,2024
Lauren Holt,29805,Yale,9.7,,,,Sunday,10,3,2024
Lauren Macpherson,29805,San Jose State,9.925,9.85,9.9,9.825,Sunday,10,3,2024
Leah Davis,29805,Illinois State,,9.7,9.85,,Sunday,10,3,2024
Lily Aucoin,29805,Yale,9.725,,,,Sunday,10,3,2024
Madison Kirsch,29805,San Jose State,,9.675,,9.825,Sunday,10,3,2024
Mahleea Werline,29805,Boise State,9.825,,,,Sunday,10,3,2024
Marissa Ashton,29805,San Jose State,,9.0,,,Sunday,10,3,2024
Megan Brueck,29805,Yale,,,9.675,9.45,Sunday,10,3,2024
Meridith Donovan,29805,Yale,,9.125,,,Sunday,10,3,2024
Mia Nelson,29805,San Jose State,,,8.8,9.775,Sunday,10,3,2024
Mia Oh,29805,Illinois State,,,,9.55,Sunday,10,3,2024
Mikaela Pitts,29805,San Jose State,,,,9.8,Sunday,10,3,2024
Mya Robinson,29805,Illinois State,9.725,9.9,,9.825,Sunday,10,3,2024
Natasha Forrand,29805,San Jose State,,,9.8,,Sunday,10,3,2024
Olivia Reardon,29805,San Jose State,9.8,,,,Sunday,10,3,2024
Reese Grolla,29805,Illinois State,9.85,,,,Sunday,10,3,2024
Sara Wabi,29805,Illinois State,9.825,,9.8,,Sunday,10,3,2024
Sarah Wilson,29805,Yale,9.825,9.65,9.075,9.65,Sunday,10,3,2024
Sherry Wang,29805,Yale,9.8,,,9.65,Sunday,10,3,2024
Sophia Konieczny,29805,San Jose State,9.825,,,,Sunday,10,3,2024
Sydney Kho,29805,Boise State,,9.825,,9.775,Sunday,10,3,2024
Victoria Smirnov,29805,Boise State,9.825,,,,Sunday,10,3,2024
Amanda Zeng,29809,Stanford,,,9.9,9.875,Sunday,10,3,2024
Anapaula Gutierrez,29809,Stanford,9.9,,,9.875,Sunday,10,3,2024
Andi Li,29809,California,9.95,9.075,,,Sunday,10,3,2024
Anna Roberts,29809,Stanford,9.4,,9.875,9.8,Sunday,10,3,2024
Ava Sorrento,29809,Stanford,9.9,,,,Sunday,10,3,2024
Brenna Neault,29809,Stanford,9.875,9.95,9.925,9.775,Sunday,10,3,2024
Casey Brown,29809,California,9.875,,,,Sunday,10,3,2024
Chloe Widner,29809,Stanford,9.925,10.0,9.975,,Sunday,10,3,2024
Claire Dean,29809,Stanford,,9.775,9.875,9.775,Sunday,10,3,2024
Ella Cesario,29809,California,9.925,9.95,9.95,9.825,Sunday,10,3,2024
Gabby Perea,29809,California,,9.975,,,Sunday,10,3,2024
Ira Alexeeva,29809,Stanford,9.925,9.975,,,Sunday,10,3,2024
Jayden Silvers,29809,California,,,,9.85,Sunday,10,3,2024
Jordan Kane,29809,California,,,9.95,,Sunday,10,3,2024
Kyen Mayhew,29809,California,,,9.9,9.775,Sunday,10,3,2024
Madelyn Williams,29809,California,9.95,9.95,9.9,9.775,Sunday,10,3,2024
Mya Lauzon,29809,California,9.9,10.0,9.975,9.9,Sunday,10,3,2024
Sienna Robinson,29809,Stanford,,9.95,,,Sunday,10,3,2024
Taralyn Nguyen,29809,Stanford,,9.8,9.925,9.85,Sunday,10,3,2024
eMjae Frazier,29809,California,9.975,9.95,9.975,9.925,Sunday,10,3,2024
Abbie Pierson,29811,West Virginia,9.625,9.8,9.9,9.8,Sunday,10,3,2024
Amber Lowe,29811,West Virginia,9.775,,9.875,,Sunday,10,3,2024
Anna Leigh,29811,West Virginia,9.75,9.8,,,Sunday,10,3,2024
Avery Balser,29811,Rutgers,9.8,,,,Sunday,10,3,2024
Elia Aird,29811,Rutgers,9.65,9.8,9.725,9.8,Sunday,10,3,2024
Ellen Collins,29811,West Virginia,,,9.75,9.575,Sunday,10,3,2024
Elliot Goldsmith,29811,Rutgers,,,,9.75,Sunday,10,3,2024
Emily Leese,29811,Rutgers,,9.725,9.85,9.8,Sunday,10,3,2024
Emma Wehry,29811,West Virginia,9.7,9.825,,9.775,Sunday,10,3,2024
Gabrielle Dildy,29811,Rutgers,,9.825,9.725,9.8,Sunday,10,3,2024
Harmony Webster,29811,Rutgers,,,9.825,,Sunday,10,3,2024
Jackie Manifold,29811,Rutgers,9.625,9.85,,,Sunday,10,3,2024
Jaidyn Raby,29811,Rutgers,,,,9.775,Sunday,10,3,2024
Jayden McDonnell,29811,West Virginia,,,,9.675,Sunday,10,3,2024
Julia Brown,29811,West Virginia,,9.875,9.85,,Sunday,10,3,2024
Jurnee Lane,29811,West Virginia,9.075,9.8,9.575,,Sunday,10,3,2024
Katy Koopman,29811,Rutgers,,9.775,,,Sunday,10,3,2024
Kiana Lewis,29811,West Virginia,,,9.85,9.8,Sunday,10,3,2024
Matis Rains,29811,Rutgers,9.1,,,,Sunday,10,3,2024
Maya Jones,29811,Rutgers,,,9.775,,Sunday,10,3,2024
Miranda Smith,29811,West Virginia,9.65,9.625,,,Sunday,10,3,2024
Olivia DiNovi,29811,Rutgers,9.725,,,,Sunday,10,3,2024
Sierra Muns,29811,West Virginia,,,,9.675,Sunday,10,3,2024
Stephanie Zannella,29811,Rutgers,,9.725,9.75,,Sunday,10,3,2024
Valentina Lorente-Garcia,29811,Rutgers,9.7,,,9.725,Sunday,10,3,2024
Alana Ricketts,29813,LIU,,9.825,8.875,9.75,Sunday,10,3,2024
Alina Danilchenko,29813,LIU,,,9.85,9.675,Sunday,10,3,2024
Amelia Budd,29813,Temple,,,,9.775,Sunday,10,3,2024
Angelina Hogan,29813,Temple,9.775,,,,Sunday,10,3,2024
Annalisa Page,29813,LIU,9.8,9.05,9.9,9.75,Sunday,10,3,2024
Anne Marie Kuebler,29813,William & Mary,,,,9.5,Sunday,10,3,2024
Ascha Laird,29813,William & Mary,8.6,,,,Sunday,10,3,2024
Bridget Sullivan,29813,West Chester,,,,9.625,Sunday,10,3,2024
Brisa Carraro,29813,LIU,9.325,9.9,,,Sunday,10,3,2024
Brooke Donabedian,29813,Temple,,9.725,9.925,,Sunday,10,3,2024
Cael Bixler,29813,LIU,,9.75,,9.475,Sunday,10,3,2024
Caroline Blatchford,29813,William & Mary,9.8,9.625,,9.65,Sunday,10,3,2024
Caroline Cascadden,29813,West Chester,,9.825,9.85,,Sunday,10,3,2024
Catherine Bare,29813,William & Mary,9.775,,,,Sunday,10,3,2024
Corinne Gruber,29813,West Chester,,,9.85,9.575,Sunday,10,3,2024
Cyrena Whalen,29813,Temple,9.85,,,,Sunday,10,3,2024
Ella Barrington,29813,LIU,,,9.85,,Sunday,10,3,2024
Emily Johnson,29813,Temple,9.8,,,,Sunday,10,3,2024
Grace Costello,29813,William & Mary,,9.825,9.725,9.65,Sunday,10,3,2024
Hannah Burke,29813,William & Mary,,,9.8,9.75,Sunday,10,3,2024
Hannah Shelton,29813,West Chester,9.65,,,,Sunday,10,3,2024
Hannah Weklar,29813,Temple,9.85,,9.875,9.725,Sunday,10,3,2024
Hyla Betts,29813,West Chester,9.75,,,,Sunday,10,3,2024
Jordan Coleman,29813,West Chester,8.95,,,9.625,Sunday,10,3,2024
Kady Bills-McCoy,29813,LIU,,9.075,,,Sunday,10,3,2024
Kate Parks,29813,LIU,9.75,,,,Sunday,10,3,2024
Kiley Fred,29813,West Chester,,,9.85,,Sunday,10,3,2024
Kristina Rodriguez,29813,West Chester,9.85,,9.575,9.675,Sunday,10,3,2024
Lauren Miller,29813,LIU,9.025,,9.525,9.85,Sunday,10,3,2024
Lily McFarland,29813,West Chester,,9.7,9.8,9.625,Sunday,10,3,2024
Logan Hinson,29813,LIU,9.7,,,,Sunday,10,3,2024
Macarthy Keane,29813,West Chester,,9.725,,,Sunday,10,3,2024
Mackenzie Aresta,29813,Temple,,,,9.775,Sunday,10,3,2024
Madeline Frazier,29813,William & Mary,,9.725,9.575,,Sunday,10,3,2024
Madison Dorunda,29813,Temple,,9.75,9.9,,Sunday,10,3,2024
Madison Whitaker,29813,West Chester,,9.375,,,Sunday,10,3,2024
Melanie Faulkner,29813,William & Mary,,9.725,9.75,,Sunday,10,3,2024
Melina Ringas,29813,West Chester,9.8,,,,Sunday,10,3,2024
Michelle Ngo,29813,William & Mary,,9.8,9.825,,Sunday,10,3,2024
Natalie Marshall,29813,West Chester,,9.65,,,Sunday,10,3,2024
Payton Monk,29813,Temple,,9.625,9.925,9.75,Sunday,10,3,2024
Reese DeHaan,29813,Temple,9.65,,,,Sunday,10,3,2024
Renee Schugman,29813,Temple,,9.675,9.9,9.8,Sunday,10,3,2024
Sarah Eskew,29813,West Chester,6.85,8.35,9.825,9.8,Sunday,10,3,2024
Sarah Kuper,29813,William & Mary,9.625,9.65,,9.75,Sunday,10,3,2024
Sarah Stallings,29813,Temple,9.85,9.675,,,Sunday,10,3,2024
Sarah Wozniak,29813,William & Mary,9.85,,,,Sunday,10,3,2024
Sofia Huang,29813,William & Mary,,,,9.675,Sunday,10,3,2024
Summer Penzi,29813,William & Mary,,,9.75,,Sunday,10,3,2024
Summer Ruskey,29813,Temple,,9.775,9.925,9.825,Sunday,10,3,2024
Syd Morris,29813,LIU,9.85,9.9,9.85,9.825,Sunday,10,3,2024
Tori Sipes,29813,William & Mary,9.825,,,,Sunday,10,3,2024
Audrey Davis,29817,Oklahoma,9.975,9.925,9.925,,Sunday,10,3,2024
Ava Siegfeldt,29817,Oklahoma,,10.0,,9.9,Sunday,10,3,2024
Bell Johnson,29817,Oklahoma,,,9.8,,Sunday,10,3,2024
Cally Swaney,29817,Arkansas,9.8,9.875,,,Sunday,10,3,2024
Cami Weaver,29817,Arkansas,,9.75,,9.8,Sunday,10,3,2024
Danielle Sievers,29817,Oklahoma,9.9,,,,Sunday,10,3,2024
Faith Torrez,29817,Oklahoma,9.875,9.85,9.925,9.825,Sunday,10,3,2024
Frankie Price,29817,Arkansas,,,9.95,9.825,Sunday,10,3,2024
Hailey Klein,29817,Arkansas,,9.85,9.9,9.875,Sunday,10,3,2024
Hannah Scheible,29817,Oklahoma,,,,9.925,Sunday,10,3,2024
Jaime Pratt,29817,Arkansas,9.775,,,,Sunday,10,3,2024
Jensen Scalzo,29817,Arkansas,9.875,,,,Sunday,10,3,2024
Jordan Bowers,29817,Oklahoma,9.9,9.925,10.0,9.9,Sunday,10,3,2024
Kalyxta Gamiao,29817,Arkansas,,9.8,9.85,,Sunday,10,3,2024
Katherine LeVasseur,29817,Oklahoma,9.925,9.9,9.875,9.9,Sunday,10,3,2024
Keira Wells,29817,Oklahoma,,,,9.9,Sunday,10,3,2024
Lauren Williams,29817,Arkansas,,,9.925,9.925,Sunday,10,3,2024
Leah Smith,29817,Arkansas,,,9.925,9.925,Sunday,10,3,2024
Maddie Jones,29817,Arkansas,9.075,9.875,9.9,,Sunday,10,3,2024
Priscilla Park,29817,Arkansas,9.8,,,9.775,Sunday,10,3,2024
Ragan Smith,29817,Oklahoma,9.9,9.85,9.9,,Sunday,10,3,2024
Reese Drotar,29817,Arkansas,9.775,,,,Sunday,10,3,2024
Sirena Linton,29817,Arkansas,,9.9,,,Sunday,10,3,2024
Aaliyah Gilmore,29819,Texas Woman's,9.8,,,,Sunday,10,3,2024
Alexis Ortega,29819,North Carolina State,9.875,9.925,9.85,9.825,Sunday,10,3,2024
Alyssa Kramer,29819,Penn State,,,9.875,,Sunday,10,3,2024
Amani Herring,29819,Penn State,,9.875,9.95,9.825,Sunday,10,3,2024
Ana Kenefick,29819,Pennsylvania,,9.75,9.825,,Sunday,10,3,2024
Ashley Knight,29819,North Carolina State,,,9.825,9.775,Sunday,10,3,2024
Ashley Maul,29819,Penn State,,,9.875,,Sunday,10,3,2024
Ava Piedrahita,29819,Penn State,9.9,9.75,9.85,9.9,Sunday,10,3,2024
Bella Salcedo,29819,Penn State,,9.725,9.9,9.775,Sunday,10,3,2024
Brooke Ferrari,29819,Texas Woman's,9.925,,,,Sunday,10,3,2024
Campbell Marr,29819,Pennsylvania,,9.875,,,Sunday,10,3,2024
Caroline Bowns,29819,Texas Woman's,9.25,,,,Sunday,10,3,2024
Chloe Negrete,29819,North Carolina State,,9.85,9.85,9.825,Sunday,10,3,2024
Daisy Woodring,29819,Texas Woman's,,9.7,9.825,9.8,Sunday,10,3,2024
Emily Shepard,29819,North Carolina State,9.925,9.925,9.875,9.875,Sunday,10,3,2024
Emily Six,29819,Texas Woman's,,9.725,8.75,9.5,Sunday,10,3,2024
Emma Brkljacic,29819,Texas Woman's,,9.675,9.7,9.725,Sunday,10,3,2024
Emma Davies,29819,Pennsylvania,,,9.725,,Sunday,10,3,2024
Gabrielle Gallentine,29819,Penn State,9.9,9.6,,,Sunday,10,3,2024
Isabel Song,29819,Pennsylvania,,,,9.8,Sunday,10,3,2024
Jessica Johanson,29819,Penn State,9.8,,,9.8,Sunday,10,3,2024
Jordan Barrow,29819,Pennsylvania,9.775,,,9.7,Sunday,10,3,2024
Kailee Adomaites,29819,North Carolina State,9.75,,,,Sunday,10,3,2024
Kaitlyn Hoiland,29819,Texas Woman's,9.85,9.725,,9.725,Sunday,10,3,2024
Kalea McElligott,29819,Penn State,9.85,9.825,9.825,9.85,Sunday,10,3,2024
Kami Zarlengo,29819,Texas Woman's,9.825,,,,Sunday,10,3,2024
Katie Harper,29819,North Carolina State,9.925,9.9,,,Sunday,10,3,2024
Katya Edwards,29819,North Carolina State,,,9.9,,Sunday,10,3,2024
Kiersten Belkoff,29819,Pennsylvania,,9.8,,9.75,Sunday,10,3,2024
Krista Zultevicz,29819,North Carolina State,,,9.85,9.85,Sunday,10,3,2024
Lainey Hunt,29819,Texas Woman's,9.0,,,,Sunday,10,3,2024
Macy Jennings,29819,North Carolina State,,9.875,,,Sunday,10,3,2024
Maddie Hall,29819,North Carolina State,,,,9.85,Sunday,10,3,2024
Maddie Johnston,29819,Penn State,9.85,9.825,,9.875,Sunday,10,3,2024
Madeline Gose,29819,Texas Woman's,,,9.75,,Sunday,10,3,2024
Madeline Reid,29819,North Carolina State,9.825,,,,Sunday,10,3,2024
Maggie Mace,29819,Penn State,9.775,,,,Sunday,10,3,2024
Marissa Lassiter,29819,Pennsylvania,9.775,,9.775,9.75,Sunday,10,3,2024
Meg Adler,29819,North Carolina State,,9.85,,,Sunday,10,3,2024
Peyton Childs,29819,North Carolina State,9.8,,,,Sunday,10,3,2024
Samantha Wu,29819,Pennsylvania,,9.825,,,Sunday,10,3,2024
Sara Kenefick,29819,Pennsylvania,9.75,9.775,9.875,9.8,Sunday,10,3,2024
Skyelar Kerico,29819,Pennsylvania,9.8,9.725,9.9,9.675,Sunday,10,3,2024
Sophia Isbell,29819,Texas Woman's,,,,9.725,Sunday,10,3,2024
Sophia Paris,29819,Pennsylvania,9.8,,,,Sunday,10,3,2024
Sophie Hernandez,29819,Texas Woman's,,9.75,9.625,,Sunday,10,3,2024
Steelie King,29819,Texas Woman's,,9.2,9.75,9.725,Sunday,10,3,2024
Zara Gazdak,29819,Pennsylvania,9.85,,9.85,,Sunday,10,3,2024
Abigayle Martin,29823,Arizona,9.65,9.875,,9.825,Wednesday,13,3,2024
Alexa Melanson,29823,Southern Conn.,,9.625,9.475,,Wednesday,13,3,2024
Alysen Fears,29823,Arizona,9.9,9.85,9.825,9.9,Wednesday,13,3,2024
Angel Lee,29823,Southern Conn.,,9.45,,,Wednesday,13,3,2024
Angelina Stanfa,29823,Southern Conn.,,8.375,,,Wednesday,13,3,2024
Audrey Arnold,29823,Southern Conn.,9.325,,,,Wednesday,13,3,2024
Ava Kelly,29823,Southern Conn.,,,9.775,9.625,Wednesday,13,3,2024
Brianna Dorr,29823,Southern Conn.,,,,9.75,Wednesday,13,3,2024
Caroline Herry,29823,Arizona,,9.775,9.875,9.75,Wednesday,13,3,2024
Elena Deets,29823,Arizona,9.875,9.925,9.825,,Wednesday,13,3,2024
Emiley Kahl,29823,Southern Conn.,,9.425,,,Wednesday,13,3,2024
Emily Mueller,29823,Arizona,9.85,9.875,9.85,,Wednesday,13,3,2024
Emma Strom,29823,Arizona,,9.65,9.85,9.775,Wednesday,13,3,2024
Erica Beyer,29823,Southern Conn.,,,9.6,,Wednesday,13,3,2024
Gabriela Dinisoe,29823,Southern Conn.,9.575,9.525,,,Wednesday,13,3,2024
Gigi Mastellone,29823,Southern Conn.,9.875,,,,Wednesday,13,3,2024
Jayci Jordan,29823,Southern Conn.,9.775,,,,Wednesday,13,3,2024
Jessica Castles,29823,Arizona,,,,9.875,Wednesday,13,3,2024
Kylie Sitty,29823,Southern Conn.,8.95,,9.7,9.7,Wednesday,13,3,2024
Lexi Bracher,29823,Southern Conn.,,,,9.775,Wednesday,13,3,2024
Libby Allen,29823,Southern Conn.,,9.575,9.725,9.7,Wednesday,13,3,2024
Malia Hargrove,29823,Arizona,9.0,,9.8,9.85,Wednesday,13,3,2024
Sophia Ruecker,29823,Southern Conn.,9.575,,9.65,9.6,Wednesday,13,3,2024
Sophie Derr,29823,Arizona,9.875,,,,Wednesday,13,3,2024
Addy Rothstein,29825,Cornell,9.725,,9.775,9.75,Friday,15,3,2024
Alexandra Quiana,29825,Cornell,,9.075,9.75,,Friday,15,3,2024
Avery Byun,29825,Cornell,,9.175,,,Friday,15,3,2024
Bridget Sullivan,29825,West Chester,,,9.775,9.475,Friday,15,3,2024
Caitlyn Walsh,29825,Cornell,,,9.8,,Friday,15,3,2024
Calista Brady,29825,Cornell,,,,8.3,Friday,15,3,2024
Cami Whitaker,29825,Cornell,,,9.725,9.625,Friday,15,3,2024
Caroline Cascadden,29825,West Chester,,9.775,9.925,,Friday,15,3,2024
Corinne Gruber,29825,West Chester,,,9.825,9.6,Friday,15,3,2024
Hannah Shelton,29825,West Chester,9.575,,,,Friday,15,3,2024
Hyla Betts,29825,West Chester,9.7,,,,Friday,15,3,2024
Jordan Coleman,29825,West Chester,9.825,,,9.475,Friday,15,3,2024
Josie Moylan,29825,Cornell,9.725,,9.775,9.55,Friday,15,3,2024
Karah Vargo,29825,West Chester,,9.65,,,Friday,15,3,2024
Kristina Rodriguez,29825,West Chester,9.1,,9.85,9.3,Friday,15,3,2024
Lily McFarland,29825,West Chester,,9.65,9.875,8.0,Friday,15,3,2024
Macarthy Keane,29825,West Chester,,9.675,,,Friday,15,3,2024
Madison Whitaker,29825,West Chester,,9.575,,,Friday,15,3,2024
Melanie Stone,29825,Cornell,9.1,,,,Friday,15,3,2024
Melina Ringas,29825,West Chester,9.7,,,,Friday,15,3,2024
Michaela Defranscisco,29825,Cornell,,,,9.575,Friday,15,3,2024
Mikayla Burton,29825,Cornell,,9.85,,,Friday,15,3,2024
Morgen Shambo,29825,Cornell,9.5,,,,Friday,15,3,2024
Natalia Tehrani,29825,Cornell,8.975,9.75,,,Friday,15,3,2024
Natalie Marshall,29825,West Chester,,9.75,,,Friday,15,3,2024
Regina Walton,29825,Cornell,,9.65,,,Friday,15,3,2024
Sarah Eskew,29825,West Chester,9.775,,9.8,9.775,Friday,15,3,2024
Sydney Beers,29825,Cornell,8.6,9.75,9.725,9.8,Friday,15,3,2024
Abby Singh,29827,Western Michigan,8.95,,,9.775,Friday,15,3,2024
Adriana Bustelo,29827,Central Michigan,9.825,,,,Friday,15,3,2024
Ally Schaupp,29827,Western Michigan,,,9.925,,Friday,15,3,2024
Amanda Gruber,29827,Western Michigan,,9.575,9.825,,Friday,15,3,2024
Amber Mueller,29827,Central Michigan,,9.8,,,Friday,15,3,2024
Ashley Veglucci,29827,Central Michigan,9.825,9.725,9.9,,Friday,15,3,2024
Cassie St. Clair,29827,Western Michigan,,,9.9,9.725,Friday,15,3,2024
Dani Petrousek,29827,Western Michigan,9.75,9.625,9.9,,Friday,15,3,2024
DonnaKathryn Roy,29827,Western Michigan,9.7,,9.875,,Friday,15,3,2024
Elizabeth Buttle,29827,Central Michigan,,,9.85,,Friday,15,3,2024
Elizabeth Cesarone,29827,Central Michigan,,,9.9,9.825,Friday,15,3,2024
Halle Faulkner,29827,Western Michigan,,,,9.75,Friday,15,3,2024
Hallie Hornbacher,29827,Central Michigan,,,9.925,9.825,Friday,15,3,2024
Hannah Milton,29827,Western Michigan,,9.75,,9.8,Friday,15,3,2024
Jenna Germond,29827,Central Michigan,9.8,,,9.8,Friday,15,3,2024
Julie Korfhage,29827,Western Michigan,,9.725,,,Friday,15,3,2024
Karina Lankamer,29827,Central Michigan,,9.8,,,Friday,15,3,2024
Luciana Alvarado-Reid,29827,Central Michigan,9.875,9.9,9.9,9.85,Friday,15,3,2024
Makenna King,29827,Western Michigan,9.825,,,,Friday,15,3,2024
Payton Murphy,29827,Western Michigan,9.7,9.55,9.975,9.875,Friday,15,3,2024
Quinn Skrupa,29827,Central Michigan,9.8,9.75,9.85,,Friday,15,3,2024
Samantha Shannon,29827,Central Michigan,9.775,9.9,,9.775,Friday,15,3,2024
Sarah Moravansky,29827,Western Michigan,9.775,9.8,,9.8,Friday,15,3,2024
Zoie Pelfrey,29827,Central Michigan,,,,9.825,Friday,15,3,2024
Anne Marie Kuebler,29829,William & Mary,,,,9.35,Friday,15,3,2024
Anneliese Silverman,29829,George Washington,9.8,9.875,9.875,9.85,Friday,15,3,2024
Ascha Laird,29829,William & Mary,9.725,,,,Friday,15,3,2024
Brissa Portillo,29829,Towson,,9.075,,,Friday,15,3,2024
Brooke Izzo,29829,George Washington,,9.875,,,Friday,15,3,2024
Camille Vitoff,29829,Towson,9.85,,,9.85,Friday,15,3,2024
Carmella Calafati,29829,Towson,,,9.8,,Friday,15,3,2024
Caroline Blatchford,29829,William & Mary,9.725,9.825,,9.7,Friday,15,3,2024
Catherine Bare,29829,William & Mary,9.9,,,,Friday,15,3,2024
Clara Hong,29829,Towson,9.825,9.675,9.875,,Friday,15,3,2024
Deana Sheremeta,29829,George Washington,,,9.95,,Friday,15,3,2024
Delaney DeHaan,29829,George Washington,9.825,,,,Friday,15,3,2024
Elise Tisler,29829,Towson,,,9.9,9.95,Friday,15,3,2024
Felicia Poblete,29829,Towson,,,,9.85,Friday,15,3,2024
Grace Costello,29829,William & Mary,,9.8,9.7,9.725,Friday,15,3,2024
Grace Vaillancourt,29829,Towson,9.9,9.875,9.9,,Friday,15,3,2024
Hannah Burke,29829,William & Mary,,,9.675,9.55,Friday,15,3,2024
Isabella Minervini,29829,Towson,9.975,,,,Friday,15,3,2024
Jenna Weitz,29829,Towson,,9.9,9.8,9.8,Friday,15,3,2024
Kasey Burke,29829,George Washington,,,9.875,9.8,Friday,15,3,2024
Kendall Whitman,29829,George Washington,9.725,9.825,9.975,9.9,Friday,15,3,2024
Lauren Greene,29829,Towson,9.875,,,,Friday,15,3,2024
Lauren Keener,29829,Towson,9.85,9.925,,,Friday,15,3,2024
Madeline Frazier,29829,William & Mary,,9.625,9.625,,Friday,15,3,2024
Marlee York,29829,George Washington,,,9.825,9.875,Friday,15,3,2024
Maya Peters,29829,George Washington,9.8,9.925,,,Friday,15,3,2024
Melanie Faulkner,29829,William & Mary,,9.75,9.775,,Friday,15,3,2024
Michelle Ngo,29829,William & Mary,,9.55,9.8,,Friday,15,3,2024
Nancy Kiner,29829,George Washington,,8.975,,,Friday,15,3,2024
Payton Lynch,29829,George Washington,,,9.75,,Friday,15,3,2024
Polina Belanovski,29829,Towson,,,,9.825,Friday,15,3,2024
Rachel Katz,29829,George Washington,9.8,,,9.925,Friday,15,3,2024
Retoshia Halsell,29829,Towson,,,9.925,9.85,Friday,15,3,2024
Sarah Girot,29829,Towson,,9.95,,,Friday,15,3,2024
Sarah Kuper,29829,William & Mary,9.825,9.7,,9.75,Friday,15,3,2024
Sarah Wozniak,29829,William & Mary,9.75,,,,Friday,15,3,2024
Sarah Zois,29829,George Washington,,9.875,,9.825,Friday,15,3,2024
Sofia Huang,29829,William & Mary,,,,9.75,Friday,15,3,2024
Sophia Tyeryar,29829,George Washington,9.575,,,,Friday,15,3,2024
Summer Penzi,29829,William & Mary,,,9.7,,Friday,15,3,2024
Tori Sipes,29829,William & Mary,9.8,,,,Friday,15,3,2024
Alex Routsis,29832,Southern Utah,9.2,,,,Friday,15,3,2024
Alilah Alvarado,29832,BYU,9.85,,,,Friday,15,3,2024
Allix Mason,29832,BYU,9.75,9.825,,9.825,Friday,15,3,2024
Aly Coutu,29832,Southern Utah,,9.6,,,Friday,15,3,2024
Alyssa Fernandez,29832,Southern Utah,,9.85,9.825,,Friday,15,3,2024
Anna Bramblett-Wilde,29832,BYU,9.85,,,,Friday,15,3,2024
Anna Hartley,29832,Southern Utah,,9.8,,,Friday,15,3,2024
Athena Jones,29832,Sacramento State,,9.825,9.65,,Friday,15,3,2024
Aubri Schwartze,29832,Southern Utah,9.85,,,,Friday,15,3,2024
Ava Jorgensen,29832,BYU,9.75,,,9.9,Friday,15,3,2024
Bella Lahmidi,29832,Sacramento State,9.725,,,9.675,Friday,15,3,2024
Brinlee Christensen,29832,Southern Utah,9.85,,9.825,9.925,Friday,15,3,2024
Brynlee Andersen,29832,BYU,,9.925,,,Friday,15,3,2024
Caitlin McWilliams,29832,Washington,,,9.875,,Friday,15,3,2024
Chelsea Hallinan,29832,Washington,,9.875,,,Friday,15,3,2024
Deiah Moody,29832,Washington,9.75,9.875,,,Friday,15,3,2024
Elease Rollins,29832,BYU,,9.675,,,Friday,15,3,2024
Eliza Millar-Crossman,29832,BYU,,9.85,9.85,,Friday,15,3,2024
Ellie Cacciola,29832,Southern Utah,,9.2,9.875,9.825,Friday,15,3,2024
Emily Innes,29832,Washington,,9.9,9.9,9.825,Friday,15,3,2024
Emily Pires,29832,Washington,,,9.85,,Friday,15,3,2024
Emma Morgenthaler,29832,Sacramento State,9.65,9.775,9.85,9.825,Friday,15,3,2024
Grace Gilman,29832,Sacramento State,,9.7,9.85,9.775,Friday,15,3,2024
Heidi Schooley-Meyers,29832,BYU,,,9.8,,Friday,15,3,2024
Isabella Neff,29832,Southern Utah,9.825,,,,Friday,15,3,2024
Jillianne Lastra,29832,Sacramento State,9.825,,,,Friday,15,3,2024
Kara Houghton,29832,Sacramento State,9.875,8.975,9.65,,Friday,15,3,2024
Kayla Pardue,29832,Southern Utah,,,9.825,9.825,Friday,15,3,2024
Kennedi McClain,29832,Southern Utah,,9.85,,9.8,Friday,15,3,2024
Kristin Lin,29832,Washington,9.725,,,9.725,Friday,15,3,2024
Kylie Eaquinto,29832,BYU,9.725,,9.975,9.8,Friday,15,3,2024
Lana Navarro,29832,Washington,,9.9,9.825,9.85,Friday,15,3,2024
Lilly Tubbs,29832,Washington,9.825,,,9.6,Friday,15,3,2024
Linsey Hunter-Kempler,29832,BYU,9.8,,,,Friday,15,3,2024
Mallory Barron,29832,Sacramento State,,9.825,,9.525,Friday,15,3,2024
McKenna Carnesi,29832,Washington,,,,9.85,Friday,15,3,2024
Melissa Earl,29832,BYU,,,,9.725,Friday,15,3,2024
Mina Margraf-Benson,29832,BYU,,9.725,,,Friday,15,3,2024
Niya Randolph,29832,Southern Utah,9.725,9.8,9.925,9.825,Friday,15,3,2024
Olivia Matern,29832,BYU,,,9.85,,Friday,15,3,2024
Olivia Oppegard,29832,Washington,9.775,,,,Friday,15,3,2024
Rose Wilson,29832,Sacramento State,8.8,,,,Friday,15,3,2024
Sarah Fitzgerald,29832,Sacramento State,,,,9.675,Friday,15,3,2024
Sarah Lutrel,29832,Sacramento State,9.725,9.875,9.65,9.85,Friday,15,3,2024
Simone Dumas-Guzman,29832,Sacramento State,,,9.75,,Friday,15,3,2024
Skylar Killough-Wilhelm,29832,Washington,9.925,9.9,9.975,9.9,Friday,15,3,2024
Sophie Dudley,29832,BYU,,9.725,9.85,9.825,Friday,15,3,2024
Sydney Benson,29832,BYU,,,9.95,9.875,Friday,15,3,2024
Taylor Gull,29832,Southern Utah,,,9.8,,Friday,15,3,2024
Taylor Russon,29832,Washington,9.875,9.725,9.825,,Friday,15,3,2024
Trista Goodman,29832,Southern Utah,9.9,,,9.8,Friday,15,3,2024
Alexa Melanson,29836,Southern Conn.,,9.45,9.775,,Friday,15,3,2024
Anaya Smith,29836,Arizona State,,,,9.925,Friday,15,3,2024
Angel Lee,29836,Southern Conn.,,8.975,,,Friday,15,3,2024
Angelina Stanfa,29836,Southern Conn.,,9.625,,,Friday,15,3,2024
Audrey Arnold,29836,Southern Conn.,9.675,,,,Friday,15,3,2024
Ava Kelly,29836,Southern Conn.,,,9.75,9.725,Friday,15,3,2024
Brianna Dorr,29836,Southern Conn.,,,,9.7,Friday,15,3,2024
Cassi Barbanente,29836,Arizona State,9.8,,,,Friday,15,3,2024
Cienna Samiley,29836,Arizona State,9.825,,,,Friday,15,3,2024
Emiley Kahl,29836,Southern Conn.,,9.675,,,Friday,15,3,2024
Emily White,29836,Arizona State,9.95,9.95,9.95,9.775,Friday,15,3,2024
Erica Beyer,29836,Southern Conn.,,,9.7,,Friday,15,3,2024
Gabriela Dinisoe,29836,Southern Conn.,9.75,9.825,,,Friday,15,3,2024
Gigi Mastellone,29836,Southern Conn.,9.8,,,,Friday,15,3,2024
Gracie Reeves,29836,Arizona State,,9.9,,9.875,Friday,15,3,2024
Halle Gregoire,29836,Arizona State,,,9.9,9.25,Friday,15,3,2024
Hannah Scharf,29836,Arizona State,9.275,9.925,9.925,9.9,Friday,15,3,2024
Jada Mangahas,29836,Arizona State,9.925,9.8,9.85,9.775,Friday,15,3,2024
Jayci Jordan,29836,Southern Conn.,9.75,,,,Friday,15,3,2024
Kayla Lee,29836,Arizona State,,9.875,9.675,,Friday,15,3,2024
Kimberly Smith,29836,Arizona State,,,9.825,,Friday,15,3,2024
Kylie Sitty,29836,Southern Conn.,9.65,,9.7,9.725,Friday,15,3,2024
Lexi Bracher,29836,Southern Conn.,,,,9.775,Friday,15,3,2024
Libby Allen,29836,Southern Conn.,,9.725,9.875,9.7,Friday,15,3,2024
Sarah Clark,29836,Arizona State,9.85,9.9,,,Friday,15,3,2024
Sophia Ruecker,29836,Southern Conn.,9.675,,9.65,9.725,Friday,15,3,2024
Allie Gard,29838,Nebraska,,9.8,,,Friday,15,3,2024
Ayzhia Hall,29838,Nebraska,,9.825,,9.9,Friday,15,3,2024
Cally Swaney,29838,Arkansas,,9.9,,,Friday,15,3,2024
Cami Weaver,29838,Arkansas,,9.875,,9.85,Friday,15,3,2024
Clara Colombo,29838,Nebraska,9.85,,,,Friday,15,3,2024
Csenge Bacskay,29838,Nebraska,9.825,9.9,9.15,9.825,Friday,15,3,2024
Dakota Essenpries,29838,Arkansas,,,,9.875,Friday,15,3,2024
Emma Simpton,29838,Nebraska,9.3,,,,Friday,15,3,2024
Emma Spence,29838,Nebraska,9.875,9.9,9.95,9.925,Friday,15,3,2024
Frankie Price,29838,Arkansas,,,9.95,9.9,Friday,15,3,2024
Hailey Klein,29838,Arkansas,,9.775,9.9,9.975,Friday,15,3,2024
Halle Rourke,29838,Nebraska,,,9.725,,Friday,15,3,2024
Isabel Sikon,29838,Nebraska,,9.875,,9.875,Friday,15,3,2024
Jaime Pratt,29838,Arkansas,9.85,,,,Friday,15,3,2024
Jensen Scalzo,29838,Arkansas,9.9,,,,Friday,15,3,2024
Kalyxta Gamiao,29838,Arkansas,,9.825,9.9,,Friday,15,3,2024
Kinsey Davis,29838,Nebraska,9.875,,,9.8,Friday,15,3,2024
Lauren Williams,29838,Arkansas,,,9.95,9.9,Friday,15,3,2024
Leah Smith,29838,Arkansas,9.925,,9.95,9.9,Friday,15,3,2024
Maddie Jones,29838,Arkansas,9.875,9.825,9.975,,Friday,15,3,2024
Martina Comin,29838,Nebraska,,,9.875,9.85,Friday,15,3,2024
Priscilla Park,29838,Arkansas,9.8,,,,Friday,15,3,2024
Reese Drotar,29838,Arkansas,9.975,,,,Friday,15,3,2024
Sirena Linton,29838,Arkansas,,9.875,,,Friday,15,3,2024
Sophia McClelland,29838,Nebraska,,9.9,9.925,,Friday,15,3,2024
Whitney Jencks,29838,Nebraska,9.825,,9.875,,Friday,15,3,2024
Amelia Moneymaker,29840,UC Davis,9.85,9.2,9.825,9.775,Friday,15,3,2024
Andi Li,29840,California,9.975,9.85,,,Friday,15,3,2024
Anna Holtan,29840,UC Davis,,9.8,9.9,,Friday,15,3,2024
Ava Scafani,29840,UC Davis,8.125,9.85,,,Friday,15,3,2024
Casey Brown,29840,California,,,,9.775,Friday,15,3,2024
Devyn Valuch,29840,San Jose State,,,,9.75,Friday,15,3,2024
Ella Cesario,29840,California,9.9,9.9,9.925,,Friday,15,3,2024
Emma Otsu,29840,UC Davis,9.7,9.475,9.9,9.675,Friday,15,3,2024
Gabby Perea,29840,California,9.9,9.975,,,Friday,15,3,2024
Isabella Fitz-Gerald,29840,UC Davis,9.725,,,,Friday,15,3,2024
Jada Mazury,29840,San Jose State,9.75,9.525,9.85,,Friday,15,3,2024
Jaudai Lopes,29840,San Jose State,9.7,9.825,9.9,9.875,Friday,15,3,2024
Jayden Silvers,29840,California,,,,9.8,Friday,15,3,2024
Jordan Kane,29840,California,,,9.875,,Friday,15,3,2024
Katherine Weyhmiller,29840,San Jose State,9.85,9.825,9.825,,Friday,15,3,2024
Keanna Abraham,29840,UC Davis,,9.075,9.9,9.925,Friday,15,3,2024
Kyen Mayhew,29840,California,,,9.925,9.975,Friday,15,3,2024
Lauren Macpherson,29840,San Jose State,9.2,9.925,9.925,9.825,Friday,15,3,2024
Madelyn Williams,29840,California,9.975,9.875,9.95,9.875,Friday,15,3,2024
Madison Kirsch,29840,San Jose State,,9.775,,9.85,Friday,15,3,2024
Marisa Laird,29840,UC Davis,9.725,,,,Friday,15,3,2024
Marissa Ashton,29840,San Jose State,,9.875,,,Friday,15,3,2024
Megan Ray,29840,UC Davis,,8.95,9.925,9.925,Friday,15,3,2024
Mia Nelson,29840,San Jose State,,,9.95,9.675,Friday,15,3,2024
Mikaela Pitts,29840,San Jose State,,,,9.825,Friday,15,3,2024
Milla Gideon,29840,UC Davis,9.75,,,,Friday,15,3,2024
Mya Lauzon,29840,California,9.925,9.925,9.95,9.925,Friday,15,3,2024
Nandhini Senthil,29840,UC Davis,,,9.8,,Friday,15,3,2024
Natasha Forrand,29840,San Jose State,,,9.85,,Friday,15,3,2024
Olivia Reardon,29840,San Jose State,9.775,,,,Friday,15,3,2024
Sophia Konieczny,29840,San Jose State,9.75,,,,Friday,15,3,2024
eMjae Frazier,29840,California,9.925,9.95,9.95,9.9,Friday,15,3,2024
Alana Ricketts,29843,LIU,,9.8,9.675,9.725,Friday,15,3,2024
Alexis Ortega,29843,North Carolina State,9.8,9.875,7.8,9.8,Friday,15,3,2024
Alina Danilchenko,29843,LIU,,,,9.525,Friday,15,3,2024
Alyssa Arana,29843,Florida,,9.925,,,Friday,15,3,2024
Annalisa Page,29843,LIU,9.525,8.875,9.775,9.5,Friday,15,3,2024
Anya Pilgrim,29843,Florida,9.825,9.25,9.9,9.9,Friday,15,3,2024
Brisa Carraro,29843,LIU,9.75,8.9,,,Friday,15,3,2024
Cael Bixler,29843,LIU,8.75,9.4,,,Friday,15,3,2024
Chloe Negrete,29843,North Carolina State,,9.925,9.9,9.925,Friday,15,3,2024
Danie Ferris,29843,Florida,,,9.85,9.925,Friday,15,3,2024
Ella Barrington,29843,LIU,,,9.725,,Friday,15,3,2024
Ella Schell,29843,Iowa State,9.625,,9.95,,Friday,15,3,2024
Ellie Lazzari,29843,Florida,9.65,9.9,9.925,9.1,Friday,15,3,2024
Emilie Hong,29843,Iowa State,,,,9.75,Friday,15,3,2024
Emily Shepard,29843,North Carolina State,9.825,9.875,9.875,9.75,Friday,15,3,2024
Gabby Disidore,29843,Florida,9.825,,,,Friday,15,3,2024
Hannah Loyim,29843,Iowa State,9.525,9.85,,9.675,Friday,15,3,2024
Josie Bergstrom-Te Slaa,29843,Iowa State,,9.825,,9.775,Friday,15,3,2024
Kady Bills-McCoy,29843,LIU,,9.7,,,Friday,15,3,2024
Kaia Parker,29843,Iowa State,,,9.9,9.725,Friday,15,3,2024
Kailee Adomaites,29843,North Carolina State,9.725,,,,Friday,15,3,2024
Kate Parks,29843,LIU,9.7,,,9.55,Friday,15,3,2024
Katie Harper,29843,North Carolina State,9.8,9.825,,,Friday,15,3,2024
Katya Edwards,29843,North Carolina State,,,9.8,,Friday,15,3,2024
Kira Sanchez,29843,LIU,,,9.775,,Friday,15,3,2024
Krista Zultevicz,29843,North Carolina State,,,9.9,9.85,Friday,15,3,2024
Laura Cooke,29843,Iowa State,9.825,,9.75,,Friday,15,3,2024
Lauren Miller,29843,LIU,,,8.7,9.425,Friday,15,3,2024
Lauren O'Brochta,29843,Iowa State,,9.775,,,Friday,15,3,2024
Lauren Thomas,29843,Iowa State,9.7,9.875,,,Friday,15,3,2024
Leanne Wong,29843,Florida,9.975,,,,Friday,15,3,2024
Logan Hinson,29843,LIU,7.4,,,,Friday,15,3,2024
Loganne Basuel,29843,Iowa State,8.45,,,,Friday,15,3,2024
Macy Jennings,29843,North Carolina State,,9.875,,,Friday,15,3,2024
Maddie Hall,29843,North Carolina State,,,9.825,9.8,Friday,15,3,2024
Madeline Reid,29843,North Carolina State,9.75,,,,Friday,15,3,2024
Madelyn Manternach,29843,Iowa State,,,9.8,,Friday,15,3,2024
Meg Adler,29843,North Carolina State,,9.775,,9.875,Friday,15,3,2024
Morgan Hurd,29843,Florida,,,9.925,,Friday,15,3,2024
Noelle Adams,29843,Iowa State,,9.125,9.925,9.85,Friday,15,3,2024
Paige Wills,29843,Iowa State,9.75,,,9.725,Friday,15,3,2024
Peyton Childs,29843,North Carolina State,9.1,,,,Friday,15,3,2024
Rachel Wilke,29843,Iowa State,,9.85,9.825,,Friday,15,3,2024
Skylar Draser,29843,Florida,,9.825,,9.95,Friday,15,3,2024
Sloane Blakely,29843,Florida,9.9,9.925,9.925,9.875,Friday,15,3,2024
Syd Morris,29843,LIU,9.75,9.85,9.85,9.8,Friday,15,3,2024
Victoria Nguyen,29843,Florida,9.9,9.825,9.925,9.825,Friday,15,3,2024
Abbie Thompson,29847,Denver,,9.875,9.825,,Friday,15,3,2024
Amanda Hargraves,29847,Denver,,,,9.8,Friday,15,3,2024
Ava Jordan,29847,Michigan,,,,9.775,Friday,15,3,2024
Bella Mabanta,29847,Denver,,9.9,9.925,,Friday,15,3,2024
Carly Bauman,29847,Michigan,9.725,9.925,9.925,,Friday,15,3,2024
Gabby Wilson,29847,Michigan,9.825,9.875,10.0,9.875,Friday,15,3,2024
Haylen Zabrowski,29847,Michigan,9.775,,,,Friday,15,3,2024
Jacey Vore,29847,Michigan,9.825,9.875,,,Friday,15,3,2024
Jenna Mulligan,29847,Michigan,,9.8,9.9,9.825,Friday,15,3,2024
Jessica Hutchinson,29847,Denver,9.925,9.975,9.975,9.95,Friday,15,3,2024
Kiley Rorich,29847,Denver,9.85,,9.85,,Friday,15,3,2024
Madison Ulrich,29847,Denver,9.925,9.875,9.925,9.825,Friday,15,3,2024
Mccaleigh Marr,29847,Michigan,9.225,,,,Friday,15,3,2024
Mia Hebinck,29847,Denver,9.425,9.85,,,Friday,15,3,2024
Mila Brusch,29847,Denver,,,,9.825,Friday,15,3,2024
Momoko Iwai,29847,Denver,9.775,9.0,9.875,,Friday,15,3,2024
Paige Thaxton,29847,Michigan,,,9.875,9.75,Friday,15,3,2024
Reyna Guggino,29847,Michigan,,9.85,9.925,9.95,Friday,15,3,2024
Rylie Mundell,29847,Denver,9.95,,,9.9,Friday,15,3,2024
Sierra Brooks,29847,Michigan,9.95,9.95,9.975,9.825,Friday,15,3,2024
Ana Kenefick,29849,Pennsylvania,,9.725,9.225,,Friday,15,3,2024
Avery Balser,29849,Rutgers,9.85,,,,Friday,15,3,2024
Calah Newman,29849,Rutgers,9.675,,,,Friday,15,3,2024
Campbell Marr,29849,Pennsylvania,,9.725,,,Friday,15,3,2024
Chloe DeJoy,29849,Yale,9.825,,9.825,,Friday,15,3,2024
Elia Aird,29849,Rutgers,,9.75,9.85,9.775,Friday,15,3,2024
Ella Tashjian,29849,Yale,,7.85,9.9,9.625,Friday,15,3,2024
Elliot Goldsmith,29849,Rutgers,9.7,,,9.7,Friday,15,3,2024
Emily Leese,29849,Rutgers,,9.65,9.85,9.85,Friday,15,3,2024
Emma Davies,29849,Pennsylvania,,,9.85,,Friday,15,3,2024
Emma Mangiacapre,29849,Yale,,9.65,,,Friday,15,3,2024
Evangeline Chu,29849,Yale,,8.75,,,Friday,15,3,2024
Gabrielle Dildy,29849,Rutgers,,9.8,9.9,9.9,Friday,15,3,2024
Gigi Sabatini,29849,Yale,9.55,9.7,9.775,9.625,Friday,15,3,2024
Hana Strause,29849,Yale,,9.7,9.725,,Friday,15,3,2024
Harmony Webster,29849,Rutgers,,,9.825,,Friday,15,3,2024
Isabel Song,29849,Pennsylvania,9.45,,,9.725,Friday,15,3,2024
Jackie Manifold,29849,Rutgers,9.75,9.825,,,Friday,15,3,2024
Jackie Tunney,29849,Pennsylvania,,,9.675,,Friday,15,3,2024
Jaidyn Raby,29849,Rutgers,,,,9.8,Friday,15,3,2024
Jordan Barrow,29849,Pennsylvania,,,,9.875,Friday,15,3,2024
Katy Koopman,29849,Rutgers,,9.725,,,Friday,15,3,2024
Kiersten Belkoff,29849,Pennsylvania,,8.925,,9.85,Friday,15,3,2024
Lauren Holt,29849,Yale,9.7,,,,Friday,15,3,2024
Lily Aucoin,29849,Yale,9.75,,,9.8,Friday,15,3,2024
Marissa Lassiter,29849,Pennsylvania,9.725,,,9.825,Friday,15,3,2024
Matis Rains,29849,Rutgers,9.775,,,,Friday,15,3,2024
Maya Jones,29849,Rutgers,,,9.9,,Friday,15,3,2024
Megan Brueck,29849,Yale,,,,9.7,Friday,15,3,2024
Samantha Wu,29849,Pennsylvania,,9.85,,,Friday,15,3,2024
Sara Kenefick,29849,Pennsylvania,9.775,9.525,9.875,9.625,Friday,15,3,2024
Sarah Wilson,29849,Yale,9.825,9.65,9.675,9.725,Friday,15,3,2024
Sherry Wang,29849,Yale,9.825,,9.8,9.7,Friday,15,3,2024
Skyelar Kerico,29849,Pennsylvania,9.8,9.775,9.825,9.675,Friday,15,3,2024
Sophia Paris,29849,Pennsylvania,9.85,,,,Friday,15,3,2024
Stephanie Zannella,29849,Rutgers,,9.825,9.75,,Friday,15,3,2024
Valentina Lorente-Garcia,29849,Rutgers,9.8,,,9.75,Friday,15,3,2024
Zara Gazdak,29849,Pennsylvania,9.75,,9.775,,Friday,15,3,2024
Abby Paulson,29852,Utah,,10.0,9.925,,Friday,15,3,2024
Alani Sabado,29852,Utah,9.9,,,,Friday,15,3,2024
Alivia Ostendorf,29852,Utah State,,,9.85,9.85,Friday,15,3,2024
Amanda Zeng,29852,Stanford,,,9.675,9.7,Friday,15,3,2024
Amari Evans,29852,Utah State,9.725,9.725,9.65,,Friday,15,3,2024
Anapaula Gutierrez,29852,Stanford,9.8,,,9.8,Friday,15,3,2024
Angel Stuart,29852,Utah State,,,9.85,9.725,Friday,15,3,2024
Anna Roberts,29852,Stanford,9.85,,9.825,9.875,Friday,15,3,2024
Ashley Glynn,29852,Utah,,,,9.85,Friday,15,3,2024
Ava Sorrento,29852,Stanford,9.3,,,,Friday,15,3,2024
Avery Bibbey,29852,Utah State,9.725,,,,Friday,15,3,2024
Brenna Neault,29852,Stanford,9.725,9.825,9.725,9.8,Friday,15,3,2024
Brianna Brooks,29852,Utah State,9.825,9.7,9.725,9.85,Friday,15,3,2024
Camie Winger,29852,Utah,9.9,9.8,,9.85,Friday,15,3,2024
Chloe Widner,29852,Stanford,9.875,9.925,9.875,9.825,Friday,15,3,2024
Claire Dean,29852,Stanford,,9.875,9.775,,Friday,15,3,2024
Dani Kirstine,29852,Utah State,9.25,9.1,,,Friday,15,3,2024
Elizabeth Gantner,29852,Utah,,9.875,,,Friday,15,3,2024
Ella Zirbes,29852,Utah,9.0,,,9.925,Friday,15,3,2024
Grace McCallum,29852,Utah,9.975,9.95,9.975,9.925,Friday,15,3,2024
Ira Alexeeva,29852,Stanford,9.9,9.675,,,Friday,15,3,2024
Jaedyn Rucker,29852,Utah,,,9.925,9.9,Friday,15,3,2024
Jaylene Gilstrap,29852,Utah,,,9.95,,Friday,15,3,2024
Jenna Eagles,29852,Utah State,,9.75,9.85,,Friday,15,3,2024
Juliette Boyer,29852,Utah State,9.9,,,9.675,Friday,15,3,2024
Lexi Aragon,29852,Utah State,9.725,9.425,,,Friday,15,3,2024
Maile O'Keefe,29852,Utah,9.85,9.9,9.925,,Friday,15,3,2024
Makenna Smith,29852,Utah,9.875,9.875,9.9,9.9,Friday,15,3,2024
Nyla Morabito,29852,Utah State,,,9.8,9.75,Friday,15,3,2024
Payton Gatzlaff,29852,Utah State,,,,9.725,Friday,15,3,2024
Sienna Robinson,29852,Stanford,,9.775,,,Friday,15,3,2024
Sydney Jelen,29852,Utah State,,9.75,,,Friday,15,3,2024
Taralyn Nguyen,29852,Stanford,,9.825,9.725,9.9,Friday,15,3,2024
Aleah Finnegan,29855,LSU,9.875,9.925,9.95,9.875,Friday,15,3,2024
Alexis Jeffrey,29855,LSU,9.85,9.725,,,Friday,15,3,2024
Amari Drayton,29855,LSU,,,9.9,9.85,Friday,15,3,2024
Amy Wozniak,29855,North Carolina,9.0,,9.825,,Friday,15,3,2024
Ashley Cowan,29855,LSU,9.95,,,,Friday,15,3,2024
Bella Miller,29855,North Carolina,,,9.825,,Friday,15,3,2024
Camryn Rueda,29855,North Carolina,,9.325,9.85,,Friday,15,3,2024
Chase Brock,29855,LSU,,,,9.85,Friday,15,3,2024
Cory Shinohara,29855,North Carolina,,,,9.75,Friday,15,3,2024
Gwen Fink,29855,North Carolina,9.875,9.85,9.8,9.8,Friday,15,3,2024
Haleigh Bryant,29855,LSU,9.975,9.95,,9.925,Friday,15,3,2024
Hallie Thompson,29855,North Carolina,,9.875,,,Friday,15,3,2024
Isabelle Schaefer,29855,North Carolina,9.125,,,,Friday,15,3,2024
Jamie Shearer,29855,North Carolina,9.75,9.8,,,Friday,15,3,2024
Jessica Naranjo,29855,North Carolina,,9.825,,,Friday,15,3,2024
Julia Knower,29855,North Carolina,9.825,9.875,9.9,9.775,Friday,15,3,2024
KJ Johnson,29855,LSU,,,9.775,9.875,Friday,15,3,2024
Kaya Forbes,29855,North Carolina,,,9.9,9.85,Friday,15,3,2024
Kiya Johnson,29855,LSU,,9.925,9.975,,Friday,15,3,2024
Konnor McClain,29855,LSU,9.875,9.975,9.925,,Friday,15,3,2024
Lali Dekanoidze,29855,North Carolina,9.85,,,9.9,Friday,15,3,2024
Olivia Dunne,29855,LSU,,,9.85,,Friday,15,3,2024
Paige Prejean,29855,North Carolina,,,,9.8,Friday,15,3,2024
Savannah Schoenherr,29855,LSU,9.95,,,9.875,Friday,15,3,2024
Sierra Ballard,29855,LSU,,9.85,,,Friday,15,3,2024
Brie Clark,29857,Clemson,,9.7,9.75,,Saturday,16,3,2024
Brooklyn Moors,29857,UCLA,,,9.8,,Saturday,16,3,2024
Chae Campbell,29857,UCLA,9.9,,10.0,9.85,Saturday,16,3,2024
Ciena Alipio,29857,UCLA,,9.75,,,Saturday,16,3,2024
Emily Lee,29857,UCLA,,9.925,,9.825,Saturday,16,3,2024
Emma Andres,29857,UCLA,,9.875,9.9,,Saturday,16,3,2024
Emma Malabuyo,29857,UCLA,,9.975,,,Saturday,16,3,2024
Eve Jackson,29857,Clemson,9.8,8.975,9.925,9.9,Saturday,16,3,2024
Frida Esparza,29857,UCLA,9.9,,,,Saturday,16,3,2024
Kaitlin DeGuzman,29857,Clemson,9.8,,,,Saturday,16,3,2024
Katelyn Rosen,29857,UCLA,9.875,9.95,,9.85,Saturday,16,3,2024
Kielyn McCright,29857,Clemson,,9.925,,,Saturday,16,3,2024
Lauren Rutherford,29857,Clemson,9.15,,9.85,9.825,Saturday,16,3,2024
Lilly Lippeatt,29857,Clemson,9.875,9.875,9.9,,Saturday,16,3,2024
Madison Minner,29857,Clemson,,,,9.85,Saturday,16,3,2024
Madisyn Anyimi,29857,UCLA,9.85,,,,Saturday,16,3,2024
Maggie Holman,29857,Clemson,,,,9.85,Saturday,16,3,2024
Margzetta Frazier,29857,UCLA,9.95,,9.975,,Saturday,16,3,2024
Molly Arnold,29857,Clemson,,,9.875,9.975,Saturday,16,3,2024
Nya Reed,29857,UCLA,,,9.95,9.85,Saturday,16,3,2024
Paige Anastasi,29857,UCLA,,,,9.925,Saturday,16,3,2024
Rebecca Wells,29857,Clemson,9.4,9.925,9.825,9.875,Saturday,16,3,2024
Selena Harris-Miranda,29857,UCLA,10.0,9.95,9.95,10.0,Saturday,16,3,2024
Sierra Church,29857,Clemson,,9.875,,,Saturday,16,3,2024
Trinity Webb,29857,Clemson,9.825,,,,Saturday,16,3,2024
Alana Laster,29859,Illinois State,,,9.825,9.825,Saturday,16,3,2024
Allie Berkley,29859,Lindenwood,,,,9.75,Saturday,16,3,2024
Ally Lau,29859,Illinois State,,9.725,,,Saturday,16,3,2024
Angelica Labat,29859,Illinois State,9.675,9.75,9.8,9.875,Saturday,16,3,2024
Baleigh Garcia,29859,Michigan State,,9.925,,,Saturday,16,3,2024
Carly Hawksworth,29859,Illinois State,9.075,,,,Saturday,16,3,2024
Delanie Harkness,29859,Michigan State,9.85,9.825,9.9,,Saturday,16,3,2024
Elle Beaufait,29859,Michigan State,,,9.675,,Saturday,16,3,2024
Gabrielle Stephen,29859,Michigan State,9.9,9.825,9.85,9.925,Saturday,16,3,2024
Giana Kalefe,29859,Michigan State,,9.1,,,Saturday,16,3,2024
Hannah Appleget,29859,Lindenwood,8.8,9.8,9.75,9.8,Saturday,16,3,2024
Hannah Moon,29859,Lindenwood,9.775,9.8,9.8,,Saturday,16,3,2024
J'Chelle Heard,29859,Illinois State,,,,9.85,Saturday,16,3,2024
Jaidan Kossuth,29859,Lindenwood,,9.8,,,Saturday,16,3,2024
Jaly Jones,29859,Lindenwood,9.775,9.8,9.875,9.7,Saturday,16,3,2024
Jaye Mack,29859,Illinois State,,,9.825,9.9,Saturday,16,3,2024
Jori Jackard,29859,Michigan State,9.725,,,,Saturday,16,3,2024
Joy Ziegenfelder,29859,Illinois State,,9.75,,,Saturday,16,3,2024
Kaitlyn Donovan,29859,Illinois State,,,9.825,,Saturday,16,3,2024
Kaylee Cooper,29859,Lindenwood,9.775,,,,Saturday,16,3,2024
Leah Davis,29859,Illinois State,,9.775,9.85,,Saturday,16,3,2024
Leah Parton,29859,Lindenwood,,,,9.6,Saturday,16,3,2024
MaKayla Tucker,29859,Michigan State,,9.675,9.55,9.9,Saturday,16,3,2024
Madison Kipp,29859,Illinois State,9.75,9.925,,9.775,Saturday,16,3,2024
Madison Rush,29859,Lindenwood,,9.65,,,Saturday,16,3,2024
Mya Robinson,29859,Illinois State,9.475,9.9,,9.775,Saturday,16,3,2024
Nikki Smith,29859,Michigan State,9.3,,9.925,9.9,Saturday,16,3,2024
Nya Kraus,29859,Lindenwood,9.775,9.875,,,Saturday,16,3,2024
Olivia Zsarmani,29859,Michigan State,,,,9.975,Saturday,16,3,2024
Reese Baechle,29859,Lindenwood,9.725,,9.825,9.775,Saturday,16,3,2024
Reese Grolla,29859,Illinois State,9.75,,,,Saturday,16,3,2024
Sage Kellerman,29859,Michigan State,9.8,,,9.825,Saturday,16,3,2024
Sara Wabi,29859,Illinois State,9.825,,9.85,,Saturday,16,3,2024
Skyla Schulte,29859,Michigan State,9.875,9.8,9.925,9.875,Saturday,16,3,2024
Sydney Lopez,29859,Lindenwood,,,9.8,,Saturday,16,3,2024
Trinity Caffey,29859,Lindenwood,,,9.775,9.825,Saturday,16,3,2024
Adriana Popp,29861,Boise State,,9.9,,9.85,Sunday,17,3,2024
Alivia Ostendorf,29861,Utah State,,,9.875,9.925,Sunday,17,3,2024
Alyssa Vulaj,29861,Boise State,,9.75,9.825,9.8,Sunday,17,3,2024
Amari Evans,29861,Utah State,9.75,9.65,9.45,,Sunday,17,3,2024
Angel Stuart,29861,Utah State,,,9.825,9.725,Sunday,17,3,2024
Anna Ferguson,29861,Boise State,,9.8,9.85,,Sunday,17,3,2024
Ariana Young,29861,Oregon State,,9.35,9.875,9.85,Sunday,17,3,2024
Avery Bibbey,29861,Utah State,9.75,,,,Sunday,17,3,2024
Blake Pascal,29861,Boise State,,,9.9,,Sunday,17,3,2024
Brantley Lucas,29861,Boise State,,,9.75,,Sunday,17,3,2024
Brianna Brooks,29861,Utah State,9.9,9.85,9.825,9.75,Sunday,17,3,2024
Carly Buell,29861,Boise State,9.775,,,,Sunday,17,3,2024
Dani Kirstine,29861,Utah State,9.75,9.1,,,Sunday,17,3,2024
Elaina McGovern,29861,Boise State,9.75,,9.85,9.75,Sunday,17,3,2024
Emily Lopez,29861,Boise State,9.2,9.875,,9.925,Sunday,17,3,2024
Emma Loyim,29861,Boise State,,9.825,9.875,9.875,Sunday,17,3,2024
Jade Carey,29861,Oregon State,9.95,9.925,,9.85,Sunday,17,3,2024
Jenna Eagles,29861,Utah State,,9.75,9.825,,Sunday,17,3,2024
Jennifer McMillan,29861,Oregon State,9.925,9.65,,,Sunday,17,3,2024
Juliette Boyer,29861,Utah State,9.85,,,9.725,Sunday,17,3,2024
Kaitlin Garcia,29861,Oregon State,,,9.9,9.85,Sunday,17,3,2024
Karlie Chavez,29861,Oregon State,,,9.775,,Sunday,17,3,2024
Kylee Hamby,29861,Boise State,9.825,,,,Sunday,17,3,2024
Lexi Aragon,29861,Utah State,9.825,9.85,,,Sunday,17,3,2024
Mahleea Werline,29861,Boise State,9.875,,,,Sunday,17,3,2024
Natalie Briones,29861,Oregon State,9.9,,,9.875,Sunday,17,3,2024
Nyla Morabito,29861,Utah State,,,9.85,9.775,Sunday,17,3,2024
Olivia Buckner,29861,Oregon State,,9.75,,,Sunday,17,3,2024
Payton Gatzlaff,29861,Utah State,,,,9.725,Sunday,17,3,2024
Sage Thompson,29861,Oregon State,9.9,9.775,9.825,9.8,Sunday,17,3,2024
Savannah Miller,29861,Oregon State,,,9.825,,Sunday,17,3,2024
Sophia Esposito,29861,Oregon State,9.6,9.75,9.9,9.825,Sunday,17,3,2024
Sydney Jelen,29861,Utah State,,9.675,,,Sunday,17,3,2024
Sydney Kho,29861,Boise State,,9.675,,9.775,Sunday,17,3,2024
Taylor DeVries,29861,Oregon State,9.85,,,,Sunday,17,3,2024
Victoria Smirnov,29861,Boise State,9.85,,,,Sunday,17,3,2024
Abby Brushwood,29864,Eastern Michigan,,,9.85,9.7,Sunday,17,3,2024
Alana Fisher,29864,Eastern Michigan,,,9.825,9.9,Sunday,17,3,2024
Anna Grace McCullough,29864,Eastern Michigan,,,9.525,9.15,Sunday,17,3,2024
Ashley Szymanski,29864,Ball State,9.8,9.65,,,Sunday,17,3,2024
Ava Molina,29864,Ball State,9.9,,,,Sunday,17,3,2024
Brooke Maycroft,29864,Eastern Michigan,,9.325,,,Sunday,17,3,2024
Carissa Martinez,29864,Ball State,,,9.225,9.7,Sunday,17,3,2024
Cassie Bergin,29864,Eastern Michigan,,9.675,,,Sunday,17,3,2024
Ella Chemotti,29864,Eastern Michigan,9.775,9.75,9.775,,Sunday,17,3,2024
Genae Daniel,29864,Eastern Michigan,,,,9.8,Sunday,17,3,2024
Grace Sumner,29864,Ball State,9.825,9.775,,,Sunday,17,3,2024
Hannah Ruthberg,29864,Ball State,9.825,9.675,9.875,9.8,Sunday,17,3,2024
Jordan Jankowski,29864,Eastern Michigan,9.8,,,,Sunday,17,3,2024
Katin Childress,29864,Eastern Michigan,,9.75,,,Sunday,17,3,2024
Kyrie Lowe,29864,Eastern Michigan,9.8,9.075,,9.75,Sunday,17,3,2024
Megan Teter,29864,Ball State,9.85,9.2,9.875,9.75,Sunday,17,3,2024
Molly Parris,29864,Eastern Michigan,9.75,,,,Sunday,17,3,2024
Raisa Boris,29864,Eastern Michigan,9.775,9.8,9.875,9.65,Sunday,17,3,2024
Suki Pfister,29864,Ball State,,,9.925,9.9,Sunday,17,3,2024
Trinity Macy,29864,Eastern Michigan,9.8,,9.775,,Sunday,17,3,2024
Victoria Henry,29864,Ball State,,9.725,9.9,9.925,Sunday,17,3,2024
Zoe Middleton,29864,Ball State,9.85,9.65,9.925,9.8,Sunday,17,3,2024
Adriana Hoffman,29866,Towson,,,9.725,9.825,Sunday,17,3,2024
Alyssa Kramer,29866,Penn State,,,9.9,,Sunday,17,3,2024
Amani Herring,29866,Penn State,,9.925,9.95,9.125,Sunday,17,3,2024
Anneliese Silverman,29866,George Washington,9.75,9.825,9.875,9.75,Sunday,17,3,2024
Ashley Maul,29866,Penn State,,,9.825,,Sunday,17,3,2024
Ava Piedrahita,29866,Penn State,9.9,9.725,9.85,9.9,Sunday,17,3,2024
Avery Balser,29866,Rutgers,9.95,,,,Sunday,17,3,2024
Bella Salcedo,29866,Penn State,,9.875,9.825,9.75,Sunday,17,3,2024
Brooke Izzo,29866,George Washington,,9.75,,,Sunday,17,3,2024
Camille Vitoff,29866,Towson,9.9,,,9.875,Sunday,17,3,2024
Carmella Calafati,29866,Towson,,,9.775,,Sunday,17,3,2024
Clara Hong,29866,Towson,9.925,9.8,9.85,,Sunday,17,3,2024
Deana Sheremeta,29866,George Washington,,,9.75,,Sunday,17,3,2024
Delaney DeHaan,29866,George Washington,9.85,,,,Sunday,17,3,2024
Elia Aird,29866,Rutgers,,9.8,9.85,9.85,Sunday,17,3,2024
Elise Tisler,29866,Towson,,,9.925,9.85,Sunday,17,3,2024
Elliot Goldsmith,29866,Rutgers,9.775,,,9.8,Sunday,17,3,2024
Emily Leese,29866,Rutgers,,9.725,9.9,9.925,Sunday,17,3,2024
Felicia Poblete,29866,Towson,,,,9.8,Sunday,17,3,2024
Gabrielle Dildy,29866,Rutgers,,9.775,9.85,9.9,Sunday,17,3,2024
Gabrielle Gallentine,29866,Penn State,9.875,9.2,,,Sunday,17,3,2024
Grace Vaillancourt,29866,Towson,9.95,9.225,9.825,,Sunday,17,3,2024
Harmony Webster,29866,Rutgers,,,9.825,,Sunday,17,3,2024
Isabella Minervini,29866,Towson,9.925,,,,Sunday,17,3,2024
Jackie Manifold,29866,Rutgers,9.85,9.9,,,Sunday,17,3,2024
Jaidyn Raby,29866,Rutgers,,,,9.75,Sunday,17,3,2024
Jenna Weitz,29866,Towson,,9.875,,,Sunday,17,3,2024
Jessica Johanson,29866,Penn State,9.825,,,9.825,Sunday,17,3,2024
Kalea McElligott,29866,Penn State,9.775,9.85,9.825,9.9,Sunday,17,3,2024
Kasey Burke,29866,George Washington,,,9.825,9.85,Sunday,17,3,2024
Katy Koopman,29866,Rutgers,,9.725,,,Sunday,17,3,2024
Kendall Whitman,29866,George Washington,9.825,9.85,9.925,9.75,Sunday,17,3,2024
Lauren Greene,29866,Towson,9.825,,,,Sunday,17,3,2024
Lauren Keener,29866,Towson,9.825,9.825,,,Sunday,17,3,2024
Maddie Johnston,29866,Penn State,9.775,9.775,,9.8,Sunday,17,3,2024
Maggie Mace,29866,Penn State,9.825,,,,Sunday,17,3,2024
Marlee York,29866,George Washington,,,9.85,9.825,Sunday,17,3,2024
Matis Rains,29866,Rutgers,9.8,,,,Sunday,17,3,2024
Maya Jones,29866,Rutgers,,,9.8,,Sunday,17,3,2024
Maya Peters,29866,George Washington,9.85,9.875,,,Sunday,17,3,2024
Myra Daniels,29866,Rutgers,9.8,,,,Sunday,17,3,2024
Nancy Kiner,29866,George Washington,,9.5,,,Sunday,17,3,2024
Payton Lynch,29866,George Washington,,,9.875,,Sunday,17,3,2024
Polina Belanovski,29866,Towson,,,,9.9,Sunday,17,3,2024
Rachel Katz,29866,George Washington,9.775,,,9.85,Sunday,17,3,2024
Retoshia Halsell,29866,Towson,,8.925,9.85,9.825,Sunday,17,3,2024
Sarah Girot,29866,Towson,,9.825,,,Sunday,17,3,2024
Sarah Zois,29866,George Washington,,9.775,,9.85,Sunday,17,3,2024
Sophia Tyeryar,29866,George Washington,9.75,,,,Sunday,17,3,2024
Stephanie Zannella,29866,Rutgers,,9.875,9.8,,Sunday,17,3,2024
Valentina Lorente-Garcia,29866,Rutgers,9.9,,,9.75,Sunday,17,3,2024
Alyssa Guns,29869,Kent State,,9.875,9.925,,Sunday,17,3,2024
Brynne Tsipis,29869,Kent State,9.825,,,,Sunday,17,3,2024
Charlie Behner,29869,Kent State,9.8,,,9.8,Sunday,17,3,2024
Dani Fuertez,29869,Kent State,,9.8,9.975,,Sunday,17,3,2024
Elise Brzoska,29869,Bowling Green,,9.85,9.825,,Sunday,17,3,2024
Emily Castiglia,29869,Bowling Green,,9.675,,,Sunday,17,3,2024
Gabby Riley,29869,Kent State,,9.8,,,Sunday,17,3,2024
Heidi Schultz,29869,Kent State,9.825,9.8,9.95,,Sunday,17,3,2024
Isabella Rivelli,29869,Bowling Green,9.8,,,,Sunday,17,3,2024
Karlie Franz,29869,Kent State,,,9.875,,Sunday,17,3,2024
Kathryn Weilbacher,29869,Bowling Green,9.775,9.575,9.875,9.825,Sunday,17,3,2024
Keira Thornton,29869,Bowling Green,,,9.875,9.75,Sunday,17,3,2024
Kennedy Krienbrink,29869,Bowling Green,9.275,,,,Sunday,17,3,2024
Kennedy Weinpert,29869,Kent State,,,,9.85,Sunday,17,3,2024
Kyndall Gilbert,29869,Kent State,9.825,,,9.6,Sunday,17,3,2024
Lauren Bannister,29869,Bowling Green,,,9.625,9.6,Sunday,17,3,2024
Love Akpan,29869,Bowling Green,9.775,9.85,9.725,9.825,Sunday,17,3,2024
Madison Coburn,29869,Bowling Green,,,,9.825,Sunday,17,3,2024
Megan Bingham,29869,Bowling Green,9.825,8.95,,9.725,Sunday,17,3,2024
Megan Decious,29869,Bowling Green,,,9.725,,Sunday,17,3,2024
Megan Dzialo,29869,Bowling Green,9.8,,,,Sunday,17,3,2024
Mya Migliore,29869,Kent State,,,,9.825,Sunday,17,3,2024
Nadia Parente,29869,Bowling Green,,9.85,,,Sunday,17,3,2024
Nastia Rudnitskaya,29869,Kent State,9.925,,9.7,9.85,Sunday,17,3,2024
Sarah Haxton,29869,Kent State,9.925,9.825,,,Sunday,17,3,2024
Zoe Rankin,29869,Kent State,,9.175,9.875,9.75,Sunday,17,3,2024
Amanda Zeng,29871,Stanford,,,9.825,9.775,Sunday,17,3,2024
Anapaula Gutierrez,29871,Stanford,9.7,,,9.925,Sunday,17,3,2024
Andi Li,29871,California,9.95,9.9,9.9,,Sunday,17,3,2024
Anna Roberts,29871,Stanford,9.925,,9.95,9.825,Sunday,17,3,2024
Athena Jones,29871,Sacramento State,,9.75,9.75,,Sunday,17,3,2024
Ava Sorrento,29871,Stanford,9.8,,,,Sunday,17,3,2024
Bella Lahmidi,29871,Sacramento State,9.775,,,9.25,Sunday,17,3,2024
Brenna Neault,29871,Stanford,9.925,9.95,9.925,9.85,Sunday,17,3,2024
Casey Brown,29871,California,,,,9.875,Sunday,17,3,2024
Chloe Widner,29871,Stanford,9.2,9.95,9.95,9.825,Sunday,17,3,2024
Claire Dean,29871,Stanford,,9.875,9.875,,Sunday,17,3,2024
Ella Cesario,29871,California,9.85,9.9,9.875,,Sunday,17,3,2024
Emma Morgenthaler,29871,Sacramento State,9.475,9.7,9.75,9.8,Sunday,17,3,2024
Gabby Perea,29871,California,9.975,9.825,,,Sunday,17,3,2024
Grace Gilman,29871,Sacramento State,,9.75,9.825,9.725,Sunday,17,3,2024
Ira Alexeeva,29871,Stanford,9.85,9.875,,,Sunday,17,3,2024
Jayden Silvers,29871,California,,,,9.925,Sunday,17,3,2024
Jillianne Lastra,29871,Sacramento State,9.875,,,,Sunday,17,3,2024
Kara Houghton,29871,Sacramento State,9.825,9.8,9.675,,Sunday,17,3,2024
Kyen Mayhew,29871,California,,,9.925,9.85,Sunday,17,3,2024
Madelyn Williams,29871,California,9.85,9.375,9.85,9.85,Sunday,17,3,2024
Mallory Barron,29871,Sacramento State,,9.15,,9.6,Sunday,17,3,2024
Mya Lauzon,29871,California,9.825,9.9,9.875,9.925,Sunday,17,3,2024
Rose Wilson,29871,Sacramento State,9.575,,,,Sunday,17,3,2024
Sarah Fitzgerald,29871,Sacramento State,,,,9.8,Sunday,17,3,2024
Sarah Lutrel,29871,Sacramento State,9.75,9.85,9.825,9.875,Sunday,17,3,2024
Sienna Robinson,29871,Stanford,,9.875,,,Sunday,17,3,2024
Simone Dumas-Guzman,29871,Sacramento State,,,9.8,,Sunday,17,3,2024
Taralyn Nguyen,29871,Stanford,,9.9,9.85,9.95,Sunday,17,3,2024
eMjae Frazier,29871,California,9.975,9.875,9.825,9.925,Sunday,17,3,2024
Abby Mueller,29874,Illinois,9.775,9.825,9.85,9.85,Sunday,17,3,2024
Abigayle Martin,29874,Arizona,9.125,9.725,9.8,9.875,Sunday,17,3,2024
Ailey Kuehn,29874,S.E. Missouri,,,,9.775,Sunday,17,3,2024
Ainsley Greever,29874,Arizona,,,,9.8,Sunday,17,3,2024
Alea Byrne,29874,Illinois,,9.875,9.95,9.825,Sunday,17,3,2024
Allie Morgan,29874,Illinois,,,9.875,,Sunday,17,3,2024
Alonna Kratzer,29874,Missouri,,,9.9,,Sunday,17,3,2024
Alysen Fears,29874,Arizona,9.85,9.9,9.85,9.875,Sunday,17,3,2024
Amari Celestine,29874,Missouri,,9.85,9.825,9.95,Sunday,17,3,2024
Amaya Marshall,29874,Missouri,9.85,9.65,,,Sunday,17,3,2024
Amelia Knight,29874,Illinois,9.8,9.875,9.725,,Sunday,17,3,2024
Anna Chodon,29874,S.E. Missouri,,9.575,,,Sunday,17,3,2024
Anna Speller,29874,S.E. Missouri,,9.675,,,Sunday,17,3,2024
Arielle Ward,29874,Illinois,,,9.875,9.875,Sunday,17,3,2024
Ava Johnston,29874,S.E. Missouri,9.675,,,,Sunday,17,3,2024
Caroline Herry,29874,Arizona,,9.875,,,Sunday,17,3,2024
Destiny Denning,29874,Illinois,9.775,,,,Sunday,17,3,2024
Elena Deets,29874,Arizona,9.7,9.875,9.85,,Sunday,17,3,2024
Emily Mueller,29874,Arizona,9.8,9.875,9.875,,Sunday,17,3,2024
Emma Strom,29874,Arizona,,9.8,9.875,9.875,Sunday,17,3,2024
Grace Anne Davis,29874,Missouri,,9.7,,9.85,Sunday,17,3,2024
Hannah Horton,29874,Missouri,,,9.95,,Sunday,17,3,2024
Hollyn Patrick,29874,Missouri,9.8,,,,Sunday,17,3,2024
Janelle Lopez,29874,S.E. Missouri,9.075,8.5,,9.7,Sunday,17,3,2024
Jessica Castles,29874,Arizona,,,,9.775,Sunday,17,3,2024
Jocelyn Moore,29874,Missouri,9.825,,10.0,9.95,Sunday,17,3,2024
Jordan Napolitano,29874,S.E. Missouri,,9.0,9.75,9.725,Sunday,17,3,2024
Kailyn Hamilton,29874,S.E. Missouri,9.675,,9.775,,Sunday,17,3,2024
Kaitlyn Ewald,29874,Illinois,9.7,9.875,,,Sunday,17,3,2024
Kennedy Griffin,29874,Missouri,,9.8,9.925,9.85,Sunday,17,3,2024
Kyra Burns,29874,Missouri,9.825,,,9.9,Sunday,17,3,2024
Lyden Saltness,29874,Illinois,9.925,,,,Sunday,17,3,2024
Lydia Webb,29874,S.E. Missouri,9.75,7.45,9.85,9.7,Sunday,17,3,2024
Madison Greene,29874,S.E. Missouri,,,9.875,9.775,Sunday,17,3,2024
Malia Hargrove,29874,Arizona,9.8,,9.675,9.9,Sunday,17,3,2024
Mara Titarsolej,29874,Missouri,9.9,,,,Sunday,17,3,2024
Mia Takekawa,29874,Illinois,9.9,9.925,,9.725,Sunday,17,3,2024
Mia Townes,29874,Illinois,,9.85,9.925,9.925,Sunday,17,3,2024
Olivia Coppola,29874,Illinois,,,,9.75,Sunday,17,3,2024
Sienna Schreiber,29874,Missouri,9.85,9.9,9.925,9.85,Sunday,17,3,2024
Sophie Derr,29874,Arizona,9.825,,,,Sunday,17,3,2024
Sydney Crouch,29874,S.E. Missouri,9.3,,9.55,,Sunday,17,3,2024
Sydney Schaffer,29874,Missouri,,9.9,,,Sunday,17,3,2024
Taylor Ingle,29874,S.E. Missouri,9.8,9.825,9.85,9.85,Sunday,17,3,2024
Abbie Pierson,29877,West Virginia,9.6,9.825,9.9,9.775,Sunday,17,3,2024
Alana Anderson,29877,Northern Illinois,9.725,,9.925,,Sunday,17,3,2024
Alyssa Al-Ashari,29877,Northern Illinois,9.875,9.8,,,Sunday,17,3,2024
Amber Lowe,29877,West Virginia,9.875,9.6,9.875,,Sunday,17,3,2024
Anna Leigh,29877,West Virginia,9.825,9.825,,,Sunday,17,3,2024
Ayla McKean,29877,Air Force,9.85,9.85,9.85,9.65,Sunday,17,3,2024
Brooke Alban,29877,West Virginia,,,,9.775,Sunday,17,3,2024
Chelsea Boyer,29877,Air Force,9.7,,,,Sunday,17,3,2024
Clara Wallace,29877,Air Force,9.65,9.825,9.7,9.625,Sunday,17,3,2024
Dawsyn Sallee,29877,Northern Illinois,,,9.825,9.8,Sunday,17,3,2024
Ella Sirjord,29877,Minnesota,9.825,9.925,,,Sunday,17,3,2024
Ellen Collins,29877,West Virginia,,,9.875,,Sunday,17,3,2024
Ellery Werner,29877,Northern Illinois,,9.9,,,Sunday,17,3,2024
Emily Koch,29877,Minnesota,,9.95,9.95,,Sunday,17,3,2024
Emma Wehry,29877,West Virginia,9.825,9.9,,9.8,Sunday,17,3,2024
Emmalise Nock,29877,Northern Illinois,9.35,,9.875,9.775,Sunday,17,3,2024
Gabriella Hartley,29877,Air Force,,9.6,,9.575,Sunday,17,3,2024
Gabriella Meccia,29877,Air Force,,,9.775,9.125,Sunday,17,3,2024
Gianna Gerdes,29877,Minnesota,9.85,9.9,9.8,9.75,Sunday,17,3,2024
Gianna Martyna,29877,Air Force,,,9.825,,Sunday,17,3,2024
Isabella Ross,29877,Northern Illinois,,9.675,9.825,,Sunday,17,3,2024
Isabella Sissi,29877,Northern Illinois,9.75,9.85,9.85,9.775,Sunday,17,3,2024
Jayden McDonnell,29877,West Virginia,9.775,,,9.65,Sunday,17,3,2024
Jocelyn Harbeck,29877,Northern Illinois,,,,9.8,Sunday,17,3,2024
Jordyn Lyden,29877,Minnesota,9.925,,,,Sunday,17,3,2024
Julia Brown,29877,West Virginia,,9.725,,,Sunday,17,3,2024
Jurnee Lane,29877,West Virginia,,,9.15,,Sunday,17,3,2024
Katie Horak,29877,Minnesota,,9.875,,,Sunday,17,3,2024
Kendall George,29877,Northern Illinois,,9.675,,,Sunday,17,3,2024
Kiana Lewis,29877,West Virginia,,,9.775,9.75,Sunday,17,3,2024
Kiera O'Shea,29877,Northern Illinois,9.575,,,9.8,Sunday,17,3,2024
Kimberly Kinkade,29877,Air Force,9.65,9.725,,,Sunday,17,3,2024
Kylee Greene,29877,Air Force,,9.5,,,Sunday,17,3,2024
Lauren Pearl,29877,Minnesota,,9.95,9.9,9.775,Sunday,17,3,2024
Leah Gonsiorowski,29877,Minnesota,,,9.9,,Sunday,17,3,2024
Madison Carlisle,29877,Air Force,9.75,,,,Sunday,17,3,2024
Maggie Slife,29877,Air Force,9.925,9.825,9.75,9.9,Sunday,17,3,2024
Marissa Jencks,29877,Minnesota,9.8,,,9.85,Sunday,17,3,2024
Mikayla Brown,29877,Northern Illinois,,,9.775,,Sunday,17,3,2024
Miranda Smith,29877,West Virginia,9.8,9.075,,,Sunday,17,3,2024
Mya Hooten,29877,Minnesota,9.85,,10.0,9.875,Sunday,17,3,2024
Natalia Kraus,29877,Northern Illinois,9.7,,,,Sunday,17,3,2024
Olivia Lynd,29877,Northern Illinois,,9.775,,,Sunday,17,3,2024
Samantha Nickle,29877,Northern Illinois,,,,9.725,Sunday,17,3,2024
Sarah Moraw,29877,Minnesota,,9.9,,9.9,Sunday,17,3,2024
Sarah Willis,29877,Air Force,,,9.85,9.625,Sunday,17,3,2024
Seria Johnson,29877,Minnesota,9.8,,9.925,,Sunday,17,3,2024
Sierra Muns,29877,West Virginia,,,9.85,8.7,Sunday,17,3,2024
Sophia Nguyen,29877,Minnesota,,,,9.775,Sunday,17,3,2024
Abigail Kenney,29881,Bridgeport,9.625,9.65,9.775,9.7,Sunday,17,3,2024
Alyssa Beaulieu,29881,New Hampshire,,9.775,9.85,,Sunday,17,3,2024
Amelia Budd,29881,Temple,,,,9.85,Sunday,17,3,2024
Angela Xing,29881,Brown,,9.8,9.65,9.65,Sunday,17,3,2024
Angelina Hogan,29881,Temple,9.65,,,,Sunday,17,3,2024
Anne Challman,29881,New Hampshire,,,9.775,,Sunday,17,3,2024
Asta-Sollilja Farrell,29881,Brown,9.8,,,,Sunday,17,3,2024
Brooke Donabedian,29881,Temple,,9.925,9.875,,Sunday,17,3,2024
Brooklyn Weingardt,29881,Bridgeport,,,,9.525,Sunday,17,3,2024
Catherine Aucoin,29881,Bridgeport,9.575,,9.625,,Sunday,17,3,2024
Cyrena Whalen,29881,Temple,9.85,,,,Sunday,17,3,2024
Emily Ford,29881,Brown,,9.9,,9.65,Sunday,17,3,2024
Emily Hernandez,29881,Bridgeport,9.875,,,9.675,Sunday,17,3,2024
Emily Johnson,29881,Temple,9.775,,,,Sunday,17,3,2024
Gianna Graver,29881,New Hampshire,9.725,,,,Sunday,17,3,2024
Gwen Ockerbloom,29881,New Hampshire,,9.775,,,Sunday,17,3,2024
Hannah Barry,29881,Bridgeport,,9.75,,,Sunday,17,3,2024
Hannah Weklar,29881,Temple,9.75,,9.05,9.25,Sunday,17,3,2024
Jenna Devincenzo,29881,New Hampshire,9.825,9.875,,9.65,Sunday,17,3,2024
Jessica Lin,29881,Brown,,9.65,,9.625,Sunday,17,3,2024
Julia Bedell,29881,Brown,,,9.85,9.775,Sunday,17,3,2024
Kenadi Brown,29881,New Hampshire,9.8,,9.55,,Sunday,17,3,2024
Kylie Gorgenyi,29881,New Hampshire,9.9,9.675,9.95,9.875,Sunday,17,3,2024
Lauren Kramer,29881,Brown,,,9.75,9.65,Sunday,17,3,2024
Lauren Mckeown,29881,Brown,9.75,,,,Sunday,17,3,2024
Leah Moreno,29881,New Hampshire,9.775,,,9.775,Sunday,17,3,2024
Lindsey Yang,29881,Brown,,9.8,9.6,,Sunday,17,3,2024
Liza Marcus,29881,Brown,9.7,9.725,9.8,,Sunday,17,3,2024
Lola Sepulveda,29881,Bridgeport,9.125,9.65,9.375,9.75,Sunday,17,3,2024
Mackenzie Aresta,29881,Temple,,,,9.8,Sunday,17,3,2024
Madison Dorunda,29881,Temple,,9.725,9.425,,Sunday,17,3,2024
Margaret Coyle,29881,Bridgeport,,,9.675,,Sunday,17,3,2024
Maya Davis,29881,Brown,9.85,,9.725,,Sunday,17,3,2024
McCall McMullen,29881,New Hampshire,,,,9.675,Sunday,17,3,2024
McKenna Weiner,29881,Brown,9.575,9.725,,,Sunday,17,3,2024
Molly McAleavey,29881,Bridgeport,,9.05,,,Sunday,17,3,2024
Nova Staruk,29881,Bridgeport,,,9.75,9.8,Sunday,17,3,2024
Olivia Imbarlina,29881,Bridgeport,9.75,9.8,,,Sunday,17,3,2024
Payton Monk,29881,Temple,,9.575,9.825,9.6,Sunday,17,3,2024
Reese DeHaan,29881,Temple,9.675,,,,Sunday,17,3,2024
Renee Schugman,29881,Temple,,9.875,9.8,9.775,Sunday,17,3,2024
Rian Thompkins,29881,Bridgeport,,9.675,,,Sunday,17,3,2024
Samantha Nokes,29881,Bridgeport,9.825,,,,Sunday,17,3,2024
Sarah Stallings,29881,Temple,9.8,9.85,,,Sunday,17,3,2024
Serena Mullin,29881,New Hampshire,,9.925,9.125,9.7,Sunday,17,3,2024
Sierra Bauman,29881,New Hampshire,9.825,9.775,9.725,9.75,Sunday,17,3,2024
Sophia Dewar,29881,Brown,9.625,,,9.75,Sunday,17,3,2024
Summer Ruskey,29881,Temple,,9.8,8.95,9.825,Sunday,17,3,2024
Tamyra Singletary,29881,Bridgeport,,,9.55,9.7,Sunday,17,3,2024
Aaliyah Gilmore,29885,Texas Woman's,9.825,,,,Sunday,17,3,2024
Amy Foret,29885,Centenary College,,9.725,,9.55,Sunday,17,3,2024
Brooke Ferrari,29885,Texas Woman's,9.85,,,,Sunday,17,3,2024
Brooke Murdock,29885,Centenary College,,9.625,,,Sunday,17,3,2024
Caroline Bowns,29885,Texas Woman's,9.825,,,9.45,Sunday,17,3,2024
Claire Flores,29885,Centenary College,9.05,,9.45,,Sunday,17,3,2024
Daisy Woodring,29885,Texas Woman's,,9.825,9.825,9.825,Sunday,17,3,2024
Emily McClung,29885,Centenary College,,,,9.3,Sunday,17,3,2024
Emily Six,29885,Texas Woman's,,9.6,9.7,,Sunday,17,3,2024
Emma Brkljacic,29885,Texas Woman's,,9.775,9.775,9.7,Sunday,17,3,2024
Emma Lavelle,29885,Centenary College,9.5,9.65,,,Sunday,17,3,2024
Isabel Plaza,29885,Centenary College,9.35,,9.5,9.675,Sunday,17,3,2024
Kaitlyn Hoiland,29885,Texas Woman's,9.95,9.9,,9.85,Sunday,17,3,2024
Kami Zarlengo,29885,Texas Woman's,9.8,,,,Sunday,17,3,2024
Kendall Huff,29885,Centenary College,,,9.35,9.525,Sunday,17,3,2024
Lacey Wedge,29885,Centenary College,,,8.4,9.175,Sunday,17,3,2024
Lainey Hunt,29885,Texas Woman's,9.775,,,,Sunday,17,3,2024
Madeline Gose,29885,Texas Woman's,,9.8,9.675,,Sunday,17,3,2024
Mylia Vidtor,29885,Centenary College,,9.45,,,Sunday,17,3,2024
Olivia Williams,29885,Centenary College,9.325,,9.525,,Sunday,17,3,2024
Roxanne Myers,29885,Centenary College,9.65,,,,Sunday,17,3,2024
Rylie Molina,29885,Centenary College,,9.05,,,Sunday,17,3,2024
Sophia Isbell,29885,Texas Woman's,,,,9.8,Sunday,17,3,2024
Sophie Hernandez,29885,Texas Woman's,,9.725,9.875,,Sunday,17,3,2024
Sophie Schmitz,29885,Centenary College,9.75,9.4,9.425,9.6,Sunday,17,3,2024
Steelie King,29885,Texas Woman's,,,9.7,9.8,Sunday,17,3,2024
Audrey Davis,29888,Oklahoma,9.925,9.925,9.9,,Sunday,17,3,2024
Ava Siegfeldt,29888,Oklahoma,,9.225,,9.85,Sunday,17,3,2024
Bell Johnson,29888,Oklahoma,,,9.95,,Sunday,17,3,2024
Cameron Machado,29888,Alabama,9.925,,,,Sunday,17,3,2024
Chloe LaCoursiere,29888,Alabama,9.85,,,9.75,Sunday,17,3,2024
Corinne Bunagan,29888,Alabama,,,,9.925,Sunday,17,3,2024
Danielle Sievers,29888,Oklahoma,9.95,,,,Sunday,17,3,2024
Ella Burgess,29888,Alabama,,9.925,9.9,,Sunday,17,3,2024
Faith Torrez,29888,Oklahoma,9.275,9.975,9.975,9.8,Sunday,17,3,2024
Gabby Gladieux,29888,Alabama,,9.925,9.925,9.85,Sunday,17,3,2024
Hannah Scheible,29888,Oklahoma,,,,9.875,Sunday,17,3,2024
Jamison Sears,29888,Alabama,,,9.925,9.8,Sunday,17,3,2024
Jordan Bowers,29888,Oklahoma,9.975,9.95,10.0,9.925,Sunday,17,3,2024
Katherine LeVasseur,29888,Oklahoma,9.975,9.9,9.925,9.9,Sunday,17,3,2024
Keira Wells,29888,Oklahoma,,,,9.9,Sunday,17,3,2024
Lilly Hudson,29888,Alabama,9.825,9.875,9.8,9.9,Sunday,17,3,2024
Luisa Blanco,29888,Alabama,9.975,9.975,9.9,9.9,Sunday,17,3,2024
Mati Waligora,29888,Alabama,9.825,9.9,9.875,,Sunday,17,3,2024
Ragan Smith,29888,Oklahoma,9.975,9.95,9.975,,Sunday,17,3,2024
Shania Adams,29888,Alabama,9.925,9.9,,,Sunday,17,3,2024
Abbie Pierson,29890,West Virginia,8.375,9.725,9.9,9.825,Saturday,23,3,2024
Abbie Thompson,29890,Denver,,9.875,9.85,,Saturday,23,3,2024
Allix Mason,29890,BYU,9.725,9.625,,9.825,Saturday,23,3,2024
Amanda Hargraves,29890,Denver,,,,9.875,Saturday,23,3,2024
Amber Lowe,29890,West Virginia,9.8,,9.8,,Saturday,23,3,2024
Anna Bramblett-Wilde,29890,BYU,9.95,,,,Saturday,23,3,2024
Anna Leigh,29890,West Virginia,9.725,9.175,,,Saturday,23,3,2024
Anyssa Alvarado,29890,BYU,9.9,,,,Saturday,23,3,2024
Audrey Davis,29890,Oklahoma,9.975,9.925,9.925,,Saturday,23,3,2024
Ava Jorgensen,29890,BYU,9.825,,,9.775,Saturday,23,3,2024
Ava Siegfeldt,29890,Oklahoma,,9.95,,9.9,Saturday,23,3,2024
Bell Johnson,29890,Oklahoma,,,9.9,,Saturday,23,3,2024
Bella Mabanta,29890,Denver,,9.95,9.9,9.825,Saturday,23,3,2024
Brooke Alban,29890,West Virginia,,,,9.8,Saturday,23,3,2024
Brynlee Andersen,29890,BYU,,9.85,,,Saturday,23,3,2024
Danielle Sievers,29890,Oklahoma,9.9,,,,Saturday,23,3,2024
Elease Rollins,29890,BYU,,9.9,,9.775,Saturday,23,3,2024
Eliza Millar-Crossman,29890,BYU,,9.825,9.875,,Saturday,23,3,2024
Ella Schell,29890,Iowa State,9.75,,9.9,9.775,Saturday,23,3,2024
Ellen Collins,29890,West Virginia,,,9.75,,Saturday,23,3,2024
Emilie Hong,29890,Iowa State,,,,9.775,Saturday,23,3,2024
Emma Wehry,29890,West Virginia,9.7,9.85,,9.8,Saturday,23,3,2024
Faith Torrez,29890,Oklahoma,9.85,9.95,10.0,9.9,Saturday,23,3,2024
Hannah Loyim,29890,Iowa State,9.7,9.8,,,Saturday,23,3,2024
Hannah Scheible,29890,Oklahoma,,,,9.975,Saturday,23,3,2024
Heidi Schooley-Meyers,29890,BYU,,,9.85,,Saturday,23,3,2024
Jayden McDonnell,29890,West Virginia,9.825,,,9.725,Saturday,23,3,2024
Jessica Hutchinson,29890,Denver,9.9,9.9,9.975,9.9,Saturday,23,3,2024
Jordan Bowers,29890,Oklahoma,10.0,9.925,10.0,10.0,Saturday,23,3,2024
Josie Bergstrom-Te Slaa,29890,Iowa State,,9.875,,9.8,Saturday,23,3,2024
Julia Brown,29890,West Virginia,,9.85,9.7,,Saturday,23,3,2024
Jurnee Lane,29890,West Virginia,,9.725,9.825,,Saturday,23,3,2024
Kaia Parker,29890,Iowa State,,,9.9,9.85,Saturday,23,3,2024
Katherine LeVasseur,29890,Oklahoma,9.9,9.95,9.95,9.9,Saturday,23,3,2024
Keira Wells,29890,Oklahoma,,,,9.9,Saturday,23,3,2024
Kiana Lewis,29890,West Virginia,,,9.875,9.9,Saturday,23,3,2024
Kiley Rorich,29890,Denver,9.9,,9.9,,Saturday,23,3,2024
Kylie Eaquinto,29890,BYU,9.825,,9.9,9.85,Saturday,23,3,2024
Laura Cooke,29890,Iowa State,9.2,,9.8,,Saturday,23,3,2024
Lauren O'Brochta,29890,Iowa State,,9.775,,,Saturday,23,3,2024
Lauren Thomas,29890,Iowa State,9.85,9.8,,,Saturday,23,3,2024
Linsey Hunter-Kempler,29890,BYU,9.875,,,,Saturday,23,3,2024
Loganne Basuel,29890,Iowa State,9.825,,,,Saturday,23,3,2024
Madelyn Manternach,29890,Iowa State,,,9.825,,Saturday,23,3,2024
Madison Raesly-Patton,29890,BYU,,9.825,,,Saturday,23,3,2024
Madison Ulrich,29890,Denver,9.875,9.85,9.9,9.875,Saturday,23,3,2024
Mia Hebinck,29890,Denver,9.9,9.925,,,Saturday,23,3,2024
Mila Brusch,29890,Denver,,,,9.9,Saturday,23,3,2024
Mina Margraf-Benson,29890,BYU,,9.85,,,Saturday,23,3,2024
Miranda Smith,29890,West Virginia,8.925,9.725,,,Saturday,23,3,2024
Momoko Iwai,29890,Denver,9.9,9.85,9.925,,Saturday,23,3,2024
Noelle Adams,29890,Iowa State,,8.5,9.875,9.775,Saturday,23,3,2024
Olivia Matern,29890,BYU,,,9.8,,Saturday,23,3,2024
Paige Wills,29890,Iowa State,9.775,,,9.8,Saturday,23,3,2024
Rachel Wilke,29890,Iowa State,,9.9,9.725,,Saturday,23,3,2024
Ragan Smith,29890,Oklahoma,9.95,10.0,9.9,,Saturday,23,3,2024
Rylie Mundell,29890,Denver,9.85,,,9.85,Saturday,23,3,2024
Sierra Muns,29890,West Virginia,,,,9.8,Saturday,23,3,2024
Sophie Dudley,29890,BYU,,,9.9,9.8,Saturday,23,3,2024
Sydney Benson,29890,BYU,,,9.8,9.85,Saturday,23,3,2024
Adriana Hoffman,29899,Towson,,,,9.85,Saturday,23,3,2024
Alana Ricketts,29899,LIU,,,,9.775,Saturday,23,3,2024
Alina Danilchenko,29899,LIU,,9.7,9.75,9.25,Saturday,23,3,2024
Alyssa Beaulieu,29899,New Hampshire,,9.9,9.75,,Saturday,23,3,2024
Amelia Budd,29899,Temple,,,,9.725,Saturday,23,3,2024
Angelina Hogan,29899,Temple,9.6,,,,Saturday,23,3,2024
Annalisa Page,29899,LIU,9.6,,9.8,9.6,Saturday,23,3,2024
Anne Challman,29899,New Hampshire,,,9.75,,Saturday,23,3,2024
Anneliese Silverman,29899,George Washington,9.8,9.8,9.875,9.825,Saturday,23,3,2024
Brisa Carraro,29899,LIU,9.875,9.725,,,Saturday,23,3,2024
Brissa Portillo,29899,Towson,,9.75,,,Saturday,23,3,2024
Brooke Donabedian,29899,Temple,,9.8,9.85,,Saturday,23,3,2024
Brooke Izzo,29899,George Washington,,9.725,,,Saturday,23,3,2024
Cael Bixler,29899,LIU,9.75,9.8,,,Saturday,23,3,2024
Camille Vitoff,29899,Towson,9.725,,,9.85,Saturday,23,3,2024
Carmella Calafati,29899,Towson,,,9.825,,Saturday,23,3,2024
Clara Hong,29899,Towson,9.85,9.9,9.825,,Saturday,23,3,2024
Cyrena Whalen,29899,Temple,9.825,,,,Saturday,23,3,2024
Deana Sheremeta,29899,George Washington,,,9.875,,Saturday,23,3,2024
Delaney DeHaan,29899,George Washington,9.725,,,,Saturday,23,3,2024
Elise Tisler,29899,Towson,,,9.85,9.9,Saturday,23,3,2024
Ella Barrington,29899,LIU,,,9.65,,Saturday,23,3,2024
Emily Johnson,29899,Temple,9.525,,,,Saturday,23,3,2024
Felicia Poblete,29899,Towson,,,,9.775,Saturday,23,3,2024
Gianna Graver,29899,New Hampshire,9.725,,,,Saturday,23,3,2024
Grace Vaillancourt,29899,Towson,9.85,9.95,9.85,,Saturday,23,3,2024
Gwen Ockerbloom,29899,New Hampshire,,9.875,,,Saturday,23,3,2024
Hannah Weklar,29899,Temple,9.725,,9.6,9.8,Saturday,23,3,2024
Isabella Minervini,29899,Towson,9.95,,,,Saturday,23,3,2024
Jenna Devincenzo,29899,New Hampshire,9.875,9.825,,9.75,Saturday,23,3,2024
Jenna Weitz,29899,Towson,,9.9,9.8,,Saturday,23,3,2024
Kady Bills-McCoy,29899,LIU,,8.8,,,Saturday,23,3,2024
Kasey Burke,29899,George Washington,,,9.875,9.7,Saturday,23,3,2024
Kate Parks,29899,LIU,,,,9.575,Saturday,23,3,2024
Kenadi Brown,29899,New Hampshire,9.9,,9.775,,Saturday,23,3,2024
Kendall Whitman,29899,George Washington,9.675,9.9,9.95,9.85,Saturday,23,3,2024
Kira Sanchez,29899,LIU,9.775,,9.6,,Saturday,23,3,2024
Kylie Gorgenyi,29899,New Hampshire,9.85,9.8,9.875,9.85,Saturday,23,3,2024
Lauren Greene,29899,Towson,9.85,,,,Saturday,23,3,2024
Lauren Keener,29899,Towson,9.8,9.825,,,Saturday,23,3,2024
Lauren Miller,29899,LIU,9.65,,9.625,9.75,Saturday,23,3,2024
Leah Moreno,29899,New Hampshire,9.825,,,9.775,Saturday,23,3,2024
Mackenzie Aresta,29899,Temple,,,,9.85,Saturday,23,3,2024
Madison Dorunda,29899,Temple,,9.825,9.75,,Saturday,23,3,2024
Marlee York,29899,George Washington,,,9.85,9.825,Saturday,23,3,2024
Maya Peters,29899,George Washington,8.4,9.9,,,Saturday,23,3,2024
McCall McMullen,29899,New Hampshire,,,,9.7,Saturday,23,3,2024
Nancy Kiner,29899,George Washington,,9.725,,,Saturday,23,3,2024
Payton Lynch,29899,George Washington,,,9.8,,Saturday,23,3,2024
Payton Monk,29899,Temple,,9.55,9.8,9.7,Saturday,23,3,2024
Polina Belanovski,29899,Towson,,,,9.85,Saturday,23,3,2024
Rachel Katz,29899,George Washington,9.35,,,9.775,Saturday,23,3,2024
Reese DeHaan,29899,Temple,9.775,,,,Saturday,23,3,2024
Renee Schugman,29899,Temple,,9.7,9.85,9.75,Saturday,23,3,2024
Retoshia Halsell,29899,Towson,,,9.825,9.9,Saturday,23,3,2024
Sarah Girot,29899,Towson,,9.9,,,Saturday,23,3,2024
Sarah Stallings,29899,Temple,9.825,9.775,,,Saturday,23,3,2024
Sarah Zois,29899,George Washington,,9.825,,9.825,Saturday,23,3,2024
Serena Mullin,29899,New Hampshire,,9.175,9.8,9.8,Saturday,23,3,2024
Sierra Bauman,29899,New Hampshire,9.7,9.75,9.5,9.675,Saturday,23,3,2024
Sophia Tyeryar,29899,George Washington,9.575,,,,Saturday,23,3,2024
Summer Ruskey,29899,Temple,,9.8,9.8,9.775,Saturday,23,3,2024
Syd Morris,29899,LIU,9.9,9.875,9.9,9.8,Saturday,23,3,2024
Taylor Doten,29899,LIU,,9.6,,,Saturday,23,3,2024
Abby Brushwood,29900,Eastern Michigan,,,8.925,9.775,Saturday,23,3,2024
Abby Singh,29900,Western Michigan,8.95,,,9.875,Saturday,23,3,2024
Adriana Bustelo,29900,Central Michigan,9.875,,,,Saturday,23,3,2024
Alana Anderson,29900,Northern Illinois,9.725,,9.825,,Saturday,23,3,2024
Alana Fisher,29900,Eastern Michigan,,9.2,9.8,9.9,Saturday,23,3,2024
Ally Schaupp,29900,Western Michigan,,,9.875,,Saturday,23,3,2024
Alyssa Al-Ashari,29900,Northern Illinois,9.85,9.9,,,Saturday,23,3,2024
Alyssa Guns,29900,Kent State,,9.825,9.825,,Saturday,23,3,2024
Amanda Gruber,29900,Western Michigan,,9.9,9.775,,Saturday,23,3,2024
Amber Mueller,29900,Central Michigan,,9.8,,,Saturday,23,3,2024
Anna Grace McCullough,29900,Eastern Michigan,,,9.75,9.65,Saturday,23,3,2024
Ashley Szymanski,29900,Ball State,9.925,9.875,,,Saturday,23,3,2024
Ashley Veglucci,29900,Central Michigan,9.675,9.725,9.725,,Saturday,23,3,2024
Ava Molina,29900,Ball State,9.775,,,,Saturday,23,3,2024
Brynne Tsipis,29900,Kent State,9.8,,,,Saturday,23,3,2024
Carissa Martinez,29900,Ball State,,,9.775,9.75,Saturday,23,3,2024
Cassie Bergin,29900,Eastern Michigan,,9.225,,,Saturday,23,3,2024
Cassie St. Clair,29900,Western Michigan,,,9.9,9.85,Saturday,23,3,2024
Charlie Behner,29900,Kent State,9.75,,,9.9,Saturday,23,3,2024
Charniya Brown,29900,Bowling Green,,,,9.7,Saturday,23,3,2024
Dani Fuertez,29900,Kent State,,9.775,9.75,,Saturday,23,3,2024
Dani Petrousek,29900,Western Michigan,9.825,9.675,9.9,,Saturday,23,3,2024
Dawsyn Sallee,29900,Northern Illinois,,,9.825,9.8,Saturday,23,3,2024
DonnaKathryn Roy,29900,Western Michigan,9.775,,9.85,,Saturday,23,3,2024
Elise Brzoska,29900,Bowling Green,,9.8,9.8,,Saturday,23,3,2024
Elizabeth Buttle,29900,Central Michigan,,,9.8,,Saturday,23,3,2024
Elizabeth Cesarone,29900,Central Michigan,,,9.725,9.9,Saturday,23,3,2024
Ella Chemotti,29900,Eastern Michigan,9.775,9.9,9.8,,Saturday,23,3,2024
Ellery Werner,29900,Northern Illinois,,9.85,,,Saturday,23,3,2024
Emily Castiglia,29900,Bowling Green,,9.05,,,Saturday,23,3,2024
Emmalise Nock,29900,Northern Illinois,9.65,,9.85,9.6,Saturday,23,3,2024
Gabby Riley,29900,Kent State,,9.8,,,Saturday,23,3,2024
Genae Daniel,29900,Eastern Michigan,,,,9.75,Saturday,23,3,2024
Grace Sumner,29900,Ball State,9.825,9.8,,,Saturday,23,3,2024
Halle Faulkner,29900,Western Michigan,,,,9.85,Saturday,23,3,2024
Hallie Hornbacher,29900,Central Michigan,,,9.9,,Saturday,23,3,2024
Hannah Milton,29900,Western Michigan,,9.775,,9.775,Saturday,23,3,2024
Hannah Ruthberg,29900,Ball State,9.85,9.825,9.7,9.8,Saturday,23,3,2024
Heidi Schultz,29900,Kent State,9.6,9.85,9.75,,Saturday,23,3,2024
Isabella Rivelli,29900,Bowling Green,9.9,,,,Saturday,23,3,2024
Isabella Ross,29900,Northern Illinois,,9.625,9.8,,Saturday,23,3,2024
Isabella Sissi,29900,Northern Illinois,9.675,9.15,9.75,9.85,Saturday,23,3,2024
Jenna Germond,29900,Central Michigan,9.8,,,9.8,Saturday,23,3,2024
Jocelyn Harbeck,29900,Northern Illinois,,,,9.7,Saturday,23,3,2024
Jordan Jankowski,29900,Eastern Michigan,9.775,,,,Saturday,23,3,2024
Julie Korfhage,29900,Western Michigan,,8.725,,,Saturday,23,3,2024
Karina Lankamer,29900,Central Michigan,,9.6,,,Saturday,23,3,2024
Karlie Franz,29900,Kent State,,,9.8,,Saturday,23,3,2024
Kathryn Weilbacher,29900,Bowling Green,9.7,9.175,9.9,9.875,Saturday,23,3,2024
Katie Kowalski,29900,Central Michigan,,,,9.9,Saturday,23,3,2024
Katin Childress,29900,Eastern Michigan,,9.1,,,Saturday,23,3,2024
Keira Thornton,29900,Bowling Green,9.8,,9.775,9.7,Saturday,23,3,2024
Kendall George,29900,Northern Illinois,,9.6,,,Saturday,23,3,2024
Kennedy Weinpert,29900,Kent State,,,,9.875,Saturday,23,3,2024
Kiera O'Shea,29900,Northern Illinois,9.675,,,9.925,Saturday,23,3,2024
Kyndall Gilbert,29900,Kent State,9.775,,,9.875,Saturday,23,3,2024
Kyrie Lowe,29900,Eastern Michigan,9.75,9.2,,9.675,Saturday,23,3,2024
Lauren Bannister,29900,Bowling Green,,,9.775,,Saturday,23,3,2024
Love Akpan,29900,Bowling Green,9.7,9.0,9.725,9.8,Saturday,23,3,2024
Luciana Alvarado-Reid,29900,Central Michigan,9.925,9.35,9.85,9.85,Saturday,23,3,2024
Madison Coburn,29900,Bowling Green,,,,9.75,Saturday,23,3,2024
Makenna King,29900,Western Michigan,9.775,,,,Saturday,23,3,2024
Megan Bingham,29900,Bowling Green,9.75,9.85,,9.725,Saturday,23,3,2024
Megan Decious,29900,Bowling Green,,,9.7,,Saturday,23,3,2024
Megan Dzialo,29900,Bowling Green,9.675,,,,Saturday,23,3,2024
Megan Teter,29900,Ball State,9.025,9.6,9.8,9.85,Saturday,23,3,2024
Mikayla Brown,29900,Northern Illinois,,,9.575,,Saturday,23,3,2024
Molly Parris,29900,Eastern Michigan,9.775,,,,Saturday,23,3,2024
Mya Migliore,29900,Kent State,,,,9.9,Saturday,23,3,2024
Nadia Parente,29900,Bowling Green,,9.075,,,Saturday,23,3,2024
Nastia Rudnitskaya,29900,Kent State,9.875,,9.65,9.925,Saturday,23,3,2024
Natalia Kraus,29900,Northern Illinois,9.7,,,,Saturday,23,3,2024
Olivia Lynd,29900,Northern Illinois,,9.0,,,Saturday,23,3,2024
Payton Murphy,29900,Western Michigan,9.65,9.85,9.875,9.875,Saturday,23,3,2024
Quinn Skrupa,29900,Central Michigan,9.025,9.775,9.775,,Saturday,23,3,2024
Raisa Boris,29900,Eastern Michigan,9.8,9.8,9.85,9.75,Saturday,23,3,2024
Samantha Nickle,29900,Northern Illinois,,,,9.575,Saturday,23,3,2024
Samantha Shannon,29900,Central Michigan,9.75,9.75,,9.75,Saturday,23,3,2024
Sarah Haxton,29900,Kent State,9.85,9.25,,,Saturday,23,3,2024
Sarah Moravansky,29900,Western Michigan,9.8,9.85,,9.8,Saturday,23,3,2024
Suki Pfister,29900,Ball State,,,9.9,9.725,Saturday,23,3,2024
Trinity Macy,29900,Eastern Michigan,9.7,,9.75,,Saturday,23,3,2024
Victoria Henry,29900,Ball State,,9.6,9.875,9.675,Saturday,23,3,2024
Zoe Middleton,29900,Ball State,9.825,9.9,9.9,9.9,Saturday,23,3,2024
Zoe Rankin,29900,Kent State,,9.55,9.85,9.9,Saturday,23,3,2024
Zoie Pelfrey,29900,Central Michigan,,,,9.75,Saturday,23,3,2024
Abby Chesshire,29917,Ithaca College,,9.65,,,Saturday,23,3,2024
Aladiana Tosado,29917,Brockport,9.65,,,,Saturday,23,3,2024
Aleah Radojevich,29917,UW-Oshkosh,,,9.75,,Saturday,23,3,2024
Alex Wood,29917,UW-La Crosse,,,,9.55,Saturday,23,3,2024
Alexa Rose Pahila,29917,Cortland State,8.65,,,,Saturday,23,3,2024
Alexis Castellaneta,29917,Utica,,9.025,9.775,9.675,Saturday,23,3,2024
Alia Wilson,29917,UW-Stout,9.625,,,,Saturday,23,3,2024
Amaya McConkay,29917,UW-Oshkosh,8.825,,,9.675,Saturday,23,3,2024
Andrea O'Connell,29917,UW-Eau Claire,,,9.3,,Saturday,23,3,2024
Anna Mielke,29917,UW-Stout,,,9.75,9.75,Saturday,23,3,2024
Anna Zoromski,29917,UW-Oshkosh,,9.8,,9.65,Saturday,23,3,2024
Anne Kiley,29917,Springfield College,,,,9.725,Saturday,23,3,2024
Ashlyn Barker,29917,UW-La Crosse,9.525,,,,Saturday,23,3,2024
Ashnaya Gupta,29917,UW-Whitewater,,9.4,,,Saturday,23,3,2024
Ashtyn Gagner,29917,UW-Stout,,9.65,,9.425,Saturday,23,3,2024
Autumn Adkins,29917,Cortland State,9.575,,9.6,9.525,Saturday,23,3,2024
Ava Miranov,29917,Cortland State,,,,9.55,Saturday,23,3,2024
Ava Pesch,29917,UW-Whitewater,9.125,,,9.675,Saturday,23,3,2024
Ayako Maeda,29917,Springfield College,9.55,,,,Saturday,23,3,2024
Brianna Balian,29917,UW-Whitewater,,,,9.55,Saturday,23,3,2024
Bryce Stoltz,29917,Winona State,9.0,9.85,9.675,9.0,Saturday,23,3,2024
Caelen Lansing,29917,UW-La Crosse,,,9.875,,Saturday,23,3,2024
Cali Czarcinski,29917,Brockport,,9.3,9.675,,Saturday,23,3,2024
Carleigh Moore,29917,UW-Whitewater,,,9.75,9.625,Saturday,23,3,2024
Carley Scott,29917,UW-Whitewater,9.725,,,,Saturday,23,3,2024
Chloe Hammond,29917,UW-Whitewater,,9.675,,9.675,Saturday,23,3,2024
Claire Robbins,29917,UW-La Crosse,9.625,9.8,9.8,,Saturday,23,3,2024
Cloe Block,29917,Cortland State,9.6,,,,Saturday,23,3,2024
Danielle Dudziak,29917,UW-Whitewater,,,9.7,9.0,Saturday,23,3,2024
Delaney Brown,29917,Cortland State,,,9.775,9.525,Saturday,23,3,2024
Delaney Cienkus,29917,UW-Oshkosh,,9.775,9.775,,Saturday,23,3,2024
Effie Ferguson,29917,UW-Stout,9.5,9.8,9.65,,Saturday,23,3,2024
Elizabeth Janssen,29917,UW-La Crosse,8.45,,,,Saturday,23,3,2024
Ella Hemker,29917,UW-Stout,,,,9.35,Saturday,23,3,2024
Emily Buffington,29917,UW-Oshkosh,9.85,9.825,9.8,9.7,Saturday,23,3,2024
Emily Kobusky,29917,Ithaca College,,9.775,,,Saturday,23,3,2024
Emma Brittingham,29917,UW-Stout,8.225,,,,Saturday,23,3,2024
Emma Charles,29917,Simpson,,,,9.15,Saturday,23,3,2024
Emma Grace Sargent,29917,Brockport,9.725,,,9.7,Saturday,23,3,2024
Emma Tucker,29917,Rhode Island College,,9.05,9.7,9.725,Saturday,23,3,2024
Erin Roe,29917,Ursinus College,,,,9.675,Saturday,23,3,2024
Estee Flom,29917,UW-Whitewater,9.65,,,,Saturday,23,3,2024
Gabrielle Nadler,29917,Cortland State,,,9.7,,Saturday,23,3,2024
Genevieve Czaplewski,29917,UW-Stout,,9.825,,,Saturday,23,3,2024
Gianna Mirigliano,29917,Cortland State,,9.55,9.6,9.525,Saturday,23,3,2024
Gillian Cummins,29917,UW-Stout,9.375,9.725,9.475,9.525,Saturday,23,3,2024
Grace Kehr,29917,UW-La Crosse,,,,9.7,Saturday,23,3,2024
Grace Marra,29917,Utica,9.05,8.925,9.8,9.375,Saturday,23,3,2024
Grace Murray,29917,Ithaca College,,,9.775,9.1,Saturday,23,3,2024
Gracie Talley,29917,UW-Whitewater,9.475,,,,Saturday,23,3,2024
Gracie Weaver,29917,Brockport,,,,9.475,Saturday,23,3,2024
Harriet Toth,29917,UW-Eau Claire,9.4,9.6,9.3,9.5,Saturday,23,3,2024
Hayden Gough,29917,UW-Whitewater,9.85,,,,Saturday,23,3,2024
Hunter Matulka,29917,UW-La Crosse,,9.725,,,Saturday,23,3,2024
Isabela Krulich,29917,UW-Stout,,9.7,9.575,,Saturday,23,3,2024
Izzy Kropiwiec,29917,Winona State,,,,9.6,Saturday,23,3,2024
Jay Ratkowski,29917,UW-Oshkosh,,,9.85,,Saturday,23,3,2024
Jessica Qualich,29917,UW-Stout,,,9.425,9.55,Saturday,23,3,2024
Jessica Taylor,29917,UW-La Crosse,,,9.825,,Saturday,23,3,2024
Jillian Freyman,29917,Ithaca College,,8.625,9.725,,Saturday,23,3,2024
Jordan Halcom,29917,UW-La Crosse,,9.725,,,Saturday,23,3,2024
Julia Reer,29917,Springfield College,,,9.675,,Saturday,23,3,2024
Kara Welsh,29917,UW-Whitewater,,,9.725,9.675,Saturday,23,3,2024
Kathryn McSweeney,29917,Cortland State,9.75,,9.425,,Saturday,23,3,2024
Kaylee Bateman,29917,Winona State,9.575,,,,Saturday,23,3,2024
Kaylie Berens,29917,UW-Oshkosh,9.7,9.8,,,Saturday,23,3,2024
Kaylie Goodwin,29917,Ithaca College,,7.65,,,Saturday,23,3,2024
Kelly McGuinness,29917,Springfield College,,8.975,,,Saturday,23,3,2024
Kelsey Gates,29917,Rhode Island College,8.9,9.3,9.875,9.35,Saturday,23,3,2024
Kelsey Kollhoff,29917,UW-Whitewater,9.825,9.15,9.825,,Saturday,23,3,2024
Kendra Smaby,29917,Gustavus Adolphus,8.275,,,,Saturday,23,3,2024
Kiana Wong,29917,Cortland State,,8.775,,,Saturday,23,3,2024
Kiara Brown,29917,UW-Stout,8.95,,,,Saturday,23,3,2024
Kiara Hockman,29917,Brockport,,9.75,9.775,9.75,Saturday,23,3,2024
Kirsten Paultre,29917,Brockport,,,9.825,9.525,Saturday,23,3,2024
Kyla Dickson,29917,UW-La Crosse,,9.05,8.85,,Saturday,23,3,2024
Kyleigh Brown,29917,Cortland State,,,,9.625,Saturday,23,3,2024
Kylie Ruggiero,29917,Ursinus College,9.575,,,,Saturday,23,3,2024
Laken Sooy,29917,Brockport,,9.575,9.75,,Saturday,23,3,2024
Lauren Babineaux,29917,Ithaca College,9.6,,,9.45,Saturday,23,3,2024
Lauren Main,29917,UW-La Crosse,9.625,,,,Saturday,23,3,2024
Lexi Weber,29917,Cortland State,,8.2,,,Saturday,23,3,2024
Lienna Kay,29917,Brockport,7.775,9.625,9.525,9.65,Saturday,23,3,2024
Lilly Millington,29917,UW-La Crosse,,,,9.65,Saturday,23,3,2024
Liz Romano,29917,UW-Oshkosh,,8.95,,,Saturday,23,3,2024
Lydia Hayden,29917,UW-Oshkosh,9.625,9.55,,,Saturday,23,3,2024
Maddox Lee,29917,Gustavus Adolphus,,9.6,,,Saturday,23,3,2024
Madysen Disekrud,29917,Winona State,,,,9.6,Saturday,23,3,2024
Maren Eramo,29917,Brockport,9.55,,,9.825,Saturday,23,3,2024
Marina DelVecchio,29917,Brockport,9.3,,,,Saturday,23,3,2024
Marisa Zepeda,29917,UW-La Crosse,,9.025,,,Saturday,23,3,2024
Maya Pecoraro,29917,Brockport,,9.275,,,Saturday,23,3,2024
Meghan Dahlin,29917,UW-Eau Claire,,9.775,,,Saturday,23,3,2024
Mia Lucero,29917,UW-Oshkosh,,,9.9,9.825,Saturday,23,3,2024
Molly Rickey,29917,UW-Stout,,,9.65,,Saturday,23,3,2024
Natalie Galioto,29917,Brockport,,9.7,9.65,,Saturday,23,3,2024
Natalie Steed,29917,Ithaca College,,,,9.425,Saturday,23,3,2024
Olivia Keyes,29917,Rhode Island College,9.6,9.55,9.825,9.425,Saturday,23,3,2024
Paige Breckwoldt,29917,UW-La Crosse,,,,9.575,Saturday,23,3,2024
Paige Magel,29917,UW-Whitewater,,9.65,,,Saturday,23,3,2024
Paige Vitek,29917,UW-Oshkosh,,,,9.375,Saturday,23,3,2024
Rachel Chesley,29917,UW-La Crosse,9.8,,9.675,9.775,Saturday,23,3,2024
Raina Christenson,29917,UW-La Crosse,,9.775,,,Saturday,23,3,2024
Reanna McGibboney,29917,UW-Oshkosh,9.6,,9.875,9.8,Saturday,23,3,2024
Rianna Adams,29917,Cortland State,9.4,,,,Saturday,23,3,2024
Rory Allan,29917,Cortland State,,,,9.6,Saturday,23,3,2024
Samantha Meadows,29917,Cortland State,,9.775,9.5,,Saturday,23,3,2024
Samantha Zeilinger,29917,UW-Oshkosh,9.6,,,,Saturday,23,3,2024
Sarah Best,29917,UW-La Crosse,9.75,,9.225,,Saturday,23,3,2024
Sarah Knetzke,29917,UW-Whitewater,,9.75,9.3,,Saturday,23,3,2024
Sarah Lutz,29917,UW-Stout,9.55,,,,Saturday,23,3,2024
Sarah Pastore,29917,UW-La Crosse,,,,9.675,Saturday,23,3,2024
Sophia LeBlanc,29917,Springfield College,9.55,9.65,9.8,9.475,Saturday,23,3,2024
Taryn Sellner,29917,Winona State,,9.625,9.85,,Saturday,23,3,2024
Taylar Schaefer,29917,UW-Stout,,9.45,,9.575,Saturday,23,3,2024
Taylor Bushey,29917,Brockport,9.775,,,,Saturday,23,3,2024
Taylor Goldstein,29917,Cortland State,9.6,9.825,,,Saturday,23,3,2024
Tegan Haberstock,29917,UW-Whitewater,,9.65,9.725,,Saturday,23,3,2024
Tia Ravara,29917,UW-Eau Claire,9.45,,,,Saturday,23,3,2024
Victoria Cave,29917,Cortland State,,9.075,,,Saturday,23,3,2024
Ady Wahl,29926,Georgia,9.85,,9.8,9.125,Saturday,23,3,2024
Aleah Finnegan,29926,LSU,,9.875,9.75,9.85,Saturday,23,3,2024
Alonna Kratzer,29926,Missouri,,,9.85,,Saturday,23,3,2024
Amari Celestine,29926,Missouri,,9.875,9.85,9.85,Saturday,23,3,2024
Amari Drayton,29926,LSU,,,9.85,9.825,Saturday,23,3,2024
Amaya Marshall,29926,Missouri,9.825,,,,Saturday,23,3,2024
Anya Pilgrim,29926,Florida,9.9,9.875,9.825,9.9,Saturday,23,3,2024
Anya Turner,29926,Georgia,,9.95,,,Saturday,23,3,2024
Aria Brusch,29926,Auburn,9.9,9.85,9.75,,Saturday,23,3,2024
Arianna Patterson,29926,Kentucky,,9.275,,9.925,Saturday,23,3,2024
Ashley Cowan,29926,LSU,9.95,,,,Saturday,23,3,2024
Ashlyn LaClair,29926,Georgia,,,9.675,9.8,Saturday,23,3,2024
Bailey Bunn,29926,Kentucky,9.9,9.925,,,Saturday,23,3,2024
Cally Swaney,29926,Arkansas,9.775,9.825,,,Saturday,23,3,2024
Cameron Machado,29926,Alabama,9.85,,,,Saturday,23,3,2024
Cami Weaver,29926,Arkansas,,9.925,,9.8,Saturday,23,3,2024
Cassie Stevens,29926,Auburn,9.9,9.85,9.85,9.9,Saturday,23,3,2024
Cecily Rizo,29926,Kentucky,9.8,,,9.8,Saturday,23,3,2024
Chloe LaCoursiere,29926,Alabama,9.925,,,9.8,Saturday,23,3,2024
Corinne Bunagan,29926,Alabama,,,,9.9,Saturday,23,3,2024
Creslyn Brose,29926,Kentucky,,9.775,9.925,,Saturday,23,3,2024
Dakota Essenpries,29926,Arkansas,,,,9.525,Saturday,23,3,2024
Danie Ferris,29926,Florida,,,9.75,9.725,Saturday,23,3,2024
Delaynee Rodriguez,29926,Kentucky,9.85,9.9,9.8,,Saturday,23,3,2024
Ella Burgess,29926,Alabama,,9.9,9.85,,Saturday,23,3,2024
Ellie Lazzari,29926,Florida,9.875,9.05,,,Saturday,23,3,2024
Frankie Price,29926,Arkansas,,,9.875,9.8,Saturday,23,3,2024
Gabby Disidore,29926,Florida,9.825,,,,Saturday,23,3,2024
Gabby Gladieux,29926,Alabama,,9.825,9.9,9.85,Saturday,23,3,2024
Gabby McLaughlin,29926,Auburn,9.8,9.75,9.7,,Saturday,23,3,2024
Grace Anne Davis,29926,Missouri,,9.525,,9.825,Saturday,23,3,2024
Hailey Davis,29926,Kentucky,9.9,,9.9,,Saturday,23,3,2024
Hailey Klein,29926,Arkansas,,9.925,9.85,9.825,Saturday,23,3,2024
Haleigh Bryant,29926,LSU,9.925,9.95,9.95,9.975,Saturday,23,3,2024
Hannah Horton,29926,Missouri,,,9.825,9.9,Saturday,23,3,2024
Holly Snyder,29926,Georgia,9.875,,9.725,,Saturday,23,3,2024
Isabella Magnelli,29926,Kentucky,,9.95,9.85,9.85,Saturday,23,3,2024
Ja' Free Scott,29926,Georgia,9.925,9.625,,9.75,Saturday,23,3,2024
Jamison Sears,29926,Alabama,,,9.9,9.75,Saturday,23,3,2024
Jaydah Battle,29926,Georgia,,9.825,,9.2,Saturday,23,3,2024
Jensen Scalzo,29926,Arkansas,9.8,,,,Saturday,23,3,2024
Jillian Procasky,29926,Kentucky,9.875,,,9.8,Saturday,23,3,2024
Jocelyn Moore,29926,Missouri,9.85,,9.9,9.825,Saturday,23,3,2024
Julianne Huff,29926,Auburn,,,9.875,9.9,Saturday,23,3,2024
KJ Johnson,29926,LSU,,,9.975,9.875,Saturday,23,3,2024
Kalyxta Gamiao,29926,Arkansas,,9.875,9.8,,Saturday,23,3,2024
Kennedy Griffin,29926,Missouri,,9.875,9.9,9.85,Saturday,23,3,2024
Kiya Johnson,29926,LSU,9.825,9.775,9.975,9.925,Saturday,23,3,2024
Konnor McClain,29926,LSU,9.9,10.0,9.925,,Saturday,23,3,2024
Kyra Burns,29926,Missouri,9.775,,,,Saturday,23,3,2024
Lauren Williams,29926,Arkansas,,,9.8,9.85,Saturday,23,3,2024
Leah Smith,29926,Arkansas,,,9.875,9.775,Saturday,23,3,2024
Leanne Wong,29926,Florida,9.925,9.9,9.9,9.875,Saturday,23,3,2024
Lilly Hudson,29926,Alabama,9.85,9.925,9.9,9.85,Saturday,23,3,2024
Lily Smith,29926,Georgia,9.925,9.95,9.875,9.85,Saturday,23,3,2024
Luisa Blanco,29926,Alabama,9.925,9.95,9.9,9.9,Saturday,23,3,2024
Maddie Jones,29926,Arkansas,9.875,9.9,9.9,,Saturday,23,3,2024
Makenzie Wilson,29926,Kentucky,,,9.85,9.775,Saturday,23,3,2024
Mara Titarsolej,29926,Missouri,9.95,,,,Saturday,23,3,2024
Mati Waligora,29926,Alabama,9.85,9.85,9.875,,Saturday,23,3,2024
Morgan Hurd,29926,Florida,,,9.525,,Saturday,23,3,2024
Naya Howard,29926,Georgia,9.875,9.775,9.65,9.8,Saturday,23,3,2024
Olivia Dunne,29926,LSU,9.8,,,,Saturday,23,3,2024
Olivia Greaves,29926,Auburn,9.9,,,,Saturday,23,3,2024
Olivia Hollingsworth,29926,Auburn,9.9,9.8,9.85,9.8,Saturday,23,3,2024
Paige Zancan,29926,Auburn,,9.475,,,Saturday,23,3,2024
Priscilla Park,29926,Arkansas,9.85,,,,Saturday,23,3,2024
Raena Worley,29926,Kentucky,9.9,9.95,9.975,9.8,Saturday,23,3,2024
Rayna Light,29926,Missouri,9.825,9.8,,,Saturday,23,3,2024
Reese Drotar,29926,Arkansas,9.875,,,,Saturday,23,3,2024
Sara Hubbard,29926,Auburn,,,,9.775,Saturday,23,3,2024
Savannah Schoenherr,29926,LSU,9.85,9.85,,9.85,Saturday,23,3,2024
Shania Adams,29926,Alabama,9.875,9.925,,,Saturday,23,3,2024
Sidney Fitzgerald,29926,Georgia,9.725,,9.8,,Saturday,23,3,2024
Sienna Schreiber,29926,Missouri,9.875,9.825,9.9,9.825,Saturday,23,3,2024
Sierra Ballard,29926,LSU,,9.8,,,Saturday,23,3,2024
Sirena Linton,29926,Arkansas,9.85,9.65,,,Saturday,23,3,2024
Skylar Draser,29926,Florida,,9.85,,9.825,Saturday,23,3,2024
Sloane Blakely,29926,Florida,9.825,9.925,9.85,9.775,Saturday,23,3,2024
Sophia Groth,29926,Auburn,9.0,9.9,9.825,9.7,Saturday,23,3,2024
Sydney Schaffer,29926,Missouri,,9.925,,,Saturday,23,3,2024
Sydney Schumaker,29926,Auburn,,,,9.675,Saturday,23,3,2024
Victoria Nguyen,29926,Florida,9.925,9.85,9.85,9.9,Saturday,23,3,2024
Zora Morgan,29926,Georgia,,9.85,,,Saturday,23,3,2024
Alex Routsis,29929,Southern Utah,9.775,,,,Saturday,23,3,2024
Alyssa Fernandez,29929,Southern Utah,,9.825,9.8,,Saturday,23,3,2024
Amelia Moneymaker,29929,UC Davis,9.85,9.9,9.75,9.775,Saturday,23,3,2024
Anna Hartley,29929,Southern Utah,,9.9,,,Saturday,23,3,2024
Ariana DeSouza,29929,Alaska,,,9.575,9.55,Saturday,23,3,2024
Athena Jones,29929,Sacramento State,,9.825,9.725,,Saturday,23,3,2024
Aubri Schwartze,29929,Southern Utah,9.025,,,,Saturday,23,3,2024
Ava Scafani,29929,UC Davis,,9.8,,,Saturday,23,3,2024
Avery Tillmanns,29929,Alaska,8.775,,,,Saturday,23,3,2024
Bella Lahmidi,29929,Sacramento State,9.875,,,9.575,Saturday,23,3,2024
Breeann Spain,29929,Alaska,,9.15,,,Saturday,23,3,2024
Brinlee Christensen,29929,Southern Utah,9.775,,9.825,9.9,Saturday,23,3,2024
Brooklyn Kopsack,29929,Alaska,,,,9.575,Saturday,23,3,2024
Claudia Lessig,29929,Alaska,9.725,9.475,9.575,9.625,Saturday,23,3,2024
Ellie Cacciola,29929,Southern Utah,,9.9,9.725,9.875,Saturday,23,3,2024
Elliot Bringhurst,29929,Southern Utah,,9.75,,,Saturday,23,3,2024
Emily Walker,29929,Alaska,9.65,,,,Saturday,23,3,2024
Emma Morgenthaler,29929,Sacramento State,9.2,9.825,9.775,9.9,Saturday,23,3,2024
Emma Otsu,29929,UC Davis,9.8,9.825,9.775,9.875,Saturday,23,3,2024
Grace Gilman,29929,Sacramento State,,9.075,9.85,9.725,Saturday,23,3,2024
Hayley Perkins,29929,Alaska,8.3,,,,Saturday,23,3,2024
Isabella Fitz-Gerald,29929,UC Davis,9.9,,,9.5,Saturday,23,3,2024
Isabella Neff,29929,Southern Utah,9.875,,,,Saturday,23,3,2024
Jadyn Wakita,29929,UC Davis,9.775,9.3,,9.75,Saturday,23,3,2024
Jessica Johnson,29929,Alaska,9.25,9.8,,,Saturday,23,3,2024
Jillianne Lastra,29929,Sacramento State,9.8,,,,Saturday,23,3,2024
Kara Houghton,29929,Sacramento State,9.925,9.8,9.725,,Saturday,23,3,2024
Kayla Pardue,29929,Southern Utah,,,9.775,9.775,Saturday,23,3,2024
Keanna Abraham,29929,UC Davis,,9.85,9.925,9.875,Saturday,23,3,2024
Kennedi McClain,29929,Southern Utah,,9.9,,,Saturday,23,3,2024
Maddy Murphy,29929,Alaska,,,8.45,9.85,Saturday,23,3,2024
Madelyn Gomez,29929,Alaska,,,9.625,,Saturday,23,3,2024
Mallory Barron,29929,Sacramento State,,9.8,,,Saturday,23,3,2024
Marcela Bonifasi,29929,Alaska,9.425,9.475,,,Saturday,23,3,2024
Marisa Laird,29929,UC Davis,9.775,9.85,,,Saturday,23,3,2024
Megan Ray,29929,UC Davis,,,9.85,9.875,Saturday,23,3,2024
Milla Gideon,29929,UC Davis,9.875,,,,Saturday,23,3,2024
Montana Fairbairn,29929,Alaska,,9.8,9.825,9.75,Saturday,23,3,2024
Nandhini Senthil,29929,UC Davis,,,9.65,,Saturday,23,3,2024
Niya Randolph,29929,Southern Utah,9.9,9.825,9.875,9.775,Saturday,23,3,2024
Rose Wilson,29929,Sacramento State,9.775,,,9.825,Saturday,23,3,2024
Sarah Fitzgerald,29929,Sacramento State,,,,9.65,Saturday,23,3,2024
Sarah Lutrel,29929,Sacramento State,9.8,9.775,9.9,9.8,Saturday,23,3,2024
Shannon Farrell,29929,Alaska,,9.675,,,Saturday,23,3,2024
Silje Hildebrand,29929,Alaska,,,9.525,9.775,Saturday,23,3,2024
Simone Dumas-Guzman,29929,Sacramento State,,,9.775,,Saturday,23,3,2024
Taylor Gull,29929,Southern Utah,,,9.75,9.725,Saturday,23,3,2024
Trista Goodman,29929,Southern Utah,9.775,,,9.825,Saturday,23,3,2024
Aaliyah Gilmore,29935,Texas Woman's,9.75,,,,Saturday,23,3,2024
Ailey Kuehn,29935,S.E. Missouri,,9.7,,9.75,Saturday,23,3,2024
Alana Laster,29935,Illinois State,,,9.825,9.75,Saturday,23,3,2024
Allie Berkley,29935,Lindenwood,,,,9.775,Saturday,23,3,2024
Ally Lau,29935,Illinois State,,9.825,,,Saturday,23,3,2024
Amy Foret,29935,Centenary College,,9.7,,9.525,Saturday,23,3,2024
Angelica Labat,29935,Illinois State,9.2,9.925,9.825,9.875,Saturday,23,3,2024
Anna Chodon,29935,S.E. Missouri,,9.7,,,Saturday,23,3,2024
Anna Speller,29935,S.E. Missouri,,9.75,,,Saturday,23,3,2024
Ava Johnston,29935,S.E. Missouri,9.775,,,,Saturday,23,3,2024
Brooke Ferrari,29935,Texas Woman's,9.775,,,,Saturday,23,3,2024
Brooke Murdock,29935,Centenary College,,8.875,,,Saturday,23,3,2024
Carly Hawksworth,29935,Illinois State,9.1,,,,Saturday,23,3,2024
Caroline Bowns,29935,Texas Woman's,9.225,,,,Saturday,23,3,2024
Claire Flores,29935,Centenary College,9.3,,9.65,,Saturday,23,3,2024
Daisy Woodring,29935,Texas Woman's,,9.825,9.9,9.85,Saturday,23,3,2024
Emily McClung,29935,Centenary College,,,,9.3,Saturday,23,3,2024
Emily Six,29935,Texas Woman's,,9.75,9.75,,Saturday,23,3,2024
Emma Brkljacic,29935,Texas Woman's,,9.9,9.85,9.725,Saturday,23,3,2024
Emma Lavelle,29935,Centenary College,9.3,9.075,,,Saturday,23,3,2024
Gayla Griswold,29935,Lindenwood,,,,9.825,Saturday,23,3,2024
Hannah Appleget,29935,Lindenwood,9.825,9.6,9.675,9.75,Saturday,23,3,2024
Hannah Moon,29935,Lindenwood,9.8,9.85,,,Saturday,23,3,2024
Isabel Plaza,29935,Centenary College,7.875,,9.375,9.5,Saturday,23,3,2024
J'Chelle Heard,29935,Illinois State,,,,9.725,Saturday,23,3,2024
Jaidan Kossuth,29935,Lindenwood,,9.875,,,Saturday,23,3,2024
Jaly Jones,29935,Lindenwood,9.725,9.8,9.9,9.7,Saturday,23,3,2024
Janelle Lopez,29935,S.E. Missouri,9.65,,,9.675,Saturday,23,3,2024
Jaye Mack,29935,Illinois State,,,9.9,9.85,Saturday,23,3,2024
Jordan Napolitano,29935,S.E. Missouri,,,9.0,9.7,Saturday,23,3,2024
Joy Ziegenfelder,29935,Illinois State,,9.175,,,Saturday,23,3,2024
Kailyn Hamilton,29935,S.E. Missouri,9.7,,9.7,,Saturday,23,3,2024
Kaitlyn Donovan,29935,Illinois State,,,9.825,,Saturday,23,3,2024
Kaitlyn Hoiland,29935,Texas Woman's,9.75,9.875,,9.875,Saturday,23,3,2024
Kami Zarlengo,29935,Texas Woman's,9.725,,,9.7,Saturday,23,3,2024
Kendall Huff,29935,Centenary College,,,9.6,9.45,Saturday,23,3,2024
Lacey Wedge,29935,Centenary College,,,8.25,,Saturday,23,3,2024
Lainey Hunt,29935,Texas Woman's,9.675,,,,Saturday,23,3,2024
Leah Davis,29935,Illinois State,,9.875,9.775,,Saturday,23,3,2024
Lydia Webb,29935,S.E. Missouri,8.525,9.225,9.75,9.7,Saturday,23,3,2024
Madeline Gose,29935,Texas Woman's,,,9.8,,Saturday,23,3,2024
Madison Greene,29935,S.E. Missouri,,9.0,9.85,9.85,Saturday,23,3,2024
Madison Kipp,29935,Illinois State,9.075,9.775,,9.85,Saturday,23,3,2024
Madison Rush,29935,Lindenwood,,9.85,,,Saturday,23,3,2024
Mya Robinson,29935,Illinois State,9.7,9.875,,9.775,Saturday,23,3,2024
Mylia Vidtor,29935,Centenary College,,8.8,,,Saturday,23,3,2024
Nya Kraus,29935,Lindenwood,9.875,9.9,9.875,,Saturday,23,3,2024
Olivia Williams,29935,Centenary College,9.15,,9.725,,Saturday,23,3,2024
Reese Baechle,29935,Lindenwood,9.325,,9.9,9.825,Saturday,23,3,2024
Reese Grolla,29935,Illinois State,9.775,,,,Saturday,23,3,2024
Roxanne Myers,29935,Centenary College,9.425,,,,Saturday,23,3,2024
Rylie Molina,29935,Centenary College,,9.775,,,Saturday,23,3,2024
Sara Wabi,29935,Illinois State,9.75,,9.825,,Saturday,23,3,2024
Savannah Newsome,29935,Lindenwood,8.8,,,,Saturday,23,3,2024
Simone Evans,29935,Lindenwood,,,9.8,,Saturday,23,3,2024
Sophia Isbell,29935,Texas Woman's,,,,9.7,Saturday,23,3,2024
Sophie Hernandez,29935,Texas Woman's,,9.75,9.85,,Saturday,23,3,2024
Sophie Schmitz,29935,Centenary College,9.3,9.6,9.4,9.525,Saturday,23,3,2024
Steelie King,29935,Texas Woman's,,9.75,9.8,9.75,Saturday,23,3,2024
Sydney Crouch,29935,S.E. Missouri,9.675,,9.7,,Saturday,23,3,2024
Taylor Ingle,29935,S.E. Missouri,9.7,9.85,9.8,9.75,Saturday,23,3,2024
Trinity Caffey,29935,Lindenwood,,,9.8,9.8,Saturday,23,3,2024
Abby Mueller,29941,Illinois,9.8,9.825,9.8,9.85,Saturday,23,3,2024
Alea Byrne,29941,Illinois,,8.7,9.825,9.85,Saturday,23,3,2024
Alexa Ebeling,29941,Iowa,,9.7,,,Saturday,23,3,2024
Alexa Rothenbuescher,29941,Maryland,9.9,,9.9,9.8,Saturday,23,3,2024
Alexis Hankins,29941,Ohio State,9.8,9.75,,,Saturday,23,3,2024
Allie Gard,29941,Nebraska,,9.1,,,Saturday,23,3,2024
Allie Morgan,29941,Illinois,,,9.825,,Saturday,23,3,2024
Alyse Karenbauer,29941,Iowa,,,9.825,9.75,Saturday,23,3,2024
Alyssa Kramer,29941,Penn State,,,9.775,,Saturday,23,3,2024
Amani Herring,29941,Penn State,,9.125,9.9,9.85,Saturday,23,3,2024
Amelia Knight,29941,Illinois,9.8,9.775,,,Saturday,23,3,2024
Arielle Ward,29941,Illinois,,,9.825,9.9,Saturday,23,3,2024
Ashley Maul,29941,Penn State,,9.7,9.75,,Saturday,23,3,2024
Aubrey Nick,29941,Iowa,,9.2,,,Saturday,23,3,2024
Ava Jordan,29941,Michigan,9.25,,,9.7,Saturday,23,3,2024
Ava Piedrahita,29941,Penn State,9.85,9.8,9.825,9.8,Saturday,23,3,2024
Avery Balser,29941,Rutgers,9.8,,9.8,,Saturday,23,3,2024
Avery Chambers,29941,Iowa,,,,9.725,Saturday,23,3,2024
Ayzhia Hall,29941,Nebraska,,9.85,,9.775,Saturday,23,3,2024
Bailey Libby,29941,Iowa,,,9.9,,Saturday,23,3,2024
Baleigh Garcia,29941,Michigan State,,9.925,,,Saturday,23,3,2024
Bella Salcedo,29941,Penn State,,9.625,9.9,9.85,Saturday,23,3,2024
Carly Bauman,29941,Michigan,9.9,9.9,9.875,,Saturday,23,3,2024
Cassidy Rushlow,29941,Penn State,9.8,,,,Saturday,23,3,2024
Clara Colombo,29941,Nebraska,9.85,,,,Saturday,23,3,2024
Courtney McCann,29941,Ohio State,,9.85,,,Saturday,23,3,2024
Csenge Bacskay,29941,Nebraska,9.825,9.7,9.85,9.9,Saturday,23,3,2024
Delanie Harkness,29941,Michigan State,9.85,9.75,9.875,,Saturday,23,3,2024
Destiny Denning,29941,Illinois,9.825,,,,Saturday,23,3,2024
Elia Aird,29941,Rutgers,,9.75,9.85,9.625,Saturday,23,3,2024
Ella Castellanos,29941,Iowa,9.675,9.025,,,Saturday,23,3,2024
Ella Hodges,29941,Ohio State,,9.85,9.9,,Saturday,23,3,2024
Ella Sirjord,29941,Minnesota,9.85,9.9,,,Saturday,23,3,2024
Elle Beaufait,29941,Michigan State,,,9.9,,Saturday,23,3,2024
Elliot Goldsmith,29941,Rutgers,9.675,,,9.65,Saturday,23,3,2024
Emily Erb,29941,Iowa,,,9.475,,Saturday,23,3,2024
Emily Koch,29941,Minnesota,,9.8,9.85,,Saturday,23,3,2024
Emma Pritchard,29941,Ohio State,9.775,9.725,,,Saturday,23,3,2024
Emma Silberman,29941,Maryland,9.775,9.725,,9.825,Saturday,23,3,2024
Emma Simpton,29941,Nebraska,9.85,,,,Saturday,23,3,2024
Emma Spence,29941,Nebraska,9.9,9.85,9.9,9.8,Saturday,23,3,2024
Eva Volpe,29941,Iowa,9.775,9.775,9.825,9.825,Saturday,23,3,2024
Gabby Wilson,29941,Michigan,9.9,9.825,9.95,9.85,Saturday,23,3,2024
Gabrielle Dildy,29941,Rutgers,,9.825,9.9,9.85,Saturday,23,3,2024
Gabrielle Gallentine,29941,Penn State,9.8,,,,Saturday,23,3,2024
Gabrielle Stephen,29941,Michigan State,9.8,9.875,9.9,9.875,Saturday,23,3,2024
Giana Kalefe,29941,Michigan State,,9.25,,,Saturday,23,3,2024
Gianna Gerdes,29941,Minnesota,9.9,9.8,9.925,9.8,Saturday,23,3,2024
Gianna Masella,29941,Iowa,9.775,,,9.8,Saturday,23,3,2024
Halle Rourke,29941,Nebraska,,,9.8,,Saturday,23,3,2024
Hanna Castillo,29941,Iowa,,,9.825,,Saturday,23,3,2024
Harmony Webster,29941,Rutgers,,,9.8,,Saturday,23,3,2024
Ilka Juk,29941,Iowa,9.775,9.85,,,Saturday,23,3,2024
Isabel Sikon,29941,Nebraska,,9.85,,9.775,Saturday,23,3,2024
Jacey Vore,29941,Michigan,9.8,9.85,,,Saturday,23,3,2024
Jackie Manifold,29941,Rutgers,9.65,9.775,,,Saturday,23,3,2024
Jaidyn Raby,29941,Rutgers,,,,9.725,Saturday,23,3,2024
Jenna Mulligan,29941,Michigan,,9.9,9.8,9.875,Saturday,23,3,2024
Jessica Johanson,29941,Penn State,9.675,,,9.775,Saturday,23,3,2024
Jordyn Lyden,29941,Minnesota,9.85,,,,Saturday,23,3,2024
Josephine Kogler,29941,Maryland,,9.725,,9.825,Saturday,23,3,2024
Kadyn Fitzgibbon,29941,Illinois,,,9.9,,Saturday,23,3,2024
Kaia Vanney,29941,Iowa,9.125,,,,Saturday,23,3,2024
Kaitlyn Ewald,29941,Illinois,9.825,9.775,,,Saturday,23,3,2024
Kaitlyn Grimes,29941,Ohio State,,,,9.875,Saturday,23,3,2024
Kalea McElligott,29941,Penn State,9.65,9.75,9.725,9.75,Saturday,23,3,2024
Karina Munoz,29941,Iowa,,,9.1,,Saturday,23,3,2024
Katie Horak,29941,Minnesota,,9.9,,,Saturday,23,3,2024
Katy Koopman,29941,Rutgers,,9.625,,9.75,Saturday,23,3,2024
Kendal Laplante,29941,Iowa,,,,8.175,Saturday,23,3,2024
Kinsey Davis,29941,Nebraska,9.15,,,9.725,Saturday,23,3,2024
Lauren Pearl,29941,Minnesota,,9.9,9.875,9.7,Saturday,23,3,2024
Layla Hammer,29941,Maryland,,9.75,,,Saturday,23,3,2024
Leah Gonsiorowski,29941,Minnesota,,,9.875,,Saturday,23,3,2024
Lyden Saltness,29941,Illinois,9.5,,,,Saturday,23,3,2024
MaKayla Tucker,29941,Michigan State,,9.825,9.9,9.875,Saturday,23,3,2024
Maddie Johnston,29941,Penn State,9.825,9.725,,9.85,Saturday,23,3,2024
Maddie Komoroski,29941,Maryland,,9.875,9.875,,Saturday,23,3,2024
Mallory Gregory,29941,Ohio State,,,,9.75,Saturday,23,3,2024
Marissa Jencks,29941,Minnesota,9.8,,,9.8,Saturday,23,3,2024
Marissa Rojas,29941,Iowa,9.675,8.75,,9.8,Saturday,23,3,2024
Martina Comin,29941,Nebraska,,,9.9,9.825,Saturday,23,3,2024
Matis Rains,29941,Rutgers,9.65,9.825,,,Saturday,23,3,2024
Maya Jones,29941,Rutgers,,,9.8,,Saturday,23,3,2024
Mia Takekawa,29941,Illinois,9.85,9.875,,9.75,Saturday,23,3,2024
Mia Townes,29941,Illinois,,9.85,9.9,9.85,Saturday,23,3,2024
Mya Hooten,29941,Minnesota,9.925,,9.95,9.975,Saturday,23,3,2024
Myra Daniels,29941,Rutgers,9.65,,,,Saturday,23,3,2024
Naomi Morrison,29941,Michigan,9.85,,,9.875,Saturday,23,3,2024
Natalie Martin,29941,Maryland,,9.85,9.85,9.85,Saturday,23,3,2024
Nicole Riccardi,29941,Ohio State,9.9,,9.775,9.8,Saturday,23,3,2024
Nikki Smith,29941,Michigan State,9.9,,9.925,9.875,Saturday,23,3,2024
Olivia Coppola,29941,Illinois,,,,9.775,Saturday,23,3,2024
Olivia Weir,29941,Maryland,,,,9.8,Saturday,23,3,2024
Olivia Zsarmani,29941,Michigan State,9.9,,,9.8,Saturday,23,3,2024
Paige Thaxton,29941,Michigan,,,9.7,,Saturday,23,3,2024
Payton Harris,29941,Ohio State,9.9,9.85,9.9,9.8,Saturday,23,3,2024
Reyna Guggino,29941,Michigan,,9.6,9.85,9.7,Saturday,23,3,2024
Rhea Leblanc,29941,Maryland,9.9,,9.85,,Saturday,23,3,2024
Sage Kellerman,29941,Michigan State,9.825,,,9.9,Saturday,23,3,2024
Sarah Moraw,29941,Minnesota,,9.925,,9.875,Saturday,23,3,2024
Savannah Gonzalez,29941,Ohio State,,,9.9,,Saturday,23,3,2024
Seria Johnson,29941,Minnesota,9.85,,9.85,,Saturday,23,3,2024
Sidney Washington,29941,Ohio State,9.75,,9.825,9.85,Saturday,23,3,2024
Sierra Brooks,29941,Michigan,9.925,9.675,9.95,9.975,Saturday,23,3,2024
Sierra Kondo,29941,Maryland,9.8,,,,Saturday,23,3,2024
Skyla Schulte,29941,Michigan State,9.9,9.9,9.95,9.85,Saturday,23,3,2024
Sophia McClelland,29941,Nebraska,,9.225,9.9,,Saturday,23,3,2024
Sophia Nguyen,29941,Minnesota,,,,9.775,Saturday,23,3,2024
Stephanie Zannella,29941,Rutgers,,9.8,9.85,,Saturday,23,3,2024
Tasha Brozowski,29941,Maryland,9.825,,,,Saturday,23,3,2024
Tayler Osterhout,29941,Maryland,,,9.775,,Saturday,23,3,2024
Taylor Rech,29941,Maryland,,,9.825,9.85,Saturday,23,3,2024
Tory Vetter,29941,Ohio State,9.875,9.925,9.875,9.85,Saturday,23,3,2024
Valentina Lorente-Garcia,29941,Rutgers,9.7,,,9.775,Saturday,23,3,2024
Victoria Gatzendorfer,29941,Maryland,9.875,9.825,,,Saturday,23,3,2024
Whitney Jencks,29941,Nebraska,9.875,,9.85,,Saturday,23,3,2024
Abby Paulson,29949,Utah,,9.925,9.95,,Saturday,23,3,2024
Abigayle Martin,29949,Arizona,,9.85,,9.775,Saturday,23,3,2024
Ainsley Greever,29949,Arizona,,,,9.75,Saturday,23,3,2024
Alani Sabado,29949,Utah,9.85,,,,Saturday,23,3,2024
Alysen Fears,29949,Arizona,9.9,9.85,9.825,9.9,Saturday,23,3,2024
Amanda Zeng,29949,Stanford,,,9.9,9.825,Saturday,23,3,2024
Amelie Morgan,29949,Utah,9.925,9.2,,,Saturday,23,3,2024
Anapaula Gutierrez,29949,Stanford,9.85,,,9.8,Saturday,23,3,2024
Anaya Smith,29949,Arizona State,,,,9.525,Saturday,23,3,2024
Andi Li,29949,California,9.85,9.9,,,Saturday,23,3,2024
Anna Roberts,29949,Stanford,9.025,,9.95,9.875,Saturday,23,3,2024
Ariana Young,29949,Oregon State,,9.25,9.85,,Saturday,23,3,2024
Ashley Glynn,29949,Utah,,,,9.9,Saturday,23,3,2024
Ava Sorrento,29949,Stanford,9.825,,,,Saturday,23,3,2024
Bailey McCabe,29949,Arizona,9.15,,,,Saturday,23,3,2024
Brenna Neault,29949,Stanford,9.9,9.8,9.8,9.825,Saturday,23,3,2024
Brooklyn Moors,29949,UCLA,,,9.95,,Saturday,23,3,2024
Caitlin McWilliams,29949,Washington,,,9.65,,Saturday,23,3,2024
Camie Winger,29949,Utah,,,,9.925,Saturday,23,3,2024
Caroline Herry,29949,Arizona,,9.8,9.85,,Saturday,23,3,2024
Cassi Barbanente,29949,Arizona State,9.8,,,,Saturday,23,3,2024
Chae Campbell,29949,UCLA,9.3,,9.925,9.75,Saturday,23,3,2024
Chelsea Hallinan,29949,Washington,,9.775,,,Saturday,23,3,2024
Chloe Widner,29949,Stanford,9.85,9.95,9.9,9.8,Saturday,23,3,2024
Ciena Alipio,29949,UCLA,,9.75,,,Saturday,23,3,2024
Cienna Samiley,29949,Arizona State,9.65,,,,Saturday,23,3,2024
Claire Dean,29949,Stanford,,9.9,9.875,,Saturday,23,3,2024
Deiah Moody,29949,Washington,9.775,9.8,,,Saturday,23,3,2024
Elena Deets,29949,Arizona,9.825,9.25,9.85,,Saturday,23,3,2024
Elizabeth Gantner,29949,Utah,,9.725,,,Saturday,23,3,2024
Ella Cesario,29949,California,9.825,9.8,9.925,9.75,Saturday,23,3,2024
Ella Zirbes,29949,Utah,9.9,,,9.825,Saturday,23,3,2024
Emily Innes,29949,Washington,,9.025,9.875,9.8,Saturday,23,3,2024
Emily Lee,29949,UCLA,,9.925,,9.8,Saturday,23,3,2024
Emily Mueller,29949,Arizona,9.8,9.75,9.75,,Saturday,23,3,2024
Emily Pires,29949,Washington,,,9.825,,Saturday,23,3,2024
Emily White,29949,Arizona State,9.9,9.875,8.975,9.8,Saturday,23,3,2024
Emma Andres,29949,UCLA,,9.775,,,Saturday,23,3,2024
Emma Malabuyo,29949,UCLA,9.85,9.95,,,Saturday,23,3,2024
Emma Strom,29949,Arizona,,,9.85,9.8,Saturday,23,3,2024
Frida Esparza,29949,UCLA,9.825,,,,Saturday,23,3,2024
Gabby Perea,29949,California,9.9,9.75,,,Saturday,23,3,2024
Grace McCallum,29949,Utah,9.925,9.925,9.925,9.9,Saturday,23,3,2024
Gracie Reeves,29949,Arizona State,9.85,9.75,,9.85,Saturday,23,3,2024
Halle Gregoire,29949,Arizona State,,,9.9,9.825,Saturday,23,3,2024
Hannah Scharf,29949,Arizona State,9.6,9.2,9.875,9.875,Saturday,23,3,2024
Ira Alexeeva,29949,Stanford,9.8,9.85,,,Saturday,23,3,2024
Jade Carey,29949,Oregon State,9.95,9.85,10.0,9.875,Saturday,23,3,2024
Jaedyn Rucker,29949,Utah,,,9.9,9.95,Saturday,23,3,2024
Jayden Silvers,29949,California,,,,9.825,Saturday,23,3,2024
Jaylene Gilstrap,29949,Utah,,,9.95,,Saturday,23,3,2024
Jennifer McMillan,29949,Oregon State,9.925,9.85,,,Saturday,23,3,2024
Jessica Castles,29949,Arizona,,9.75,,9.8,Saturday,23,3,2024
Jordan Kane,29949,California,,,9.9,,Saturday,23,3,2024
Kaitlin Garcia,29949,Oregon State,,,9.9,9.65,Saturday,23,3,2024
Katelyn Rosen,29949,UCLA,9.9,9.875,9.9,9.875,Saturday,23,3,2024
Kayla Lee,29949,Arizona State,,9.85,9.775,,Saturday,23,3,2024
Kimberly Smith,29949,Arizona State,,9.8,9.825,,Saturday,23,3,2024
Kristin Lin,29949,Washington,9.625,,,9.8,Saturday,23,3,2024
Kyen Mayhew,29949,California,,,9.9,9.85,Saturday,23,3,2024
Lana Navarro,29949,Washington,,9.8,9.85,9.85,Saturday,23,3,2024
Lilia Purler,29949,Arizona State,,,,9.75,Saturday,23,3,2024
Lilly Tubbs,29949,Washington,9.8,,,9.8,Saturday,23,3,2024
Madelyn Williams,29949,California,9.9,9.9,9.875,9.8,Saturday,23,3,2024
Maile O'Keefe,29949,Utah,9.8,10.0,9.95,,Saturday,23,3,2024
Makenna Smith,29949,Utah,9.9,9.725,9.925,9.8,Saturday,23,3,2024
Malia Hargrove,29949,Arizona,9.75,,9.825,9.85,Saturday,23,3,2024
Margzetta Frazier,29949,UCLA,9.875,,9.9,,Saturday,23,3,2024
Mary McDonough,29949,Washington,,,,9.875,Saturday,23,3,2024
Mya Lauzon,29949,California,9.85,9.85,9.85,9.8,Saturday,23,3,2024
Natalie Briones,29949,Oregon State,9.8,,,9.85,Saturday,23,3,2024
Nya Reed,29949,UCLA,,,9.9,9.825,Saturday,23,3,2024
Olivia Buckner,29949,Oregon State,,9.725,,9.9,Saturday,23,3,2024
Olivia Oppegard,29949,Washington,9.85,,,,Saturday,23,3,2024
Paige Anastasi,29949,UCLA,,,,9.9,Saturday,23,3,2024
Sage Thompson,29949,Oregon State,9.925,9.125,9.875,9.7,Saturday,23,3,2024
Sarah Clark,29949,Arizona State,9.9,9.9,9.8,,Saturday,23,3,2024
Savannah Miller,29949,Oregon State,,,9.9,,Saturday,23,3,2024
Selena Harris-Miranda,29949,UCLA,9.95,9.95,9.95,9.975,Saturday,23,3,2024
Sienna Robinson,29949,Stanford,,9.85,,,Saturday,23,3,2024
Skylar Killough-Wilhelm,29949,Washington,9.925,9.775,9.825,9.85,Saturday,23,3,2024
Sophia Esposito,29949,Oregon State,9.85,9.875,9.875,9.9,Saturday,23,3,2024
Sophie Derr,29949,Arizona,9.875,,,,Saturday,23,3,2024
Taralyn Nguyen,29949,Stanford,,9.775,9.85,9.725,Saturday,23,3,2024
Taylor DeVries,29949,Oregon State,9.2,,,,Saturday,23,3,2024
Taylor Russon,29949,Washington,9.9,9.725,9.5,,Saturday,23,3,2024
eMjae Frazier,29949,California,9.925,9.4,9.925,9.9,Saturday,23,3,2024
Abigail Kenney,29962,Bridgeport,9.725,9.725,9.775,9.775,Saturday,23,3,2024
Addy Rothstein,29962,Cornell,9.675,,9.8,9.575,Saturday,23,3,2024
Alexa Melanson,29962,Southern Conn.,,9.1,9.65,,Saturday,23,3,2024
Alexandra Quiana,29962,Cornell,,9.2,9.9,,Saturday,23,3,2024
Alisha Werlen,29962,Pennsylvania,,9.8,,,Saturday,23,3,2024
Ana Kenefick,29962,Pennsylvania,,,9.775,,Saturday,23,3,2024
Angel Lee,29962,Southern Conn.,,9.85,,,Saturday,23,3,2024
Angela Xing,29962,Brown,,9.875,9.75,9.25,Saturday,23,3,2024
Angelina Stanfa,29962,Southern Conn.,,8.9,,,Saturday,23,3,2024
Anne Marie Kuebler,29962,William & Mary,,,,9.325,Saturday,23,3,2024
Ascha Laird,29962,William & Mary,9.7,,,,Saturday,23,3,2024
Asta-Sollilja Farrell,29962,Brown,9.825,,,,Saturday,23,3,2024
Audrey Arnold,29962,Southern Conn.,8.025,,,,Saturday,23,3,2024
Ava Kelly,29962,Southern Conn.,,,9.8,9.7,Saturday,23,3,2024
Avery Byun,29962,Cornell,,9.825,9.625,9.65,Saturday,23,3,2024
Brianna Dorr,29962,Southern Conn.,,,,9.7,Saturday,23,3,2024
Bridget Sullivan,29962,West Chester,,,9.65,9.45,Saturday,23,3,2024
Caitlyn Walsh,29962,Cornell,,,9.875,,Saturday,23,3,2024
Cami Whitaker,29962,Cornell,,,,9.75,Saturday,23,3,2024
Campbell Marr,29962,Pennsylvania,,9.775,,,Saturday,23,3,2024
Carly Oniki,29962,Pennsylvania,9.8,,,,Saturday,23,3,2024
Caroline Blatchford,29962,William & Mary,9.825,9.65,,9.725,Saturday,23,3,2024
Caroline Cascadden,29962,West Chester,,9.65,9.65,,Saturday,23,3,2024
Catherine Aucoin,29962,Bridgeport,9.35,,9.55,,Saturday,23,3,2024
Catherine Bare,29962,William & Mary,9.675,,,,Saturday,23,3,2024
Chloe DeJoy,29962,Yale,9.675,,9.875,,Saturday,23,3,2024
Corinne Gruber,29962,West Chester,,,,9.55,Saturday,23,3,2024
Ella Tashjian,29962,Yale,,9.25,9.9,9.775,Saturday,23,3,2024
Emiley Kahl,29962,Southern Conn.,,9.775,,,Saturday,23,3,2024
Emily Ford,29962,Brown,,9.0,,9.675,Saturday,23,3,2024
Emily Hernandez,29962,Bridgeport,9.775,,,9.375,Saturday,23,3,2024
Emma Davies,29962,Pennsylvania,,,9.825,,Saturday,23,3,2024
Emma Mangiacapre,29962,Yale,,9.85,,,Saturday,23,3,2024
Erica Beyer,29962,Southern Conn.,,,9.7,,Saturday,23,3,2024
Gabriela Dinisoe,29962,Southern Conn.,9.575,9.8,,,Saturday,23,3,2024
Gigi Mastellone,29962,Southern Conn.,9.85,,,,Saturday,23,3,2024
Gigi Sabatini,29962,Yale,9.725,9.775,9.775,9.675,Saturday,23,3,2024
Grace Costello,29962,William & Mary,,9.775,9.75,9.65,Saturday,23,3,2024
Hana Strause,29962,Yale,,9.75,9.8,9.65,Saturday,23,3,2024
Hannah Barry,29962,Bridgeport,,9.825,,,Saturday,23,3,2024
Hannah Burke,29962,William & Mary,,,9.75,9.5,Saturday,23,3,2024
Hannah Shelton,29962,West Chester,9.475,,,,Saturday,23,3,2024
Hyla Betts,29962,West Chester,9.7,,,,Saturday,23,3,2024
Isabel Song,29962,Pennsylvania,,,,9.7,Saturday,23,3,2024
Jayci Jordan,29962,Southern Conn.,9.85,,,,Saturday,23,3,2024
Jessica Lin,29962,Brown,,9.85,,9.6,Saturday,23,3,2024
Jordan Barrow,29962,Pennsylvania,,,,9.825,Saturday,23,3,2024
Jordan Coleman,29962,West Chester,9.8,,,9.625,Saturday,23,3,2024
Josie Moylan,29962,Cornell,9.125,,9.775,9.4,Saturday,23,3,2024
Julia Bedell,29962,Brown,,,9.875,9.8,Saturday,23,3,2024
Kiersten Belkoff,29962,Pennsylvania,,9.775,,9.775,Saturday,23,3,2024
Kiley Fred,29962,West Chester,,,9.625,,Saturday,23,3,2024
Kristina Rodriguez,29962,West Chester,9.75,,9.575,9.55,Saturday,23,3,2024
Kylie Sitty,29962,Southern Conn.,9.625,,9.7,9.65,Saturday,23,3,2024
Lauren Holt,29962,Yale,9.725,,,,Saturday,23,3,2024
Lauren Kramer,29962,Brown,,,9.05,9.725,Saturday,23,3,2024
Lauren Mckeown,29962,Brown,9.75,,,,Saturday,23,3,2024
Lexi Bracher,29962,Southern Conn.,,,,9.6,Saturday,23,3,2024
Libby Allen,29962,Southern Conn.,,9.75,9.875,9.675,Saturday,23,3,2024
Lily Aucoin,29962,Yale,9.825,,,,Saturday,23,3,2024
Lily McFarland,29962,West Chester,,9.825,9.7,9.425,Saturday,23,3,2024
Lindsey Yang,29962,Brown,,9.35,,,Saturday,23,3,2024
Liza Marcus,29962,Brown,9.65,9.75,9.55,,Saturday,23,3,2024
Lola Sepulveda,29962,Bridgeport,9.625,9.8,9.7,9.7,Saturday,23,3,2024
Macarthy Keane,29962,West Chester,,9.725,,,Saturday,23,3,2024
Madeline Frazier,29962,William & Mary,,9.75,9.075,,Saturday,23,3,2024
Madison Whitaker,29962,West Chester,,9.775,,,Saturday,23,3,2024
Margaret Coyle,29962,Bridgeport,,,9.725,,Saturday,23,3,2024
Marissa Lassiter,29962,Pennsylvania,9.825,,9.85,9.575,Saturday,23,3,2024
Maya Davis,29962,Brown,9.75,,9.85,,Saturday,23,3,2024
McKenna Weiner,29962,Brown,9.325,9.575,,,Saturday,23,3,2024
Megan Brueck,29962,Yale,,,,9.725,Saturday,23,3,2024
Melanie Faulkner,29962,William & Mary,,9.65,9.7,,Saturday,23,3,2024
Melanie Stone,29962,Cornell,8.75,,,,Saturday,23,3,2024
Melina Ringas,29962,West Chester,9.675,,,,Saturday,23,3,2024
Meridith Donovan,29962,Yale,,9.0,,,Saturday,23,3,2024
Michaela Defranscisco,29962,Cornell,,,,9.625,Saturday,23,3,2024
Michelle Ngo,29962,William & Mary,,9.75,9.575,,Saturday,23,3,2024
Mikayla Burton,29962,Cornell,,9.8,,,Saturday,23,3,2024
Molly McAleavey,29962,Bridgeport,,8.8,,,Saturday,23,3,2024
Morgen Shambo,29962,Cornell,9.575,,,,Saturday,23,3,2024
Natalia Tehrani,29962,Cornell,9.65,9.725,,,Saturday,23,3,2024
Natalie Marshall,29962,West Chester,,8.9,,,Saturday,23,3,2024
Nova Staruk,29962,Bridgeport,,,9.45,9.75,Saturday,23,3,2024
Olivia Imbarlina,29962,Bridgeport,9.6,9.75,,,Saturday,23,3,2024
Regina Walton,29962,Cornell,,9.05,,,Saturday,23,3,2024
Rian Thompkins,29962,Bridgeport,,9.7,,,Saturday,23,3,2024
Samantha Nokes,29962,Bridgeport,9.725,,,,Saturday,23,3,2024
Samantha Wu,29962,Pennsylvania,,9.875,,,Saturday,23,3,2024
Sara Kenefick,29962,Pennsylvania,9.775,9.775,9.85,9.8,Saturday,23,3,2024
Sarah Eskew,29962,West Chester,9.85,9.75,9.725,9.775,Saturday,23,3,2024
Sarah Kuper,29962,William & Mary,9.775,9.65,,9.825,Saturday,23,3,2024
Sarah Wilson,29962,Yale,9.9,9.75,9.875,9.7,Saturday,23,3,2024
Sarah Wozniak,29962,William & Mary,9.325,,,,Saturday,23,3,2024
Savannah Lindley,29962,Bridgeport,,,,8.7,Saturday,23,3,2024
Sherry Wang,29962,Yale,9.775,,9.825,7.425,Saturday,23,3,2024
Skyelar Kerico,29962,Pennsylvania,9.85,9.9,9.875,9.675,Saturday,23,3,2024
Sofia Huang,29962,William & Mary,,,,9.725,Saturday,23,3,2024
Sophia Dewar,29962,Brown,9.625,,9.825,9.8,Saturday,23,3,2024
Sophia Paris,29962,Pennsylvania,9.875,,,,Saturday,23,3,2024
Sophia Ruecker,29962,Southern Conn.,9.375,,9.775,9.775,Saturday,23,3,2024
Summer Penzi,29962,William & Mary,,,9.35,,Saturday,23,3,2024
Sydney Beers,29962,Cornell,9.65,9.825,9.875,9.9,Saturday,23,3,2024
Tamyra Singletary,29962,Bridgeport,,,9.525,9.375,Saturday,23,3,2024
Tori Sipes,29962,William & Mary,9.75,,,,Saturday,23,3,2024
Zara Gazdak,29962,Pennsylvania,9.825,,9.8,,Saturday,23,3,2024
Alexis Ortega,29963,North Carolina State,9.9,9.85,,9.8,Saturday,23,3,2024
Amy Wozniak,29963,North Carolina,9.225,,9.8,,Saturday,23,3,2024
Arayah Simons,29963,Pittsburgh,9.875,,,9.7,Saturday,23,3,2024
Ashley Knight,29963,North Carolina State,,,9.9,9.9,Saturday,23,3,2024
Bella Miller,29963,North Carolina,,,9.85,,Saturday,23,3,2024
Brie Clark,29963,Clemson,,9.225,9.8,,Saturday,23,3,2024
Camryn Rueda,29963,North Carolina,,9.775,9.8,,Saturday,23,3,2024
Carla Ferzoco,29963,Pittsburgh,,9.75,,,Saturday,23,3,2024
Chloe Negrete,29963,North Carolina State,,9.95,9.975,9.85,Saturday,23,3,2024
Ciara Ward,29963,Pittsburgh,,,9.85,9.8,Saturday,23,3,2024
Cory Shinohara,29963,North Carolina,,,,9.75,Saturday,23,3,2024
Emily Shepard,29963,North Carolina State,9.925,9.9,9.95,9.725,Saturday,23,3,2024
Emily Todd,29963,Pittsburgh,9.85,9.75,9.725,,Saturday,23,3,2024
Eve Jackson,29963,Clemson,9.85,,9.875,9.325,Saturday,23,3,2024
Faith Lerro,29963,Pittsburgh,9.8,,,,Saturday,23,3,2024
Gwen Fink,29963,North Carolina,9.85,9.85,9.55,9.8,Saturday,23,3,2024
Hallie Copperwheat,29963,Pittsburgh,,9.9,9.875,,Saturday,23,3,2024
Hallie Thompson,29963,North Carolina,,9.775,,,Saturday,23,3,2024
Isabelle Schaefer,29963,North Carolina,9.925,,,,Saturday,23,3,2024
Jah'Liyah Bedminster,29963,Pittsburgh,9.9,,9.9,9.7,Saturday,23,3,2024
Jamie Shearer,29963,North Carolina,9.75,9.625,,,Saturday,23,3,2024
Jessica Naranjo,29963,North Carolina,,9.875,,,Saturday,23,3,2024
Jordyn Ewing,29963,Pittsburgh,9.825,9.85,9.95,,Saturday,23,3,2024
Julia Knower,29963,North Carolina,9.75,9.7,9.9,9.65,Saturday,23,3,2024
Kailee Adomaites,29963,North Carolina State,9.8,,,,Saturday,23,3,2024
Kaitlin DeGuzman,29963,Clemson,9.825,,,,Saturday,23,3,2024
Katie Harper,29963,North Carolina State,9.9,9.8,,,Saturday,23,3,2024
Katya Edwards,29963,North Carolina State,,,9.9,,Saturday,23,3,2024
Kaya Forbes,29963,North Carolina,,,9.875,9.8,Saturday,23,3,2024
Kaylee Larson,29963,Pittsburgh,,,9.775,,Saturday,23,3,2024
Kennedy Duke,29963,Pittsburgh,9.75,9.8,,9.75,Saturday,23,3,2024
Kielyn McCright,29963,Clemson,,9.875,,,Saturday,23,3,2024
Krista Zultevicz,29963,North Carolina State,,,9.775,9.8,Saturday,23,3,2024
Lali Dekanoidze,29963,North Carolina,9.95,,,9.75,Saturday,23,3,2024
Lauren Rutherford,29963,Clemson,9.0,,9.925,9.8,Saturday,23,3,2024
Lilly Lippeatt,29963,Clemson,9.9,9.875,9.875,,Saturday,23,3,2024
Macy Jennings,29963,North Carolina State,,9.9,,,Saturday,23,3,2024
Maddie Hall,29963,North Carolina State,,,9.825,,Saturday,23,3,2024
Madeline Reid,29963,North Carolina State,9.875,,,,Saturday,23,3,2024
Madison Minner,29963,Clemson,,,,9.875,Saturday,23,3,2024
Maggie Holman,29963,Clemson,,,,9.825,Saturday,23,3,2024
Meg Adler,29963,North Carolina State,,9.85,,9.8,Saturday,23,3,2024
Molly Arnold,29963,Clemson,,,9.95,9.85,Saturday,23,3,2024
Paige Prejean,29963,North Carolina,,,,9.775,Saturday,23,3,2024
Peyton Childs,29963,North Carolina State,9.775,,,,Saturday,23,3,2024
Quinn Kuhl,29963,Clemson,,9.8,,,Saturday,23,3,2024
Rebecca Wells,29963,Clemson,9.875,9.7,9.9,9.85,Saturday,23,3,2024
Reyna Garvey,29963,Pittsburgh,,9.75,,9.65,Saturday,23,3,2024
Shruthi Anand,29963,Pittsburgh,,,,9.7,Saturday,23,3,2024
Sierra Church,29963,Clemson,,9.2,,,Saturday,23,3,2024
Trinity Webb,29963,Clemson,9.775,,,,Saturday,23,3,2024
Adriana Popp,29970,Boise State,,9.925,,9.8,Saturday,23,3,2024
Alivia Ostendorf,29970,Utah State,,,9.85,9.8,Saturday,23,3,2024
Alyssa Vulaj,29970,Boise State,,9.85,9.725,9.75,Saturday,23,3,2024
Amari Evans,29970,Utah State,9.8,9.825,9.875,,Saturday,23,3,2024
Angel Stuart,29970,Utah State,,,9.85,9.725,Saturday,23,3,2024
Anna Ferguson,29970,Boise State,,9.725,9.5,,Saturday,23,3,2024
Avery Bibbey,29970,Utah State,9.85,,,,Saturday,23,3,2024
Ayla McKean,29970,Air Force,9.75,9.3,9.775,9.675,Saturday,23,3,2024
Blake Pascal,29970,Boise State,,,9.85,,Saturday,23,3,2024
Brantley Lucas,29970,Boise State,,,9.775,,Saturday,23,3,2024
Brianna Brooks,29970,Utah State,9.9,9.875,9.825,9.7,Saturday,23,3,2024
Carly Buell,29970,Boise State,9.75,,,,Saturday,23,3,2024
Chelsea Boyer,29970,Air Force,9.625,,,,Saturday,23,3,2024
Clara Wallace,29970,Air Force,9.7,9.825,9.6,9.725,Saturday,23,3,2024
Dani Kirstine,29970,Utah State,9.775,9.85,,,Saturday,23,3,2024
Devyn Valuch,29970,San Jose State,,,,9.7,Saturday,23,3,2024
Elaina McGovern,29970,Boise State,9.675,,9.85,9.725,Saturday,23,3,2024
Emily Lopez,29970,Boise State,9.85,9.9,,9.8,Saturday,23,3,2024
Emma Loyim,29970,Boise State,,9.95,9.9,9.725,Saturday,23,3,2024
Gabriella Hartley,29970,Air Force,,9.825,,9.65,Saturday,23,3,2024
Gabriella Meccia,29970,Air Force,,,9.825,9.725,Saturday,23,3,2024
Gianna Martyna,29970,Air Force,,,9.8,,Saturday,23,3,2024
Jada Mazury,29970,San Jose State,9.85,9.9,9.85,,Saturday,23,3,2024
Jaudai Lopes,29970,San Jose State,9.75,9.85,9.8,9.775,Saturday,23,3,2024
Jenna Eagles,29970,Utah State,,9.85,9.825,,Saturday,23,3,2024
Juliette Boyer,29970,Utah State,9.875,,,9.675,Saturday,23,3,2024
Katherine Weyhmiller,29970,San Jose State,9.875,9.775,9.75,,Saturday,23,3,2024
Kimberly Kinkade,29970,Air Force,9.725,9.775,,,Saturday,23,3,2024
Kylee Greene,29970,Air Force,,9.85,,,Saturday,23,3,2024
Kylee Hamby,29970,Boise State,9.8,,,,Saturday,23,3,2024
Lauren Macpherson,29970,San Jose State,9.775,9.9,9.8,9.8,Saturday,23,3,2024
Lexi Aragon,29970,Utah State,9.45,9.875,,,Saturday,23,3,2024
Madison Carlisle,29970,Air Force,9.725,,9.75,,Saturday,23,3,2024
Madison Kirsch,29970,San Jose State,,9.825,,9.775,Saturday,23,3,2024
Maggie Slife,29970,Air Force,9.85,9.8,9.875,9.825,Saturday,23,3,2024
Mahleea Werline,29970,Boise State,9.875,,,,Saturday,23,3,2024
Marissa Ashton,29970,San Jose State,,9.925,,,Saturday,23,3,2024
Mia Nelson,29970,San Jose State,,,9.9,9.825,Saturday,23,3,2024
Mikaela Pitts,29970,San Jose State,,,,9.7,Saturday,23,3,2024
Natasha Forrand,29970,San Jose State,,,9.65,,Saturday,23,3,2024
Nyla Morabito,29970,Utah State,,,9.875,9.775,Saturday,23,3,2024
Olivia Reardon,29970,San Jose State,9.75,,,,Saturday,23,3,2024
Payton Gatzlaff,29970,Utah State,,,,9.75,Saturday,23,3,2024
Sarah Willis,29970,Air Force,,,,8.7,Saturday,23,3,2024
Sophia Konieczny,29970,San Jose State,9.775,,,,Saturday,23,3,2024
Sydney Jelen,29970,Utah State,,9.775,,,Saturday,23,3,2024
Sydney Kho,29970,Boise State,,9.875,,9.8,Saturday,23,3,2024
Victoria Smirnov,29970,Boise State,9.8,,,,Saturday,23,3,2024
Abbie Thompson,29987,Denver,,9.625,,,Friday,5,1,2024
Abby Mueller,29987,Illinois,9.825,9.725,,9.775,Friday,5,1,2024
Alea Byrne,29987,Illinois,,,9.775,9.775,Friday,5,1,2024
Amelia Knight,29987,Illinois,9.8,9.75,,,Friday,5,1,2024
Arielle Ward,29987,Illinois,9.85,,9.675,9.775,Friday,5,1,2024
Bella Mabanta,29987,Denver,,9.925,9.825,9.8,Friday,5,1,2024
Caitlin McWilliams,29987,Washington,,,9.75,,Friday,5,1,2024
Chelsea Hallinan,29987,Washington,,9.875,,,Friday,5,1,2024
Deiah Moody,29987,Washington,9.75,9.6,,,Friday,5,1,2024
Destiny Denning,29987,Illinois,9.875,,,,Friday,5,1,2024
Devyn Valuch,29987,San Jose State,9.75,,,9.8,Friday,5,1,2024
Emily Innes,29987,Washington,,9.775,9.8,9.875,Friday,5,1,2024
Emily Pires,29987,Washington,,,9.8,,Friday,5,1,2024
Emma Schrady,29987,Washington,,,,9.725,Friday,5,1,2024
Jada Mazury,29987,San Jose State,9.875,,9.8,,Friday,5,1,2024
Jaudai Lopes,29987,San Jose State,9.325,9.625,9.525,9.775,Friday,5,1,2024
Jessica Hutchinson,29987,Denver,9.925,9.85,9.85,9.9,Friday,5,1,2024
Kadyn Fitzgibbon,29987,Illinois,,,9.8,,Friday,5,1,2024
Kaitlyn Ewald,29987,Illinois,9.825,9.075,9.75,,Friday,5,1,2024
Katherine Weyhmiller,29987,San Jose State,9.85,8.925,9.625,,Friday,5,1,2024
Kiley Rorich,29987,Denver,9.825,,9.8,,Friday,5,1,2024
Kristin Lin,29987,Washington,9.775,,9.675,9.6,Friday,5,1,2024
Lana Navarro,29987,Washington,,8.9,9.775,9.825,Friday,5,1,2024
Lauren Macpherson,29987,San Jose State,9.5,9.775,9.8,9.775,Friday,5,1,2024
Lilly Tubbs,29987,Washington,9.825,,,9.75,Friday,5,1,2024
Maddie Viltolo,29987,Illinois,,,,9.75,Friday,5,1,2024
Maddison Reidenbach,29987,Denver,,,9.775,,Friday,5,1,2024
Madison Kirsch,29987,San Jose State,,9.7,,9.85,Friday,5,1,2024
Madison Ulrich,29987,Denver,9.85,9.775,9.8,9.9,Friday,5,1,2024
Marissa Ashton,29987,San Jose State,,9.825,,,Friday,5,1,2024
Mia Hebinck,29987,Denver,9.85,,,,Friday,5,1,2024
Mia Nelson,29987,San Jose State,,9.725,9.775,9.725,Friday,5,1,2024
Mia Takekawa,29987,Illinois,9.725,9.9,9.725,9.825,Friday,5,1,2024
Mia Townes,29987,Illinois,,9.7,9.8,,Friday,5,1,2024
Mikaela Pitts,29987,San Jose State,,,,9.725,Friday,5,1,2024
Mila Brusch,29987,Denver,,,,9.8,Friday,5,1,2024
Momoko Iwai,29987,Denver,,9.825,,,Friday,5,1,2024
Natasha Forrand,29987,San Jose State,,,9.625,,Friday,5,1,2024
Olivia Coppola,29987,Illinois,,,,9.775,Friday,5,1,2024
Olivia Oppegard,29987,Washington,9.85,,,,Friday,5,1,2024
Rosie Casali,29987,Denver,9.8,9.825,9.625,9.825,Friday,5,1,2024
Ruthuja Nataraj,29987,Illinois,,9.8,,,Friday,5,1,2024
Rylie Mundell,29987,Denver,9.9,,,9.825,Friday,5,1,2024
Skylar Killough-Wilhelm,29987,Washington,8.95,9.85,9.8,9.85,Friday,5,1,2024
Sophia Konieczny,29987,San Jose State,9.775,,,,Friday,5,1,2024
Taylor Russon,29987,Washington,8.75,9.8,,,Friday,5,1,2024
Annie Reigert,29992,Kentucky,9.85,,,,Friday,5,1,2024
Arianna Patterson,29992,Kentucky,,9.05,,9.8,Friday,5,1,2024
Audrey Davis,29992,Oklahoma,9.9,9.875,9.875,9.85,Friday,5,1,2024
Bailey Bunn,29992,Kentucky,9.85,9.825,,,Friday,5,1,2024
Baleigh Garcia,29992,Michigan State,,9.175,,,Friday,5,1,2024
Cadence Gormley,29992,Kentucky,,9.8,,,Friday,5,1,2024
Carly Bauman,29992,Michigan,9.9,9.525,9.825,,Friday,5,1,2024
Cecily Rizo,29992,Kentucky,,,,9.8,Friday,5,1,2024
Creslyn Brose,29992,Kentucky,,,9.825,,Friday,5,1,2024
Danae Fletcher,29992,Oklahoma,9.9,,9.875,,Friday,5,1,2024
Delanie Harkness,29992,Michigan State,9.95,9.625,9.725,,Friday,5,1,2024
Delaynee Rodriguez,29992,Kentucky,9.825,9.875,9.8,9.85,Friday,5,1,2024
Elle Beaufait,29992,Michigan State,,,9.8,,Friday,5,1,2024
Faith Torrez,29992,Oklahoma,9.95,9.95,9.875,9.85,Friday,5,1,2024
Gabby Wilson,29992,Michigan,9.9,9.9,9.9,9.75,Friday,5,1,2024
Gabi Ortiz,29992,Michigan State,,,,9.775,Friday,5,1,2024
Gabrielle Stephen,29992,Michigan State,9.875,9.85,9.75,9.725,Friday,5,1,2024
Giana Kalefe,29992,Michigan State,,9.75,,,Friday,5,1,2024
Hailey Davis,29992,Kentucky,9.8,,9.8,,Friday,5,1,2024
Hannah Scheible,29992,Oklahoma,,,,9.9,Friday,5,1,2024
Haylen Zabrowski,29992,Michigan,9.6,,,,Friday,5,1,2024
Isabella Magnelli,29992,Kentucky,,9.7,9.75,9.8,Friday,5,1,2024
Jacey Vore,29992,Michigan,9.85,9.225,,,Friday,5,1,2024
Jenna Mulligan,29992,Michigan,,9.8,9.6,9.775,Friday,5,1,2024
Jillian Procasky,29992,Kentucky,9.85,,,,Friday,5,1,2024
Jordan Bowers,29992,Oklahoma,9.9,9.875,9.925,9.9,Friday,5,1,2024
Katherine LeVasseur,29992,Oklahoma,9.925,9.825,9.85,9.8,Friday,5,1,2024
Keira Wells,29992,Oklahoma,,9.825,,9.85,Friday,5,1,2024
MaKayla Tucker,29992,Michigan State,,,9.775,9.75,Friday,5,1,2024
Makenzie Wilson,29992,Kentucky,,,9.725,9.95,Friday,5,1,2024
Naomi Morrison,29992,Michigan,9.8,9.575,9.775,9.825,Friday,5,1,2024
Nikki Smith,29992,Michigan State,9.925,9.7,9.75,9.8,Friday,5,1,2024
Olivia Zsarmani,29992,Michigan State,9.85,,,9.875,Friday,5,1,2024
Paige Thaxton,29992,Michigan,,,,9.65,Friday,5,1,2024
Raena Worley,29992,Kentucky,9.975,9.9,9.875,9.875,Friday,5,1,2024
Ragan Smith,29992,Oklahoma,9.95,9.95,9.75,,Friday,5,1,2024
Reyna Guggino,29992,Michigan,,,9.7,9.85,Friday,5,1,2024
Sage Kellerman,29992,Michigan State,9.85,,,10.0,Friday,5,1,2024
Sierra Brooks,29992,Michigan,9.9,9.8,9.85,9.675,Friday,5,1,2024
Skyla Schulte,29992,Michigan State,9.325,9.875,9.775,,Friday,5,1,2024
Andi Li,29998,California,9.9,9.55,,9.825,Saturday,6,1,2024
Aria Brusch,29998,Auburn,9.8,9.8,9.8,,Saturday,6,1,2024
Brooklyn Moors,29998,UCLA,,,9.95,,Saturday,6,1,2024
Bryn Bartman,29998,Auburn,9.325,,,,Saturday,6,1,2024
Cameron Machado,29998,Alabama,9.925,,9.825,,Saturday,6,1,2024
Casey Brown,29998,California,,,,9.8,Saturday,6,1,2024
Cassie Stevens,29998,Auburn,9.925,9.75,9.9,9.775,Saturday,6,1,2024
Chae Campbell,29998,UCLA,9.8,8.75,9.925,9.95,Saturday,6,1,2024
Chloe LaCoursiere,29998,Alabama,9.9,,,9.775,Saturday,6,1,2024
Ciena Alipio,29998,UCLA,,9.125,,,Saturday,6,1,2024
Ella Burgess,29998,Alabama,,9.775,9.8,,Saturday,6,1,2024
Ella Cesario,29998,California,9.9,9.675,9.8,9.725,Saturday,6,1,2024
Emily Lee,29998,UCLA,,9.9,9.8,9.825,Saturday,6,1,2024
Emma Malabuyo,29998,UCLA,9.85,9.8,9.8,,Saturday,6,1,2024
Frida Esparza,29998,UCLA,9.375,,,,Saturday,6,1,2024
Gabby Gladieux,29998,Alabama,,9.825,9.975,9.775,Saturday,6,1,2024
Gabby McLaughlin,29998,Auburn,9.8,9.85,9.775,,Saturday,6,1,2024
Gabby Perea,29998,California,9.95,9.825,9.75,,Saturday,6,1,2024
Hannah Hagle,29998,Auburn,,8.95,,,Saturday,6,1,2024
Jamison Sears,29998,Alabama,,,,9.85,Saturday,6,1,2024
Jordan Kane,29998,California,,,9.725,,Saturday,6,1,2024
Julianne Huff,29998,Auburn,,,9.85,9.8,Saturday,6,1,2024
Karis German,29998,Alabama,,,,9.9,Saturday,6,1,2024
Katelyn Rosen,29998,UCLA,9.8,9.825,,,Saturday,6,1,2024
Lilly Hudson,29998,Alabama,,9.7,9.8,9.85,Saturday,6,1,2024
Luisa Blanco,29998,Alabama,9.95,9.875,9.825,9.9,Saturday,6,1,2024
Madelyn Williams,29998,California,9.95,9.85,9.725,9.9,Saturday,6,1,2024
Madisyn Anyimi,29998,UCLA,,,,9.725,Saturday,6,1,2024
Makarri Doggette,29998,Alabama,9.875,,,,Saturday,6,1,2024
Margzetta Frazier,29998,UCLA,9.875,,,,Saturday,6,1,2024
Mya Lauzon,29998,California,9.825,9.9,9.925,9.95,Saturday,6,1,2024
Natalia Pawlak,29998,Alabama,9.775,,,,Saturday,6,1,2024
Nya Reed,29998,UCLA,,,9.9,9.85,Saturday,6,1,2024
Olivia Hollingsworth,29998,Auburn,9.9,9.85,9.9,9.8,Saturday,6,1,2024
Paige Anastasi,29998,UCLA,,,,9.825,Saturday,6,1,2024
Rachel Rybicki,29998,Alabama,,9.225,,,Saturday,6,1,2024
Sara Hubbard,29998,Auburn,,,,9.875,Saturday,6,1,2024
Selena Harris-Miranda,29998,UCLA,9.95,9.8,9.925,9.875,Saturday,6,1,2024
Shania Adams,29998,Alabama,9.875,9.9,9.825,,Saturday,6,1,2024
Sophia Groth,29998,Auburn,9.9,9.725,9.8,9.75,Saturday,6,1,2024
Sydney Schumaker,29998,Auburn,,,,9.8,Saturday,6,1,2024
eMjae Frazier,29998,California,9.85,9.6,9.925,9.85,Saturday,6,1,2024
Alex Routsis,30000,Southern Utah,9.85,,,,Saturday,6,1,2024
Allix Mason,30000,BYU,9.875,9.625,,,Saturday,6,1,2024
Aly Coutu,30000,Southern Utah,,9.75,,,Saturday,6,1,2024
Alyssa Fernandez,30000,Southern Utah,,9.775,9.725,,Saturday,6,1,2024
Anna Bramblett-Wilde,30000,BYU,9.875,,,9.725,Saturday,6,1,2024
Anyssa Alvarado,30000,BYU,9.95,,,,Saturday,6,1,2024
Ariana Young,30000,Oregon State,,9.825,9.825,,Saturday,6,1,2024
Aubri Schwartze,30000,Southern Utah,9.9,9.85,9.775,,Saturday,6,1,2024
Ava Jorgensen,30000,BYU,,,,9.875,Saturday,6,1,2024
Brinlee Christensen,30000,Southern Utah,9.8,,9.0,,Saturday,6,1,2024
Brooklyn Rowray,30000,Minnesota,,9.975,,,Saturday,6,1,2024
Brynlee Andersen,30000,BYU,,9.775,,,Saturday,6,1,2024
Elease Rollins,30000,BYU,,9.575,,,Saturday,6,1,2024
Eliza Millar-Crossman,30000,BYU,,9.75,,,Saturday,6,1,2024
Ella Sirjord,30000,Minnesota,9.875,,,,Saturday,6,1,2024
Ellie Cacciola,30000,Southern Utah,,9.775,9.7,9.85,Saturday,6,1,2024
Ellie Weaver,30000,Oregon State,9.8,9.325,9.875,,Saturday,6,1,2024
Emily Koch,30000,Minnesota,,9.8,9.85,,Saturday,6,1,2024
Gianna Gerdes,30000,Minnesota,9.9,9.875,9.875,9.775,Saturday,6,1,2024
Isabella Neff,30000,Southern Utah,9.875,,,,Saturday,6,1,2024
Jade Carey,30000,Oregon State,9.975,9.9,,,Saturday,6,1,2024
Jennifer McMillan,30000,Oregon State,9.95,,,,Saturday,6,1,2024
Jordyn Lyden,30000,Minnesota,9.825,,,,Saturday,6,1,2024
Kaitlin Garcia,30000,Oregon State,,,9.875,9.775,Saturday,6,1,2024
Katie Horak,30000,Minnesota,,9.85,,,Saturday,6,1,2024
Kayla Pardue,30000,Southern Utah,,,,9.8,Saturday,6,1,2024
Kennedi McClain,30000,Southern Utah,,9.775,,9.75,Saturday,6,1,2024
Kylie Eaquinto,30000,BYU,9.85,,9.65,9.825,Saturday,6,1,2024
Lauren Pearl,30000,Minnesota,,9.775,9.8,9.8,Saturday,6,1,2024
Linsey Hunter-Kempler,30000,BYU,9.875,,,,Saturday,6,1,2024
Marissa Jencks,30000,Minnesota,9.75,,9.75,9.825,Saturday,6,1,2024
Mina Margraf-Benson,30000,BYU,,9.7,9.5,,Saturday,6,1,2024
Mya Hooten,30000,Minnesota,9.875,,9.875,9.875,Saturday,6,1,2024
Mya Kirkham,30000,BYU,,,9.8,9.8,Saturday,6,1,2024
Natalie Briones,30000,Oregon State,9.9,,9.8,9.65,Saturday,6,1,2024
Niya Randolph,30000,Southern Utah,9.875,9.775,9.825,9.825,Saturday,6,1,2024
Olivia Buckner,30000,Oregon State,,9.125,,9.7,Saturday,6,1,2024
Olivia Matern,30000,BYU,,,9.7,,Saturday,6,1,2024
Sage Thompson,30000,Oregon State,9.9,,9.85,9.85,Saturday,6,1,2024
Sarah Moraw,30000,Minnesota,,9.85,,9.775,Saturday,6,1,2024
Seria Johnson,30000,Minnesota,,,9.775,,Saturday,6,1,2024
Sophia Esposito,30000,Oregon State,,9.825,9.625,9.85,Saturday,6,1,2024
Sophia Nguyen,30000,Minnesota,9.8,,,9.75,Saturday,6,1,2024
Sophie Dudley,30000,BYU,,9.75,9.725,9.85,Saturday,6,1,2024
Sydney Benson,30000,BYU,9.8,,9.775,9.875,Saturday,6,1,2024
Sydney Gonzales,30000,Oregon State,,9.85,,9.775,Saturday,6,1,2024
Taylor DeVries,30000,Oregon State,9.9,,,,Saturday,6,1,2024
Taylor Gull,30000,Southern Utah,,,9.7,9.8,Saturday,6,1,2024
Trista Goodman,30000,Southern Utah,9.325,,,9.775,Saturday,6,1,2024
Aaliyah Gilmore,30022,Texas Woman's,9.575,,,,Friday,12,4,2024
Abigail Kenney,30022,Bridgeport,9.075,9.775,9.2,9.75,Friday,12,4,2024
Addy Rothstein,30022,Cornell,9.6,,9.6,9.675,Friday,12,4,2024
Alexa Chuy,30022,Talladega,9.475,9.5,9.825,9.6,Friday,12,4,2024
Alexa Melanson,30022,Southern Conn.,,,9.775,,Friday,12,4,2024
Alexandra Quiana,30022,Cornell,,9.525,9.85,,Friday,12,4,2024
Aliyah Reed-Hammon,30022,Fisk,,,,9.75,Friday,12,4,2024
Allie Berkley,30022,Lindenwood,,,,9.65,Friday,12,4,2024
Alondra Maldonado,30022,Talladega,,9.8,9.15,,Friday,12,4,2024
Amy Foret,30022,Centenary College,,9.025,,9.475,Friday,12,4,2024
Angel Lee,30022,Southern Conn.,,9.75,,,Friday,12,4,2024
Angela Xing,30022,Brown,,9.1,9.8,9.75,Friday,12,4,2024
Angelina Stanfa,30022,Southern Conn.,,9.1,,,Friday,12,4,2024
Aniyah Taylor,30022,Fisk,,9.7,,,Friday,12,4,2024
Asta-Sollilja Farrell,30022,Brown,9.825,,,,Friday,12,4,2024
Audrey Arnold,30022,Southern Conn.,9.55,,,,Friday,12,4,2024
Ava Kelly,30022,Southern Conn.,,,9.85,9.475,Friday,12,4,2024
Avery Byun,30022,Cornell,,9.775,,9.6,Friday,12,4,2024
Ayla McKean,30022,Air Force,9.65,9.675,9.0,9.575,Friday,12,4,2024
Brianna Dorr,30022,Southern Conn.,,,,9.7,Friday,12,4,2024
Bridget Sullivan,30022,West Chester,,,,9.6,Friday,12,4,2024
Brooke Ferrari,30022,Texas Woman's,9.8,,,,Friday,12,4,2024
Caitlyn Walsh,30022,Cornell,,,9.825,,Friday,12,4,2024
Cami Whitaker,30022,Cornell,,,9.8,9.625,Friday,12,4,2024
Caroline Bowns,30022,Texas Woman's,9.2,,,,Friday,12,4,2024
Caroline Cascadden,30022,West Chester,,9.775,9.85,,Friday,12,4,2024
Catherine Aucoin,30022,Bridgeport,9.4,,9.6,,Friday,12,4,2024
Chelsea Boyer,30022,Air Force,9.625,,,,Friday,12,4,2024
Clara Wallace,30022,Air Force,9.625,9.825,9.725,9.6,Friday,12,4,2024
Corinne Gruber,30022,West Chester,,,8.9,9.6,Friday,12,4,2024
Daisy Woodring,30022,Texas Woman's,,9.75,9.7,9.65,Friday,12,4,2024
Emiley Kahl,30022,Southern Conn.,,9.45,,,Friday,12,4,2024
Emily Ford,30022,Brown,,9.325,,8.975,Friday,12,4,2024
Emily Six,30022,Texas Woman's,,9.825,9.75,,Friday,12,4,2024
Emma Brkljacic,30022,Texas Woman's,,9.6,,9.75,Friday,12,4,2024
Erica Beyer,30022,Southern Conn.,,,9.825,,Friday,12,4,2024
Gabriela Dinisoe,30022,Southern Conn.,9.575,9.575,,,Friday,12,4,2024
Gabriella Hartley,30022,Air Force,,9.75,,9.625,Friday,12,4,2024
Gabriella Meccia,30022,Air Force,,,9.6,9.725,Friday,12,4,2024
Gayla Griswold,30022,Lindenwood,,,9.875,9.75,Friday,12,4,2024
Gianna Martyna,30022,Air Force,,,9.8,,Friday,12,4,2024
Gigi Mastellone,30022,Southern Conn.,9.85,,,,Friday,12,4,2024
Hanna Zebdi,30022,Southern Conn.,,,9.7,,Friday,12,4,2024
Hannah Appleget,30022,Lindenwood,9.875,9.725,,9.75,Friday,12,4,2024
Hannah Moon,30022,Lindenwood,9.725,9.75,,,Friday,12,4,2024
Hyla Betts,30022,West Chester,9.55,,,,Friday,12,4,2024
Isabel Plaza,30022,Centenary College,,,,9.525,Friday,12,4,2024
Jada Reece,30022,Fisk,,,9.8,,Friday,12,4,2024
Jaidan Kossuth,30022,Lindenwood,,9.025,,,Friday,12,4,2024
Jaly Jones,30022,Lindenwood,9.725,9.8,9.875,9.75,Friday,12,4,2024
Jamilia Duffus,30022,Talladega,9.625,,,9.65,Friday,12,4,2024
Jayci Jordan,30022,Southern Conn.,9.775,,,,Friday,12,4,2024
Jessica Lin,30022,Brown,,9.2,,9.55,Friday,12,4,2024
Jordan Coleman,30022,West Chester,9.775,,,9.55,Friday,12,4,2024
Josie Moylan,30022,Cornell,8.725,,9.85,9.425,Friday,12,4,2024
Julia Bedell,30022,Brown,,,9.05,9.8,Friday,12,4,2024
Kaitlyn Hoiland,30022,Texas Woman's,9.775,9.775,,9.85,Friday,12,4,2024
Kami Zarlengo,30022,Texas Woman's,9.8,,,9.1,Friday,12,4,2024
Kaylee Cooper,30022,Lindenwood,9.775,,,,Friday,12,4,2024
Kiley Fred,30022,West Chester,,,9.7,,Friday,12,4,2024
Kimberly Kinkade,30022,Air Force,,9.8,,,Friday,12,4,2024
Kiora Peart-Williams,30022,Talladega,9.6,,,9.825,Friday,12,4,2024
Kristina Rodriguez,30022,West Chester,9.6,,9.825,9.625,Friday,12,4,2024
Krystin Johnson,30022,Talladega,9.425,9.825,9.875,9.925,Friday,12,4,2024
Kylee Greene,30022,Air Force,,9.85,,,Friday,12,4,2024
Kylie Sitty,30022,Southern Conn.,9.525,,9.825,9.75,Friday,12,4,2024
Lainey Hunt,30022,Texas Woman's,9.675,,,,Friday,12,4,2024
Landyn Williams,30022,Talladega,,,9.8,9.625,Friday,12,4,2024
Lauren Kramer,30022,Brown,,9.8,9.8,9.65,Friday,12,4,2024
Lauren Mckeown,30022,Brown,8.8,,,,Friday,12,4,2024
Lauren Wicker,30022,West Chester,9.525,,,,Friday,12,4,2024
Libby Allen,30022,Southern Conn.,,9.7,,9.575,Friday,12,4,2024
Liberty Mora,30022,Fisk,,9.8,,,Friday,12,4,2024
Lily McFarland,30022,West Chester,,9.8,9.775,9.6,Friday,12,4,2024
Liza Marcus,30022,Brown,9.725,9.775,9.575,,Friday,12,4,2024
Lola Sepulveda,30022,Bridgeport,9.65,9.75,9.7,9.725,Friday,12,4,2024
Macarthy Keane,30022,West Chester,,9.675,,,Friday,12,4,2024
Madeline Gose,30022,Texas Woman's,,,9.8,,Friday,12,4,2024
Madison Carlisle,30022,Air Force,9.7,,,,Friday,12,4,2024
Madison Rush,30022,Lindenwood,,9.65,,,Friday,12,4,2024
Madison Whitaker,30022,West Chester,,9.675,,,Friday,12,4,2024
Maggie Slife,30022,Air Force,9.85,9.7,9.875,9.6,Friday,12,4,2024
Maya Davis,30022,Brown,9.75,,9.9,,Friday,12,4,2024
McKenna Weiner,30022,Brown,9.225,9.7,,,Friday,12,4,2024
Melanie Stone,30022,Cornell,9.575,,,,Friday,12,4,2024
Melina Ringas,30022,West Chester,9.7,,,,Friday,12,4,2024
Michaela Defranscisco,30022,Cornell,,,,9.575,Friday,12,4,2024
Mikayla Burton,30022,Cornell,,9.825,,,Friday,12,4,2024
Molly McAleavey,30022,Bridgeport,,9.525,,,Friday,12,4,2024
Morgan Price,30022,Fisk,9.85,9.725,9.85,9.8,Friday,12,4,2024
Morgen Shambo,30022,Cornell,9.625,,,,Friday,12,4,2024
Natalia Tehrani,30022,Cornell,9.25,9.525,,,Friday,12,4,2024
Natalie Marshall,30022,West Chester,,8.675,,,Friday,12,4,2024
Nya Kraus,30022,Lindenwood,9.825,9.875,,,Friday,12,4,2024
Olivia Imbarlina,30022,Bridgeport,8.675,9.175,,,Friday,12,4,2024
Olivia Williams,30022,Centenary College,,,9.75,,Friday,12,4,2024
Reagan Jones,30022,Lindenwood,,,9.05,,Friday,12,4,2024
Reese Baechle,30022,Lindenwood,9.7,,9.825,9.85,Friday,12,4,2024
Regina Walton,30022,Cornell,,9.7,,,Friday,12,4,2024
Rylie Molina,30022,Centenary College,,9.025,,,Friday,12,4,2024
Samantha Nokes,30022,Bridgeport,9.475,,,,Friday,12,4,2024
Sarah Eskew,30022,West Chester,9.725,9.65,9.725,9.75,Friday,12,4,2024
Sarah Willis,30022,Air Force,,,9.05,9.7,Friday,12,4,2024
Simone Evans,30022,Lindenwood,,,9.825,,Friday,12,4,2024
Sophia Dewar,30022,Brown,8.3,,9.85,9.725,Friday,12,4,2024
Sophia Isbell,30022,Texas Woman's,,,9.8,9.825,Friday,12,4,2024
Sophia Ruecker,30022,Southern Conn.,8.7,,9.775,9.525,Friday,12,4,2024
Sophie Hernandez,30022,Texas Woman's,,9.8,9.75,,Friday,12,4,2024
Sophie Schmitz,30022,Centenary College,9.5,,,9.55,Friday,12,4,2024
Steelie King,30022,Texas Woman's,,9.75,9.725,9.75,Friday,12,4,2024
Sydney Beers,30022,Cornell,8.825,9.825,9.9,9.8,Friday,12,4,2024
Sydney Lopez,30022,Lindenwood,,,9.8,,Friday,12,4,2024
Tamyra Singletary,30022,Bridgeport,,,9.675,,Friday,12,4,2024
Trinity Caffey,30022,Lindenwood,,,,9.675,Friday,12,4,2024
Velandra Brochi,30022,Air Force,9.575,,,,Friday,12,4,2024
Aaliyah Gilmore,30034,Texas Woman's,9.7,,,,Saturday,13,4,2024
Allie Berkley,30034,Lindenwood,,,,9.825,Saturday,13,4,2024
Ayla McKean,30034,Air Force,9.825,9.675,9.65,9.7,Saturday,13,4,2024
Bridget Sullivan,30034,West Chester,,,9.675,9.5,Saturday,13,4,2024
Brooke Ferrari,30034,Texas Woman's,9.85,,,,Saturday,13,4,2024
Caroline Bowns,30034,Texas Woman's,9.725,,,,Saturday,13,4,2024
Caroline Cascadden,30034,West Chester,,9.7,9.75,,Saturday,13,4,2024
Chelsea Boyer,30034,Air Force,9.725,,,,Saturday,13,4,2024
Clara Wallace,30034,Air Force,9.75,9.875,,9.725,Saturday,13,4,2024
Corinne Gruber,30034,West Chester,,,,9.575,Saturday,13,4,2024
Daisy Woodring,30034,Texas Woman's,,9.45,9.775,9.85,Saturday,13,4,2024
Emily Six,30034,Texas Woman's,,9.775,9.625,,Saturday,13,4,2024
Emma Brkljacic,30034,Texas Woman's,,9.875,,9.825,Saturday,13,4,2024
Gabriella Hartley,30034,Air Force,,9.625,,9.725,Saturday,13,4,2024
Gabriella Meccia,30034,Air Force,,,9.625,9.525,Saturday,13,4,2024
Gayla Griswold,30034,Lindenwood,,,9.775,9.85,Saturday,13,4,2024
Gianna Martyna,30034,Air Force,,,9.65,,Saturday,13,4,2024
Hannah Appleget,30034,Lindenwood,9.85,9.8,,9.725,Saturday,13,4,2024
Hannah Moon,30034,Lindenwood,9.9,9.325,,,Saturday,13,4,2024
Hyla Betts,30034,West Chester,9.65,,,,Saturday,13,4,2024
Jaidan Kossuth,30034,Lindenwood,,9.7,,,Saturday,13,4,2024
Jaly Jones,30034,Lindenwood,9.825,9.725,9.825,9.7,Saturday,13,4,2024
Jordan Coleman,30034,West Chester,9.875,,,9.55,Saturday,13,4,2024
Kaitlyn Hoiland,30034,Texas Woman's,9.85,9.825,,9.9,Saturday,13,4,2024
Kami Zarlengo,30034,Texas Woman's,9.7,,,9.725,Saturday,13,4,2024
Karah Vargo,30034,West Chester,,,,9.5,Saturday,13,4,2024
Kaylee Cooper,30034,Lindenwood,9.9,,,,Saturday,13,4,2024
Kiley Fred,30034,West Chester,,,9.35,,Saturday,13,4,2024
Kimberly Kinkade,30034,Air Force,,9.525,,,Saturday,13,4,2024
Kristina Rodriguez,30034,West Chester,9.7,,9.8,9.475,Saturday,13,4,2024
Kylee Greene,30034,Air Force,,9.825,,,Saturday,13,4,2024
Lainey Hunt,30034,Texas Woman's,9.7,,,,Saturday,13,4,2024
Lauren Wicker,30034,West Chester,9.625,,,,Saturday,13,4,2024
Lily McFarland,30034,West Chester,,9.725,9.7,,Saturday,13,4,2024
Macarthy Keane,30034,West Chester,,9.525,,,Saturday,13,4,2024
Madeline Gose,30034,Texas Woman's,,,9.775,,Saturday,13,4,2024
Madison Carlisle,30034,Air Force,9.8,,9.65,,Saturday,13,4,2024
Madison Rush,30034,Lindenwood,,9.575,,,Saturday,13,4,2024
Madison Whitaker,30034,West Chester,,9.65,,,Saturday,13,4,2024
Maggie Slife,30034,Air Force,9.9,9.85,9.8,9.825,Saturday,13,4,2024
Melina Ringas,30034,West Chester,9.7,,,,Saturday,13,4,2024
Natalie Marshall,30034,West Chester,,9.7,,,Saturday,13,4,2024
Nya Kraus,30034,Lindenwood,9.875,9.675,9.85,,Saturday,13,4,2024
Reese Baechle,30034,Lindenwood,9.85,,9.775,9.75,Saturday,13,4,2024
Sarah Eskew,30034,West Chester,9.75,9.4,9.75,9.75,Saturday,13,4,2024
Sarah Willis,30034,Air Force,,,,9.625,Saturday,13,4,2024
Simone Evans,30034,Lindenwood,,,9.725,,Saturday,13,4,2024
Sophia Isbell,30034,Texas Woman's,,,9.725,9.85,Saturday,13,4,2024
Sophie Hernandez,30034,Texas Woman's,,9.675,9.85,,Saturday,13,4,2024
Steelie King,30034,Texas Woman's,,9.1,9.725,9.75,Saturday,13,4,2024
Trinity Caffey,30034,Lindenwood,,,9.7,9.75,Saturday,13,4,2024
Velandra Brochi,30034,Air Force,9.675,,9.65,,Saturday,13,4,2024
Abigail Kenney,30046,Bridgeport,,,,9.738,Sunday,14,4,2024
Alexandra Quiana,30046,Cornell,,,9.838,,Sunday,14,4,2024
Alondra Maldonado,30046,Talladega,,9.8,,,Sunday,14,4,2024
Angela Xing,30046,Brown,,,,9.688,Sunday,14,4,2024
Asta-Sollilja Farrell,30046,Brown,9.838,,,,Sunday,14,4,2024
Ava Kelly,30046,Southern Conn.,,,9.75,,Sunday,14,4,2024
Brooke Ferrari,30046,Texas Woman's,9.762,,,,Sunday,14,4,2024
Clara Wallace,30046,Air Force,,9.887,,,Sunday,14,4,2024
Emily Six,30046,Texas Woman's,,9.613,,,Sunday,14,4,2024
Gayla Griswold,30046,Lindenwood,,,9.863,9.8,Sunday,14,4,2024
Gigi Mastellone,30046,Southern Conn.,9.8,,,,Sunday,14,4,2024
Jaly Jones,30046,Lindenwood,,9.787,9.825,9.637,Sunday,14,4,2024
Jordan Coleman,30046,West Chester,9.887,,,,Sunday,14,4,2024
Josie Moylan,30046,Cornell,,,9.825,,Sunday,14,4,2024
Julia Bedell,30046,Brown,,,,9.787,Sunday,14,4,2024
Kaitlyn Hoiland,30046,Texas Woman's,,,,9.825,Sunday,14,4,2024
Kami Zarlengo,30046,Texas Woman's,9.8,,,,Sunday,14,4,2024
Kaylee Cooper,30046,Lindenwood,9.813,,,,Sunday,14,4,2024
Krystin Johnson,30046,Talladega,,9.275,,9.875,Sunday,14,4,2024
Kylee Greene,30046,Air Force,,9.813,,,Sunday,14,4,2024
Lauren Kramer,30046,Brown,,9.8,,,Sunday,14,4,2024
Libby Allen,30046,Southern Conn.,,,9.8,,Sunday,14,4,2024
Lily McFarland,30046,West Chester,,9.725,,,Sunday,14,4,2024
Maggie Slife,30046,Air Force,9.838,,9.9,,Sunday,14,4,2024
Maya Davis,30046,Brown,,,9.525,,Sunday,14,4,2024
Mikayla Burton,30046,Cornell,,9.8,,,Sunday,14,4,2024
Morgan Price,30046,Fisk,9.825,,9.8,9.675,Sunday,14,4,2024
Nya Kraus,30046,Lindenwood,9.838,9.662,,,Sunday,14,4,2024
Olivia Williams,30046,Centenary College,,,9.662,,Sunday,14,4,2024
Reese Baechle,30046,Lindenwood,,,,9.6,Sunday,14,4,2024
Sarah Eskew,30046,West Chester,,,,9.3,Sunday,14,4,2024
Sophia Dewar,30046,Brown,,,9.787,,Sunday,14,4,2024
Sophia Isbell,30046,Texas Woman's,,,,9.775,Sunday,14,4,2024
Sydney Beers,30046,Cornell,,9.787,9.838,9.825,Sunday,14,4,2024
Alexis Hankins,30068,Ohio State,9.825,9.8,,,Saturday,16,3,2024
Aliyah Reed-Hammon,30068,Fisk,,9.575,9.65,9.775,Saturday,16,3,2024
Aniyah Taylor,30068,Fisk,9.575,9.075,,,Saturday,16,3,2024
Aria Brusch,30068,Auburn,9.95,9.85,9.9,,Saturday,16,3,2024
Arianna Patterson,30068,Kentucky,,9.325,,9.875,Saturday,16,3,2024
Bailey Bunn,30068,Kentucky,9.925,9.925,,,Saturday,16,3,2024
Breyana Daniels,30068,Fisk,,,,9.45,Saturday,16,3,2024
Cassie Stevens,30068,Auburn,9.9,9.925,9.875,9.95,Saturday,16,3,2024
Cecily Rizo,30068,Kentucky,9.825,,,9.725,Saturday,16,3,2024
Ciniah Rosby,30068,Fisk,9.3,9.675,,9.7,Saturday,16,3,2024
Courtney McCann,30068,Ohio State,,8.875,,,Saturday,16,3,2024
Creslyn Brose,30068,Kentucky,,9.9,9.975,,Saturday,16,3,2024
Delaynee Rodriguez,30068,Kentucky,9.8,9.825,9.8,,Saturday,16,3,2024
Ella Hodges,30068,Ohio State,,9.375,9.95,,Saturday,16,3,2024
Gabby McLaughlin,30068,Auburn,9.825,9.925,9.925,,Saturday,16,3,2024
Hailey Davis,30068,Kentucky,9.875,,9.925,,Saturday,16,3,2024
Isabella Magnelli,30068,Kentucky,,9.925,9.8,9.9,Saturday,16,3,2024
Jada Reece,30068,Fisk,,,9.525,,Saturday,16,3,2024
Jillian Procasky,30068,Kentucky,9.95,,,9.9,Saturday,16,3,2024
Julianne Huff,30068,Auburn,,,9.875,9.75,Saturday,16,3,2024
Kaitlyn Grimes,30068,Ohio State,,,,9.8,Saturday,16,3,2024
Kaylei McDonald,30068,Fisk,,9.575,,,Saturday,16,3,2024
Kiana Session,30068,Fisk,,,,8.925,Saturday,16,3,2024
Liberty Mora,30068,Fisk,,9.65,9.7,,Saturday,16,3,2024
Madison Baucom,30068,Fisk,8.875,,,,Saturday,16,3,2024
Maisyn Rader,30068,Ohio State,9.875,9.775,,,Saturday,16,3,2024
Makenzie Wilson,30068,Kentucky,,,9.85,9.9,Saturday,16,3,2024
Mallory Gregory,30068,Ohio State,,,,9.825,Saturday,16,3,2024
Morgan Price,30068,Fisk,9.85,9.6,9.825,9.9,Saturday,16,3,2024
Nicole Riccardi,30068,Ohio State,9.925,,9.55,9.75,Saturday,16,3,2024
Olivia Greaves,30068,Auburn,9.9,,,,Saturday,16,3,2024
Olivia Hollingsworth,30068,Auburn,9.825,9.825,9.9,9.85,Saturday,16,3,2024
Paige Zancan,30068,Auburn,,9.875,,9.775,Saturday,16,3,2024
Payton Harris,30068,Ohio State,9.85,9.875,9.925,9.325,Saturday,16,3,2024
Raena Worley,30068,Kentucky,9.875,9.975,9.95,9.85,Saturday,16,3,2024
Sara Hubbard,30068,Auburn,,,,9.8,Saturday,16,3,2024
Savannah Gonzalez,30068,Ohio State,,,9.85,,Saturday,16,3,2024
Sidney Washington,30068,Ohio State,9.4,,9.55,9.875,Saturday,16,3,2024
Sophia Groth,30068,Auburn,9.825,9.9,9.925,,Saturday,16,3,2024
Sydney Schumaker,30068,Auburn,,,,9.8,Saturday,16,3,2024
Tory Vetter,30068,Ohio State,9.825,9.875,9.875,9.85,Saturday,16,3,2024
Zanna Brewer,30068,Fisk,,,8.9,,Saturday,16,3,2024
Zyia Coleman,30068,Fisk,9.2,,9.65,9.475,Saturday,16,3,2024
Ady Wahl,30072,Georgia,9.875,9.825,9.925,9.9,Saturday,16,3,2024
Alexa Chuy,30072,Talladega,9.6,9.575,9.75,9.725,Saturday,16,3,2024
Alexa Ebeling,30072,Iowa,,9.825,,,Saturday,16,3,2024
Alexa Rothenbuescher,30072,Maryland,9.8,,9.9,9.825,Saturday,16,3,2024
Alondra Maldonado,30072,Talladega,,9.775,9.825,,Saturday,16,3,2024
Alyse Karenbauer,30072,Iowa,,,9.425,9.3,Saturday,16,3,2024
Anya Turner,30072,Georgia,,9.9,,,Saturday,16,3,2024
Arayah Simons,30072,Pittsburgh,9.825,,,9.8,Saturday,16,3,2024
Ashlyn LaClair,30072,Georgia,,,9.85,9.825,Saturday,16,3,2024
Aubrey Nick,30072,Iowa,,9.675,,,Saturday,16,3,2024
Avery Chambers,30072,Iowa,,,,9.75,Saturday,16,3,2024
Bailey Libby,30072,Iowa,,,9.9,,Saturday,16,3,2024
Carla Ferzoco,30072,Pittsburgh,,9.8,,,Saturday,16,3,2024
Ciara Ward,30072,Pittsburgh,,,9.85,9.775,Saturday,16,3,2024
Diamond Cook,30072,Talladega,,,9.75,,Saturday,16,3,2024
Emily Erb,30072,Iowa,,,9.925,,Saturday,16,3,2024
Emily Todd,30072,Pittsburgh,9.775,9.725,9.8,,Saturday,16,3,2024
Emma Silberman,30072,Maryland,9.7,9.8,,9.8,Saturday,16,3,2024
Eryn Williams,30072,Georgia,,,9.8,,Saturday,16,3,2024
Eva Volpe,30072,Iowa,9.85,9.75,9.825,9.825,Saturday,16,3,2024
Faith Lerro,30072,Pittsburgh,9.7,,,,Saturday,16,3,2024
Gianna Masella,30072,Iowa,9.775,,,9.7,Saturday,16,3,2024
Hallie Copperwheat,30072,Pittsburgh,,9.8,9.8,,Saturday,16,3,2024
Hanna Castillo,30072,Iowa,,,9.825,9.775,Saturday,16,3,2024
Holly Snyder,30072,Georgia,9.825,,9.9,,Saturday,16,3,2024
Ilka Juk,30072,Iowa,9.8,9.925,,,Saturday,16,3,2024
Ja' Free Scott,30072,Georgia,9.25,9.875,,9.85,Saturday,16,3,2024
Jah'Liyah Bedminster,30072,Pittsburgh,9.8,,9.825,9.85,Saturday,16,3,2024
Jaidyn Bryant,30072,Talladega,,,9.725,,Saturday,16,3,2024
Jamilia Duffus,30072,Talladega,9.7,,,9.6,Saturday,16,3,2024
Jaydah Battle,30072,Georgia,,9.775,,9.875,Saturday,16,3,2024
Jordyn Ewing,30072,Pittsburgh,9.85,9.725,9.825,,Saturday,16,3,2024
Josephine Kogler,30072,Maryland,,9.8,,9.9,Saturday,16,3,2024
Kaia Vanney,30072,Iowa,9.3,,,,Saturday,16,3,2024
Karina Munoz,30072,Iowa,9.925,9.925,9.825,9.9,Saturday,16,3,2024
Kaylee Larson,30072,Pittsburgh,,,9.825,,Saturday,16,3,2024
Kennedy Duke,30072,Pittsburgh,9.725,9.15,,9.675,Saturday,16,3,2024
Kiora Peart-Williams,30072,Talladega,9.8,,,9.675,Saturday,16,3,2024
Krystin Johnson,30072,Talladega,9.4,9.15,9.85,9.775,Saturday,16,3,2024
Landyn Williams,30072,Talladega,,,9.775,9.625,Saturday,16,3,2024
Layla Hammer,30072,Maryland,,9.625,,,Saturday,16,3,2024
Lily Smith,30072,Georgia,9.95,9.95,9.95,9.775,Saturday,16,3,2024
Mackenzie Butler,30072,Talladega,,9.475,,9.575,Saturday,16,3,2024
Maddie Komoroski,30072,Maryland,,9.9,9.9,,Saturday,16,3,2024
Marissa Rojas,30072,Iowa,9.725,9.775,,,Saturday,16,3,2024
Morgan Swaby,30072,Talladega,8.45,8.55,,,Saturday,16,3,2024
Natalie Martin,30072,Maryland,,9.825,9.8,9.9,Saturday,16,3,2024
Naya Howard,30072,Georgia,9.875,9.875,,9.775,Saturday,16,3,2024
Olivia Weir,30072,Maryland,,,,9.825,Saturday,16,3,2024
Promise Jean-Marie,30072,Talladega,9.275,,,,Saturday,16,3,2024
Reyna Garvey,30072,Pittsburgh,,9.775,,9.75,Saturday,16,3,2024
Rhea Leblanc,30072,Maryland,9.875,,9.775,,Saturday,16,3,2024
Shruthi Anand,30072,Pittsburgh,,,,9.825,Saturday,16,3,2024
Sidnei Heubach,30072,Talladega,,9.4,,,Saturday,16,3,2024
Sidney Fitzgerald,30072,Georgia,9.8,,9.85,,Saturday,16,3,2024
Sierra Kondo,30072,Maryland,9.925,,,,Saturday,16,3,2024
Tasha Brozowski,30072,Maryland,9.825,,,,Saturday,16,3,2024
Tayler Osterhout,30072,Maryland,,,9.825,,Saturday,16,3,2024
Taylor Rech,30072,Maryland,,,9.85,9.825,Saturday,16,3,2024
Victoria Gatzendorfer,30072,Maryland,9.8,8.975,,,Saturday,16,3,2024
Abby Mueller,30084,Illinois,9.8,9.75,9.8,9.75,Wednesday,3,4,2024
Alea Byrne,30084,Illinois,,9.7,9.8,9.75,Wednesday,3,4,2024
Allie Morgan,30084,Illinois,,,9.775,,Wednesday,3,4,2024
Amelia Knight,30084,Illinois,9.85,9.85,,,Wednesday,3,4,2024
Arielle Ward,30084,Illinois,,,9.775,9.8,Wednesday,3,4,2024
Ashley Szymanski,30084,Ball State,9.7,9.775,,,Wednesday,3,4,2024
Ava Molina,30084,Ball State,9.75,,,,Wednesday,3,4,2024
Carissa Martinez,30084,Ball State,,,9.675,9.75,Wednesday,3,4,2024
Destiny Denning,30084,Illinois,9.75,,,,Wednesday,3,4,2024
Grace Sumner,30084,Ball State,9.675,9.85,,,Wednesday,3,4,2024
Hannah Ruthberg,30084,Ball State,9.75,9.775,9.8,9.8,Wednesday,3,4,2024
Kadyn Fitzgibbon,30084,Illinois,,,9.725,,Wednesday,3,4,2024
Kaitlyn Ewald,30084,Illinois,9.75,9.8,,,Wednesday,3,4,2024
Lyden Saltness,30084,Illinois,9.175,,,,Wednesday,3,4,2024
Megan Teter,30084,Ball State,9.8,9.7,9.75,9.675,Wednesday,3,4,2024
Mia Takekawa,30084,Illinois,9.9,9.25,,9.775,Wednesday,3,4,2024
Mia Townes,30084,Illinois,,9.8,9.85,9.8,Wednesday,3,4,2024
Olivia Coppola,30084,Illinois,,,,9.725,Wednesday,3,4,2024
Suki Pfister,30084,Ball State,,,9.8,9.9,Wednesday,3,4,2024
Victoria Henry,30084,Ball State,,9.725,9.75,9.825,Wednesday,3,4,2024
Zoe Middleton,30084,Ball State,9.8,9.85,9.8,9.825,Wednesday,3,4,2024
Adriana Popp,30086,Boise State,,9.825,,9.825,Wednesday,3,4,2024
Allix Mason,30086,BYU,9.625,9.775,,9.775,Wednesday,3,4,2024
Alyssa Vulaj,30086,Boise State,,9.75,9.725,9.8,Wednesday,3,4,2024
Anna Bramblett-Wilde,30086,BYU,9.875,,,,Wednesday,3,4,2024
Anna Ferguson,30086,Boise State,,9.575,9.5,,Wednesday,3,4,2024
Anyssa Alvarado,30086,BYU,9.8,,,,Wednesday,3,4,2024
Ava Jorgensen,30086,BYU,9.7,,,9.75,Wednesday,3,4,2024
Blake Pascal,30086,Boise State,,,9.825,,Wednesday,3,4,2024
Brantley Lucas,30086,Boise State,,,9.8,,Wednesday,3,4,2024
Brynlee Andersen,30086,BYU,,9.9,,,Wednesday,3,4,2024
Carly Buell,30086,Boise State,9.7,,,,Wednesday,3,4,2024
Courtney Blackson,30086,Boise State,9.825,,,,Wednesday,3,4,2024
Elaina McGovern,30086,Boise State,,,9.8,9.725,Wednesday,3,4,2024
Elease Rollins,30086,BYU,,9.875,,9.7,Wednesday,3,4,2024
Eliza Millar-Crossman,30086,BYU,,9.85,9.8,,Wednesday,3,4,2024
Emily Lopez,30086,Boise State,9.8,9.85,,9.9,Wednesday,3,4,2024
Emma Loyim,30086,Boise State,,9.9,9.725,9.225,Wednesday,3,4,2024
Heidi Schooley-Meyers,30086,BYU,,,9.775,,Wednesday,3,4,2024
Kylee Hamby,30086,Boise State,9.35,,,,Wednesday,3,4,2024
Kylie Eaquinto,30086,BYU,9.75,,9.075,9.85,Wednesday,3,4,2024
Linsey Hunter-Kempler,30086,BYU,9.775,,,,Wednesday,3,4,2024
Madison Raesly-Patton,30086,BYU,,9.5,,,Wednesday,3,4,2024
Mahleea Werline,30086,Boise State,9.725,,,,Wednesday,3,4,2024
Mina Margraf-Benson,30086,BYU,,9.75,,,Wednesday,3,4,2024
Olivia Matern,30086,BYU,,,9.8,,Wednesday,3,4,2024
Sophie Dudley,30086,BYU,,,9.5,9.8,Wednesday,3,4,2024
Sydney Benson,30086,BYU,,,9.825,9.825,Wednesday,3,4,2024
Sydney Kho,30086,Boise State,,9.775,,9.75,Wednesday,3,4,2024
Victoria Smirnov,30086,Boise State,9.725,,,,Wednesday,3,4,2024
Abigayle Martin,30089,Arizona,9.6,9.575,,9.725,Thursday,4,4,2024
Ainsley Greever,30089,Arizona,,,,9.8,Thursday,4,4,2024
Alysen Fears,30089,Arizona,9.85,9.8,9.825,9.775,Thursday,4,4,2024
Alyssa Al-Ashari,30089,Northern Illinois,9.7,,,,Thursday,4,4,2024
Arianna Patterson,30089,Kentucky,,9.6,,9.85,Thursday,4,4,2024
Ayzhia Hall,30089,Nebraska,,9.275,,9.8,Thursday,4,4,2024
Bailey Bunn,30089,Kentucky,9.825,9.85,,,Thursday,4,4,2024
Cally Swaney,30089,Arkansas,9.85,9.925,,,Thursday,4,4,2024
Cami Weaver,30089,Arkansas,,9.85,,9.9,Thursday,4,4,2024
Caroline Herry,30089,Arizona,,9.85,9.8,,Thursday,4,4,2024
Cecily Rizo,30089,Kentucky,8.95,,,9.875,Thursday,4,4,2024
Clara Colombo,30089,Nebraska,9.75,,,,Thursday,4,4,2024
Creslyn Brose,30089,Kentucky,,9.9,9.9,,Thursday,4,4,2024
Csenge Bacskay,30089,Nebraska,9.625,9.775,9.825,9.85,Thursday,4,4,2024
Dakota Essenpries,30089,Arkansas,,,,9.8,Thursday,4,4,2024
Delaynee Rodriguez,30089,Kentucky,9.8,9.85,9.8,,Thursday,4,4,2024
Elena Deets,30089,Arizona,9.8,9.85,9.75,,Thursday,4,4,2024
Emily Mueller,30089,Arizona,8.975,9.825,9.85,,Thursday,4,4,2024
Emma Simpton,30089,Nebraska,9.825,,,,Thursday,4,4,2024
Emma Spence,30089,Nebraska,9.875,9.875,9.9,9.2,Thursday,4,4,2024
Emma Strom,30089,Arizona,,9.225,9.825,9.825,Thursday,4,4,2024
Frankie Price,30089,Arkansas,,,9.925,9.85,Thursday,4,4,2024
Hailey Davis,30089,Kentucky,9.8,,9.9,,Thursday,4,4,2024
Hailey Klein,30089,Arkansas,,9.875,9.8,9.825,Thursday,4,4,2024
Halle Rourke,30089,Nebraska,,,9.725,,Thursday,4,4,2024
Isabel Sikon,30089,Nebraska,,9.775,,9.725,Thursday,4,4,2024
Isabella Magnelli,30089,Kentucky,,9.9,9.825,9.9,Thursday,4,4,2024
Jaime Pratt,30089,Arkansas,9.8,,,,Thursday,4,4,2024
Jensen Scalzo,30089,Arkansas,9.875,,,,Thursday,4,4,2024
Jessica Castles,30089,Arizona,,,,9.8,Thursday,4,4,2024
Jillian Procasky,30089,Kentucky,9.8,,,9.875,Thursday,4,4,2024
Kalyxta Gamiao,30089,Arkansas,,9.8,9.85,,Thursday,4,4,2024
Kendall Whitman,30089,George Washington,9.475,9.775,9.7,9.875,Thursday,4,4,2024
Kiera O'Shea,30089,Northern Illinois,,,,9.825,Thursday,4,4,2024
Kinsey Davis,30089,Nebraska,9.925,,,9.85,Thursday,4,4,2024
Lauren Williams,30089,Arkansas,,,9.9,9.95,Thursday,4,4,2024
Leah Smith,30089,Arkansas,,,9.875,9.85,Thursday,4,4,2024
Maddie Jones,30089,Arkansas,9.9,9.9,9.9,,Thursday,4,4,2024
Makenzie Wilson,30089,Kentucky,,,9.8,9.85,Thursday,4,4,2024
Malia Hargrove,30089,Arizona,9.7,,9.8,9.725,Thursday,4,4,2024
Martina Comin,30089,Nebraska,,,9.85,9.8,Thursday,4,4,2024
Maya Peters,30089,George Washington,,9.825,,,Thursday,4,4,2024
Raena Worley,30089,Kentucky,9.8,9.85,9.95,9.85,Thursday,4,4,2024
Reese Drotar,30089,Arkansas,9.725,,,,Thursday,4,4,2024
Sarah Zois,30089,George Washington,,,,9.75,Thursday,4,4,2024
Sirena Linton,30089,Arkansas,9.125,9.8,,,Thursday,4,4,2024
Sophia McClelland,30089,Nebraska,,9.85,9.85,,Thursday,4,4,2024
Sophie Derr,30089,Arizona,9.725,,,,Thursday,4,4,2024
Whitney Jencks,30089,Nebraska,9.85,9.85,9.8,,Thursday,4,4,2024
Alana Fisher,30095,Eastern Michigan,,,,9.775,Thursday,4,4,2024
Alyssa Guns,30095,Kent State,,9.75,9.825,,Thursday,4,4,2024
Alyssa Kramer,30095,Penn State,,,9.85,,Thursday,4,4,2024
Amani Herring,30095,Penn State,,9.9,9.9,9.875,Thursday,4,4,2024
Angelica Labat,30095,Illinois State,,,,9.75,Thursday,4,4,2024
Ashley Maul,30095,Penn State,,9.825,9.5,,Thursday,4,4,2024
Ava Jordan,30095,Michigan,9.2,,,,Thursday,4,4,2024
Ava Piedrahita,30095,Penn State,9.8,9.85,9.775,9.875,Thursday,4,4,2024
Bella Salcedo,30095,Penn State,,9.85,9.85,9.725,Thursday,4,4,2024
Brynne Tsipis,30095,Kent State,9.825,,,,Thursday,4,4,2024
Cameron Machado,30095,Alabama,9.825,,9.875,,Thursday,4,4,2024
Carly Bauman,30095,Michigan,9.95,9.825,9.875,,Thursday,4,4,2024
Cassidy Rushlow,30095,Penn State,9.85,,,,Thursday,4,4,2024
Cassie St. Clair,30095,Western Michigan,,,9.85,,Thursday,4,4,2024
Charlie Behner,30095,Kent State,9.75,,,9.825,Thursday,4,4,2024
Chloe LaCoursiere,30095,Alabama,9.9,,,9.85,Thursday,4,4,2024
Corinne Bunagan,30095,Alabama,,,,9.85,Thursday,4,4,2024
Dani Fuertez,30095,Kent State,,9.25,9.8,,Thursday,4,4,2024
Ella Burgess,30095,Alabama,,9.925,9.8,,Thursday,4,4,2024
Ella Chemotti,30095,Eastern Michigan,,9.825,,,Thursday,4,4,2024
Gabby Gladieux,30095,Alabama,,9.9,,9.875,Thursday,4,4,2024
Gabby Riley,30095,Kent State,,9.625,,,Thursday,4,4,2024
Gabby Wilson,30095,Michigan,9.9,9.8,9.925,9.95,Thursday,4,4,2024
Gabrielle Gallentine,30095,Penn State,9.85,,,,Thursday,4,4,2024
Heidi Schultz,30095,Kent State,9.725,9.825,9.85,,Thursday,4,4,2024
Jacey Vore,30095,Michigan,9.85,9.025,,,Thursday,4,4,2024
Jamison Sears,30095,Alabama,,,9.85,9.85,Thursday,4,4,2024
Jaye Mack,30095,Illinois State,,,,9.85,Thursday,4,4,2024
Jenna Mulligan,30095,Michigan,,9.225,9.85,9.825,Thursday,4,4,2024
Jessica Johanson,30095,Penn State,9.75,,,9.85,Thursday,4,4,2024
Kalea McElligott,30095,Penn State,9.775,9.875,9.85,9.85,Thursday,4,4,2024
Karlie Franz,30095,Kent State,,,9.825,,Thursday,4,4,2024
Kennedy Weinpert,30095,Kent State,,,,9.775,Thursday,4,4,2024
Kyndall Gilbert,30095,Kent State,9.85,,,9.2,Thursday,4,4,2024
Lilly Hudson,30095,Alabama,9.85,9.775,9.85,9.775,Thursday,4,4,2024
Luisa Blanco,30095,Alabama,9.95,9.9,,9.875,Thursday,4,4,2024
Maddie Johnston,30095,Penn State,9.8,9.85,,9.85,Thursday,4,4,2024
Mati Waligora,30095,Alabama,9.85,9.15,9.9,,Thursday,4,4,2024
Mya Migliore,30095,Kent State,,,,9.75,Thursday,4,4,2024
Naomi Morrison,30095,Michigan,9.825,,,9.9,Thursday,4,4,2024
Nastia Rudnitskaya,30095,Kent State,9.75,,9.725,9.825,Thursday,4,4,2024
Paige Thaxton,30095,Michigan,,,9.85,9.775,Thursday,4,4,2024
Payton Murphy,30095,Western Michigan,9.725,9.8,9.9,9.825,Thursday,4,4,2024
Raisa Boris,30095,Eastern Michigan,9.7,9.85,9.825,9.775,Thursday,4,4,2024
Reyna Guggino,30095,Michigan,,9.775,9.9,9.825,Thursday,4,4,2024
Sarah Haxton,30095,Kent State,9.35,9.775,,,Thursday,4,4,2024
Shania Adams,30095,Alabama,9.925,9.9,,,Thursday,4,4,2024
Sierra Brooks,30095,Michigan,9.85,9.825,9.925,9.925,Thursday,4,4,2024
Zoe Rankin,30095,Kent State,,9.75,9.8,9.75,Thursday,4,4,2024
Alex Routsis,30101,Southern Utah,9.775,,,,Thursday,4,4,2024
Aly Coutu,30101,Southern Utah,,9.825,,,Thursday,4,4,2024
Alyssa Fernandez,30101,Southern Utah,,9.8,9.8,,Thursday,4,4,2024
Anna Hartley,30101,Southern Utah,,9.85,,,Thursday,4,4,2024
Aubri Schwartze,30101,Southern Utah,9.85,,,,Thursday,4,4,2024
Brinlee Christensen,30101,Southern Utah,9.8,,9.7,9.75,Thursday,4,4,2024
Devyn Valuch,30101,San Jose State,,,,9.725,Thursday,4,4,2024
Ellie Cacciola,30101,Southern Utah,,9.65,9.8,9.775,Thursday,4,4,2024
Isabella Neff,30101,Southern Utah,9.85,,,,Thursday,4,4,2024
Jada Mazury,30101,San Jose State,9.85,9.175,9.95,,Thursday,4,4,2024
Jaudai Lopes,30101,San Jose State,9.725,9.725,9.875,9.825,Thursday,4,4,2024
Katherine Weyhmiller,30101,San Jose State,9.575,9.875,9.85,,Thursday,4,4,2024
Kayla Pardue,30101,Southern Utah,,,9.85,9.75,Thursday,4,4,2024
Kennedi McClain,30101,Southern Utah,,9.825,,,Thursday,4,4,2024
Lauren Macpherson,30101,San Jose State,9.8,8.975,9.875,9.85,Thursday,4,4,2024
Madison Kirsch,30101,San Jose State,,9.7,,9.8,Thursday,4,4,2024
Marissa Ashton,30101,San Jose State,,9.65,,,Thursday,4,4,2024
Mia Nelson,30101,San Jose State,,,9.9,9.775,Thursday,4,4,2024
Mikaela Pitts,30101,San Jose State,,,,9.725,Thursday,4,4,2024
Natasha Forrand,30101,San Jose State,,,9.8,,Thursday,4,4,2024
Niya Randolph,30101,Southern Utah,9.375,9.7,9.8,9.75,Thursday,4,4,2024
Olivia Reardon,30101,San Jose State,9.775,,,,Thursday,4,4,2024
Sophia Konieczny,30101,San Jose State,9.8,,,,Thursday,4,4,2024
Taylor Gull,30101,Southern Utah,,,9.8,9.725,Thursday,4,4,2024
Trista Goodman,30101,Southern Utah,9.35,,,9.8,Thursday,4,4,2024
Brie Clark,30103,Clemson,,9.775,9.8,,Thursday,4,4,2024
Ella Schell,30103,Iowa State,9.7,,9.625,9.75,Thursday,4,4,2024
Emilie Hong,30103,Iowa State,,,,9.8,Thursday,4,4,2024
Eve Jackson,30103,Clemson,9.675,,9.825,9.3,Thursday,4,4,2024
Hannah Loyim,30103,Iowa State,9.425,9.8,,,Thursday,4,4,2024
Josie Bergstrom-Te Slaa,30103,Iowa State,,9.9,,9.8,Thursday,4,4,2024
Kaia Parker,30103,Iowa State,,,9.8,9.8,Thursday,4,4,2024
Kaitlin DeGuzman,30103,Clemson,9.9,,,,Thursday,4,4,2024
Kielyn McCright,30103,Clemson,,9.75,,,Thursday,4,4,2024
Laura Cooke,30103,Iowa State,9.65,,9.8,,Thursday,4,4,2024
Lauren O'Brochta,30103,Iowa State,,9.75,,,Thursday,4,4,2024
Lauren Rutherford,30103,Clemson,9.0,,9.825,9.875,Thursday,4,4,2024
Lauren Thomas,30103,Iowa State,9.725,9.8,,,Thursday,4,4,2024
Lilly Lippeatt,30103,Clemson,9.75,9.725,9.825,,Thursday,4,4,2024
Loganne Basuel,30103,Iowa State,9.725,,,,Thursday,4,4,2024
Madelyn Manternach,30103,Iowa State,,,9.75,,Thursday,4,4,2024
Madison Minner,30103,Clemson,,,,9.775,Thursday,4,4,2024
Molly Arnold,30103,Clemson,,,9.65,9.85,Thursday,4,4,2024
Noelle Adams,30103,Iowa State,,9.9,9.875,9.825,Thursday,4,4,2024
Paige Wills,30103,Iowa State,9.8,,,9.8,Thursday,4,4,2024
Quinn Kuhl,30103,Clemson,,9.8,,,Thursday,4,4,2024
Rachel Wilke,30103,Iowa State,,9.825,9.8,,Thursday,4,4,2024
Rebecca Wells,30103,Clemson,9.775,9.9,9.8,9.825,Thursday,4,4,2024
Sierra Church,30103,Clemson,,9.75,,,Thursday,4,4,2024
Trinity Brown,30103,Clemson,,,,9.875,Thursday,4,4,2024
Trinity Webb,30103,Clemson,9.275,,,,Thursday,4,4,2024
Adriana Popp,30105,Boise State,,9.875,,,Thursday,4,4,2024
Aleah Finnegan,30105,LSU,,9.875,10.0,9.85,Thursday,4,4,2024
Alexis Jeffrey,30105,LSU,9.85,,,,Thursday,4,4,2024
Allix Mason,30105,BYU,9.775,9.8,,9.675,Thursday,4,4,2024
Amari Drayton,30105,LSU,,,9.9,9.85,Thursday,4,4,2024
Anna Bramblett-Wilde,30105,BYU,9.825,,,,Thursday,4,4,2024
Anyssa Alvarado,30105,BYU,9.7,,,,Thursday,4,4,2024
Ariana Young,30105,Oregon State,,9.825,9.9,,Thursday,4,4,2024
Ashley Cowan,30105,LSU,9.9,,,,Thursday,4,4,2024
Ava Jorgensen,30105,BYU,9.775,,,9.75,Thursday,4,4,2024
Brynlee Andersen,30105,BYU,,9.825,,,Thursday,4,4,2024
Chase Brock,30105,LSU,,,,9.9,Thursday,4,4,2024
Courtney Blackson,30105,Boise State,9.95,,,,Thursday,4,4,2024
Elease Rollins,30105,BYU,,9.85,,9.75,Thursday,4,4,2024
Eliza Millar-Crossman,30105,BYU,,9.875,9.825,,Thursday,4,4,2024
Elizabeth Cesarone,30105,Central Michigan,,,,9.825,Thursday,4,4,2024
Ella Sirjord,30105,Minnesota,9.775,9.9,,,Thursday,4,4,2024
Emily Koch,30105,Minnesota,,9.85,9.9,,Thursday,4,4,2024
Emily Lopez,30105,Boise State,9.275,9.725,,,Thursday,4,4,2024
Emma Loyim,30105,Boise State,,9.825,9.05,,Thursday,4,4,2024
Gianna Gerdes,30105,Minnesota,9.825,9.775,9.925,9.875,Thursday,4,4,2024
Haleigh Bryant,30105,LSU,9.825,9.825,9.95,9.925,Thursday,4,4,2024
Hallie Hornbacher,30105,Central Michigan,,,9.825,,Thursday,4,4,2024
Heidi Schooley-Meyers,30105,BYU,,,9.85,,Thursday,4,4,2024
Jade Carey,30105,Oregon State,9.9,9.95,10.0,9.825,Thursday,4,4,2024
Jennifer McMillan,30105,Oregon State,9.875,9.75,,,Thursday,4,4,2024
Jordyn Lyden,30105,Minnesota,9.75,,,,Thursday,4,4,2024
KJ Johnson,30105,LSU,,,9.95,9.85,Thursday,4,4,2024
Kaitlin Garcia,30105,Oregon State,,,9.85,9.75,Thursday,4,4,2024
Katie Horak,30105,Minnesota,,9.9,,,Thursday,4,4,2024
Kiya Johnson,30105,LSU,9.85,9.8,,,Thursday,4,4,2024
Konnor McClain,30105,LSU,9.875,9.925,9.9,,Thursday,4,4,2024
Kylie Eaquinto,30105,BYU,9.775,,9.85,9.85,Thursday,4,4,2024
Lauren Pearl,30105,Minnesota,,9.7,9.875,9.8,Thursday,4,4,2024
Leah Gonsiorowski,30105,Minnesota,,,9.85,,Thursday,4,4,2024
Linsey Hunter-Kempler,30105,BYU,9.9,,,,Thursday,4,4,2024
Luciana Alvarado-Reid,30105,Central Michigan,9.75,9.25,9.9,9.85,Thursday,4,4,2024
Madison Raesly-Patton,30105,BYU,,9.725,,,Thursday,4,4,2024
Marissa Jencks,30105,Minnesota,9.8,,,9.775,Thursday,4,4,2024
Mina Margraf-Benson,30105,BYU,,9.85,,,Thursday,4,4,2024
Mya Hooten,30105,Minnesota,9.85,,9.95,9.975,Thursday,4,4,2024
Natalie Briones,30105,Oregon State,9.9,,,9.75,Thursday,4,4,2024
Olivia Buckner,30105,Oregon State,,9.2,,9.9,Thursday,4,4,2024
Olivia Dunne,30105,LSU,,,9.9,,Thursday,4,4,2024
Olivia Matern,30105,BYU,,,9.85,,Thursday,4,4,2024
Sage Thompson,30105,Oregon State,9.925,9.25,9.85,9.8,Thursday,4,4,2024
Sarah Moraw,30105,Minnesota,,9.775,,9.8,Thursday,4,4,2024
Savannah Miller,30105,Oregon State,,,9.825,,Thursday,4,4,2024
Savannah Schoenherr,30105,LSU,9.9,9.875,,9.85,Thursday,4,4,2024
Seria Johnson,30105,Minnesota,9.775,,9.85,,Thursday,4,4,2024
Sierra Ballard,30105,LSU,,9.85,,,Thursday,4,4,2024
Sophia Esposito,30105,Oregon State,9.7,9.85,9.85,9.8,Thursday,4,4,2024
Sophia Nguyen,30105,Minnesota,,,,9.775,Thursday,4,4,2024
Sophie Dudley,30105,BYU,,,9.825,9.85,Thursday,4,4,2024
Sydney Benson,30105,BYU,,,9.8,9.85,Thursday,4,4,2024
Taylor DeVries,30105,Oregon State,9.675,,,,Thursday,4,4,2024
Abby Mueller,30111,Illinois,9.825,9.825,9.85,9.775,Thursday,4,4,2024
Alea Byrne,30111,Illinois,,9.825,9.825,9.825,Thursday,4,4,2024
Alexis Hankins,30111,Ohio State,9.8,9.75,,,Thursday,4,4,2024
Alexis Ortega,30111,North Carolina State,9.15,9.8,,9.725,Thursday,4,4,2024
Allie Morgan,30111,Illinois,,,9.825,,Thursday,4,4,2024
Amelia Knight,30111,Illinois,9.85,9.875,,,Thursday,4,4,2024
Arielle Ward,30111,Illinois,,,9.85,9.75,Thursday,4,4,2024
Ashley Knight,30111,North Carolina State,,,9.8,9.9,Thursday,4,4,2024
Ashley Szymanski,30111,Ball State,9.9,,,,Thursday,4,4,2024
Audrey Davis,30111,Oklahoma,9.925,9.85,9.875,,Thursday,4,4,2024
Ava Siegfeldt,30111,Oklahoma,,9.85,,9.2,Thursday,4,4,2024
Bell Johnson,30111,Oklahoma,,,9.85,,Thursday,4,4,2024
Chloe Negrete,30111,North Carolina State,,9.85,9.85,9.55,Thursday,4,4,2024
Courtney McCann,30111,Ohio State,,9.75,,9.825,Thursday,4,4,2024
Danielle Sievers,30111,Oklahoma,9.85,,,,Thursday,4,4,2024
Destiny Denning,30111,Illinois,9.75,,,,Thursday,4,4,2024
Ella Hodges,30111,Ohio State,,9.85,9.9,,Thursday,4,4,2024
Emily Shepard,30111,North Carolina State,9.85,9.8,9.825,9.8,Thursday,4,4,2024
Emma Pritchard,30111,Ohio State,9.8,9.8,,,Thursday,4,4,2024
Faith Torrez,30111,Oklahoma,9.875,9.925,9.925,9.85,Thursday,4,4,2024
Hannah Scheible,30111,Oklahoma,,,,9.9,Thursday,4,4,2024
Jah'Liyah Bedminster,30111,Pittsburgh,,,9.825,,Thursday,4,4,2024
Jordan Bowers,30111,Oklahoma,9.975,9.9,9.95,9.85,Thursday,4,4,2024
Jordyn Ewing,30111,Pittsburgh,,,9.775,,Thursday,4,4,2024
Kadyn Fitzgibbon,30111,Illinois,,,9.8,,Thursday,4,4,2024
Kailee Adomaites,30111,North Carolina State,9.725,,,,Thursday,4,4,2024
Kaitlyn Ewald,30111,Illinois,9.85,9.825,,,Thursday,4,4,2024
Kaitlyn Grimes,30111,Ohio State,,,,9.85,Thursday,4,4,2024
Katherine LeVasseur,30111,Oklahoma,9.9,9.9,9.9,9.95,Thursday,4,4,2024
Katie Harper,30111,North Carolina State,9.85,9.8,,,Thursday,4,4,2024
Katya Edwards,30111,North Carolina State,,,9.8,,Thursday,4,4,2024
Keira Wells,30111,Oklahoma,,,,9.875,Thursday,4,4,2024
Krista Zultevicz,30111,North Carolina State,,,9.875,9.675,Thursday,4,4,2024
Lyden Saltness,30111,Illinois,9.225,,,,Thursday,4,4,2024
Macy Jennings,30111,North Carolina State,,9.8,,,Thursday,4,4,2024
Maddie Hall,30111,North Carolina State,,,8.925,,Thursday,4,4,2024
Madeline Reid,30111,North Carolina State,9.75,,,,Thursday,4,4,2024
Meg Adler,30111,North Carolina State,,9.725,,9.725,Thursday,4,4,2024
Megan Teter,30111,Ball State,9.825,,,,Thursday,4,4,2024
Mia Takekawa,30111,Illinois,9.95,9.875,,9.85,Thursday,4,4,2024
Mia Townes,30111,Illinois,,9.85,9.85,9.775,Thursday,4,4,2024
Nicole Riccardi,30111,Ohio State,9.875,,9.8,9.875,Thursday,4,4,2024
Nya Kraus,30111,Lindenwood,,9.7,,,Thursday,4,4,2024
Olivia Coppola,30111,Illinois,,,,9.85,Thursday,4,4,2024
Payton Harris,30111,Ohio State,9.9,9.875,9.85,9.875,Thursday,4,4,2024
Peyton Childs,30111,North Carolina State,9.75,,,,Thursday,4,4,2024
Ragan Smith,30111,Oklahoma,9.8,10.0,9.875,,Thursday,4,4,2024
Savannah Gonzalez,30111,Ohio State,,,9.825,,Thursday,4,4,2024
Sidney Washington,30111,Ohio State,9.85,,9.9,9.85,Thursday,4,4,2024
Suki Pfister,30111,Ball State,,,9.825,9.825,Thursday,4,4,2024
Tory Vetter,30111,Ohio State,9.85,9.825,9.85,9.825,Thursday,4,4,2024
Victoria Henry,30111,Ball State,,,,9.725,Thursday,4,4,2024
Zoe Middleton,30111,Ball State,9.85,9.575,9.8,9.8,Thursday,4,4,2024
Abby Paulson,30119,Utah,,9.975,9.85,,Friday,5,4,2024
Adriana Hoffman,30119,Towson,,,,9.825,Friday,5,4,2024
Alani Sabado,30119,Utah,9.925,,,,Friday,5,4,2024
Alexa Rothenbuescher,30119,Maryland,9.85,,9.775,9.675,Friday,5,4,2024
Amelie Morgan,30119,Utah,9.95,9.9,,,Friday,5,4,2024
Ashley Glynn,30119,Utah,,,,9.85,Friday,5,4,2024
Baleigh Garcia,30119,Michigan State,,9.3,,,Friday,5,4,2024
Brissa Portillo,30119,Towson,,9.175,,,Friday,5,4,2024
Brooke Donabedian,30119,Temple,,,9.875,,Friday,5,4,2024
Camille Vitoff,30119,Towson,8.9,,,9.75,Friday,5,4,2024
Carmella Calafati,30119,Towson,,,9.775,,Friday,5,4,2024
Clara Hong,30119,Towson,9.775,9.825,9.825,,Friday,5,4,2024
Delanie Harkness,30119,Michigan State,9.9,,9.875,,Friday,5,4,2024
Elise Tisler,30119,Towson,,,9.825,9.925,Friday,5,4,2024
Ella Zirbes,30119,Utah,9.9,,9.9,9.875,Friday,5,4,2024
Elle Beaufait,30119,Michigan State,,,9.825,,Friday,5,4,2024
Emma Silberman,30119,Maryland,9.775,9.85,,9.95,Friday,5,4,2024
Felicia Poblete,30119,Towson,,,,9.775,Friday,5,4,2024
Gabrielle Stephen,30119,Michigan State,9.75,9.9,9.875,9.875,Friday,5,4,2024
Giana Kalefe,30119,Michigan State,,9.85,,,Friday,5,4,2024
Grace McCallum,30119,Utah,9.9,9.925,9.85,9.85,Friday,5,4,2024
Grace Vaillancourt,30119,Towson,9.75,9.9,9.8,,Friday,5,4,2024
Isabella Minervini,30119,Towson,9.925,,,,Friday,5,4,2024
Isabelle Schaefer,30119,North Carolina,9.85,,,,Friday,5,4,2024
Jaedyn Rucker,30119,Utah,,,9.875,9.325,Friday,5,4,2024
Jaylene Gilstrap,30119,Utah,,9.7,9.95,9.8,Friday,5,4,2024
Jenna Weitz,30119,Towson,,9.2,9.75,,Friday,5,4,2024
Josephine Kogler,30119,Maryland,,9.825,,9.8,Friday,5,4,2024
Julia Bedell,30119,Brown,,,9.65,,Friday,5,4,2024
Kylie Gorgenyi,30119,New Hampshire,9.9,9.875,9.825,9.8,Friday,5,4,2024
Lali Dekanoidze,30119,North Carolina,9.9,,,9.825,Friday,5,4,2024
Lauren Greene,30119,Towson,9.75,,,,Friday,5,4,2024
Lauren Keener,30119,Towson,9.2,9.8,,,Friday,5,4,2024
Layla Hammer,30119,Maryland,,9.875,,,Friday,5,4,2024
MaKayla Tucker,30119,Michigan State,,9.9,9.85,9.85,Friday,5,4,2024
Maddie Komoroski,30119,Maryland,,9.05,9.55,,Friday,5,4,2024
Maile O'Keefe,30119,Utah,9.9,9.9,,,Friday,5,4,2024
Makenna Smith,30119,Utah,9.9,9.9,9.85,9.85,Friday,5,4,2024
Natalie Martin,30119,Maryland,,9.775,9.8,9.85,Friday,5,4,2024
Nikki Smith,30119,Michigan State,9.95,9.95,9.875,9.9,Friday,5,4,2024
Olivia Weir,30119,Maryland,,,,9.725,Friday,5,4,2024
Olivia Zsarmani,30119,Michigan State,9.725,,,9.9,Friday,5,4,2024
Polina Belanovski,30119,Towson,,,,9.65,Friday,5,4,2024
Retoshia Halsell,30119,Towson,,,9.85,9.8,Friday,5,4,2024
Rhea Leblanc,30119,Maryland,9.825,,9.825,,Friday,5,4,2024
Sage Kellerman,30119,Michigan State,9.925,,,9.925,Friday,5,4,2024
Sarah Girot,30119,Towson,,9.775,,,Friday,5,4,2024
Sierra Kondo,30119,Maryland,9.85,,,,Friday,5,4,2024
Skyla Schulte,30119,Michigan State,9.825,9.7,9.9,9.775,Friday,5,4,2024
Syd Morris,30119,LIU,9.8,9.875,9.85,9.6,Friday,5,4,2024
Tasha Brozowski,30119,Maryland,9.75,,,,Friday,5,4,2024
Tayler Osterhout,30119,Maryland,,,9.8,,Friday,5,4,2024
Taylor Rech,30119,Maryland,,,9.8,9.85,Friday,5,4,2024
Victoria Gatzendorfer,30119,Maryland,9.675,9.8,,,Friday,5,4,2024
Abbie Thompson,30128,Denver,,9.775,,,Friday,5,4,2024
Amanda Hargraves,30128,Denver,,,,9.8,Friday,5,4,2024
Anaya Smith,30128,Arizona State,,,,9.9,Friday,5,4,2024
Bailey Libby,30128,Iowa,,,9.85,,Friday,5,4,2024
Bella Mabanta,30128,Denver,,9.95,9.925,,Friday,5,4,2024
Brianna Brooks,30128,Utah State,9.9,,,,Friday,5,4,2024
Brooklyn Moors,30128,UCLA,,,9.95,,Friday,5,4,2024
Caitlin McWilliams,30128,Washington,,,9.85,,Friday,5,4,2024
Cassi Barbanente,30128,Arizona State,9.85,,,,Friday,5,4,2024
Chae Campbell,30128,UCLA,9.825,9.85,9.95,9.85,Friday,5,4,2024
Chelsea Hallinan,30128,Washington,,9.775,,,Friday,5,4,2024
Ciena Alipio,30128,UCLA,,9.925,,,Friday,5,4,2024
Cienna Samiley,30128,Arizona State,9.9,,,,Friday,5,4,2024
Deiah Moody,30128,Washington,9.85,9.85,,,Friday,5,4,2024
Emily Erb,30128,Iowa,,,9.9,,Friday,5,4,2024
Emily Innes,30128,Washington,,9.875,9.95,9.8,Friday,5,4,2024
Emily Lee,30128,UCLA,,9.7,,9.875,Friday,5,4,2024
Emily Pires,30128,Washington,,,9.75,,Friday,5,4,2024
Emily White,30128,Arizona State,9.325,9.85,9.85,9.8,Friday,5,4,2024
Emma Andres,30128,UCLA,,9.75,9.85,,Friday,5,4,2024
Emma Malabuyo,30128,UCLA,9.9,9.775,,,Friday,5,4,2024
Frida Esparza,30128,UCLA,9.775,,,,Friday,5,4,2024
Gracie Reeves,30128,Arizona State,9.875,9.675,,9.825,Friday,5,4,2024
Halle Gregoire,30128,Arizona State,,,9.875,9.775,Friday,5,4,2024
Hannah Scharf,30128,Arizona State,,9.875,9.85,9.825,Friday,5,4,2024
Ilka Juk,30128,Iowa,,9.9,,,Friday,5,4,2024
Jada Mangahas,30128,Arizona State,9.9,,9.875,9.85,Friday,5,4,2024
Jessica Hutchinson,30128,Denver,9.8,9.95,9.95,9.775,Friday,5,4,2024
Kara Houghton,30128,Sacramento State,9.775,,,,Friday,5,4,2024
Katelyn Rosen,30128,UCLA,9.2,,,9.825,Friday,5,4,2024
Kayla Lee,30128,Arizona State,,9.85,9.825,,Friday,5,4,2024
Keanna Abraham,30128,UC Davis,,,9.9,9.85,Friday,5,4,2024
Kiley Rorich,30128,Denver,9.85,,9.9,,Friday,5,4,2024
Kimberly Smith,30128,Arizona State,,9.8,9.925,,Friday,5,4,2024
Kristin Lin,30128,Washington,9.825,,,9.8,Friday,5,4,2024
Lana Navarro,30128,Washington,,9.475,9.9,9.85,Friday,5,4,2024
Lilly Tubbs,30128,Washington,9.775,,,9.75,Friday,5,4,2024
Madison Ulrich,30128,Denver,9.85,9.75,9.825,9.825,Friday,5,4,2024
Maggie Slife,30128,Air Force,9.825,9.75,9.875,9.075,Friday,5,4,2024
Margzetta Frazier,30128,UCLA,9.725,,9.8,,Friday,5,4,2024
Mary McDonough,30128,Washington,,,,9.85,Friday,5,4,2024
Megan Ray,30128,UC Davis,,,,9.825,Friday,5,4,2024
Mia Hebinck,30128,Denver,9.8,9.925,,,Friday,5,4,2024
Mila Brusch,30128,Denver,,,,9.85,Friday,5,4,2024
Momoko Iwai,30128,Denver,,9.825,9.9,,Friday,5,4,2024
Nya Reed,30128,UCLA,,,9.95,9.8,Friday,5,4,2024
Olivia Oppegard,30128,Washington,9.8,,,,Friday,5,4,2024
Paige Anastasi,30128,UCLA,,,,9.1,Friday,5,4,2024
Rosie Casali,30128,Denver,9.85,,9.9,9.725,Friday,5,4,2024
Rylie Mundell,30128,Denver,9.9,,,9.775,Friday,5,4,2024
Sarah Clark,30128,Arizona State,9.8,9.875,,,Friday,5,4,2024
Selena Harris-Miranda,30128,UCLA,9.85,9.95,9.875,9.8,Friday,5,4,2024
Skylar Killough-Wilhelm,30128,Washington,9.875,9.875,9.95,9.85,Friday,5,4,2024
Taylor Russon,30128,Washington,9.75,9.425,9.875,,Friday,5,4,2024
Ady Wahl,30137,Georgia,9.8,,9.8,9.9,Friday,5,4,2024
Alonna Kratzer,30137,Missouri,,,9.775,,Friday,5,4,2024
Amanda Cashman,30137,Georgia,,,9.85,,Friday,5,4,2024
Amari Celestine,30137,Missouri,,9.85,9.875,9.9,Friday,5,4,2024
Amaya Marshall,30137,Missouri,9.875,,,,Friday,5,4,2024
Anya Pilgrim,30137,Florida,9.975,9.925,9.15,9.9,Friday,5,4,2024
Anya Turner,30137,Georgia,,9.9,,,Friday,5,4,2024
Ashlyn LaClair,30137,Georgia,,,9.75,9.8,Friday,5,4,2024
Avery Balser,30137,Rutgers,9.85,,,,Friday,5,4,2024
Brie Clark,30137,Clemson,,,9.1,,Friday,5,4,2024
Danie Ferris,30137,Florida,,,,9.9,Friday,5,4,2024
Ella Schell,30137,Iowa State,9.775,,9.8,9.75,Friday,5,4,2024
Ellie Lazzari,30137,Florida,9.725,9.95,9.9,9.725,Friday,5,4,2024
Grace Anne Davis,30137,Missouri,,9.9,,9.85,Friday,5,4,2024
Hannah Horton,30137,Missouri,,,9.825,9.9,Friday,5,4,2024
Hannah Loyim,30137,Iowa State,9.725,9.9,,9.6,Friday,5,4,2024
Holly Snyder,30137,Georgia,9.7,,9.875,,Friday,5,4,2024
Hollyn Patrick,30137,Missouri,9.8,,,,Friday,5,4,2024
Ja' Free Scott,30137,Georgia,9.85,9.825,,9.75,Friday,5,4,2024
Jaydah Battle,30137,Georgia,,9.875,,9.875,Friday,5,4,2024
Jocelyn Moore,30137,Missouri,9.9,,9.9,9.9,Friday,5,4,2024
Josie Bergstrom-Te Slaa,30137,Iowa State,,9.9,,9.8,Friday,5,4,2024
Kaia Parker,30137,Iowa State,,,9.875,9.85,Friday,5,4,2024
Katie Finnegan,30137,Georgia,9.85,,,,Friday,5,4,2024
Kennedy Griffin,30137,Missouri,,9.85,9.85,9.8,Friday,5,4,2024
Kielyn McCright,30137,Clemson,,9.85,,,Friday,5,4,2024
Kyra Burns,30137,Missouri,9.9,,,,Friday,5,4,2024
Laura Cooke,30137,Iowa State,9.8,,9.825,,Friday,5,4,2024
Lauren O'Brochta,30137,Iowa State,,9.825,,,Friday,5,4,2024
Lauren Thomas,30137,Iowa State,9.6,9.85,,,Friday,5,4,2024
Leanne Wong,30137,Florida,9.9,9.925,9.925,9.9,Friday,5,4,2024
Lily Smith,30137,Georgia,9.975,9.95,9.925,9.825,Friday,5,4,2024
Loganne Basuel,30137,Iowa State,9.85,,,,Friday,5,4,2024
Madelyn Manternach,30137,Iowa State,,,9.8,,Friday,5,4,2024
Mara Titarsolej,30137,Missouri,9.95,,,,Friday,5,4,2024
Molly Arnold,30137,Clemson,,,9.85,9.9,Friday,5,4,2024
Naya Howard,30137,Georgia,9.9,9.9,,9.9,Friday,5,4,2024
Noelle Adams,30137,Iowa State,,9.8,9.85,9.85,Friday,5,4,2024
Paige Wills,30137,Iowa State,9.825,,,9.8,Friday,5,4,2024
Rachel Wilke,30137,Iowa State,,9.875,9.85,,Friday,5,4,2024
Rayna Light,30137,Missouri,,9.875,,,Friday,5,4,2024
Rebecca Wells,30137,Clemson,9.825,9.9,9.85,9.825,Friday,5,4,2024
Sidney Fitzgerald,30137,Georgia,,,9.85,,Friday,5,4,2024
Sienna Schreiber,30137,Missouri,9.85,9.9,9.85,9.825,Friday,5,4,2024
Skylar Draser,30137,Florida,9.85,9.9,9.825,9.925,Friday,5,4,2024
Sloane Blakely,30137,Florida,9.35,9.875,9.9,,Friday,5,4,2024
Sydney Schaffer,30137,Missouri,,9.1,,,Friday,5,4,2024
Victoria Nguyen,30137,Florida,9.85,9.825,9.925,9.95,Friday,5,4,2024
Zora Morgan,30137,Georgia,,9.8,,,Friday,5,4,2024
Alex Routsis,30143,Southern Utah,9.675,,,,Friday,5,4,2024
Aly Coutu,30143,Southern Utah,,9.725,,,Friday,5,4,2024
Alyssa Fernandez,30143,Southern Utah,,9.45,9.8,,Friday,5,4,2024
Amanda Zeng,30143,Stanford,,,9.85,9.8,Friday,5,4,2024
Anapaula Gutierrez,30143,Stanford,9.85,,,9.9,Friday,5,4,2024
Andi Li,30143,California,9.95,9.875,,,Friday,5,4,2024
Anna Hartley,30143,Southern Utah,,9.85,,,Friday,5,4,2024
Anna Roberts,30143,Stanford,9.825,9.25,9.95,9.875,Friday,5,4,2024
Aria Brusch,30143,Auburn,7.025,,9.9,,Friday,5,4,2024
Aubri Schwartze,30143,Southern Utah,9.9,,,,Friday,5,4,2024
Ava Sorrento,30143,Stanford,9.85,,,,Friday,5,4,2024
Brenna Neault,30143,Stanford,9.85,9.875,9.875,9.85,Friday,5,4,2024
Brinlee Christensen,30143,Southern Utah,9.75,,9.8,9.8,Friday,5,4,2024
Cassie Stevens,30143,Auburn,9.875,9.9,9.9,9.875,Friday,5,4,2024
Chloe Widner,30143,Stanford,9.95,9.95,9.95,9.85,Friday,5,4,2024
Claire Dean,30143,Stanford,,9.85,9.85,9.75,Friday,5,4,2024
Ella Cesario,30143,California,9.85,9.9,9.9,9.85,Friday,5,4,2024
Ellie Cacciola,30143,Southern Utah,,9.875,9.825,9.9,Friday,5,4,2024
Gabby McLaughlin,30143,Auburn,9.775,9.9,9.925,,Friday,5,4,2024
Gabby Perea,30143,California,9.9,9.85,,,Friday,5,4,2024
Hannah Hagle,30143,Auburn,,9.225,,,Friday,5,4,2024
Ira Alexeeva,30143,Stanford,9.9,9.875,,,Friday,5,4,2024
Isabella Neff,30143,Southern Utah,9.85,,,,Friday,5,4,2024
Jada Mazury,30143,San Jose State,9.85,,9.925,,Friday,5,4,2024
Jayden Silvers,30143,California,,,,9.875,Friday,5,4,2024
Jordan Kane,30143,California,,,9.9,,Friday,5,4,2024
Julianne Huff,30143,Auburn,,,9.875,9.75,Friday,5,4,2024
Karina Munoz,30143,Iowa,9.85,9.3,9.775,9.825,Friday,5,4,2024
Katherine Weyhmiller,30143,San Jose State,,9.875,,,Friday,5,4,2024
Kayla Pardue,30143,Southern Utah,,,9.85,9.775,Friday,5,4,2024
Kennedi McClain,30143,Southern Utah,,9.875,,,Friday,5,4,2024
Kyen Mayhew,30143,California,,,9.925,9.8,Friday,5,4,2024
Lauren Macpherson,30143,San Jose State,9.9,9.825,9.85,9.85,Friday,5,4,2024
Mackenzie Kelly,30143,Southern Utah,,,,9.85,Friday,5,4,2024
Madelyn Williams,30143,California,9.85,9.375,9.9,9.8,Friday,5,4,2024
Mya Lauzon,30143,California,9.85,9.95,9.875,9.9,Friday,5,4,2024
Niya Randolph,30143,Southern Utah,9.8,9.75,9.675,9.8,Friday,5,4,2024
Olivia Greaves,30143,Auburn,9.725,,,,Friday,5,4,2024
Olivia Hollingsworth,30143,Auburn,9.85,9.75,9.9,9.75,Friday,5,4,2024
Paige Zancan,30143,Auburn,,9.9,,,Friday,5,4,2024
Sara Hubbard,30143,Auburn,,,,9.7,Friday,5,4,2024
Sienna Robinson,30143,Stanford,,9.9,,,Friday,5,4,2024
Sophia Groth,30143,Auburn,9.75,9.85,9.925,9.8,Friday,5,4,2024
Sydney Schumaker,30143,Auburn,,,,9.8,Friday,5,4,2024
Taylor Gull,30143,Southern Utah,,,9.9,,Friday,5,4,2024
Trista Goodman,30143,Southern Utah,9.8,,,9.775,Friday,5,4,2024
Victoria Cluck,30143,Stanford,,,9.85,,Friday,5,4,2024
eMjae Frazier,30143,California,9.925,9.9,9.95,9.85,Friday,5,4,2024
Alexis Hankins,30153,Ohio State,9.825,9.8,,,Saturday,6,4,2024
Alyssa Kramer,30153,Penn State,,,9.85,,Saturday,6,4,2024
Amani Herring,30153,Penn State,,9.9,9.8,9.775,Saturday,6,4,2024
Ashley Maul,30153,Penn State,,9.825,,,Saturday,6,4,2024
Audrey Davis,30153,Oklahoma,9.95,9.95,9.9,,Saturday,6,4,2024
Ava Piedrahita,30153,Penn State,9.9,9.625,9.85,9.925,Saturday,6,4,2024
Ava Siegfeldt,30153,Oklahoma,,9.925,,9.825,Saturday,6,4,2024
Bell Johnson,30153,Oklahoma,,,9.7,,Saturday,6,4,2024
Bella Salcedo,30153,Penn State,,9.925,9.875,9.825,Saturday,6,4,2024
Cameron Machado,30153,Alabama,9.875,,9.925,,Saturday,6,4,2024
Cassidy Rushlow,30153,Penn State,9.925,,,,Saturday,6,4,2024
Chloe LaCoursiere,30153,Alabama,9.775,,,9.825,Saturday,6,4,2024
Corinne Bunagan,30153,Alabama,,,,9.725,Saturday,6,4,2024
Courtney McCann,30153,Ohio State,,9.8,,9.85,Saturday,6,4,2024
Danielle Sievers,30153,Oklahoma,9.9,,,,Saturday,6,4,2024
Ella Burgess,30153,Alabama,,9.3,,,Saturday,6,4,2024
Ella Hodges,30153,Ohio State,,9.825,9.975,,Saturday,6,4,2024
Emma Pritchard,30153,Ohio State,9.8,9.8,,,Saturday,6,4,2024
Faith Torrez,30153,Oklahoma,9.65,9.95,9.95,9.8,Saturday,6,4,2024
Gabby Gladieux,30153,Alabama,,9.825,9.925,9.8,Saturday,6,4,2024
Gabrielle Gallentine,30153,Penn State,9.9,,,,Saturday,6,4,2024
Hannah Scheible,30153,Oklahoma,,,,9.925,Saturday,6,4,2024
Jamison Sears,30153,Alabama,,,9.85,9.85,Saturday,6,4,2024
Jessica Johanson,30153,Penn State,9.75,,9.8,9.825,Saturday,6,4,2024
Jordan Bowers,30153,Oklahoma,9.925,9.95,9.975,9.875,Saturday,6,4,2024
Kaitlyn Grimes,30153,Ohio State,,,,9.85,Saturday,6,4,2024
Kalea McElligott,30153,Penn State,9.8,9.825,9.725,9.8,Saturday,6,4,2024
Katherine LeVasseur,30153,Oklahoma,9.925,9.975,9.9,9.725,Saturday,6,4,2024
Keira Wells,30153,Oklahoma,,,,9.9,Saturday,6,4,2024
Lilly Hudson,30153,Alabama,9.825,9.9,9.95,9.85,Saturday,6,4,2024
Luisa Blanco,30153,Alabama,9.925,9.85,9.95,9.9,Saturday,6,4,2024
Maddie Johnston,30153,Penn State,9.85,9.825,,9.825,Saturday,6,4,2024
Mati Waligora,30153,Alabama,9.825,9.85,9.9,,Saturday,6,4,2024
Nicole Riccardi,30153,Ohio State,9.8,,9.875,9.75,Saturday,6,4,2024
Payton Harris,30153,Ohio State,9.9,9.9,9.925,9.875,Saturday,6,4,2024
Ragan Smith,30153,Oklahoma,9.9,9.975,9.95,,Saturday,6,4,2024
Savannah Gonzalez,30153,Ohio State,,,9.875,,Saturday,6,4,2024
Shania Adams,30153,Alabama,9.9,9.925,,,Saturday,6,4,2024
Sidney Washington,30153,Ohio State,9.8,,9.875,9.75,Saturday,6,4,2024
Tory Vetter,30153,Ohio State,9.85,9.9,9.925,9.9,Saturday,6,4,2024
Aleah Finnegan,30160,LSU,,9.9,9.95,9.85,Saturday,6,4,2024
Alexis Jeffrey,30160,LSU,9.2,,,,Saturday,6,4,2024
Amari Drayton,30160,LSU,,,9.9,9.875,Saturday,6,4,2024
Arianna Patterson,30160,Kentucky,,9.9,,9.85,Saturday,6,4,2024
Ashley Cowan,30160,LSU,9.9,,,,Saturday,6,4,2024
Bailey Bunn,30160,Kentucky,9.85,9.825,,,Saturday,6,4,2024
Cally Swaney,30160,Arkansas,9.85,9.9,,,Saturday,6,4,2024
Cami Weaver,30160,Arkansas,,9.9,,9.875,Saturday,6,4,2024
Cecily Rizo,30160,Kentucky,9.85,,,9.8,Saturday,6,4,2024
Creslyn Brose,30160,Kentucky,,9.925,9.9,,Saturday,6,4,2024
Dakota Essenpries,30160,Arkansas,,,,9.8,Saturday,6,4,2024
Delaynee Rodriguez,30160,Kentucky,9.875,9.875,9.85,,Saturday,6,4,2024
Ella Sirjord,30160,Minnesota,9.925,9.925,,,Saturday,6,4,2024
Emily Koch,30160,Minnesota,,9.725,9.875,,Saturday,6,4,2024
Frankie Price,30160,Arkansas,,,9.9,9.85,Saturday,6,4,2024
Gianna Gerdes,30160,Minnesota,9.9,9.7,9.9,9.875,Saturday,6,4,2024
Hailey Davis,30160,Kentucky,9.9,,9.9,,Saturday,6,4,2024
Hailey Klein,30160,Arkansas,,9.85,9.875,9.85,Saturday,6,4,2024
Haleigh Bryant,30160,LSU,10.0,9.925,9.925,10.0,Saturday,6,4,2024
Isabella Magnelli,30160,Kentucky,,9.8,9.875,9.9,Saturday,6,4,2024
Jaime Pratt,30160,Arkansas,9.85,,,,Saturday,6,4,2024
Jensen Scalzo,30160,Arkansas,9.85,,,,Saturday,6,4,2024
Jillian Procasky,30160,Kentucky,9.875,,,9.7,Saturday,6,4,2024
KJ Johnson,30160,LSU,,,9.925,9.925,Saturday,6,4,2024
Kalyxta Gamiao,30160,Arkansas,,9.95,9.85,,Saturday,6,4,2024
Katie Horak,30160,Minnesota,,9.85,,,Saturday,6,4,2024
Kiya Johnson,30160,LSU,9.925,9.85,9.925,9.9,Saturday,6,4,2024
Konnor McClain,30160,LSU,9.95,9.95,9.9,,Saturday,6,4,2024
Lauren Pearl,30160,Minnesota,,9.875,9.875,9.85,Saturday,6,4,2024
Lauren Williams,30160,Arkansas,,,9.925,9.85,Saturday,6,4,2024
Leah Gonsiorowski,30160,Minnesota,,,9.825,,Saturday,6,4,2024
Leah Smith,30160,Arkansas,,,9.875,9.95,Saturday,6,4,2024
Maddie Jones,30160,Arkansas,9.9,9.8,9.9,,Saturday,6,4,2024
Makenzie Wilson,30160,Kentucky,,,9.8,9.85,Saturday,6,4,2024
Marissa Jencks,30160,Minnesota,9.8,,,9.775,Saturday,6,4,2024
Mya Hooten,30160,Minnesota,9.95,,9.95,9.85,Saturday,6,4,2024
Priscilla Park,30160,Arkansas,9.9,,,,Saturday,6,4,2024
Raena Worley,30160,Kentucky,9.9,9.8,9.95,9.875,Saturday,6,4,2024
Reese Drotar,30160,Arkansas,9.95,,,,Saturday,6,4,2024
Sarah Moraw,30160,Minnesota,,9.85,,9.9,Saturday,6,4,2024
Savannah Schoenherr,30160,LSU,9.85,9.825,,9.8,Saturday,6,4,2024
Seria Johnson,30160,Minnesota,9.825,,9.825,,Saturday,6,4,2024
Sierra Ballard,30160,LSU,,9.8,,,Saturday,6,4,2024
Sirena Linton,30160,Arkansas,,9.925,,,Saturday,6,4,2024
Sophia Nguyen,30160,Minnesota,9.9,,,9.775,Saturday,6,4,2024
Abbie Thompson,30171,Denver,,9.8,,,Sunday,7,4,2024
Amanda Hargraves,30171,Denver,,,,9.825,Sunday,7,4,2024
Amanda Zeng,30171,Stanford,,,9.9,9.8,Sunday,7,4,2024
Anapaula Gutierrez,30171,Stanford,9.85,,,9.85,Sunday,7,4,2024
Anaya Smith,30171,Arizona State,,,,9.725,Sunday,7,4,2024
Andi Li,30171,California,9.95,9.825,9.9,,Sunday,7,4,2024
Anna Roberts,30171,Stanford,9.85,,9.95,9.825,Sunday,7,4,2024
Ava Sorrento,30171,Stanford,9.9,,,,Sunday,7,4,2024
Bella Mabanta,30171,Denver,,9.95,9.85,,Sunday,7,4,2024
Brenna Neault,30171,Stanford,9.85,9.85,9.9,9.85,Sunday,7,4,2024
Cassi Barbanente,30171,Arizona State,9.8,,,,Sunday,7,4,2024
Chloe Widner,30171,Stanford,9.95,9.95,10.0,9.825,Sunday,7,4,2024
Cienna Samiley,30171,Arizona State,9.9,,,,Sunday,7,4,2024
Claire Dean,30171,Stanford,,9.85,9.85,9.775,Sunday,7,4,2024
Ella Cesario,30171,California,9.925,9.85,9.925,9.9,Sunday,7,4,2024
Emily White,30171,Arizona State,9.8,9.275,9.9,9.775,Sunday,7,4,2024
Gabby Perea,30171,California,9.95,9.875,,,Sunday,7,4,2024
Gracie Reeves,30171,Arizona State,9.85,9.775,,9.725,Sunday,7,4,2024
Halle Gregoire,30171,Arizona State,,,9.85,9.95,Sunday,7,4,2024
Hannah Scharf,30171,Arizona State,,9.85,9.9,9.775,Sunday,7,4,2024
Ira Alexeeva,30171,Stanford,9.925,9.875,,,Sunday,7,4,2024
Jada Mangahas,30171,Arizona State,9.85,,9.9,9.85,Sunday,7,4,2024
Jayden Silvers,30171,California,,,,9.85,Sunday,7,4,2024
Jessica Hutchinson,30171,Denver,9.9,9.8,9.95,9.95,Sunday,7,4,2024
Kayla Lee,30171,Arizona State,,9.9,9.8,,Sunday,7,4,2024
Kiley Rorich,30171,Denver,9.325,,9.075,,Sunday,7,4,2024
Kimberly Smith,30171,Arizona State,,9.775,9.825,,Sunday,7,4,2024
Kyen Mayhew,30171,California,,,9.925,9.85,Sunday,7,4,2024
Madelyn Williams,30171,California,9.95,9.9,9.925,9.825,Sunday,7,4,2024
Madison Ulrich,30171,Denver,9.9,9.825,9.9,9.85,Sunday,7,4,2024
Mia Hebinck,30171,Denver,9.85,8.25,,,Sunday,7,4,2024
Mila Brusch,30171,Denver,,,,9.85,Sunday,7,4,2024
Momoko Iwai,30171,Denver,,9.85,9.875,,Sunday,7,4,2024
Mya Lauzon,30171,California,9.85,9.95,9.95,10.0,Sunday,7,4,2024
Porsche Trinidad,30171,Stanford,,9.725,,,Sunday,7,4,2024
Rosie Casali,30171,Denver,9.875,,9.875,9.825,Sunday,7,4,2024
Rylie Mundell,30171,Denver,9.875,,,9.9,Sunday,7,4,2024
Sarah Clark,30171,Arizona State,9.825,9.775,,,Sunday,7,4,2024
Sienna Robinson,30171,Stanford,,9.825,,,Sunday,7,4,2024
Victoria Cluck,30171,Stanford,,,9.75,,Sunday,7,4,2024
eMjae Frazier,30171,California,9.9,9.8,9.975,9.9,Sunday,7,4,2024
Abby Paulson,30180,Utah,,9.85,9.95,,Sunday,7,4,2024
Alani Sabado,30180,Utah,9.2,,,,Sunday,7,4,2024
Alonna Kratzer,30180,Missouri,,,9.85,,Sunday,7,4,2024
Amari Celestine,30180,Missouri,,9.875,9.9,9.925,Sunday,7,4,2024
Amaya Marshall,30180,Missouri,9.875,,,,Sunday,7,4,2024
Amelie Morgan,30180,Utah,9.825,9.9,,,Sunday,7,4,2024
Anya Pilgrim,30180,Florida,9.925,9.9,9.95,9.875,Sunday,7,4,2024
Ashley Glynn,30180,Utah,,,,9.9,Sunday,7,4,2024
Baleigh Garcia,30180,Michigan State,,9.275,,,Sunday,7,4,2024
Danie Ferris,30180,Florida,,,9.925,9.9,Sunday,7,4,2024
Delanie Harkness,30180,Michigan State,9.85,,9.9,,Sunday,7,4,2024
Ella Zirbes,30180,Utah,9.825,,,9.85,Sunday,7,4,2024
Elle Beaufait,30180,Michigan State,,,9.85,,Sunday,7,4,2024
Ellie Lazzari,30180,Florida,9.875,9.95,9.9,9.925,Sunday,7,4,2024
Gabrielle Stephen,30180,Michigan State,9.775,9.325,9.875,9.825,Sunday,7,4,2024
Giana Kalefe,30180,Michigan State,,9.9,,,Sunday,7,4,2024
Grace Anne Davis,30180,Missouri,,9.8,,9.8,Sunday,7,4,2024
Grace McCallum,30180,Utah,9.95,9.35,9.9,9.85,Sunday,7,4,2024
Hannah Horton,30180,Missouri,,,9.9,9.8,Sunday,7,4,2024
Hollyn Patrick,30180,Missouri,9.8,,,,Sunday,7,4,2024
Jaedyn Rucker,30180,Utah,,,9.85,9.95,Sunday,7,4,2024
Jaylene Gilstrap,30180,Utah,,9.875,9.95,9.625,Sunday,7,4,2024
Jocelyn Moore,30180,Missouri,9.85,,9.875,9.875,Sunday,7,4,2024
Kennedy Griffin,30180,Missouri,,9.775,9.95,9.825,Sunday,7,4,2024
Kyra Burns,30180,Missouri,9.825,,,,Sunday,7,4,2024
Leanne Wong,30180,Florida,9.925,9.8,9.95,9.925,Sunday,7,4,2024
MaKayla Tucker,30180,Michigan State,,9.85,9.9,9.825,Sunday,7,4,2024
Maile O'Keefe,30180,Utah,9.875,9.95,9.925,,Sunday,7,4,2024
Makenna Smith,30180,Utah,9.5,9.9,9.9,9.95,Sunday,7,4,2024
Mara Titarsolej,30180,Missouri,9.875,,,,Sunday,7,4,2024
Nikki Smith,30180,Michigan State,9.85,9.75,9.925,9.4,Sunday,7,4,2024
Olivia Zsarmani,30180,Michigan State,9.75,,,9.95,Sunday,7,4,2024
Rayna Light,30180,Missouri,,9.0,,,Sunday,7,4,2024
Sage Kellerman,30180,Michigan State,9.775,,,9.975,Sunday,7,4,2024
Sienna Schreiber,30180,Missouri,9.85,9.95,9.9,9.85,Sunday,7,4,2024
Skyla Schulte,30180,Michigan State,9.725,9.85,9.925,9.85,Sunday,7,4,2024
Skylar Draser,30180,Florida,9.9,9.9,,9.925,Sunday,7,4,2024
Sloane Blakely,30180,Florida,9.875,9.925,9.9,,Sunday,7,4,2024
Sydney Schaffer,30180,Missouri,,9.85,,,Sunday,7,4,2024
Victoria Nguyen,30180,Florida,9.85,9.925,9.925,9.9,Sunday,7,4,2024
Abby Paulson,30204,Utah,,9.95,9.9,,Thursday,18,4,2024
Alani Sabado,30204,Utah,9.9,,,,Thursday,18,4,2024
Aleah Finnegan,30204,LSU,,9.8875,9.9625,,Thursday,18,4,2024
Alexis Jeffrey,30204,LSU,9.8125,,,,Thursday,18,4,2024
Amanda Zeng,30204,Stanford,,,9.8125,9.7875,Thursday,18,4,2024
Amani Herring,30204,Penn State,,9.7875,,,Thursday,18,4,2024
Amari Drayton,30204,LSU,,,9.8875,9.8125,Thursday,18,4,2024
Amelie Morgan,30204,Utah,9.9,9.925,,9.8,Thursday,18,4,2024
Anapaula Gutierrez,30204,Stanford,9.8875,,,9.875,Thursday,18,4,2024
Anaya Smith,30204,Arizona State,,,,9.9375,Thursday,18,4,2024
Andi Li,30204,California,9.9125,9.875,,,Thursday,18,4,2024
Anna Roberts,30204,Stanford,9.8875,9.9,9.9,9.95,Thursday,18,4,2024
Anya Pilgrim,30204,Florida,9.9,9.85,9.875,9.9125,Thursday,18,4,2024
Ashley Cowan,30204,LSU,9.875,,,,Thursday,18,4,2024
Ashley Glynn,30204,Utah,,,,9.8,Thursday,18,4,2024
Audrey Davis,30204,Oklahoma,9.9625,9.9625,9.8875,9.725,Thursday,18,4,2024
Ava Siegfeldt,30204,Oklahoma,,9.2875,,,Thursday,18,4,2024
Ava Sorrento,30204,Stanford,8.6,,,,Thursday,18,4,2024
Brenna Neault,30204,Stanford,9.825,9.85,9.8375,9.7625,Thursday,18,4,2024
Cally Swaney,30204,Arkansas,9.8125,9.85,,,Thursday,18,4,2024
Cameron Machado,30204,Alabama,9.85,,9.8625,,Thursday,18,4,2024
Cami Weaver,30204,Arkansas,,9.6625,,9.8875,Thursday,18,4,2024
Carly Bauman,30204,Michigan,9.9,,,,Thursday,18,4,2024
Chae Campbell,30204,UCLA,,,9.9,,Thursday,18,4,2024
Chase Brock,30204,LSU,,,,9.825,Thursday,18,4,2024
Chloe LaCoursiere,30204,Alabama,9.9125,,,9.825,Thursday,18,4,2024
Chloe Widner,30204,Stanford,9.8,9.8375,9.9,9.85,Thursday,18,4,2024
Claire Dean,30204,Stanford,,9.6875,9.8375,9.725,Thursday,18,4,2024
Courtney Blackson,30204,Boise State,9.925,,,,Thursday,18,4,2024
Dakota Essenpries,30204,Arkansas,,,,9.7625,Thursday,18,4,2024
Danie Ferris,30204,Florida,,,9.9,9.85,Thursday,18,4,2024
Danielle Sievers,30204,Oklahoma,9.9,,9.8875,,Thursday,18,4,2024
Ella Burgess,30204,Alabama,,9.05,9.8625,,Thursday,18,4,2024
Ella Cesario,30204,California,9.9,9.2875,9.825,9.85,Thursday,18,4,2024
Ella Zirbes,30204,Utah,9.925,,,9.9125,Thursday,18,4,2024
Ellie Lazzari,30204,Florida,9.1625,8.975,9.825,9.925,Thursday,18,4,2024
Emma Silberman,30204,Maryland,,,,9.7625,Thursday,18,4,2024
Faith Torrez,30204,Oklahoma,9.85,9.9625,9.95,9.325,Thursday,18,4,2024
Frankie Price,30204,Arkansas,,,9.8875,9.875,Thursday,18,4,2024
Gabby Gladieux,30204,Alabama,,9.875,9.9,9.8625,Thursday,18,4,2024
Gabby Perea,30204,California,9.9125,9.8875,,,Thursday,18,4,2024
Gabby Wilson,30204,Michigan,9.8625,9.875,9.9125,9.85,Thursday,18,4,2024
Grace McCallum,30204,Utah,9.875,9.8875,9.9,9.775,Thursday,18,4,2024
Hailey Klein,30204,Arkansas,,9.6375,9.8,9.85,Thursday,18,4,2024
Haleigh Bryant,30204,LSU,9.925,9.95,9.9375,9.9,Thursday,18,4,2024
Hannah Scheible,30204,Oklahoma,,,,9.875,Thursday,18,4,2024
Ira Alexeeva,30204,Stanford,9.85,9.8875,,,Thursday,18,4,2024
Isabella Magnelli,30204,Kentucky,,9.95,,,Thursday,18,4,2024
Jada Mangahas,30204,Arizona State,9.875,,,,Thursday,18,4,2024
Jade Carey,30204,Oregon State,9.9,9.95,9.95,9.9,Thursday,18,4,2024
Jaedyn Rucker,30204,Utah,,,9.0875,9.6125,Thursday,18,4,2024
Jaime Pratt,30204,Arkansas,9.7875,,,,Thursday,18,4,2024
Jamison Sears,30204,Alabama,,,,9.8125,Thursday,18,4,2024
Jayden Silvers,30204,California,,,,9.275,Thursday,18,4,2024
Jaylene Gilstrap,30204,Utah,,9.25,9.95,,Thursday,18,4,2024
Jensen Scalzo,30204,Arkansas,9.875,,,,Thursday,18,4,2024
Jordan Bowers,30204,Oklahoma,9.95,9.9375,9.95,9.45,Thursday,18,4,2024
Jordan Kane,30204,California,,,9.825,,Thursday,18,4,2024
KJ Johnson,30204,LSU,,,9.95,9.825,Thursday,18,4,2024
Kalyxta Gamiao,30204,Arkansas,,9.85,9.825,,Thursday,18,4,2024
Karis German,30204,Alabama,,,,9.8,Thursday,18,4,2024
Katherine LeVasseur,30204,Oklahoma,9.95,9.1375,9.9,9.375,Thursday,18,4,2024
Keira Wells,30204,Oklahoma,,,,9.9,Thursday,18,4,2024
Kiya Johnson,30204,LSU,9.9,9.9,9.9375,9.875,Thursday,18,4,2024
Konnor McClain,30204,LSU,9.9125,9.9125,9.9375,,Thursday,18,4,2024
Kyen Mayhew,30204,California,,,9.9,9.875,Thursday,18,4,2024
Lauren Williams,30204,Arkansas,,,9.8125,9.825,Thursday,18,4,2024
Leah Smith,30204,Arkansas,,,9.625,9.8875,Thursday,18,4,2024
Leanne Wong,30204,Florida,9.9625,9.8875,9.9125,9.9375,Thursday,18,4,2024
Lilly Hudson,30204,Alabama,9.9,9.9,9.8875,9.8875,Thursday,18,4,2024
Lily Smith,30204,Georgia,9.925,9.9125,9.9125,9.725,Thursday,18,4,2024
Luisa Blanco,30204,Alabama,9.9375,9.1375,9.9,9.875,Thursday,18,4,2024
Maddie Jones,30204,Arkansas,9.7875,9.8125,9.8125,,Thursday,18,4,2024
Madelyn Williams,30204,California,9.825,9.8875,9.8625,9.8875,Thursday,18,4,2024
Maile O'Keefe,30204,Utah,9.825,9.95,9.95,,Thursday,18,4,2024
Makenna Smith,30204,Utah,9.9125,9.925,9.8875,9.9125,Thursday,18,4,2024
Mara Titarsolej,30204,Missouri,9.6625,,,,Thursday,18,4,2024
Mati Waligora,30204,Alabama,9.8875,9.025,9.8625,,Thursday,18,4,2024
Mya Hooten,30204,Minnesota,,,,9.875,Thursday,18,4,2024
Mya Lauzon,30204,California,9.9,9.95,9.8875,9.9,Thursday,18,4,2024
Nikki Smith,30204,Michigan State,,9.825,,,Thursday,18,4,2024
Priscilla Park,30204,Arkansas,9.8,,,,Thursday,18,4,2024
Raena Worley,30204,Kentucky,,,9.95,,Thursday,18,4,2024
Ragan Smith,30204,Oklahoma,9.9,9.95,9.875,,Thursday,18,4,2024
Reese Drotar,30204,Arkansas,9.925,,,,Thursday,18,4,2024
Savannah Schoenherr,30204,LSU,9.8625,9.925,,9.9,Thursday,18,4,2024
Selena Harris-Miranda,30204,UCLA,,9.95,,,Thursday,18,4,2024
Shania Adams,30204,Alabama,9.85,9.2875,,,Thursday,18,4,2024
Sienna Robinson,30204,Stanford,,9.8375,,,Thursday,18,4,2024
Sierra Ballard,30204,LSU,,9.9,,,Thursday,18,4,2024
Sierra Brooks,30204,Michigan,,,9.95,9.8625,Thursday,18,4,2024
Sirena Linton,30204,Arkansas,,9.4625,,,Thursday,18,4,2024
Skyla Schulte,30204,Michigan State,,,9.9125,,Thursday,18,4,2024
Skylar Draser,30204,Florida,9.825,9.9,,9.875,Thursday,18,4,2024
Skylar Killough-Wilhelm,30204,Washington,9.925,9.8875,9.8875,9.85,Thursday,18,4,2024
Sloane Blakely,30204,Florida,9.85,9.925,9.8875,,Thursday,18,4,2024
Victoria Cluck,30204,Stanford,,,9.7375,,Thursday,18,4,2024
Victoria Nguyen,30204,Florida,9.9125,9.9125,9.875,9.85,Thursday,18,4,2024
eMjae Frazier,30204,California,9.9,9.8125,9.9375,9.85,Thursday,18,4,2024
Abby Paulson,30225,Utah,,9.85,9.925,,Saturday,20,4,2024
Alani Sabado,30225,Utah,9.8375,,,,Saturday,20,4,2024
Aleah Finnegan,30225,LSU,,9.95,9.9125,9.8375,Saturday,20,4,2024
Alexis Jeffrey,30225,LSU,9.9,,,,Saturday,20,4,2024
Amari Drayton,30225,LSU,,,9.9125,9.825,Saturday,20,4,2024
Amelie Morgan,30225,Utah,9.875,9.9125,,,Saturday,20,4,2024
Andi Li,30225,California,9.8875,9.875,9.825,,Saturday,20,4,2024
Anya Pilgrim,30225,Florida,9.8875,9.875,9.8625,9.8,Saturday,20,4,2024
Ashley Cowan,30225,LSU,9.8875,,,,Saturday,20,4,2024
Ashley Glynn,30225,Utah,,,,9.9125,Saturday,20,4,2024
Camie Winger,30225,Utah,,,,9.2875,Saturday,20,4,2024
Danie Ferris,30225,Florida,,,9.85,9.9125,Saturday,20,4,2024
Elizabeth Gantner,30225,Utah,,9.875,,,Saturday,20,4,2024
Ella Cesario,30225,California,9.8875,9.8875,9.8625,9.8625,Saturday,20,4,2024
Ella Zirbes,30225,Utah,9.8625,,9.9125,9.675,Saturday,20,4,2024
Ellie Lazzari,30225,Florida,9.85,9.85,9.8875,9.7875,Saturday,20,4,2024
Gabby Perea,30225,California,9.9125,9.4125,,,Saturday,20,4,2024
Grace McCallum,30225,Utah,9.95,9.9375,9.9,9.9,Saturday,20,4,2024
Haleigh Bryant,30225,LSU,9.875,9.95,9.9375,9.95,Saturday,20,4,2024
Jaedyn Rucker,30225,Utah,,,,9.9,Saturday,20,4,2024
Jayden Silvers,30225,California,,,,9.85,Saturday,20,4,2024
Jaylene Gilstrap,30225,Utah,,,9.925,,Saturday,20,4,2024
KJ Johnson,30225,LSU,,,9.2875,9.8,Saturday,20,4,2024
Kiya Johnson,30225,LSU,9.8875,9.95,9.925,9.9125,Saturday,20,4,2024
Konnor McClain,30225,LSU,9.9,9.9625,9.925,,Saturday,20,4,2024
Kyen Mayhew,30225,California,,,9.2,9.9,Saturday,20,4,2024
Leanne Wong,30225,Florida,9.95,9.375,9.95,9.8125,Saturday,20,4,2024
Madelyn Williams,30225,California,9.9,9.8625,9.8625,9.85,Saturday,20,4,2024
Maile O'Keefe,30225,Utah,9.9,9.9,9.925,,Saturday,20,4,2024
Makenna Smith,30225,Utah,9.85,9.8375,9.9,9.9125,Saturday,20,4,2024
Mya Lauzon,30225,California,9.475,9.9,9.9125,9.95,Saturday,20,4,2024
Savannah Schoenherr,30225,LSU,9.8625,9.3875,,9.875,Saturday,20,4,2024
Sierra Ballard,30225,LSU,,9.95,,,Saturday,20,4,2024
Skylar Draser,30225,Florida,9.9,9.9,,9.875,Saturday,20,4,2024
Sloane Blakely,30225,Florida,9.8625,9.95,9.8625,,Saturday,20,4,2024
Victoria Nguyen,30225,Florida,9.875,9.6625,9.9125,9.85,Saturday,20,4,2024
eMjae Frazier,30225,California,9.9125,9.95,9.9125,9.9375,Saturday,20,4,2024
