Gymnast,Meet,Team,Bars,Beam,Floor,Vault,Day_of_Week,Day,Month,Year
Abby Mueller,30233,Missouri,,,,9.8,Friday,3,1,2025
Addison Lawrence,30233,Missouri,9.825,9.9,,,Friday,3,1,2025
Ailey Kuehn,30233,S.E. Missouri,,9.5,,8.925,Friday,3,1,2025
Alana Laster,30233,Illinois State,,9.675,8.925,9.875,Friday,3,1,2025
Alauna Simms,30233,Ball State,,,9.7,,Friday,3,1,2025
Ally Lau,30233,Illinois State,,9.65,,,Friday,3,1,2025
Amari Celestine,30233,Missouri,9.9,9.825,9.85,9.775,Friday,3,1,2025
Amy Wier,30233,Missouri,,9.775,,,Friday,3,1,2025
Ashley Szymanski,30233,Ball State,9.875,9.775,,,Friday,3,1,2025
Audrey Hiatt,30233,Illinois State,,8.7,,,Friday,3,1,2025
Ava Molina,30233,Ball State,9.65,9.65,9.725,,Friday,3,1,2025
Cai Afalla,30233,Ball State,,,9.775,9.725,Friday,3,1,2025
Carissa Martinez,30233,Ball State,,,9.75,9.475,Friday,3,1,2025
Delaney McMahon,30233,Ball State,,9.775,,,Friday,3,1,2025
Grace Sumner,30233,Ball State,9.85,9.05,,,Friday,3,1,2025
Hannah Horton,30233,Missouri,9.925,,9.85,9.8,Friday,3,1,2025
Hannah Ruthberg,30233,Ball State,9.75,9.8,9.775,9.75,Friday,3,1,2025
Helen Hu,30233,Missouri,,9.8,,,Friday,3,1,2025
Jada Beswick,30233,Illinois State,9.8,,,,Friday,3,1,2025
Jaidan Kossuth,30233,S.E. Missouri,,8.925,,,Friday,3,1,2025
Jaly Jones,30233,Illinois State,9.75,,9.775,9.725,Friday,3,1,2025
Janelle Lopez,30233,S.E. Missouri,9.7,9.575,,9.525,Friday,3,1,2025
Jaye Mack,30233,Illinois State,,9.65,9.825,9.825,Friday,3,1,2025
Jessa Conedera,30233,Missouri,,9.15,,,Friday,3,1,2025
Jocelyn Moore,30233,Missouri,9.875,,9.85,9.85,Friday,3,1,2025
Joselene Hernandez,30233,S.E. Missouri,9.575,,9.725,9.65,Friday,3,1,2025
Julia Heiner,30233,Illinois State,9.725,,,,Friday,3,1,2025
Kaia Tanskanen,30233,Missouri,,,,9.75,Friday,3,1,2025
Kailyn Hamilton,30233,S.E. Missouri,9.575,,9.55,,Friday,3,1,2025
Kaitlyn Donovan,30233,Illinois State,,,9.75,9.675,Friday,3,1,2025
Karli Mercer,30233,Ball State,,,,9.725,Friday,3,1,2025
Kennedy Griffin,30233,Missouri,,,9.825,9.65,Friday,3,1,2025
Kyra Burns,30233,Missouri,9.875,,,,Friday,3,1,2025
Leah Davis,30233,Illinois State,,9.7,,,Friday,3,1,2025
Leah Parton,30233,S.E. Missouri,,9.025,8.875,,Friday,3,1,2025
Lindsay Girard,30233,Ball State,,,9.55,9.625,Friday,3,1,2025
Lindsay Ockler,30233,S.E. Missouri,9.8,,,9.55,Friday,3,1,2025
Madison Greene,30233,S.E. Missouri,,,9.55,,Friday,3,1,2025
Mara Titarsolej,30233,Missouri,9.85,,,,Friday,3,1,2025
Mary Rose Bellan,30233,Ball State,9.85,,,,Friday,3,1,2025
Mya Robinson,30233,Illinois State,9.475,9.55,9.65,9.8,Friday,3,1,2025
Nyah Reader,30233,S.E. Missouri,,9.75,,9.475,Friday,3,1,2025
Railey Jackson,30233,Missouri,,9.8,9.825,,Friday,3,1,2025
Rayna Light,30233,Missouri,,,9.8,,Friday,3,1,2025
Reese Grolla,30233,Illinois State,9.725,,,,Friday,3,1,2025
Sammie Wolff,30233,Illinois State,,,,9.75,Friday,3,1,2025
Sara Wabi,30233,Illinois State,9.775,,9.825,,Friday,3,1,2025
Sydney Crouch,30233,S.E. Missouri,9.425,,8.675,,Friday,3,1,2025
Taylor Ingle,30233,S.E. Missouri,9.75,8.775,9.725,9.675,Friday,3,1,2025
Zoe Middleton,30233,Ball State,9.725,9.625,,9.7,Friday,3,1,2025
Amelie Morgan,30237,Utah,9.9,9.85,,,Friday,3,1,2025
Ana Padurariu,30237,Utah,9.85,9.85,,,Friday,3,1,2025
Angel Stuart,30237,Utah State,,,9.65,,Friday,3,1,2025
Ashley Glynn,30237,Utah,,,9.8,9.925,Friday,3,1,2025
Avery Bibbey,30237,Utah State,9.0,,,,Friday,3,1,2025
Avery Neff,30237,Utah,9.85,9.875,9.225,9.775,Friday,3,1,2025
Brianna Brooks,30237,Utah State,9.8,9.775,,8.375,Friday,3,1,2025
Camie Winger,30237,Utah,,9.95,,9.575,Friday,3,1,2025
Ella Zirbes,30237,Utah,9.775,,,9.75,Friday,3,1,2025
Grace McCallum,30237,Utah,9.9,9.9,9.8,9.625,Friday,3,1,2025
Isabella Vater,30237,Utah State,,,9.675,9.45,Friday,3,1,2025
Jaylene Gilstrap,30237,Utah,,,9.7,,Friday,3,1,2025
Jenna Eagles,30237,Utah State,,9.725,9.575,,Friday,3,1,2025
Kaylie Medrano,30237,Utah State,9.775,9.075,9.675,9.8,Friday,3,1,2025
Lundyn Vander Toolen,30237,Utah State,9.8,,,9.675,Friday,3,1,2025
Makenna Smith,30237,Utah,9.875,9.9,9.875,9.85,Friday,3,1,2025
Mya Witte,30237,Utah State,,9.7,,,Friday,3,1,2025
Nyla Morabito,30237,Utah State,,,9.85,9.75,Friday,3,1,2025
Olivia Orengo,30237,Utah State,9.75,9.775,9.65,,Friday,3,1,2025
Payton Gatzlaff,30237,Utah State,,,,9.65,Friday,3,1,2025
Sarah Krump,30237,Utah,,,9.825,,Friday,3,1,2025
Sydney Jelen,30237,Utah State,9.75,9.775,,,Friday,3,1,2025
Aleah Finnegan,30239,LSU,9.9,9.925,9.95,9.95,Friday,3,1,2025
Alexis Jeffrey,30239,LSU,9.825,,,,Friday,3,1,2025
Amari Drayton,30239,LSU,,9.675,9.875,9.925,Friday,3,1,2025
Ashley Cowan,30239,LSU,9.85,,,,Friday,3,1,2025
Aubree Guinee,30239,Iowa State,,,9.8,,Friday,3,1,2025
Chase Brock,30239,LSU,,,9.875,9.825,Friday,3,1,2025
Frederique Sgarbossa,30239,Iowa State,9.8,,,,Friday,3,1,2025
Hannah Loyim,30239,Iowa State,8.8,9.575,,,Friday,3,1,2025
Haylee Hardin,30239,Iowa State,,,,9.75,Friday,3,1,2025
Josie Bergstrom-Te Slaa,30239,Iowa State,9.625,9.75,9.6,9.85,Friday,3,1,2025
KJ Johnson,30239,LSU,,,,9.825,Friday,3,1,2025
Kaia Bochow,30239,Iowa State,9.775,,,,Friday,3,1,2025
Kailin Chio,30239,LSU,9.9,9.925,9.925,9.825,Friday,3,1,2025
Kaliya Lincoln,30239,LSU,,,,9.825,Friday,3,1,2025
Konnor McClain,30239,LSU,9.8,9.825,,,Friday,3,1,2025
Lauren O'Brochta,30239,Iowa State,,9.7,,,Friday,3,1,2025
Lauren Thomas,30239,Iowa State,9.7,9.8,,,Friday,3,1,2025
Lexi Zeiss,30239,LSU,9.8,,,,Friday,3,1,2025
Madelyn Manternach,30239,Iowa State,,,9.675,,Friday,3,1,2025
Noelle Adams,30239,Iowa State,,9.775,9.85,9.85,Friday,3,1,2025
Olivia Dunne,30239,LSU,,9.825,9.875,,Friday,3,1,2025
Paige Wills,30239,Iowa State,8.85,,,9.675,Friday,3,1,2025
Rachel Wilke,30239,Iowa State,,9.7,9.875,9.7,Friday,3,1,2025
Sierra Ballard,30239,LSU,,9.25,9.85,,Friday,3,1,2025
Brooklyn Moors,30241,UCLA,,9.825,9.9,9.6,Saturday,4,1,2025
Casey Brown,30241,California,9.6,,,,Saturday,4,1,2025
Chae Campbell,30241,UCLA,8.95,9.625,,9.85,Saturday,4,1,2025
Ciena Alipio,30241,UCLA,,9.85,,,Saturday,4,1,2025
Ella Cesario,30241,California,9.85,9.85,9.775,9.725,Saturday,4,1,2025
Emily Lee,30241,UCLA,,9.85,,9.725,Saturday,4,1,2025
Emma Malabuyo,30241,UCLA,9.15,9.9,8.8,,Saturday,4,1,2025
Francesca Caso,30241,Oregon State,9.6,,,,Saturday,4,1,2025
Frida Esparza,30241,UCLA,9.8,,,,Saturday,4,1,2025
Jade Carey,30241,Oregon State,9.9,9.95,9.9,9.875,Saturday,4,1,2025
Jennifer McMillan,30241,Oregon State,9.925,9.75,,9.775,Saturday,4,1,2025
Jordan Chiles,30241,UCLA,9.9,,9.775,9.9,Saturday,4,1,2025
Jordan Kane,30241,California,,9.75,9.85,,Saturday,4,1,2025
Kaitlin Garcia,30241,Oregon State,,,9.85,9.75,Saturday,4,1,2025
Karlie Chavez,30241,Oregon State,,,9.7,9.675,Saturday,4,1,2025
Katelyn Rosen,30241,UCLA,,9.575,9.8,,Saturday,4,1,2025
Kyen Mayhew,30241,California,,9.75,9.8,9.775,Saturday,4,1,2025
Lauren Letzsch,30241,Oregon State,,9.825,,,Saturday,4,1,2025
Macy McGowan,30241,UCLA,9.8,,9.775,9.85,Saturday,4,1,2025
Madelyn Williams,30241,California,9.95,9.85,9.675,9.7,Saturday,4,1,2025
Mika Webster-Longin,30241,UCLA,,,9.825,9.4,Saturday,4,1,2025
Mya Lauzon,30241,California,9.825,9.9,9.9,9.9,Saturday,4,1,2025
Mya Wiley,30241,California,9.725,,,9.8,Saturday,4,1,2025
Natalie Briones,30241,Oregon State,9.675,,,9.675,Saturday,4,1,2025
Olivia Buckner,30241,Oregon State,,9.75,,,Saturday,4,1,2025
Sage Thompson,30241,Oregon State,9.825,,9.8,9.75,Saturday,4,1,2025
Savannah Miller,30241,Oregon State,,,9.675,,Saturday,4,1,2025
Sophia Esposito,30241,Oregon State,,9.7,,,Saturday,4,1,2025
Sydney Barros,30241,UCLA,9.55,,,,Saturday,4,1,2025
Sydney Gonzales,30241,Oregon State,,9.775,,,Saturday,4,1,2025
Taylor DeVries,30241,Oregon State,9.65,,9.65,,Saturday,4,1,2025
eMjae Frazier,30241,California,9.825,9.725,9.725,9.75,Saturday,4,1,2025
Amber Lowe,30244,West Virginia,7.8,8.85,9.875,,Saturday,4,1,2025
Amelia Budd,30244,Temple,,,,9.675,Saturday,4,1,2025
Anna Leigh,30244,West Virginia,9.775,,9.8,,Saturday,4,1,2025
Breanna Varano,30244,Temple,9.45,,,,Saturday,4,1,2025
Brooke Alban,30244,West Virginia,9.775,,9.8,9.675,Saturday,4,1,2025
Brooke Donabedian,30244,Temple,,9.7,9.825,,Saturday,4,1,2025
Carlee Nelson,30244,West Virginia,,8.85,,,Saturday,4,1,2025
Emerson Smith,30244,West Virginia,,,9.625,,Saturday,4,1,2025
Hannah Weklar,30244,Temple,9.7,,9.675,9.7,Saturday,4,1,2025
Harmony Haro,30244,Temple,,,,9.5,Saturday,4,1,2025
Jayden McDonnell,30244,West Virginia,9.65,,,9.7,Saturday,4,1,2025
Julia Brown,30244,West Virginia,,9.8,,,Saturday,4,1,2025
Jurnee Lane,30244,West Virginia,,,9.825,,Saturday,4,1,2025
Karleigh DiCello,30244,West Virginia,,9.35,,9.625,Saturday,4,1,2025
Kaylei Adams,30244,West Virginia,,9.8,,,Saturday,4,1,2025
Krystin Johnson,30244,Temple,8.2,8.925,8.95,9.725,Saturday,4,1,2025
Madison Dorunda,30244,Temple,9.2,9.475,9.725,,Saturday,4,1,2025
Mariella Brueck,30244,Temple,9.7,9.525,,,Saturday,4,1,2025
Miranda Smith,30244,West Virginia,9.7,9.55,,9.75,Saturday,4,1,2025
Nikk Rengifo,30244,Temple,,,,9.425,Saturday,4,1,2025
Reese DeHaan,30244,Temple,8.8,,,,Saturday,4,1,2025
Renee Schugman,30244,Temple,,9.025,9.775,9.775,Saturday,4,1,2025
Riley Maness,30244,West Virginia,,,9.675,,Saturday,4,1,2025
Robyn Dunn,30244,Temple,,9.5,,,Saturday,4,1,2025
Sophia Rice,30244,West Virginia,,,,9.85,Saturday,4,1,2025
Summer Ruskey,30244,Temple,,,9.75,,Saturday,4,1,2025
Taylor Tuohy,30244,West Virginia,,,,9.55,Saturday,4,1,2025
Trinity Macy,30244,West Virginia,9.775,,,,Saturday,4,1,2025
Ally Schaupp,30246,Western Michigan,,9.75,9.825,,Saturday,4,1,2025
Amy Doyle,30246,Michigan State,9.775,,,,Saturday,4,1,2025
Brooke Gelesko,30246,Western Michigan,,,,9.475,Saturday,4,1,2025
Cady Duplissis,30246,Michigan State,,9.85,,9.8,Saturday,4,1,2025
Cassie St. Clair,30246,Western Michigan,,,9.85,9.775,Saturday,4,1,2025
Delanie Harkness,30246,Michigan State,9.825,,9.85,,Saturday,4,1,2025
DonnaKathryn Roy,30246,Western Michigan,9.6,,9.775,9.675,Saturday,4,1,2025
Emily Krzciok,30246,Western Michigan,,9.9,,,Saturday,4,1,2025
Emma Misenheimer,30246,Michigan State,,9.85,,,Saturday,4,1,2025
Gabrielle Stephen,30246,Michigan State,9.8,9.325,9.875,9.875,Saturday,4,1,2025
Giana Kalefe,30246,Michigan State,,9.85,9.8,,Saturday,4,1,2025
Halle Faulkner,30246,Western Michigan,,,,9.825,Saturday,4,1,2025
Julie Korfhage,30246,Western Michigan,9.7,,9.45,,Saturday,4,1,2025
Kennedy Cooper,30246,Western Michigan,,,9.075,,Saturday,4,1,2025
MaKayla Tucker,30246,Michigan State,,,9.825,9.75,Saturday,4,1,2025
Molly Freeman,30246,Western Michigan,9.775,,,,Saturday,4,1,2025
Nikki Smith,30246,Michigan State,9.875,9.85,9.8,9.95,Saturday,4,1,2025
Olivia Zsarmani,30246,Michigan State,9.8,9.7,9.85,9.85,Saturday,4,1,2025
Reese Samuelson,30246,Western Michigan,9.8,9.625,,,Saturday,4,1,2025
Reilan Garvey,30246,Western Michigan,9.725,9.675,9.725,9.725,Saturday,4,1,2025
Sage Kellerman,30246,Michigan State,9.85,,,9.925,Saturday,4,1,2025
Sarah Moravansky,30246,Western Michigan,9.75,9.05,,9.7,Saturday,4,1,2025
Tricia Mills,30246,Western Michigan,,9.65,,,Saturday,4,1,2025
Ava Stewart,30248,Minnesota,,9.875,,,Saturday,4,1,2025
Ava Wellmeier,30248,Central Michigan,,,9.825,9.725,Saturday,4,1,2025
Avah Bootz,30248,Central Michigan,,,,9.65,Saturday,4,1,2025
Brooklyn Rowray,30248,Minnesota,,9.25,9.15,,Saturday,4,1,2025
Emily Koch,30248,Minnesota,,9.8,,,Saturday,4,1,2025
Gabrielle Johnson,30248,Central Michigan,9.35,,,,Saturday,4,1,2025
Hannah Appleget,30248,Central Michigan,8.8,9.6,9.675,9.25,Saturday,4,1,2025
Heather Parker,30248,Central Michigan,,,9.7,,Saturday,4,1,2025
Jenna Germond,30248,Central Michigan,,9.5,,,Saturday,4,1,2025
Jordyn Lyden,30248,Minnesota,9.85,9.775,,,Saturday,4,1,2025
Kaitlyn Schwab,30248,Central Michigan,9.725,,,,Saturday,4,1,2025
Lauren Pearl,30248,Minnesota,,9.775,9.7,9.5,Saturday,4,1,2025
Lia Kmieciak,30248,Central Michigan,9.825,,,,Saturday,4,1,2025
Luciana Alvarado-Reid,30248,Central Michigan,9.825,9.7,9.775,9.7,Saturday,4,1,2025
Marissa Jencks,30248,Minnesota,9.725,,9.775,,Saturday,4,1,2025
Megan Steensland,30248,Minnesota,,,,9.675,Saturday,4,1,2025
Mya Hooten,30248,Minnesota,9.8,,9.825,9.9,Saturday,4,1,2025
Quinn Skrupa,30248,Central Michigan,,9.575,9.675,9.65,Saturday,4,1,2025
Samantha Shannon,30248,Central Michigan,9.725,,,,Saturday,4,1,2025
Sarah Moraw,30248,Minnesota,,9.775,,9.775,Saturday,4,1,2025
Seria Johnson,30248,Minnesota,9.75,,4.95,,Saturday,4,1,2025
Sophia Nguyen,30248,Minnesota,9.75,,,9.65,Saturday,4,1,2025
Teryn Crump,30248,Minnesota,9.75,,9.6,7.825,Saturday,4,1,2025
Zoe Zimmerman,30248,Central Michigan,,9.575,9.8,,Saturday,4,1,2025
Zoie Pelfrey,30248,Central Michigan,,8.925,,9.5,Saturday,4,1,2025
Addison Fatta,30252,Oklahoma,9.825,9.9,9.8,9.8,Saturday,4,1,2025
Alilah Alvarado,30252,BYU,9.725,,,,Saturday,4,1,2025
Allie Gard,30252,Nebraska,,,8.95,,Saturday,4,1,2025
Anna Bramblett-Wilde,30252,BYU,9.75,,,,Saturday,4,1,2025
Audrey Davis,30252,Oklahoma,9.95,9.75,9.875,9.85,Saturday,4,1,2025
Ava Jorgensen,30252,BYU,9.85,,,9.425,Saturday,4,1,2025
Bryn Bartman,30252,Auburn,8.625,,,,Saturday,4,1,2025
Brynlee Andersen,30252,BYU,,9.475,9.725,,Saturday,4,1,2025
Chloee Hoke,30252,BYU,,9.825,,,Saturday,4,1,2025
Danielle Sievers,30252,Oklahoma,,,9.8,,Saturday,4,1,2025
Eliza Millar-Crossman,30252,BYU,,9.675,9.7,,Saturday,4,1,2025
Elle Mueller,30252,Oklahoma,9.9,,,,Saturday,4,1,2025
Emalee Frost,30252,Nebraska,9.775,,,,Saturday,4,1,2025
Emma Grace Boyd,30252,Auburn,9.8,,,,Saturday,4,1,2025
Emma Simpton,30252,Nebraska,9.825,9.75,9.125,,Saturday,4,1,2025
Emma Spence,30252,Nebraska,9.825,9.8,9.8,9.75,Saturday,4,1,2025
Faith Torrez,30252,Oklahoma,9.9,9.925,9.875,9.925,Saturday,4,1,2025
Gabby McLaughlin,30252,Auburn,,9.75,9.85,,Saturday,4,1,2025
Halle Rourke,30252,Nebraska,,,9.65,,Saturday,4,1,2025
Heidi Schooley-Meyers,30252,BYU,,,9.75,,Saturday,4,1,2025
Isabel Sikon,30252,Nebraska,,9.75,,9.75,Saturday,4,1,2025
Jadyn Harsh,30252,BYU,,,,9.7,Saturday,4,1,2025
Jordan Bowers,30252,Oklahoma,9.925,9.825,9.775,9.75,Saturday,4,1,2025
Julianne Huff,30252,Auburn,,,,9.725,Saturday,4,1,2025
Katelyn Jong,30252,Auburn,9.9,9.8,9.8,9.675,Saturday,4,1,2025
Katie Kuenemann,30252,Nebraska,,,,9.65,Saturday,4,1,2025
Keira Wells,30252,Oklahoma,,9.8,,9.95,Saturday,4,1,2025
Kylie Eaquinto,30252,BYU,9.8,,9.825,9.725,Saturday,4,1,2025
Lily Pederson,30252,Oklahoma,9.875,9.95,9.8,9.925,Saturday,4,1,2025
Marissa Neal,30252,Auburn,,9.9,,,Saturday,4,1,2025
Melissa Earl,30252,BYU,9.7,,,9.65,Saturday,4,1,2025
Mina Margraf-Benson,30252,BYU,,9.7,,,Saturday,4,1,2025
Mya Kirkham,30252,BYU,9.825,9.475,,9.75,Saturday,4,1,2025
Nya Kraus,30252,Nebraska,8.35,9.425,,9.6,Saturday,4,1,2025
Olivia Ahern,30252,Auburn,,9.825,,,Saturday,4,1,2025
Olivia Greaves,30252,Auburn,9.8,,9.675,,Saturday,4,1,2025
Olivia Hollingsworth,30252,Auburn,9.825,9.875,9.5,,Saturday,4,1,2025
Olivia Matern,30252,BYU,,,9.625,,Saturday,4,1,2025
Sara Hubbard,30252,Auburn,,,,9.825,Saturday,4,1,2025
Sarah Zois,30252,Auburn,,,,9.775,Saturday,4,1,2025
Sophia Bell,30252,Auburn,,,9.675,9.2,Saturday,4,1,2025
Sophia Groth,30252,Auburn,9.775,9.85,9.825,,Saturday,4,1,2025
Sophia McClelland,30252,Nebraska,9.775,9.85,9.775,9.6,Saturday,4,1,2025
Sophie Dudley,30252,BYU,,9.725,9.75,9.7,Saturday,4,1,2025
Sydney Schumaker,30252,Auburn,,,,9.775,Saturday,4,1,2025
Whitney Jencks,30252,Nebraska,9.85,9.7,9.775,9.7,Saturday,4,1,2025
Addison Dack,30254,Gustavus Adolphus,,9.15,,,Saturday,4,1,2025
Amy Fridley,30254,UW-Eau Claire,,,9.225,9.2,Saturday,4,1,2025
Anna Doering,30254,UW-Eau Claire,,8.75,,,Saturday,4,1,2025
Ava Obermoller,30254,UW-Eau Claire,,,,9.25,Saturday,4,1,2025
Brooklynn Einck,30254,UW-Eau Claire,7.45,,,,Saturday,4,1,2025
Cadence Cordova,30254,UW-Eau Claire,8.85,,,9.45,Saturday,4,1,2025
Cara Wong,30254,Gustavus Adolphus,9.075,8.25,9.075,9.425,Saturday,4,1,2025
Ella Montgomery,30254,UW-Eau Claire,8.3,8.85,,,Saturday,4,1,2025
Emily Leese,30254,UW-Eau Claire,,,9.25,9.2,Saturday,4,1,2025
Georgia Guynn,30254,UW-Eau Claire,,8.55,,,Saturday,4,1,2025
Grace Gerster,30254,UW-Eau Claire,,,8.475,9.425,Saturday,4,1,2025
Harriet Toth,30254,UW-Eau Claire,9.35,9.05,9.5,9.4,Saturday,4,1,2025
Kate Clairmont,30254,Gustavus Adolphus,8.075,,,9.3,Saturday,4,1,2025
Kelsey Donovan,30254,UW-Eau Claire,,,9.4,,Saturday,4,1,2025
Lili Guy,30254,Gustavus Adolphus,9.025,,9.15,9.6,Saturday,4,1,2025
Lily Horsch,30254,Gustavus Adolphus,8.175,,,9.45,Saturday,4,1,2025
Lindsay Bangs,30254,Gustavus Adolphus,,9.075,9.425,9.175,Saturday,4,1,2025
Linnea Vasali,30254,UW-Eau Claire,,9.0,,,Saturday,4,1,2025
Maddox Lee,30254,Gustavus Adolphus,9.275,9.6,9.5,,Saturday,4,1,2025
Madison Daly,30254,UW-Eau Claire,7.65,,9.3,,Saturday,4,1,2025
Marley Michaud,30254,Gustavus Adolphus,8.45,9.1,9.45,9.3,Saturday,4,1,2025
Meghan Dahlin,30254,UW-Eau Claire,,9.475,,,Saturday,4,1,2025
Olivia Jahnke,30254,Gustavus Adolphus,,9.2,9.5,,Saturday,4,1,2025
Rachel Hettiarachchy,30254,UW-Eau Claire,9.15,,,,Saturday,4,1,2025
Abigayle Martin,30257,Arizona,9.75,9.9,9.775,9.6,Saturday,4,1,2025
Alex Routsis,30257,Southern Utah,9.675,,,,Saturday,4,1,2025
Alysen Fears,30257,Arizona,9.9,9.75,9.65,9.7,Saturday,4,1,2025
Alyssa Fernandez,30257,Southern Utah,,9.325,8.9,,Saturday,4,1,2025
Anna Pagliaro,30257,Rutgers,,9.775,,9.675,Saturday,4,1,2025
Aubrey Krohnfeldt,30257,Arizona,9.85,,9.75,,Saturday,4,1,2025
Avery Balser,30257,Rutgers,9.025,,,,Saturday,4,1,2025
Brinlee Christensen,30257,Southern Utah,9.7,9.875,9.725,9.7,Saturday,4,1,2025
Delaney Adrian,30257,Rutgers,9.75,,9.5,9.75,Saturday,4,1,2025
Diamond Cook,30257,Wilberforce,,8.45,9.5,,Saturday,4,1,2025
Donna Uhlenberg,30257,Rutgers,9.675,,9.725,,Saturday,4,1,2025
Elena Deets,30257,Arizona,9.775,9.875,,,Saturday,4,1,2025
Elia Aird,30257,Rutgers,,9.85,9.725,9.75,Saturday,4,1,2025
Elizabeth Larusso,30257,Arizona,,,9.575,9.65,Saturday,4,1,2025
Ellie Cacciola,30257,Southern Utah,,9.425,9.65,9.8,Saturday,4,1,2025
Elliot Bringhurst,30257,Southern Utah,,9.75,,,Saturday,4,1,2025
Elliot Goldsmith,30257,Rutgers,9.575,,9.75,9.6,Saturday,4,1,2025
Emily Herrera,30257,Wilberforce,,,,9.25,Saturday,4,1,2025
Emily Mueller,30257,Arizona,9.7,9.075,9.775,9.65,Saturday,4,1,2025
Emma Strom,30257,Arizona,,9.3,9.775,9.8,Saturday,4,1,2025
Gabrielle Dildy,30257,Rutgers,,9.85,,9.75,Saturday,4,1,2025
Gianna Lenczner,30257,Arizona,,9.85,,,Saturday,4,1,2025
Harmony Webster,30257,Rutgers,,,9.7,,Saturday,4,1,2025
Isabella Neff,30257,Southern Utah,9.9,,,,Saturday,4,1,2025
Jackie Manifold,30257,Rutgers,,9.85,,,Saturday,4,1,2025
Jaidyn Bryant,30257,Wilberforce,8.95,9.525,9.375,9.4,Saturday,4,1,2025
Keeley Smith,30257,Rutgers,9.775,9.825,,,Saturday,4,1,2025
Kimmi Shiau,30257,Rutgers,,,,9.625,Saturday,4,1,2025
Kiora Peart-Williams,30257,Wilberforce,9.5,9.275,8.275,9.35,Saturday,4,1,2025
Mackenzie Kelly,30257,Southern Utah,,,,9.65,Saturday,4,1,2025
Madison Kelly,30257,Wilberforce,7.45,,,,Saturday,4,1,2025
Maya Jones,30257,Rutgers,,,9.65,,Saturday,4,1,2025
Mia Hampton,30257,Southern Utah,9.775,,9.5,9.8,Saturday,4,1,2025
Niya Randolph,30257,Southern Utah,9.85,9.775,9.7,9.775,Saturday,4,1,2025
Promise Jean-Marie,30257,Wilberforce,8.25,8.825,8.95,9.25,Saturday,4,1,2025
Rachael Riley,30257,Rutgers,,9.65,,,Saturday,4,1,2025
Reagan Schenkel,30257,Rutgers,9.825,,,,Saturday,4,1,2025
Rylee Miller,30257,Southern Utah,,9.75,,,Saturday,4,1,2025
Sadara Mayhorn,30257,Wilberforce,,9.2,8.275,9.425,Saturday,4,1,2025
Saniah Smith,30257,Wilberforce,8.3,8.85,9.375,,Saturday,4,1,2025
Sophie Derr,30257,Arizona,9.8,,,9.65,Saturday,4,1,2025
Taylor Gull,30257,Southern Utah,,,9.7,,Saturday,4,1,2025
Trista Goodman,30257,Southern Utah,9.85,,,9.75,Saturday,4,1,2025
Adriana Hoffman,30260,Towson,,,9.575,9.6,Saturday,4,1,2025
Ana Kenefick,30260,Towson,,9.575,,,Saturday,4,1,2025
Ashley Knight,30260,North Carolina State,,9.625,9.825,9.85,Saturday,4,1,2025
Ava Harper,30260,Towson,,,,9.725,Saturday,4,1,2025
Ava Myers,30260,North Carolina State,9.675,,,,Saturday,4,1,2025
Callie Gardner,30260,Towson,,,,9.6,Saturday,4,1,2025
Carmella Calafati,30260,Towson,,,9.75,,Saturday,4,1,2025
Caroline Volk,30260,North Carolina State,9.575,,,,Saturday,4,1,2025
Celia Trotter,30260,Towson,,9.725,,,Saturday,4,1,2025
Chelsey Dennis,30260,Towson,9.725,,,,Saturday,4,1,2025
Chloe Negrete,30260,North Carolina State,,9.825,9.85,9.775,Saturday,4,1,2025
Clara Hong,30260,Towson,9.9,9.775,9.8,,Saturday,4,1,2025
Elle Hadrick,30260,North Carolina State,9.8,,9.675,,Saturday,4,1,2025
Felicia Poblete,30260,Towson,,,,9.7,Saturday,4,1,2025
Isabella DeCroo,30260,Towson,,,9.625,,Saturday,4,1,2025
Isabella Minervini,30260,Towson,9.925,9.725,9.775,,Saturday,4,1,2025
Kailee Adomaites,30260,North Carolina State,9.7,,,,Saturday,4,1,2025
Katie Harper,30260,North Carolina State,9.9,9.7,,,Saturday,4,1,2025
Krista Zultevicz,30260,North Carolina State,,,9.7,9.725,Saturday,4,1,2025
Lauren Greene,30260,Towson,9.7,,,,Saturday,4,1,2025
Lauren Keener,30260,Towson,9.7,9.125,,,Saturday,4,1,2025
Maddie Hall,30260,North Carolina State,,9.85,,9.75,Saturday,4,1,2025
Meg Adler,30260,North Carolina State,,9.775,9.825,9.675,Saturday,4,1,2025
Peyton Childs,30260,North Carolina State,9.825,,,,Saturday,4,1,2025
Polina Belanovski,30260,Towson,,9.625,,9.575,Saturday,4,1,2025
Retoshia Halsell,30260,Towson,,,9.75,9.725,Saturday,4,1,2025
Steph Macasu,30260,Towson,9.5,,,,Saturday,4,1,2025
Syniya Thomas,30260,North Carolina State,,9.8,9.85,9.825,Saturday,4,1,2025
Alana Kim,30265,UC Davis,,,,9.55,Sunday,5,1,2025
Aleah Radojevich,30265,UW-Oshkosh,,,9.5,,Sunday,5,1,2025
Amaya McConkay,30265,UW-Oshkosh,9.5,,,9.6,Sunday,5,1,2025
Amelia Moneymaker,30265,UC Davis,9.775,8.65,9.825,9.525,Sunday,5,1,2025
Athena Jones,30265,Sacramento State,8.9,9.725,9.8,,Sunday,5,1,2025
Ava Scafani,30265,UC Davis,9.65,9.75,9.625,,Sunday,5,1,2025
Avah Reichow,30265,UC Davis,,,9.5,9.675,Sunday,5,1,2025
Avery Marshall,30265,UC Davis,,,9.725,,Sunday,5,1,2025
Ayumi Oshiro,30265,UC Davis,9.7,9.775,,,Sunday,5,1,2025
Cady Chiu,30265,UC Davis,,9.725,,,Sunday,5,1,2025
Chloe Cohen,30265,Sacramento State,9.725,,,,Sunday,5,1,2025
Delaney Cienkus,30265,UW-Oshkosh,,9.8,9.775,,Sunday,5,1,2025
Eleanor Wyly,30265,UC Davis,,,9.7,9.675,Sunday,5,1,2025
Emma Morgenthaler,30265,Sacramento State,9.575,8.975,,9.55,Sunday,5,1,2025
Emma Steele,30265,UW-Oshkosh,,9.7,,,Sunday,5,1,2025
Grace Gilman,30265,Sacramento State,,9.8,9.475,9.725,Sunday,5,1,2025
Hannah Sitzman,30265,Sacramento State,9.85,,,,Sunday,5,1,2025
Isabella Fitz-Gerald,30265,UC Davis,9.55,,,,Sunday,5,1,2025
Jadyn Wakita,30265,UC Davis,8.475,9.2,,,Sunday,5,1,2025
Jay Ratkowski,30265,UW-Oshkosh,,9.5,9.075,,Sunday,5,1,2025
Kaitlyn Driessen,30265,Sacramento State,,,,9.675,Sunday,5,1,2025
Kara Houghton,30265,Sacramento State,9.8,9.8,9.8,,Sunday,5,1,2025
Kristina Jakubiak,30265,UW-Oshkosh,,9.7,9.8,9.65,Sunday,5,1,2025
Liz Romano,30265,UW-Oshkosh,9.325,9.7,,,Sunday,5,1,2025
Lydia Hayden,30265,UW-Oshkosh,9.5,9.625,,,Sunday,5,1,2025
Megan Ray,30265,UC Davis,,9.775,9.75,9.8,Sunday,5,1,2025
Mia Lucero,30265,UW-Oshkosh,,,,8.825,Sunday,5,1,2025
Mia Passarella,30265,UW-Oshkosh,,,,8.8,Sunday,5,1,2025
Milla Gideon,30265,UC Davis,9.7,,,,Sunday,5,1,2025
Olivia Schmitt,30265,Sacramento State,,,9.8,,Sunday,5,1,2025
Reanna McGibboney,30265,UW-Oshkosh,9.7,,9.65,9.65,Sunday,5,1,2025
Rose Wilson,30265,Sacramento State,9.75,,,9.55,Sunday,5,1,2025
Rylin Zimmerman,30265,Sacramento State,,9.85,,9.725,Sunday,5,1,2025
Samantha Zeilinger,30265,UW-Oshkosh,9.725,,,8.85,Sunday,5,1,2025
Sarah Lutrel,30265,Sacramento State,,9.8,9.675,9.8,Sunday,5,1,2025
Simone Dumas-Guzman,30265,Sacramento State,,,9.375,,Sunday,5,1,2025
Sophia Pujols,30265,UC Davis,,,,9.6,Sunday,5,1,2025
Taylor Leaman,30265,UW-Oshkosh,,,9.525,,Sunday,5,1,2025
Zoe Krull,30265,UW-Oshkosh,9.4,,,,Sunday,5,1,2025
Amanda Hargraves,30268,Denver,,,,9.6,Sunday,5,1,2025
Ava Jordan,30268,Michigan,9.825,,,9.725,Sunday,5,1,2025
Bella Mabanta,30268,Denver,,9.85,8.975,9.75,Sunday,5,1,2025
Carly Bauman,30268,Michigan,9.85,9.85,9.85,,Sunday,5,1,2025
Cecilia Cooley,30268,Denver,9.85,9.8,9.875,,Sunday,5,1,2025
Haylen Zabrowski,30268,Michigan,9.325,,8.775,,Sunday,5,1,2025
Jacey Vore,30268,Michigan,9.8,9.775,,,Sunday,5,1,2025
Jahzara Ranger,30268,Michigan,9.0,9.9,9.8,9.8,Sunday,5,1,2025
Jenna Mulligan,30268,Michigan,,9.575,,9.725,Sunday,5,1,2025
Kayli Boozer,30268,Michigan,,9.875,9.725,,Sunday,5,1,2025
Maddison Reidenbach,30268,Denver,,,,9.85,Sunday,5,1,2025
Madison Ulrich,30268,Denver,9.9,9.85,9.85,9.75,Sunday,5,1,2025
Mia Hebinck,30268,Denver,9.9,,,,Sunday,5,1,2025
Mila Brusch,30268,Denver,,,9.85,9.8,Sunday,5,1,2025
Momoko Iwai,30268,Denver,9.875,9.25,9.825,,Sunday,5,1,2025
Paige Thaxton,30268,Michigan,,,9.55,,Sunday,5,1,2025
Peyton Davis,30268,Michigan,,,,9.65,Sunday,5,1,2025
Reyna Guggino,30268,Michigan,,,,9.525,Sunday,5,1,2025
Rosie Casali,30268,Denver,9.875,9.0,,,Sunday,5,1,2025
Rylie Mundell,30268,Denver,9.9,9.225,9.85,9.875,Sunday,5,1,2025
Sophia Diaz,30268,Michigan,9.775,,,9.775,Sunday,5,1,2025
Sophie Parenti,30268,Michigan,,9.7,9.7,,Sunday,5,1,2025
Addison Dack,30270,Gustavus Adolphus,,8.275,,,Friday,10,1,2025
Amaya McConkay,30270,UW-Oshkosh,9.75,,,9.7,Friday,10,1,2025
Averie Evans,30270,UW-Oshkosh,,,,9.45,Friday,10,1,2025
Cara Wong,30270,Gustavus Adolphus,8.05,9.0,9.5,,Friday,10,1,2025
Delaney Cienkus,30270,UW-Oshkosh,,9.825,9.825,,Friday,10,1,2025
Emma Steele,30270,UW-Oshkosh,,9.65,,,Friday,10,1,2025
Jay Ratkowski,30270,UW-Oshkosh,,9.725,9.825,,Friday,10,1,2025
Kate Clairmont,30270,Gustavus Adolphus,8.625,,,9.45,Friday,10,1,2025
Kristina Jakubiak,30270,UW-Oshkosh,,8.775,9.775,9.575,Friday,10,1,2025
Lili Guy,30270,Gustavus Adolphus,8.15,,9.575,9.75,Friday,10,1,2025
Lily Horsch,30270,Gustavus Adolphus,9.05,,,8.95,Friday,10,1,2025
Lindsay Bangs,30270,Gustavus Adolphus,,8.8,9.6,9.55,Friday,10,1,2025
Liz Romano,30270,UW-Oshkosh,9.5,9.55,,,Friday,10,1,2025
Lydia Hayden,30270,UW-Oshkosh,9.7,9.775,,,Friday,10,1,2025
Maddox Lee,30270,Gustavus Adolphus,9.525,9.5,9.575,9.45,Friday,10,1,2025
Marley Michaud,30270,Gustavus Adolphus,8.575,9.05,9.675,9.45,Friday,10,1,2025
Mia Lucero,30270,UW-Oshkosh,,,9.775,9.7,Friday,10,1,2025
Olivia Jahnke,30270,Gustavus Adolphus,,9.7,9.55,,Friday,10,1,2025
Reanna McGibboney,30270,UW-Oshkosh,9.725,,9.7,9.775,Friday,10,1,2025
Samantha Zeilinger,30270,UW-Oshkosh,9.7,,,9.6,Friday,10,1,2025
Taylor Leaman,30270,UW-Oshkosh,,,9.625,,Friday,10,1,2025
Zoe Krull,30270,UW-Oshkosh,8.875,,,,Friday,10,1,2025
Alayna Fern,30272,UW-Whitewater,,,,9.5,Friday,10,1,2025
Anna Mielke,30272,UW-Stout,,,9.5,8.775,Friday,10,1,2025
Ariana Goodwin,30272,UW-Whitewater,9.5,,,,Friday,10,1,2025
Ava Pesch,30272,UW-Whitewater,9.425,,,9.5,Friday,10,1,2025
Brianna Balian,30272,UW-Whitewater,8.425,,,9.25,Friday,10,1,2025
Carleigh Moore,30272,UW-Whitewater,,,9.6,9.525,Friday,10,1,2025
Carley Scott,30272,UW-Whitewater,9.625,,,,Friday,10,1,2025
Chloe Hammond,30272,UW-Whitewater,,9.675,9.525,9.65,Friday,10,1,2025
Danielle Dudziak,30272,UW-Whitewater,,,9.4,,Friday,10,1,2025
Effie Ferguson,30272,UW-Stout,9.575,9.625,9.6,,Friday,10,1,2025
Emma Brittingham,30272,UW-Stout,8.8,,,,Friday,10,1,2025
Gabrielle Winstead,30272,UW-Stout,,8.575,,9.4,Friday,10,1,2025
Gillian Cummins,30272,UW-Stout,9.375,9.575,9.0,9.55,Friday,10,1,2025
Hayden Gough,30272,UW-Whitewater,9.4,,,,Friday,10,1,2025
Isabela Krulich,30272,UW-Stout,,8.4,9.175,,Friday,10,1,2025
Jaidyn Carroll,30272,UW-Stout,,,,9.425,Friday,10,1,2025
Jamie Beatty,30272,UW-Stout,9.1,8.95,,,Friday,10,1,2025
Jessica Qualich,30272,UW-Stout,,,,9.7,Friday,10,1,2025
Kaylie Kassing,30272,UW-Stout,,,8.675,,Friday,10,1,2025
Kelsey Kollhoff,30272,UW-Whitewater,,9.45,9.6,,Friday,10,1,2025
Kristen Swiebocki,30272,UW-Whitewater,,9.475,,,Friday,10,1,2025
Maliyah Pound,30272,UW-Whitewater,,,,9.375,Friday,10,1,2025
Paige Magel,30272,UW-Whitewater,9.525,8.85,9.35,,Friday,10,1,2025
Sarah Lutz,30272,UW-Stout,9.4,,,,Friday,10,1,2025
Sophia Spadafora,30272,UW-Whitewater,,9.275,,,Friday,10,1,2025
Taylar Schaefer,30272,UW-Stout,7.3,9.625,9.525,9.575,Friday,10,1,2025
Tegan Haberstock,30272,UW-Whitewater,,9.1,9.225,,Friday,10,1,2025
Aubree Guinee,30274,Iowa State,,,9.625,,Friday,10,1,2025
Aurelie Tran,30274,Iowa,9.85,9.775,9.75,9.675,Friday,10,1,2025
Avery Chambers,30274,Iowa,,,,9.8,Friday,10,1,2025
Avery Walters,30274,Brown,7.75,8.6,9.7,,Friday,10,1,2025
Cassie Lee,30274,Iowa,,9.675,,,Friday,10,1,2025
Daisy Fallon,30274,Brown,9.525,,,,Friday,10,1,2025
Ella Schell,30274,Iowa State,,,9.6,,Friday,10,1,2025
Emily Erb,30274,Iowa,,,8.1,,Friday,10,1,2025
Emily Ford,30274,Brown,8.675,9.8,,,Friday,10,1,2025
Eva Volpe,30274,Iowa,,9.725,9.65,9.8,Friday,10,1,2025
Frederique Sgarbossa,30274,Iowa State,9.6,9.825,,,Friday,10,1,2025
Gabby Mautner,30274,Brown,,,,9.35,Friday,10,1,2025
Gianna Masella,30274,Iowa,9.7,,9.625,9.725,Friday,10,1,2025
Haley Tyson,30274,Iowa,,9.825,9.725,,Friday,10,1,2025
Hannah Loyim,30274,Iowa State,9.45,9.7,9.8,9.775,Friday,10,1,2025
Haylee Hardin,30274,Iowa State,,,9.825,9.8,Friday,10,1,2025
Ilka Juk,30274,Iowa,9.7,9.85,,,Friday,10,1,2025
Jessica Lin,30274,Brown,,9.625,,9.575,Friday,10,1,2025
Josie Bergstrom-Te Slaa,30274,Iowa State,9.7,9.2,9.65,9.9,Friday,10,1,2025
Julia Bedell,30274,Brown,,,9.75,9.825,Friday,10,1,2025
Kaia Bochow,30274,Iowa State,9.675,,,,Friday,10,1,2025
Kaia Vanney,30274,Iowa,8.0,,,,Friday,10,1,2025
Karina Munoz,30274,Iowa,9.625,,,9.75,Friday,10,1,2025
Lauren O'Brochta,30274,Iowa State,,9.825,,,Friday,10,1,2025
Lauren Thomas,30274,Iowa State,9.525,9.85,,,Friday,10,1,2025
Lindsay Van Eyk,30274,Brown,,9.725,,,Friday,10,1,2025
Lindsey Yang,30274,Brown,,9.725,9.75,9.075,Friday,10,1,2025
Liza Marcus,30274,Brown,9.75,9.675,8.925,,Friday,10,1,2025
Maya Davis,30274,Brown,9.7,,8.75,,Friday,10,1,2025
Noelle Adams,30274,Iowa State,,9.825,9.825,9.9,Friday,10,1,2025
Paige Wills,30274,Iowa State,9.775,,,9.7,Friday,10,1,2025
Sophia Dewar,30274,Brown,9.45,,8.95,9.75,Friday,10,1,2025
Sydney Turner,30274,Iowa,9.8,9.05,9.45,9.775,Friday,10,1,2025
Alana Walker,30277,Stanford,,,9.85,9.825,Friday,10,1,2025
Alyssa Vulaj,30277,Boise State,,9.775,9.8,9.8,Friday,10,1,2025
Amelia Moneymaker,30277,UC Davis,9.7,9.875,9.85,9.55,Friday,10,1,2025
Anapaula Gutierrez,30277,Stanford,9.75,,,9.85,Friday,10,1,2025
Anna Ferguson,30277,Boise State,,,9.7,,Friday,10,1,2025
Anna Roberts,30277,Stanford,9.825,9.3,9.925,9.9,Friday,10,1,2025
Ava Scafani,30277,UC Davis,9.75,9.6,9.625,,Friday,10,1,2025
Ava Sorrento,30277,Stanford,9.775,,,,Friday,10,1,2025
Avah Reichow,30277,UC Davis,,,8.95,9.575,Friday,10,1,2025
Avery Marshall,30277,UC Davis,,,9.725,,Friday,10,1,2025
Ayumi Oshiro,30277,UC Davis,8.975,9.75,,,Friday,10,1,2025
Blake Pascal,30277,Boise State,,,9.75,,Friday,10,1,2025
Brenna Neault,30277,Stanford,9.8,9.875,9.8,9.625,Friday,10,1,2025
Bridget Kemp,30277,Boise State,,,9.7,9.675,Friday,10,1,2025
Cady Chiu,30277,UC Davis,,9.575,,,Friday,10,1,2025
Caitlin McWilliams,30277,Washington,9.575,,9.825,9.6,Friday,10,1,2025
Carly Buell,30277,Boise State,9.575,,,,Friday,10,1,2025
Chelsea Hallinan,30277,Washington,,9.85,,,Friday,10,1,2025
Claire Dean,30277,Stanford,,9.9,9.85,,Friday,10,1,2025
Dani Nakayma,30277,Boise State,,9.075,,,Friday,10,1,2025
Elaina McGovern,30277,Boise State,,,9.825,9.625,Friday,10,1,2025
Eleanor Wyly,30277,UC Davis,,,9.375,9.7,Friday,10,1,2025
Emily Innes,30277,Washington,,9.875,9.925,9.7,Friday,10,1,2025
Emily Lopez,30277,Boise State,9.85,9.85,,9.8,Friday,10,1,2025
Emma Loyim,30277,Boise State,,9.8,9.875,,Friday,10,1,2025
Isabella Fitz-Gerald,30277,UC Davis,9.7,,,,Friday,10,1,2025
Jadyn Wakita,30277,UC Davis,9.25,9.575,,,Friday,10,1,2025
Jaimie Dugan,30277,Stanford,9.625,,,,Friday,10,1,2025
Keanna Abraham,30277,UC Davis,,,,9.875,Friday,10,1,2025
Kendra Chang,30277,Stanford,8.85,,,9.5,Friday,10,1,2025
Kira Bolden,30277,Washington,,,9.8,9.475,Friday,10,1,2025
Kristina Shchennikova,30277,Boise State,9.775,,,,Friday,10,1,2025
Lana Navarro,30277,Washington,9.725,9.825,,9.775,Friday,10,1,2025
Lex Mouyenga,30277,Washington,9.5,,,9.65,Friday,10,1,2025
Mahleea Werline,30277,Boise State,9.8,,,,Friday,10,1,2025
Mary McDonough,30277,Washington,9.8,8.6,9.075,9.75,Friday,10,1,2025
Megan Ray,30277,UC Davis,,9.775,9.825,9.675,Friday,10,1,2025
Milla Gideon,30277,UC Davis,9.625,,,,Friday,10,1,2025
Noelle Ball,30277,Boise State,9.65,,,9.6,Friday,10,1,2025
Olivia Oppegard,30277,Washington,9.75,9.375,9.65,,Friday,10,1,2025
Sienna Robinson,30277,Stanford,,9.825,9.85,,Friday,10,1,2025
Sophia Pujols,30277,UC Davis,,,,9.45,Friday,10,1,2025
Sydney Kho,30277,Boise State,,9.8,,9.65,Friday,10,1,2025
Sydney Leitch,30277,Boise State,,9.675,,,Friday,10,1,2025
Taralyn Nguyen,30277,Stanford,,9.175,,9.55,Friday,10,1,2025
Taylor Russon,30277,Washington,9.8,9.775,9.775,,Friday,10,1,2025
Temple Landry,30277,Stanford,,9.875,,,Friday,10,1,2025
Victoria Cluck,30277,Stanford,,,9.825,,Friday,10,1,2025
Victoria Smirnov,30277,Boise State,9.125,,,,Friday,10,1,2025
Alana Anderson,30281,Northern Illinois,9.1,,9.75,,Friday,10,1,2025
Amy Doyle,30281,Michigan State,9.85,,,,Friday,10,1,2025
Anya Pilgrim,30281,Florida,9.925,9.875,,9.8,Friday,10,1,2025
Audrey Brenner,30281,Northern Illinois,,,,9.725,Friday,10,1,2025
Ayzhia Hall,30281,Nebraska,,,,9.825,Friday,10,1,2025
Cady Duplissis,30281,Michigan State,,9.8,,9.225,Friday,10,1,2025
Danie Ferris,30281,Florida,,,,9.95,Friday,10,1,2025
Dawsyn Sallee,30281,Northern Illinois,,9.5,9.65,9.775,Friday,10,1,2025
Delanie Harkness,30281,Michigan State,9.9,,9.775,,Friday,10,1,2025
Drake White,30281,Northern Illinois,9.55,,8.875,9.825,Friday,10,1,2025
Elle Beaufait,30281,Michigan State,,,9.7,,Friday,10,1,2025
Ellery Werner,30281,Northern Illinois,,9.55,,,Friday,10,1,2025
Ellie Lazzari,30281,Florida,,9.75,9.05,,Friday,10,1,2025
Emalee Frost,30281,Nebraska,9.45,,,,Friday,10,1,2025
Emma Misenheimer,30281,Michigan State,,9.8,,,Friday,10,1,2025
Emma Simpton,30281,Nebraska,9.725,9.85,9.45,,Friday,10,1,2025
Emma Spence,30281,Nebraska,9.9,9.85,9.75,9.8,Friday,10,1,2025
Gabrielle Stephen,30281,Michigan State,9.85,9.9,9.85,9.8,Friday,10,1,2025
Giana Kalefe,30281,Michigan State,,9.85,8.3,,Friday,10,1,2025
Halle Rourke,30281,Nebraska,,,9.55,,Friday,10,1,2025
Isabel Sikon,30281,Nebraska,9.675,9.75,,9.775,Friday,10,1,2025
Isabella Ross,30281,Northern Illinois,9.25,9.75,9.7,,Friday,10,1,2025
Isabella Sissi,30281,Northern Illinois,9.65,,,9.625,Friday,10,1,2025
Jocelyn Harbeck,30281,Northern Illinois,,,9.3,9.675,Friday,10,1,2025
Katie Kuenemann,30281,Nebraska,,,,9.625,Friday,10,1,2025
Kiera O'Shea,30281,Northern Illinois,,9.55,,9.7,Friday,10,1,2025
Lauren Hsu,30281,Michigan State,,,,9.7,Friday,10,1,2025
Leanne Wong,30281,Florida,9.95,9.95,9.95,9.875,Friday,10,1,2025
Lori Brubach,30281,Florida,,,9.175,,Friday,10,1,2025
Ly Bui,30281,Florida,,,,9.775,Friday,10,1,2025
Mikayla Brown,30281,Northern Illinois,9.375,9.75,9.825,,Friday,10,1,2025
Natalia Kraus,30281,Northern Illinois,8.975,,,,Friday,10,1,2025
Nikki Smith,30281,Michigan State,9.9,9.825,9.75,9.825,Friday,10,1,2025
Nya Kraus,30281,Nebraska,,9.825,9.75,,Friday,10,1,2025
Olivia Zsarmani,30281,Michigan State,9.85,9.925,9.825,9.825,Friday,10,1,2025
Riley McCusker,30281,Florida,9.1,,,,Friday,10,1,2025
Sage Kellerman,30281,Michigan State,9.925,,,9.875,Friday,10,1,2025
Samantha Nickle,30281,Northern Illinois,,9.4,,,Friday,10,1,2025
Selena Harris-Miranda,30281,Florida,9.825,9.9,,9.8,Friday,10,1,2025
Skye Blakely,30281,Florida,9.725,,,,Friday,10,1,2025
Sloane Blakely,30281,Florida,9.9,9.925,9.9,9.775,Friday,10,1,2025
Sophia McClelland,30281,Nebraska,9.8,9.875,9.775,9.6,Friday,10,1,2025
Taylor Clark,30281,Florida,,,9.875,,Friday,10,1,2025
Victoria Nguyen,30281,Florida,,9.85,9.75,,Friday,10,1,2025
Whitney Jencks,30281,Nebraska,9.85,9.775,9.825,9.8,Friday,10,1,2025
Allie Misenheimer,30285,Air Force,9.775,,,,Friday,10,1,2025
Alyssa Bigler,30285,Air Force,9.425,9.575,9.45,9.825,Friday,10,1,2025
Angelina Hogan,30285,LIU,9.325,9.35,,,Friday,10,1,2025
Anna Bacott,30285,Air Force,,9.7,,,Friday,10,1,2025
Anna Kristianson,30285,Air Force,9.6,,,,Friday,10,1,2025
Brooke Burkhart,30285,LIU,,,,9.75,Friday,10,1,2025
Caroline Kliewer,30285,LIU,9.3,,,,Friday,10,1,2025
Chelsea Boyer,30285,Air Force,9.55,,,,Friday,10,1,2025
Danyella Holmes,30285,LIU,7.125,8.7,9.35,9.525,Friday,10,1,2025
Ella Barrington,30285,LIU,,,9.475,,Friday,10,1,2025
Ellorie Cane,30285,LIU,,,8.975,,Friday,10,1,2025
Gabriella Hartley,30285,Air Force,9.4,9.55,,,Friday,10,1,2025
Gabriella Meccia,30285,Air Force,,,9.675,,Friday,10,1,2025
Gianna Martyna,30285,Air Force,,,9.6,,Friday,10,1,2025
Hailey Santana,30285,Air Force,,,,9.675,Friday,10,1,2025
Haleigh Welch,30285,LIU,8.15,,,,Friday,10,1,2025
Kady Bills-McCoy,30285,LIU,,9.575,,,Friday,10,1,2025
Kaira Cartwright,30285,LIU,,9.3,8.65,9.65,Friday,10,1,2025
Kayla Toniolo,30285,LIU,8.625,,,,Friday,10,1,2025
Kira Sanchez,30285,LIU,9.6,,9.3,9.075,Friday,10,1,2025
Kylee Greene,30285,Air Force,,9.85,9.45,9.65,Friday,10,1,2025
Maggie Slife,30285,Air Force,9.825,9.775,9.85,9.725,Friday,10,1,2025
Olivia Raife,30285,Air Force,,,,9.725,Friday,10,1,2025
Renee Figueroa,30285,LIU,,9.125,,,Friday,10,1,2025
Sarah Willis,30285,Air Force,,,8.65,9.7,Friday,10,1,2025
Velandra Brochi,30285,Air Force,,9.625,,,Friday,10,1,2025
Zoe Claiborne,30285,LIU,,8.8,9.25,9.75,Friday,10,1,2025
Bella Miller,30287,North Carolina,,,9.55,,Friday,10,1,2025
Chloe LaCoursiere,30287,Alabama,9.825,9.8,,,Friday,10,1,2025
Claire Stippich,30287,North Carolina,9.2,,,,Friday,10,1,2025
Corinne Bunagan,30287,Alabama,,9.85,,9.425,Friday,10,1,2025
Elly King,30287,North Carolina,,,,9.75,Friday,10,1,2025
Gabby Gladieux,30287,Alabama,9.85,9.85,9.95,9.925,Friday,10,1,2025
Gabby Ladanyi,30287,Alabama,,9.825,,,Friday,10,1,2025
Gwen Fink,30287,North Carolina,9.85,9.9,9.6,,Friday,10,1,2025
Isabelle Schaefer,30287,North Carolina,9.85,,,,Friday,10,1,2025
Jessica Naranjo,30287,North Carolina,,9.825,9.725,,Friday,10,1,2025
JoJo Valahovic,30287,North Carolina,,9.85,8.6,9.775,Friday,10,1,2025
Jordyn Paradise,30287,Alabama,9.8,,,9.775,Friday,10,1,2025
Julia Knower,30287,North Carolina,9.45,9.825,9.725,9.75,Friday,10,1,2025
Karis German,30287,Alabama,,,,9.725,Friday,10,1,2025
Kaya Forbes,30287,North Carolina,9.75,,9.725,9.825,Friday,10,1,2025
Kylee Kvamme,30287,Alabama,,9.65,,9.775,Friday,10,1,2025
Lali Dekanoidze,30287,North Carolina,9.85,,,9.8,Friday,10,1,2025
Lilly Hudson,30287,Alabama,9.875,9.9,9.9,9.875,Friday,10,1,2025
Neve King,30287,North Carolina,,,,9.6,Friday,10,1,2025
Paityn Walker,30287,Alabama,9.9,,9.75,,Friday,10,1,2025
Rachel Rybicki,30287,Alabama,,,9.9,,Friday,10,1,2025
Regan McBride,30287,North Carolina,,9.85,,,Friday,10,1,2025
Ryan Fuller,30287,Alabama,9.85,,9.75,,Friday,10,1,2025
Shania Adams,30287,Alabama,,,9.925,,Friday,10,1,2025
Taylor Schulze,30287,North Carolina,,9.675,,,Friday,10,1,2025
Aliyah Reed-Hammon,30289,Fisk,,,,9.525,Friday,10,1,2025
Allie Berkley,30289,Fisk,7.4,9.625,,9.725,Friday,10,1,2025
Alyssa Guns,30289,Kent State,,9.85,9.825,,Friday,10,1,2025
Avery Compson,30289,Kent State,,,,9.7,Friday,10,1,2025
Brynne Tsipis,30289,Kent State,9.725,,,,Friday,10,1,2025
Charlie Behner,30289,Kent State,9.7,,9.725,9.675,Friday,10,1,2025
Ciniah Rosby,30289,Fisk,9.4,8.875,8.525,9.65,Friday,10,1,2025
Dani Fuertez,30289,Kent State,9.8,9.775,9.85,,Friday,10,1,2025
Diamond Cook,30289,Wilberforce,,8.325,9.625,,Friday,10,1,2025
Gabby Riley,30289,Kent State,,9.7,9.675,9.65,Friday,10,1,2025
Heidi Schultz,30289,Kent State,,9.125,,,Friday,10,1,2025
Isabella Marques,30289,Kent State,9.55,,,,Friday,10,1,2025
Jada Reece,30289,Fisk,,,9.35,,Friday,10,1,2025
Jaidyn Bryant,30289,Wilberforce,6.2,9.3,9.575,9.5,Friday,10,1,2025
Kaylei McDonald,30289,Fisk,,9.65,9.375,,Friday,10,1,2025
Kendall Guy,30289,Fisk,,,9.575,9.45,Friday,10,1,2025
Kiora Peart-Williams,30289,Wilberforce,9.4,9.05,9.45,9.325,Friday,10,1,2025
Liberty Mora,30289,Fisk,,9.575,9.35,,Friday,10,1,2025
Mackenzie Butler,30289,Wilberforce,,7.85,,,Friday,10,1,2025
Madison Benson,30289,Fisk,9.425,9.325,,9.45,Friday,10,1,2025
Morgan Price,30289,Fisk,9.7,9.775,9.7,9.8,Friday,10,1,2025
Mya Migliore,30289,Kent State,8.675,9.65,,9.6,Friday,10,1,2025
Nastia Rudnitskaya,30289,Kent State,9.0,,9.7,9.5,Friday,10,1,2025
Nene Alvine,30289,Kent State,,9.8,9.675,9.825,Friday,10,1,2025
Promise Jean-Marie,30289,Wilberforce,7.825,,8.475,,Friday,10,1,2025
Sadara Mayhorn,30289,Wilberforce,,8.725,6.95,9.425,Friday,10,1,2025
Saniah Smith,30289,Wilberforce,,8.375,8.8,,Friday,10,1,2025
Sophia Pratt,30289,Fisk,7.875,,,,Friday,10,1,2025
Sydney Smith,30289,Fisk,9.225,,,,Friday,10,1,2025
Alyssa Fernandez,30292,Southern Utah,,9.725,9.7,,Friday,10,1,2025
Angel Stuart,30292,Utah State,,,8.85,9.75,Friday,10,1,2025
Avery Bibbey,30292,Utah State,9.825,,,,Friday,10,1,2025
Brianna Brooks,30292,Utah State,9.9,9.7,,9.775,Friday,10,1,2025
Brinlee Christensen,30292,Southern Utah,9.875,8.95,9.7,9.8,Friday,10,1,2025
Ellie Cacciola,30292,Southern Utah,,9.9,9.775,9.85,Friday,10,1,2025
Elliot Bringhurst,30292,Southern Utah,,9.925,,,Friday,10,1,2025
Isabella Neff,30292,Southern Utah,9.85,,,,Friday,10,1,2025
Isabella Vater,30292,Utah State,,,9.825,,Friday,10,1,2025
Jenna Eagles,30292,Utah State,,9.725,9.775,,Friday,10,1,2025
Kaylie Medrano,30292,Utah State,9.475,9.75,8.925,9.775,Friday,10,1,2025
Lundyn Vander Toolen,30292,Utah State,9.65,,,9.75,Friday,10,1,2025
Mackenzie Kelly,30292,Southern Utah,,,,9.775,Friday,10,1,2025
Maria Ferguson,30292,Southern Utah,8.875,,,,Friday,10,1,2025
Mia Hampton,30292,Southern Utah,8.975,,9.8,9.7,Friday,10,1,2025
Mya Witte,30292,Utah State,,9.725,,,Friday,10,1,2025
Niya Randolph,30292,Southern Utah,9.85,9.75,9.7,9.825,Friday,10,1,2025
Nyla Morabito,30292,Utah State,,,9.85,9.825,Friday,10,1,2025
Olivia Orengo,30292,Utah State,9.325,9.7,9.675,,Friday,10,1,2025
Payton Gatzlaff,30292,Utah State,,,,9.7,Friday,10,1,2025
Rylee Miller,30292,Southern Utah,,9.675,,,Friday,10,1,2025
Sydney Jelen,30292,Utah State,9.6,9.875,,,Friday,10,1,2025
Taylor Gull,30292,Southern Utah,,,9.75,,Friday,10,1,2025
Trista Goodman,30292,Southern Utah,9.8,,,9.7,Friday,10,1,2025
Abigayle Martin,30297,Arizona,9.65,9.9,9.775,9.775,Friday,10,1,2025
Alysen Fears,30297,Arizona,9.9,9.775,9.225,9.85,Friday,10,1,2025
Ashley Knight,30297,North Carolina State,,9.525,9.825,9.8,Friday,10,1,2025
Aubrey Krohnfeldt,30297,Arizona,9.75,,9.35,,Friday,10,1,2025
Ava Jordan,30297,Michigan,9.825,,,9.75,Friday,10,1,2025
Ava Myers,30297,North Carolina State,9.725,,,,Friday,10,1,2025
Brie Clark,30297,Clemson,,9.8,9.3,,Friday,10,1,2025
Carly Bauman,30297,Michigan,9.9,9.8,9.875,,Friday,10,1,2025
Caroline Volk,30297,North Carolina State,9.8,,,,Friday,10,1,2025
Chloe Negrete,30297,North Carolina State,,9.85,9.875,9.8,Friday,10,1,2025
Danika Nielsen,30297,Clemson,,9.7,,,Friday,10,1,2025
Elena Deets,30297,Arizona,9.85,9.9,,,Friday,10,1,2025
Elizabeth Larusso,30297,Arizona,,,9.75,9.85,Friday,10,1,2025
Elle Hadrick,30297,North Carolina State,9.775,,9.625,,Friday,10,1,2025
Emily Mueller,30297,Arizona,9.825,9.8,9.8,9.75,Friday,10,1,2025
Emma Strom,30297,Arizona,,9.7,9.825,9.75,Friday,10,1,2025
Eve Jackson,30297,Clemson,9.875,,9.75,,Friday,10,1,2025
Gianna Lenczner,30297,Arizona,,9.85,,,Friday,10,1,2025
Hannah Clark,30297,Clemson,9.25,,,,Friday,10,1,2025
Jacey Vore,30297,Michigan,9.8,9.5,,,Friday,10,1,2025
Jahzara Ranger,30297,Michigan,9.2,9.8,9.9,9.8,Friday,10,1,2025
Jenna Mulligan,30297,Michigan,,9.825,9.725,9.825,Friday,10,1,2025
Kailee Adomaites,30297,North Carolina State,9.475,,,,Friday,10,1,2025
Katie Harper,30297,North Carolina State,9.825,9.8,,,Friday,10,1,2025
Kayli Boozer,30297,Michigan,,9.175,9.775,,Friday,10,1,2025
Kielyn McCright,30297,Clemson,,9.65,,,Friday,10,1,2025
Krista Zultevicz,30297,North Carolina State,,,9.15,9.725,Friday,10,1,2025
Lauren Wright,30297,North Carolina State,,,,9.8,Friday,10,1,2025
Lilly Lippeatt,30297,Clemson,9.825,9.775,9.825,,Friday,10,1,2025
Maddie Hall,30297,North Carolina State,,9.7,,,Friday,10,1,2025
Madison Minner,30297,Clemson,,,9.75,9.775,Friday,10,1,2025
Maggie Holman,30297,Clemson,,,9.65,9.525,Friday,10,1,2025
Meg Adler,30297,North Carolina State,,9.725,9.475,9.75,Friday,10,1,2025
Molly Arnold,30297,Clemson,,,9.775,9.625,Friday,10,1,2025
Paige Thaxton,30297,Michigan,,,9.85,9.625,Friday,10,1,2025
Peyton Childs,30297,North Carolina State,9.725,,,,Friday,10,1,2025
Peyton Davis,30297,Michigan,,,,9.725,Friday,10,1,2025
Quinn Kuhl,30297,Clemson,9.775,9.75,,9.775,Friday,10,1,2025
Rebecca Wells,30297,Clemson,9.75,,,,Friday,10,1,2025
Sierra Church,30297,Clemson,,9.75,,,Friday,10,1,2025
Sophia Diaz,30297,Michigan,9.775,,,9.85,Friday,10,1,2025
Sophie Derr,30297,Arizona,9.75,,,9.8,Friday,10,1,2025
Sophie Parenti,30297,Michigan,9.675,9.85,9.825,,Friday,10,1,2025
Syniya Thomas,30297,North Carolina State,,9.475,9.875,9.675,Friday,10,1,2025
Takoda Berry,30297,Clemson,9.8,,,,Friday,10,1,2025
Tara Walsh,30297,Clemson,,,,9.8,Friday,10,1,2025
Trinity Brown,30297,Clemson,,,,9.825,Friday,10,1,2025
Adriana Hoffman,30298,Towson,,,,9.5,Saturday,11,1,2025
Alisha Werlen,30298,Pennsylvania,,8.925,,,Saturday,11,1,2025
Alyssa Rosen,30298,Pennsylvania,,,9.7,,Saturday,11,1,2025
Ana Kenefick,30298,Towson,,8.95,9.825,,Saturday,11,1,2025
Anna Pagliaro,30298,Rutgers,,9.875,,9.75,Saturday,11,1,2025
Bridget Sullivan,30298,West Chester,,,,9.45,Saturday,11,1,2025
Brissa Portillo,30298,Towson,,9.15,,,Saturday,11,1,2025
Callie Gardner,30298,Towson,,,,9.6,Saturday,11,1,2025
Carly Oniki,30298,Pennsylvania,9.6,9.8,,,Saturday,11,1,2025
Carmella Calafati,30298,Towson,,,9.825,,Saturday,11,1,2025
Caroline Cascadden,30298,West Chester,,9.3,9.775,,Saturday,11,1,2025
Catherine Keener,30298,West Chester,,,9.725,,Saturday,11,1,2025
Celia Trotter,30298,Towson,,9.15,,,Saturday,11,1,2025
Chelsey Dennis,30298,Towson,9.825,,,,Saturday,11,1,2025
Clara Hong,30298,Towson,9.8,9.775,9.8,,Saturday,11,1,2025
Corinne Gruber,30298,West Chester,,,,9.5,Saturday,11,1,2025
Delaney Adrian,30298,Rutgers,9.7,9.825,,9.55,Saturday,11,1,2025
Donna Uhlenberg,30298,Rutgers,9.525,,9.775,,Saturday,11,1,2025
Elia Aird,30298,Rutgers,,9.8,9.85,,Saturday,11,1,2025
Elliot Goldsmith,30298,Rutgers,9.65,,9.35,9.625,Saturday,11,1,2025
Emma Davies,30298,Pennsylvania,,,9.525,,Saturday,11,1,2025
EmmaGrace Kelly,30298,West Chester,,9.075,9.75,,Saturday,11,1,2025
Felicia Poblete,30298,Towson,,,,9.7,Saturday,11,1,2025
Gabrielle Dildy,30298,Rutgers,,9.85,9.85,9.775,Saturday,11,1,2025
Hannah Shelton,30298,West Chester,8.6,,,,Saturday,11,1,2025
Harmony Webster,30298,Rutgers,,,9.75,,Saturday,11,1,2025
Isabel Song,30298,Pennsylvania,,,,9.725,Saturday,11,1,2025
Isabella DeCroo,30298,Towson,,,9.775,9.5,Saturday,11,1,2025
Isabella Minervini,30298,Towson,9.0,9.8,9.875,,Saturday,11,1,2025
Jackie Manifold,30298,Rutgers,,9.4,,,Saturday,11,1,2025
Jordan Barrow,30298,Pennsylvania,9.6,9.8,,9.775,Saturday,11,1,2025
Jordan Coleman,30298,West Chester,8.4,,,9.35,Saturday,11,1,2025
Karah Vargo,30298,West Chester,8.9,,,,Saturday,11,1,2025
Keeley Smith,30298,Rutgers,9.725,,,9.575,Saturday,11,1,2025
Kimmi Shiau,30298,Rutgers,,,,9.525,Saturday,11,1,2025
Lauren Greene,30298,Towson,9.75,,,,Saturday,11,1,2025
Lauren Keener,30298,Towson,9.7,9.75,,,Saturday,11,1,2025
Lily McFarland,30298,West Chester,,9.7,9.55,9.5,Saturday,11,1,2025
Macarthy Keane,30298,West Chester,8.625,9.575,,9.4,Saturday,11,1,2025
Manama Fofana,30298,Pennsylvania,,9.025,9.8,9.6,Saturday,11,1,2025
Marissa Lassiter,30298,Pennsylvania,9.65,9.8,9.775,9.7,Saturday,11,1,2025
Maya Jones,30298,Rutgers,,,9.25,,Saturday,11,1,2025
Melina Ringas,30298,West Chester,9.6,,,,Saturday,11,1,2025
Mimi Fletcher,30298,Pennsylvania,,9.85,,,Saturday,11,1,2025
Natalie Marshall,30298,West Chester,,9.7,,,Saturday,11,1,2025
Olivia DiNovi,30298,Rutgers,9.1,,,,Saturday,11,1,2025
Polina Belanovski,30298,Towson,,,,9.775,Saturday,11,1,2025
Rachael Riley,30298,Rutgers,,9.85,,,Saturday,11,1,2025
Reagan Schenkel,30298,Rutgers,9.8,,,,Saturday,11,1,2025
Reese Toland,30298,Towson,,,9.7,9.75,Saturday,11,1,2025
Rylee Harada,30298,West Chester,,,9.6,,Saturday,11,1,2025
Sarah Eskew,30298,West Chester,9.6,9.6,9.7,9.6,Saturday,11,1,2025
Sienna Zuccaro,30298,Pennsylvania,,,,9.525,Saturday,11,1,2025
Skyelar Kerico,30298,Pennsylvania,9.775,,9.825,9.85,Saturday,11,1,2025
Sophia Paris,30298,Pennsylvania,9.7,,,,Saturday,11,1,2025
Steph Macasu,30298,Towson,9.825,,,,Saturday,11,1,2025
Zara Gazdak,30298,Pennsylvania,9.7,,9.875,,Saturday,11,1,2025
Alex Theodorou,30303,Arizona State,9.7,,,9.875,Saturday,11,1,2025
Alexa Rothenbuescher,30303,Maryland,9.75,9.575,9.9,9.675,Saturday,11,1,2025
Allison Kaempfer,30303,Penn State,,,,9.075,Saturday,11,1,2025
Alyssa Kramer,30303,Penn State,,,9.1,,Saturday,11,1,2025
Amani Herring,30303,Penn State,,9.9,9.825,,Saturday,11,1,2025
Amelia Budd,30303,Temple,,,,9.75,Saturday,11,1,2025
Ashley Maul,30303,Penn State,,9.8,9.825,,Saturday,11,1,2025
Breanna Varano,30303,Temple,9.525,,,,Saturday,11,1,2025
Brooke Donabedian,30303,Temple,,9.7,9.075,,Saturday,11,1,2025
Bryn Bartman,30303,Auburn,9.825,,,,Saturday,11,1,2025
Caroline Lichtman,30303,Arizona State,,9.6,,9.575,Saturday,11,1,2025
Cassi Barbanente,30303,Penn State,9.725,,,,Saturday,11,1,2025
Dani Latronica,30303,Penn State,9.825,9.8,,,Saturday,11,1,2025
Elina Vihrova,30303,Penn State,,,,9.7,Saturday,11,1,2025
Elizabeth Leary,30303,Penn State,9.85,9.575,9.8,9.775,Saturday,11,1,2025
Emily White,30303,Arizona State,9.825,9.875,9.75,,Saturday,11,1,2025
Emma Grace Boyd,30303,Auburn,9.75,,,,Saturday,11,1,2025
Gabby McLaughlin,30303,Auburn,,9.825,9.875,,Saturday,11,1,2025
Gabrielle Gallentine,30303,Penn State,9.225,,,,Saturday,11,1,2025
Hailey Merchant,30303,Maryland,9.8,,,,Saturday,11,1,2025
Halle Braaflat,30303,Arizona State,9.6,,9.7,9.675,Saturday,11,1,2025
Hannah Weklar,30303,Temple,9.65,,9.725,9.65,Saturday,11,1,2025
Harmony Haro,30303,Temple,,,,9.75,Saturday,11,1,2025
Jenna Blair,30303,Arizona State,,,9.775,9.7,Saturday,11,1,2025
Jessica Johanson,30303,Penn State,9.75,,9.875,9.8,Saturday,11,1,2025
Julianne Huff,30303,Auburn,,,,9.8,Saturday,11,1,2025
Kalea McElligott,30303,Penn State,,9.775,9.85,9.8,Saturday,11,1,2025
Katelyn Jong,30303,Auburn,9.9,9.9,9.825,9.875,Saturday,11,1,2025
Kayla Lee,30303,Arizona State,,9.525,9.675,,Saturday,11,1,2025
Kimberly Smith,30303,Arizona State,9.775,9.375,9.9,9.8,Saturday,11,1,2025
Krystin Johnson,30303,Temple,,9.575,9.85,9.65,Saturday,11,1,2025
Lauren Brendlinger,30303,Maryland,,9.6,9.8,,Saturday,11,1,2025
Layla Hammer,30303,Maryland,,9.8,,9.675,Saturday,11,1,2025
Lilia Purler,30303,Arizona State,,8.4,9.8,9.825,Saturday,11,1,2025
Logan Buckmon,30303,Maryland,,,,9.6,Saturday,11,1,2025
Maddie Johnston,30303,Penn State,9.8,9.85,,9.775,Saturday,11,1,2025
Maddie Komoroski,30303,Maryland,,9.875,9.725,,Saturday,11,1,2025
Madison Dorunda,30303,Temple,8.625,9.675,9.75,,Saturday,11,1,2025
Mariella Brueck,30303,Temple,8.425,8.9,,,Saturday,11,1,2025
Marissa Neal,30303,Auburn,,9.8,,,Saturday,11,1,2025
Natalie Martin,30303,Maryland,,9.775,9.825,9.8,Saturday,11,1,2025
Nikk Rengifo,30303,Temple,,,,9.75,Saturday,11,1,2025
Olivia Ahern,30303,Auburn,,9.775,,,Saturday,11,1,2025
Olivia Greaves,30303,Auburn,9.8,,9.725,,Saturday,11,1,2025
Olivia Hollingsworth,30303,Auburn,9.75,9.8,9.85,9.85,Saturday,11,1,2025
Paige Zancan,30303,Auburn,,,,9.85,Saturday,11,1,2025
Reese DeHaan,30303,Temple,9.65,,,,Saturday,11,1,2025
Renee Schugman,30303,Temple,,9.675,9.75,9.725,Saturday,11,1,2025
Rhea Leblanc,30303,Maryland,9.7,,9.85,9.625,Saturday,11,1,2025
Sara Hubbard,30303,Auburn,,,,9.875,Saturday,11,1,2025
Sarah Clark,30303,Arizona State,9.8,9.7,,,Saturday,11,1,2025
Sarah Saville,30303,Maryland,9.825,,,,Saturday,11,1,2025
Sarah Stallings,30303,Temple,9.7,,,,Saturday,11,1,2025
Sierra Kondo,30303,Maryland,9.775,,,,Saturday,11,1,2025
Sophia Bell,30303,Auburn,,,9.925,9.675,Saturday,11,1,2025
Sophia Groth,30303,Auburn,9.825,9.625,9.85,,Saturday,11,1,2025
Summer Ruskey,30303,Temple,,9.025,9.85,,Saturday,11,1,2025
Taylor Rech,30303,Maryland,,,9.725,9.775,Saturday,11,1,2025
Tiara Platkin,30303,Arizona State,9.775,,,,Saturday,11,1,2025
Victoria Gatzendorfer,30303,Maryland,9.75,9.8,,,Saturday,11,1,2025
Alilah Alvarado,30307,BYU,9.8,,,,Saturday,11,1,2025
Anna Bramblett-Wilde,30307,BYU,9.25,,,,Saturday,11,1,2025
Ava Jorgensen,30307,BYU,9.775,,,9.65,Saturday,11,1,2025
Brynlee Andersen,30307,BYU,,9.825,9.45,,Saturday,11,1,2025
Carley Beeman,30307,Oregon State,9.75,,,,Saturday,11,1,2025
Deb Silva,30307,BYU,,,,9.7,Saturday,11,1,2025
Eliza Millar-Crossman,30307,BYU,,9.65,,,Saturday,11,1,2025
Heidi Schooley-Meyers,30307,BYU,,,9.75,,Saturday,11,1,2025
Jade Carey,30307,Oregon State,9.95,9.925,9.95,9.9,Saturday,11,1,2025
Jadyn Harsh,30307,BYU,,,,9.65,Saturday,11,1,2025
Jennifer McMillan,30307,Oregon State,9.275,9.6,,,Saturday,11,1,2025
Kaitlin Garcia,30307,Oregon State,,,9.625,9.675,Saturday,11,1,2025
Karlie Chavez,30307,Oregon State,,,9.8,,Saturday,11,1,2025
Kylie Eaquinto,30307,BYU,9.8,9.675,9.8,9.775,Saturday,11,1,2025
Lauren Letzsch,30307,Oregon State,,9.85,,,Saturday,11,1,2025
Melissa Earl,30307,BYU,9.1,,,,Saturday,11,1,2025
Mina Margraf-Benson,30307,BYU,,9.775,9.7,,Saturday,11,1,2025
Mya Kirkham,30307,BYU,9.775,9.2,9.65,9.775,Saturday,11,1,2025
Natalie Briones,30307,Oregon State,9.85,,,9.75,Saturday,11,1,2025
Olivia Buckner,30307,Oregon State,,9.8,,9.7,Saturday,11,1,2025
Sage Thompson,30307,Oregon State,9.8,,9.8,9.75,Saturday,11,1,2025
Savannah Miller,30307,Oregon State,,,9.85,,Saturday,11,1,2025
Sophia Esposito,30307,Oregon State,,9.85,9.85,9.775,Saturday,11,1,2025
Sophie Dudley,30307,BYU,,9.675,9.75,9.6,Saturday,11,1,2025
Sydney Gonzales,30307,Oregon State,,9.775,,,Saturday,11,1,2025
Taylor DeVries,30307,Oregon State,9.725,,,,Saturday,11,1,2025
Alessia Russo,30309,Greenville,8.95,8.225,,,Saturday,11,1,2025
Alexa Denton,30309,Simpson,,,,9.4,Saturday,11,1,2025
Amara Nelson,30309,Greenville,8.625,9.6,9.45,9.675,Saturday,11,1,2025
Annika Cole,30309,Simpson,8.7,,9.425,,Saturday,11,1,2025
Ashlie Leage,30309,Greenville,9.7,8.85,,9.45,Saturday,11,1,2025
Aspen Peters,30309,Winona State,,,,9.35,Saturday,11,1,2025
Bella Dix,30309,Simpson,,,9.525,,Saturday,11,1,2025
Brooklen Morgan,30309,Simpson,,9.1,9.525,,Saturday,11,1,2025
Brooklynn Clapp,30309,Winona State,8.95,,,,Saturday,11,1,2025
Bryce Stoltz,30309,Winona State,,9.65,9.475,9.475,Saturday,11,1,2025
Camdyn McSweeney,30309,Winona State,,,9.475,,Saturday,11,1,2025
Ella Denno,30309,Winona State,7.95,,,,Saturday,11,1,2025
Ellery Gilmer,30309,Greenville,,8.8,9.6,9.45,Saturday,11,1,2025
Elli Schnieders,30309,Greenville,,,,8.825,Saturday,11,1,2025
Emma Tolbert,30309,Simpson,,8.15,8.975,,Saturday,11,1,2025
Emmie Barton,30309,Simpson,,,,9.4,Saturday,11,1,2025
Evalyn Resnick,30309,Simpson,9.6,9.525,,,Saturday,11,1,2025
Faye Jones,30309,Greenville,,,9.125,,Saturday,11,1,2025
Gabby Kraft,30309,Winona State,,9.225,9.725,9.1,Saturday,11,1,2025
Isabella Feltman,30309,Greenville,,,9.4,,Saturday,11,1,2025
Izzy Brown,30309,Simpson,8.5,9.05,8.95,,Saturday,11,1,2025
Jessisca Miley,30309,Winona State,9.55,8.55,9.625,9.45,Saturday,11,1,2025
Kaelyn Duman,30309,Winona State,,9.65,,,Saturday,11,1,2025
Kaelyn Tally,30309,Simpson,,,9.75,9.7,Saturday,11,1,2025
Kaylee Bateman,30309,Winona State,9.15,9.1,,,Saturday,11,1,2025
Kennedy O'Connor,30309,Winona State,,,,9.65,Saturday,11,1,2025
Liz Sisler,30309,Simpson,9.35,,,,Saturday,11,1,2025
Maddie Reiner,30309,Winona State,9.25,,,,Saturday,11,1,2025
Madison Carter,30309,Greenville,9.35,9.2,,,Saturday,11,1,2025
Madysen Disekrud,30309,Winona State,,,9.55,9.625,Saturday,11,1,2025
Morgan Svec,30309,Simpson,,,,9.325,Saturday,11,1,2025
Olivia Hedary,30309,Simpson,8.3,9.675,,9.425,Saturday,11,1,2025
Olivia Short,30309,Simpson,,9.05,,,Saturday,11,1,2025
Olivia Tocco,30309,Greenville,,8.975,,8.6,Saturday,11,1,2025
Rachel Miller,30309,Greenville,8.05,,9.375,9.55,Saturday,11,1,2025
Rachel Welch,30309,Simpson,,,,9.3,Saturday,11,1,2025
Reagan Kelly,30309,Winona State,,9.075,,,Saturday,11,1,2025
Reagan Rodriguez,30309,Greenville,9.075,,,,Saturday,11,1,2025
Taylor Magierka,30309,Winona State,8.15,,9.6,,Saturday,11,1,2025
Taylor Templin,30309,Greenville,,,8.8,,Saturday,11,1,2025
Wynter Poolaw,30309,Simpson,8.575,,,,Saturday,11,1,2025
Addison Fatta,30313,Oklahoma,9.875,9.875,9.875,9.175,Saturday,11,1,2025
Aleah Finnegan,30313,LSU,9.825,9.925,9.975,9.9,Saturday,11,1,2025
Amari Drayton,30313,LSU,,,9.95,9.825,Saturday,11,1,2025
Amelie Morgan,30313,Utah,9.775,9.8,,9.825,Saturday,11,1,2025
Ana Padurariu,30313,Utah,9.8,9.75,,,Saturday,11,1,2025
Ashley Cowan,30313,LSU,9.95,,,,Saturday,11,1,2025
Ashley Glynn,30313,Utah,,,9.85,9.725,Saturday,11,1,2025
Audrey Davis,30313,Oklahoma,9.975,9.875,9.875,9.875,Saturday,11,1,2025
Avery Neff,30313,Utah,9.875,9.9,9.9,9.925,Saturday,11,1,2025
CJ Keuneke,30313,California,,,9.825,,Saturday,11,1,2025
Camie Winger,30313,Utah,,9.825,,9.725,Saturday,11,1,2025
Casey Brown,30313,California,9.875,,,,Saturday,11,1,2025
Chase Brock,30313,LSU,,,9.825,9.925,Saturday,11,1,2025
Danielle Sievers,30313,Oklahoma,9.9,,9.85,,Saturday,11,1,2025
Ella Cesario,30313,California,9.85,9.825,9.85,9.825,Saturday,11,1,2025
Ella Zirbes,30313,Utah,9.65,,9.725,9.875,Saturday,11,1,2025
Faith Torrez,30313,Oklahoma,9.95,9.975,9.95,9.75,Saturday,11,1,2025
Grace McCallum,30313,Utah,9.975,9.8,9.825,,Saturday,11,1,2025
Haleigh Bryant,30313,LSU,,9.75,,,Saturday,11,1,2025
Jaylene Gilstrap,30313,Utah,,,9.85,,Saturday,11,1,2025
Jordan Bowers,30313,Oklahoma,9.925,9.9,9.95,9.9,Saturday,11,1,2025
Jordan Kane,30313,California,,9.9,9.825,,Saturday,11,1,2025
Kailin Chio,30313,LSU,9.9,9.85,9.925,9.95,Saturday,11,1,2025
Kaliya Lincoln,30313,LSU,,,,9.825,Saturday,11,1,2025
Keira Wells,30313,Oklahoma,,9.75,,9.85,Saturday,11,1,2025
Konnor McClain,30313,LSU,9.925,9.85,,,Saturday,11,1,2025
Kyen Mayhew,30313,California,,9.75,9.85,9.9,Saturday,11,1,2025
Lexi Zeiss,30313,LSU,9.825,,,9.85,Saturday,11,1,2025
Lily Pederson,30313,Oklahoma,9.95,9.9,9.875,9.825,Saturday,11,1,2025
Madelyn Williams,30313,California,9.875,9.875,,9.75,Saturday,11,1,2025
Makenna Smith,30313,Utah,9.85,9.6,9.825,9.85,Saturday,11,1,2025
Mya Lauzon,30313,California,9.9,9.825,9.9,9.825,Saturday,11,1,2025
Mya Wiley,30313,California,9.075,,,9.825,Saturday,11,1,2025
Olivia Dunne,30313,LSU,9.725,9.775,9.85,,Saturday,11,1,2025
Sierra Ballard,30313,LSU,,9.85,9.825,,Saturday,11,1,2025
eMjae Frazier,30313,California,9.825,9.9,9.925,9.9,Saturday,11,1,2025
Aine Reade,30316,New Hampshire,9.725,,9.85,9.75,Saturday,11,1,2025
Anne Challman,30316,New Hampshire,,9.775,9.85,,Saturday,11,1,2025
Ava Stewart,30316,Minnesota,9.825,9.8,,9.825,Saturday,11,1,2025
Brooklyn Rowray,30316,Minnesota,,9.775,,,Saturday,11,1,2025
Cleante The`oret,30316,New Hampshire,,9.2,,,Saturday,11,1,2025
Emily Koch,30316,Minnesota,,9.725,,,Saturday,11,1,2025
Gracy Mowers,30316,New Hampshire,,,,9.725,Saturday,11,1,2025
Gwen Ockerbloom,30316,New Hampshire,,9.675,,9.775,Saturday,11,1,2025
Jordyn Lyden,30316,Minnesota,9.875,9.825,,,Saturday,11,1,2025
Julia Before,30316,New Hampshire,8.95,,,,Saturday,11,1,2025
Lauren Pearl,30316,Minnesota,,9.75,9.85,9.65,Saturday,11,1,2025
Leah Gonsiorowski,30316,Minnesota,,,9.65,,Saturday,11,1,2025
Leah Moreno,30316,New Hampshire,9.75,,,9.7,Saturday,11,1,2025
Mady Harvey,30316,New Hampshire,,9.725,,,Saturday,11,1,2025
Marissa Jencks,30316,Minnesota,9.7,,9.825,,Saturday,11,1,2025
McCall McMullen,30316,New Hampshire,,9.6,9.725,9.825,Saturday,11,1,2025
Megan Steensland,30316,Minnesota,,,9.825,9.775,Saturday,11,1,2025
Mya Hooten,30316,Minnesota,9.825,,9.9,9.95,Saturday,11,1,2025
Poulina Minaev,30316,New Hampshire,,,9.725,,Saturday,11,1,2025
Sarah Moraw,30316,Minnesota,,9.775,,9.875,Saturday,11,1,2025
Serena Mullin,30316,New Hampshire,9.7,9.725,9.8,9.7,Saturday,11,1,2025
Sophia Nguyen,30316,Minnesota,9.75,,,,Saturday,11,1,2025
Summer Simpkins,30316,New Hampshire,9.525,,9.55,,Saturday,11,1,2025
Teryn Crump,30316,Minnesota,9.775,,9.75,9.825,Saturday,11,1,2025
Zoe Arthur,30316,New Hampshire,9.675,,,,Saturday,11,1,2025
Anna Flynn Cashion,30323,Kentucky,,,,9.95,Saturday,11,1,2025
Brooklyn Moors,30323,UCLA,,9.775,9.95,9.8,Saturday,11,1,2025
Cally Swaney,30323,Arkansas,9.725,9.025,,,Saturday,11,1,2025
Cameron Smith,30323,Ohio State,,9.8,,9.85,Saturday,11,1,2025
Cami Weaver,30323,Arkansas,,,,9.75,Saturday,11,1,2025
Carly Busch,30323,Kentucky,,9.7,,,Saturday,11,1,2025
Cecily Rizo,30323,Kentucky,,,,9.8,Saturday,11,1,2025
Chae Campbell,30323,UCLA,9.8,9.875,9.9,9.775,Saturday,11,1,2025
Chesney Bennett,30323,Kentucky,,8.975,,,Saturday,11,1,2025
Ciena Alipio,30323,UCLA,,9.875,,,Saturday,11,1,2025
Courtney McCann,30323,Ohio State,9.725,9.875,,,Saturday,11,1,2025
Creslyn Brose,30323,Kentucky,,9.8,9.825,,Saturday,11,1,2025
Dakota Essenpries,30323,Arkansas,,,,9.85,Saturday,11,1,2025
Delaynee Rodriguez,30323,Kentucky,9.75,9.6,9.85,9.625,Saturday,11,1,2025
Emily Lee,30323,UCLA,,9.9,,9.85,Saturday,11,1,2025
Emma Malabuyo,30323,UCLA,,9.925,9.925,,Saturday,11,1,2025
Frankie Price,30323,Arkansas,,,9.9,9.6,Saturday,11,1,2025
Frida Esparza,30323,UCLA,9.925,,,,Saturday,11,1,2025
Hailey Davis,30323,Kentucky,9.775,,9.925,,Saturday,11,1,2025
Hailey Klein,30323,Arkansas,,9.05,,,Saturday,11,1,2025
Isabella Magnelli,30323,Kentucky,,9.925,9.8,9.925,Saturday,11,1,2025
Isabella Rivelli,30323,Kentucky,9.75,,,,Saturday,11,1,2025
JJ Coleman,30323,Ohio State,,,9.725,9.775,Saturday,11,1,2025
Jillian Procasky,30323,Kentucky,9.9,,9.825,,Saturday,11,1,2025
Jojo Warga,30323,Ohio State,,9.825,,,Saturday,11,1,2025
Jordan Chiles,30323,UCLA,9.85,,9.975,9.925,Saturday,11,1,2025
Joscelyn Roberson,30323,Arkansas,9.825,9.825,9.95,9.875,Saturday,11,1,2025
Kaitlyn Ewald,30323,Arkansas,9.825,,,,Saturday,11,1,2025
Kaitlyn Grimes,30323,Ohio State,,,9.825,9.85,Saturday,11,1,2025
Kalyxta Gamiao,30323,Arkansas,,9.825,9.875,,Saturday,11,1,2025
Kate Parks,30323,Ohio State,9.725,,,,Saturday,11,1,2025
Katelyn Rosen,30323,UCLA,9.9,9.9,9.825,,Saturday,11,1,2025
Lauren Williams,30323,Arkansas,,,9.875,,Saturday,11,1,2025
Leah Smith,30323,Arkansas,,,9.875,9.825,Saturday,11,1,2025
Macy McGowan,30323,UCLA,9.875,,9.85,9.75,Saturday,11,1,2025
Maddie Jones,30323,Arkansas,9.825,9.825,9.875,,Saturday,11,1,2025
Maisyn Rader,30323,Ohio State,9.75,,9.675,,Saturday,11,1,2025
Makenzie Wilson,30323,Kentucky,,,,9.95,Saturday,11,1,2025
Mati Waligora,30323,Arkansas,9.8,,,,Saturday,11,1,2025
Mika Webster-Longin,30323,UCLA,9.825,,,9.75,Saturday,11,1,2025
Priscilla Park,30323,Arkansas,9.75,9.875,,9.675,Saturday,11,1,2025
Ryan Noonan,30323,Kentucky,9.85,,,9.8,Saturday,11,1,2025
Rylee Guevara,30323,Ohio State,,9.525,9.9,9.875,Saturday,11,1,2025
Samara Buchanan,30323,Ohio State,8.9,9.725,,,Saturday,11,1,2025
Sidney Washington,30323,Ohio State,9.825,,9.85,9.825,Saturday,11,1,2025
Skylar Killough-Wilhelm,30323,Kentucky,9.75,9.8,9.175,,Saturday,11,1,2025
Tory Vetter,30323,Ohio State,9.85,9.85,9.875,9.9,Saturday,11,1,2025
Abigail Kenney,30326,Bridgeport,9.5,9.775,9.825,9.525,Sunday,12,1,2025
Addy Rothstein,30326,Cornell,8.65,,9.7,9.625,Sunday,12,1,2025
Allie Forbes,30326,Yale,,9.7,,,Sunday,12,1,2025
Avery Byun,30326,Cornell,9.35,9.8,9.675,9.725,Sunday,12,1,2025
Brooklyn Weingardt,30326,Bridgeport,,,,9.35,Sunday,12,1,2025
Cami Whitaker,30326,Cornell,,,9.4,9.75,Sunday,12,1,2025
Catherine Aucoin,30326,Bridgeport,8.625,,,,Sunday,12,1,2025
Chloe DeJoy,30326,Yale,9.05,,9.8,,Sunday,12,1,2025
Dahlia Jhaveri,30326,Cornell,9.6,,,,Sunday,12,1,2025
Ella Tashjian,30326,Yale,,9.675,9.875,9.75,Sunday,12,1,2025
Ellie Kearns,30326,Yale,9.625,,9.85,,Sunday,12,1,2025
Emily Hernandez,30326,Bridgeport,9.15,,,9.725,Sunday,12,1,2025
Gigi Sabatini,30326,Yale,9.5,9.75,9.65,9.8,Sunday,12,1,2025
Hailey Kriz,30326,Yale,,9.725,,9.6,Sunday,12,1,2025
Hana Strause,30326,Yale,,9.775,9.775,9.5,Sunday,12,1,2025
Hannah Barry,30326,Bridgeport,,9.425,,,Sunday,12,1,2025
Josie Moylan,30326,Cornell,,,8.95,,Sunday,12,1,2025
Kate Michelini,30326,Cornell,,9.675,,,Sunday,12,1,2025
Lauren Holt,30326,Yale,9.675,,,,Sunday,12,1,2025
Lauren Luu,30326,Yale,8.0,,,,Sunday,12,1,2025
Lily Aucoin,30326,Yale,9.45,,,9.725,Sunday,12,1,2025
Lola Sepulveda,30326,Bridgeport,9.6,,9.625,9.675,Sunday,12,1,2025
Madelyn Viles,30326,Bridgeport,,9.3,9.7,,Sunday,12,1,2025
Margaret Coyle,30326,Bridgeport,,,9.65,,Sunday,12,1,2025
Megan Brueck,30326,Yale,,9.675,9.875,9.725,Sunday,12,1,2025
Michaela DeFranscisco,30326,Cornell,,,,9.7,Sunday,12,1,2025
Mikayla Burton,30326,Cornell,,9.65,,,Sunday,12,1,2025
Molly McAleavey,30326,Bridgeport,,9.45,,,Sunday,12,1,2025
Morgen Shambo,30326,Cornell,9.725,9.75,,,Sunday,12,1,2025
Natalia Tehrani,30326,Cornell,9.475,9.275,,,Sunday,12,1,2025
Nora Sherman,30326,Cornell,,,9.4,,Sunday,12,1,2025
Nova Staruk,30326,Bridgeport,,,,9.725,Sunday,12,1,2025
Olivia Imbarlina,30326,Bridgeport,9.425,9.85,,,Sunday,12,1,2025
Samantha Krenzel,30326,Bridgeport,,9.75,9.525,,Sunday,12,1,2025
Samantha Nokes,30326,Bridgeport,9.225,,,,Sunday,12,1,2025
Sarah Goetter,30326,Cornell,,,,9.65,Sunday,12,1,2025
Sydney Beers,30326,Cornell,9.675,9.825,9.85,9.775,Sunday,12,1,2025
Tamyra Singletary,30326,Bridgeport,,,9.65,9.6,Sunday,12,1,2025
Ailey Kuehn,30329,S.E. Missouri,,9.675,,9.8,Sunday,12,1,2025
Alauna Simms,30329,Ball State,,,9.825,,Sunday,12,1,2025
Amelia Knight,30329,Illinois,9.725,9.85,,,Sunday,12,1,2025
Amy Fridley,30329,UW-Eau Claire,,,7.9,9.525,Sunday,12,1,2025
Anna Doering,30329,UW-Eau Claire,8.25,8.575,,,Sunday,12,1,2025
Arielle Ward,30329,Illinois,9.775,,,,Sunday,12,1,2025
Ashley Szymanski,30329,Ball State,9.525,9.8,,,Sunday,12,1,2025
Ava Molina,30329,Ball State,9.6,9.775,9.775,,Sunday,12,1,2025
Ava Obermoller,30329,UW-Eau Claire,,,,9.5,Sunday,12,1,2025
Cadence Cordova,30329,UW-Eau Claire,9.3,,,9.375,Sunday,12,1,2025
Cai Afalla,30329,Ball State,,,9.75,9.675,Sunday,12,1,2025
Carissa Martinez,30329,Ball State,,,9.8,9.725,Sunday,12,1,2025
Chloe Cho,30329,Illinois,9.45,9.775,9.625,9.85,Sunday,12,1,2025
Delaney McMahon,30329,Ball State,,8.625,,,Sunday,12,1,2025
Eden King,30329,Illinois,,9.225,9.7,9.775,Sunday,12,1,2025
Ella Montgomery,30329,UW-Eau Claire,9.4,8.825,,,Sunday,12,1,2025
Emily Leese,30329,UW-Eau Claire,,,8.45,9.4,Sunday,12,1,2025
Emmalise Nock,30329,Illinois,,9.6,9.7,,Sunday,12,1,2025
Georgia Guynn,30329,UW-Eau Claire,,8.675,,,Sunday,12,1,2025
Grace Gerster,30329,UW-Eau Claire,,8.375,9.1,9.575,Sunday,12,1,2025
Grace Sumner,30329,Ball State,9.6,9.8,,,Sunday,12,1,2025
Hannah Ruthberg,30329,Ball State,9.65,9.7,9.85,9.8,Sunday,12,1,2025
Harriet Toth,30329,UW-Eau Claire,9.075,,9.4,9.625,Sunday,12,1,2025
Jaidan Kossuth,30329,S.E. Missouri,,9.65,,,Sunday,12,1,2025
Janelle Lopez,30329,S.E. Missouri,9.35,9.1,,9.675,Sunday,12,1,2025
Joselene Hernandez,30329,S.E. Missouri,7.95,8.9,9.7,9.425,Sunday,12,1,2025
Kailyn Hamilton,30329,S.E. Missouri,9.425,,9.625,,Sunday,12,1,2025
Karli Mercer,30329,Ball State,,,,9.7,Sunday,12,1,2025
Kelsey Donovan,30329,UW-Eau Claire,,,9.5,,Sunday,12,1,2025
Kennedy Brown,30329,Illinois,9.725,,,9.75,Sunday,12,1,2025
Leah Parton,30329,S.E. Missouri,,,9.6,,Sunday,12,1,2025
Lindsay Girard,30329,Ball State,,,,8.925,Sunday,12,1,2025
Lindsay Ockler,30329,S.E. Missouri,8.9,,,9.725,Sunday,12,1,2025
Linnea Vasali,30329,UW-Eau Claire,,8.9,,,Sunday,12,1,2025
Madison Daly,30329,UW-Eau Claire,9.1,,8.1,,Sunday,12,1,2025
Madison Greene,30329,S.E. Missouri,,,9.7,,Sunday,12,1,2025
Makayla Green,30329,Illinois,9.8,,,,Sunday,12,1,2025
Mareli Muller,30329,Illinois,8.525,9.725,9.775,9.8,Sunday,12,1,2025
Marly Esteves,30329,Illinois,,,,9.525,Sunday,12,1,2025
Mary Rose Bellan,30329,Ball State,9.35,,,,Sunday,12,1,2025
Meghan Dahlin,30329,UW-Eau Claire,,9.225,,,Sunday,12,1,2025
Mya Gordon,30329,Illinois,,,8.9,,Sunday,12,1,2025
Nyah Reader,30329,S.E. Missouri,8.275,9.275,,9.575,Sunday,12,1,2025
Olivia Coppola,30329,Illinois,,,,9.775,Sunday,12,1,2025
Rachel Hettiarachchy,30329,UW-Eau Claire,7.65,,,,Sunday,12,1,2025
Sydney Crouch,30329,S.E. Missouri,,,9.575,,Sunday,12,1,2025
Tali Joelson,30329,Illinois,,8.95,9.775,,Sunday,12,1,2025
Taylor Ingle,30329,S.E. Missouri,9.6,9.675,9.75,9.675,Sunday,12,1,2025
Zoe Middleton,30329,Ball State,9.8,9.35,9.9,9.8,Sunday,12,1,2025
Aaliyah Krause,30333,Rhode Island College,8.425,9.4,9.65,9.575,Sunday,12,1,2025
Abigail Bunch,30333,Rhode Island College,7.45,,,,Sunday,12,1,2025
Abigail Walters,30333,Utica,,9.4,,,Sunday,12,1,2025
Alexa Graziano,30333,Rhode Island College,7.7,,,,Sunday,12,1,2025
Alexa Rose Pahila,30333,Cortland State,9.35,,,,Sunday,12,1,2025
Alyssa Langston,30333,Utica,9.425,9.3,,,Sunday,12,1,2025
Amy Hamilton,30333,Cortland State,,,9.4,,Sunday,12,1,2025
Anna Lee Dobson,30333,Cortland State,,9.125,,,Sunday,12,1,2025
Arianna Ellis,30333,Ursinus College,,8.75,9.575,,Sunday,12,1,2025
Aubrey Hughes,30333,Utica,,,,9.1,Sunday,12,1,2025
Autumn Adkins,30333,Cortland State,9.525,,9.575,9.3,Sunday,12,1,2025
Ava Kelly,30333,Springfield College,,9.1,9.4,,Sunday,12,1,2025
Ava Miranov,30333,Cortland State,8.25,,,9.475,Sunday,12,1,2025
Ayako Maeda,30333,Springfield College,9.375,,,,Sunday,12,1,2025
Brianna Cassin,30333,Springfield College,,8.525,8.4,,Sunday,12,1,2025
Brianna Duffy,30333,Ursinus College,9.2,,,,Sunday,12,1,2025
Camille Lindley,30333,Utica,8.35,,,,Sunday,12,1,2025
Carson Ann Whitt,30333,Rhode Island College,,8.85,9.525,,Sunday,12,1,2025
Christina Troche,30333,Utica,,,9.25,,Sunday,12,1,2025
Claire Geiger,30333,Springfield College,8.5,,9.45,9.35,Sunday,12,1,2025
Delaney LaViolette,30333,Springfield College,,,,8.825,Sunday,12,1,2025
Dominique Harris,30333,Rhode Island College,,8.675,,,Sunday,12,1,2025
Emma Tucker,30333,Rhode Island College,,9.075,9.7,9.4,Sunday,12,1,2025
Emmy Graff,30333,Utica,9.525,9.55,9.675,9.35,Sunday,12,1,2025
Erin Roe,30333,Ursinus College,9.0,9.525,9.575,9.525,Sunday,12,1,2025
Erin Stubbs,30333,Ursinus College,,8.975,,9.45,Sunday,12,1,2025
Gabrielle Nadler,30333,Cortland State,,,9.625,,Sunday,12,1,2025
Gianna Mirigliano,30333,Cortland State,,9.05,9.05,9.425,Sunday,12,1,2025
Grace Marra,30333,Utica,8.8,9.575,9.8,9.5,Sunday,12,1,2025
Haley Miller,30333,Utica,,9.25,,,Sunday,12,1,2025
Isabella Scarpetti,30333,Ursinus College,,,9.55,,Sunday,12,1,2025
Ivy Jimenez,30333,Rhode Island College,,9.05,,9.5,Sunday,12,1,2025
Jenna DiPalo,30333,Utica,,8.4,,9.45,Sunday,12,1,2025
Jolie Carpino,30333,Rhode Island College,8.825,,,,Sunday,12,1,2025
Julia Pecora,30333,Utica,,,9.25,,Sunday,12,1,2025
Kaitlyn Vaz,30333,Utica,9.2,,,,Sunday,12,1,2025
Kathryn McSweeney,30333,Cortland State,9.4,,,,Sunday,12,1,2025
Kiana Wong,30333,Cortland State,,8.725,,,Sunday,12,1,2025
Kyleigh Brown,30333,Cortland State,,,,9.6,Sunday,12,1,2025
Kyleigh Pierce,30333,Ursinus College,8.95,,,,Sunday,12,1,2025
Kylie Ruggiero,30333,Ursinus College,9.325,,,,Sunday,12,1,2025
Lauren Coleman,30333,Ursinus College,8.5,,,,Sunday,12,1,2025
Lucy Warburton,30333,Ursinus College,,,9.575,,Sunday,12,1,2025
Madeline Brandt,30333,Rhode Island College,,,9.625,,Sunday,12,1,2025
Madison Villani,30333,Utica,,,,9.425,Sunday,12,1,2025
Madison Zimmerman,30333,Ursinus College,,9.375,,9.325,Sunday,12,1,2025
Megan Matteucci,30333,Ursinus College,8.65,9.0,9.8,9.35,Sunday,12,1,2025
Michaela Duffy,30333,Ursinus College,,,,9.5,Sunday,12,1,2025
Olivia Keyes,30333,Rhode Island College,6.95,9.625,9.8,9.375,Sunday,12,1,2025
Olivia Rosen,30333,Utica,8.375,,7.55,,Sunday,12,1,2025
Paige Rossi,30333,Springfield College,,8.825,,9.275,Sunday,12,1,2025
Payton Greene,30333,Rhode Island College,9.2,,,9.55,Sunday,12,1,2025
Presley Cuen,30333,Rhode Island College,,,9.65,,Sunday,12,1,2025
Reagan Charlton,30333,Springfield College,8.2,8.85,,9.4,Sunday,12,1,2025
Rianna Adams,30333,Cortland State,7.55,,,,Sunday,12,1,2025
Rylee Fishkin,30333,Cortland State,,9.0,9.5,,Sunday,12,1,2025
Ryli McGorry,30333,Utica,,,9.375,9.175,Sunday,12,1,2025
Sage Kaplan,30333,Springfield College,8.65,9.05,9.5,9.45,Sunday,12,1,2025
Samantha Meadows,30333,Cortland State,,9.75,9.475,9.075,Sunday,12,1,2025
Sarah Brownstein,30333,Springfield College,7.55,9.375,8.55,,Sunday,12,1,2025
Sidney Schreiber,30333,Ursinus College,,9.325,9.675,9.475,Sunday,12,1,2025
Sophia Damiano,30333,Rhode Island College,,,,9.475,Sunday,12,1,2025
Stacy Taylor,30333,Springfield College,,,9.55,8.75,Sunday,12,1,2025
Tayah Graham,30333,Cortland State,,9.3,,9.5,Sunday,12,1,2025
Taylor Goldstein,30333,Cortland State,8.775,,,,Sunday,12,1,2025
Abby Brushwood,30338,Eastern Michigan,,,9.1,9.75,Sunday,12,1,2025
Alana Fisher,30338,Eastern Michigan,,9.2,9.675,9.8,Sunday,12,1,2025
Analiah Solorio,30338,Eastern Michigan,9.8,9.75,,,Sunday,12,1,2025
Charniya Brown,30338,Bowling Green,,,,9.7,Sunday,12,1,2025
Elise Brzoska,30338,Bowling Green,9.325,9.1,,,Sunday,12,1,2025
Ella Chemotti,30338,Eastern Michigan,9.8,9.65,9.7,,Sunday,12,1,2025
Emily Gianfrancesco,30338,Bowling Green,,,9.5,,Sunday,12,1,2025
Faye Dubin,30338,Bowling Green,,9.575,,,Sunday,12,1,2025
Genae Daniel,30338,Eastern Michigan,,,,9.825,Sunday,12,1,2025
Gwendelyn Cantu,30338,Eastern Michigan,,,,9.75,Sunday,12,1,2025
Jaelyn Stetz,30338,Eastern Michigan,9.5,,,9.725,Sunday,12,1,2025
Katin Childress,30338,Eastern Michigan,,9.725,,,Sunday,12,1,2025
Kayla Shaw,30338,Bowling Green,9.75,9.475,9.725,,Sunday,12,1,2025
Keeley Kohler,30338,Eastern Michigan,9.65,,,,Sunday,12,1,2025
Keira Thornton,30338,Bowling Green,,,8.3,9.725,Sunday,12,1,2025
Kennedy Krienbrink,30338,Bowling Green,8.325,,,,Sunday,12,1,2025
Kyrie Lowe,30338,Eastern Michigan,9.725,9.75,9.65,,Sunday,12,1,2025
Love Akpan,30338,Bowling Green,9.825,9.775,9.75,9.175,Sunday,12,1,2025
Madison Coburn,30338,Bowling Green,,,,9.75,Sunday,12,1,2025
Megan Bingham,30338,Bowling Green,9.75,9.7,9.775,9.725,Sunday,12,1,2025
Megan Dzialo,30338,Bowling Green,9.65,,9.75,9.675,Sunday,12,1,2025
Nadia Parente,30338,Bowling Green,,9.2,,,Sunday,12,1,2025
Priya Karle,30338,Eastern Michigan,,,9.775,,Sunday,12,1,2025
Raisa Boris,30338,Eastern Michigan,9.825,9.725,9.875,9.65,Sunday,12,1,2025
Anna Beaudry,30340,Hamline,,8.0,,,Sunday,12,1,2025
Anna Johnson,30340,Hamline,,,,9.175,Sunday,12,1,2025
Annelise Smaby,30340,Hamline,8.675,,,,Sunday,12,1,2025
Ashlyn Barker,30340,UW-La Crosse,9.3,,9.55,,Sunday,12,1,2025
Ava Sitek,30340,UW-La Crosse,,,,9.425,Sunday,12,1,2025
Brianna Weikel,30340,Hamline,9.025,9.25,9.275,,Sunday,12,1,2025
Brooke Reardon,30340,Hamline,,8.125,,,Sunday,12,1,2025
Cailey Price,30340,Hamline,,8.525,9.275,8.8,Sunday,12,1,2025
Catelyn Zack,30340,Hamline,,,9.275,,Sunday,12,1,2025
Claire Robbins,30340,UW-La Crosse,9.6,8.95,9.075,,Sunday,12,1,2025
Elena Bailey,30340,Hamline,8.05,,7.575,9.2,Sunday,12,1,2025
Elizabeth Janssen,30340,UW-La Crosse,9.1,,,,Sunday,12,1,2025
Grace Edwards,30340,UW-La Crosse,,,9.575,,Sunday,12,1,2025
Grace Kehr,30340,UW-La Crosse,,,9.225,9.6,Sunday,12,1,2025
Hannah Lemon,30340,Hamline,,8.875,,,Sunday,12,1,2025
Jessica Taylor,30340,UW-La Crosse,,,9.675,9.075,Sunday,12,1,2025
Julia Cheely,30340,Hamline,8.875,9.5,,9.425,Sunday,12,1,2025
Katie Chai-Mulkerin,30340,Hamline,8.275,,,,Sunday,12,1,2025
Kyla Dickson,30340,UW-La Crosse,,9.6,9.575,,Sunday,12,1,2025
Lainey Vogt,30340,UW-La Crosse,,,,9.425,Sunday,12,1,2025
Lauren Main,30340,UW-La Crosse,9.45,9.7,,,Sunday,12,1,2025
Lilly Millington,30340,UW-La Crosse,,,,9.6,Sunday,12,1,2025
Lucy Warren,30340,UW-La Crosse,,9.525,,,Sunday,12,1,2025
Madalyn McCormick,30340,UW-La Crosse,9.425,9.6,,,Sunday,12,1,2025
Maura Erickson,30340,Hamline,,,,9.125,Sunday,12,1,2025
Meighan White,30340,Hamline,,,8.75,,Sunday,12,1,2025
Olivia Tobin,30340,Hamline,9.25,,,,Sunday,12,1,2025
Raina Christenson,30340,UW-La Crosse,,8.975,,,Sunday,12,1,2025
Sara Beck,30340,UW-La Crosse,7.525,,,,Sunday,12,1,2025
Sarah Pastore,30340,UW-La Crosse,,,,9.675,Sunday,12,1,2025
Sydney Stoenner,30340,Hamline,,,8.75,8.85,Sunday,12,1,2025
Amber Lowe,30342,West Virginia,,9.8,9.725,,Sunday,12,1,2025
Anna Leigh,30342,West Virginia,8.9,,9.95,,Sunday,12,1,2025
Ava Wellmeier,30342,Central Michigan,,,9.8,9.725,Sunday,12,1,2025
Avah Bootz,30342,Central Michigan,,,,9.725,Sunday,12,1,2025
Brooke Alban,30342,West Virginia,9.7,,9.675,,Sunday,12,1,2025
Brooke Irwin,30342,West Virginia,9.675,,,9.625,Sunday,12,1,2025
Carlee Nelson,30342,West Virginia,,8.85,,,Sunday,12,1,2025
Emerson Smith,30342,West Virginia,,,9.85,9.5,Sunday,12,1,2025
Gabrielle Johnson,30342,Central Michigan,9.85,9.475,,,Sunday,12,1,2025
Hannah Appleget,30342,Central Michigan,9.85,9.275,9.75,7.4,Sunday,12,1,2025
Heather Parker,30342,Central Michigan,,,9.6,,Sunday,12,1,2025
Jayden McDonnell,30342,West Virginia,9.425,,,,Sunday,12,1,2025
Jenna Germond,30342,Central Michigan,,,,9.625,Sunday,12,1,2025
Julia Brown,30342,West Virginia,,9.825,,,Sunday,12,1,2025
Jurnee Lane,30342,West Virginia,,9.4,9.375,,Sunday,12,1,2025
Kaitlyn Schwab,30342,Central Michigan,9.775,,,,Sunday,12,1,2025
Karleigh DiCello,30342,West Virginia,,9.8,,9.75,Sunday,12,1,2025
Kaylei Adams,30342,West Virginia,,9.6,,,Sunday,12,1,2025
Lia Kmieciak,30342,Central Michigan,9.2,,,,Sunday,12,1,2025
Luciana Alvarado-Reid,30342,Central Michigan,9.925,9.85,9.8,9.625,Sunday,12,1,2025
Miranda Smith,30342,West Virginia,9.775,,,9.575,Sunday,12,1,2025
Quinn Skrupa,30342,Central Michigan,,9.8,9.625,9.55,Sunday,12,1,2025
Riley Maness,30342,West Virginia,,,9.65,,Sunday,12,1,2025
Samantha Shannon,30342,Central Michigan,9.8,,,,Sunday,12,1,2025
Sophia Rice,30342,West Virginia,,,,9.65,Sunday,12,1,2025
Taylor Tuohy,30342,West Virginia,,,,9.475,Sunday,12,1,2025
Trinity Macy,30342,West Virginia,9.8,,,,Sunday,12,1,2025
Zoe Zimmerman,30342,Central Michigan,,9.275,9.725,,Sunday,12,1,2025
Zoie Pelfrey,30342,Central Michigan,,9.4,,,Sunday,12,1,2025
Abbie Thompson,30344,Denver,,9.8,,,Sunday,12,1,2025
Abby Mueller,30344,Missouri,,,,9.775,Sunday,12,1,2025
Addison Lawrence,30344,Missouri,9.75,9.775,,,Sunday,12,1,2025
Ady Wahl,30344,Georgia,9.875,,9.825,9.925,Sunday,12,1,2025
Amari Celestine,30344,Missouri,9.85,9.2,,9.825,Sunday,12,1,2025
Amy Wier,30344,Missouri,,9.675,,,Sunday,12,1,2025
Anaya Smith,30344,Georgia,,,,9.8,Sunday,12,1,2025
Angelina Hogan,30344,LIU,9.625,9.125,,,Sunday,12,1,2025
Anya Turner,30344,Georgia,,9.8,,,Sunday,12,1,2025
Bella Mabanta,30344,Denver,,9.75,8.775,9.825,Sunday,12,1,2025
Brooke Burkhart,30344,LIU,,,,9.675,Sunday,12,1,2025
Brooke Gleichowski,30344,Georgia,,9.125,,,Sunday,12,1,2025
Caroline Kliewer,30344,LIU,9.65,,,,Sunday,12,1,2025
Cecilia Cooley,30344,Denver,9.8,9.85,9.9,,Sunday,12,1,2025
Csenge Bacskay,30344,Georgia,,,9.85,9.8,Sunday,12,1,2025
Danyella Holmes,30344,LIU,9.325,8.9,8.675,9.45,Sunday,12,1,2025
Elise Tisler,30344,Missouri,,,9.875,,Sunday,12,1,2025
Ella Barrington,30344,LIU,,,9.675,,Sunday,12,1,2025
Emma Mason,30344,Georgia,,9.575,,,Sunday,12,1,2025
Eryn Williams,30344,Georgia,,,9.825,,Sunday,12,1,2025
Haleigh Welch,30344,LIU,9.375,,,,Sunday,12,1,2025
Hannah Horton,30344,Missouri,9.8,,9.9,9.8,Sunday,12,1,2025
Helen Hu,30344,Missouri,,9.875,,,Sunday,12,1,2025
Holly Snyder,30344,Georgia,9.825,,,,Sunday,12,1,2025
Ja' Free Scott,30344,Georgia,9.9,9.775,,9.875,Sunday,12,1,2025
Jessa Conedera,30344,Missouri,,9.5,,,Sunday,12,1,2025
Jocelyn Moore,30344,Missouri,9.725,,9.925,9.8,Sunday,12,1,2025
Kady Bills-McCoy,30344,LIU,,8.8,,9.35,Sunday,12,1,2025
Kaia Tanskanen,30344,Missouri,,,,9.775,Sunday,12,1,2025
Kaira Cartwright,30344,LIU,,9.75,9.65,9.575,Sunday,12,1,2025
Kayla Toniolo,30344,LIU,9.475,,,,Sunday,12,1,2025
Kennedy Griffin,30344,Missouri,,,9.925,,Sunday,12,1,2025
Kira Sanchez,30344,LIU,9.575,,9.625,9.45,Sunday,12,1,2025
Kyra Burns,30344,Missouri,9.825,,,9.775,Sunday,12,1,2025
Lily Smith,30344,Georgia,,9.9,9.875,,Sunday,12,1,2025
Maddison Reidenbach,30344,Denver,,,,9.85,Sunday,12,1,2025
Madison Ulrich,30344,Denver,9.875,9.35,9.775,9.8,Sunday,12,1,2025
Mara Titarsolej,30344,Missouri,9.9,,,,Sunday,12,1,2025
Mia Hebinck,30344,Denver,9.75,,,,Sunday,12,1,2025
Mila Brusch,30344,Denver,,,9.85,9.85,Sunday,12,1,2025
Momoko Iwai,30344,Denver,9.8,9.9,9.8,,Sunday,12,1,2025
Naya Howard,30344,Georgia,9.875,9.275,,9.825,Sunday,12,1,2025
Nicole King,30344,Georgia,,,9.625,,Sunday,12,1,2025
Nyla Aquino,30344,Georgia,,,9.6,9.875,Sunday,12,1,2025
Railey Jackson,30344,Missouri,,9.75,9.825,,Sunday,12,1,2025
Rayna Light,30344,Missouri,,,9.825,,Sunday,12,1,2025
Renee Figueroa,30344,LIU,,8.85,,,Sunday,12,1,2025
Rosie Casali,30344,Denver,9.825,,,9.85,Sunday,12,1,2025
Rylie Mundell,30344,Denver,9.9,9.825,9.675,9.875,Sunday,12,1,2025
Sadie Jane Berry,30344,Georgia,9.875,,,,Sunday,12,1,2025
Sidney Fitzgerald,30344,Georgia,9.8,,,,Sunday,12,1,2025
Zoe Claiborne,30344,LIU,,9.35,9.125,9.5,Sunday,12,1,2025
Athena Jones,30348,Sacramento State,9.725,9.85,9.775,,Sunday,12,1,2025
Ava East,30348,San Jose State,,,9.725,,Sunday,12,1,2025
Chloe Cohen,30348,Sacramento State,9.8,,,,Sunday,12,1,2025
Devyn Valuch,30348,San Jose State,9.05,,9.625,9.75,Sunday,12,1,2025
Emma Morgenthaler,30348,Sacramento State,9.35,9.825,,9.7,Sunday,12,1,2025
Grace Gilman,30348,Sacramento State,,9.825,9.6,9.8,Sunday,12,1,2025
Hannah Sitzman,30348,Sacramento State,9.4,,,,Sunday,12,1,2025
Jaudai Lopes,30348,San Jose State,9.7,9.625,9.6,9.775,Sunday,12,1,2025
Kaitlyn Driessen,30348,Sacramento State,,,,9.775,Sunday,12,1,2025
Kara Houghton,30348,Sacramento State,9.7,9.75,9.625,,Sunday,12,1,2025
Katherine Weyhmiller,30348,San Jose State,9.725,9.8,9.75,,Sunday,12,1,2025
Kaviana Jurries,30348,San Jose State,8.6,,,9.725,Sunday,12,1,2025
Madison Gustitus,30348,San Jose State,,9.85,9.8,,Sunday,12,1,2025
Madison Kirsch,30348,San Jose State,,9.85,,9.8,Sunday,12,1,2025
Maliyah James,30348,Sacramento State,9.425,,,,Sunday,12,1,2025
Marissa Ashton,30348,San Jose State,,9.8,,,Sunday,12,1,2025
Mikaela Pitts,30348,San Jose State,,,,9.725,Sunday,12,1,2025
Olivia Reardon,30348,San Jose State,9.275,,9.65,9.725,Sunday,12,1,2025
Olivia Schmitt,30348,Sacramento State,,,9.75,,Sunday,12,1,2025
Rose Wilson,30348,Sacramento State,,,,9.75,Sunday,12,1,2025
Rylin Zimmerman,30348,Sacramento State,,9.75,,9.75,Sunday,12,1,2025
Samantha Macasu,30348,San Jose State,,9.675,,,Sunday,12,1,2025
Sarah Lutrel,30348,Sacramento State,,9.825,9.75,9.75,Sunday,12,1,2025
Simone Dumas-Guzman,30348,Sacramento State,,,9.775,,Sunday,12,1,2025
Sophia Konieczny,30348,San Jose State,9.775,,,,Sunday,12,1,2025
Alaina Reid,30350,Texas Woman's,,,,9.7,Sunday,12,1,2025
Aria Roberts,30350,Centenary College,8.8,,,,Sunday,12,1,2025
Bailey Bourgeois,30350,Texas Woman's,9.7,,,,Sunday,12,1,2025
Bailey Upton,30350,Texas Woman's,,9.5,9.725,,Sunday,12,1,2025
Brooke Ferrari,30350,Texas Woman's,9.725,,,,Sunday,12,1,2025
Brooke Murdock,30350,Centenary College,,9.025,,,Sunday,12,1,2025
Caroline Bowns,30350,Texas Woman's,9.8,9.125,,,Sunday,12,1,2025
Chloe Gilbert,30350,Centenary College,7.4,9.4,,9.175,Sunday,12,1,2025
Claire Flores,30350,Centenary College,7.45,,9.225,9.35,Sunday,12,1,2025
Emily McClung,30350,Centenary College,,,8.6,,Sunday,12,1,2025
Emma Brkljacic,30350,Texas Woman's,,9.625,,,Sunday,12,1,2025
Emma Lavelle,30350,Centenary College,8.75,9.375,8.6,,Sunday,12,1,2025
Erin Pinder,30350,Centenary College,8.45,,,,Sunday,12,1,2025
Hayden Cagle,30350,Centenary College,,8.75,,9.225,Sunday,12,1,2025
Kaitlyn Hoiland,30350,Texas Woman's,9.825,9.75,,9.8,Sunday,12,1,2025
Kami Zarlengo,30350,Texas Woman's,9.075,,9.55,,Sunday,12,1,2025
Kyleigh Ghanbari,30350,Texas Woman's,,,9.875,9.65,Sunday,12,1,2025
Lainey Hunt,30350,Texas Woman's,9.7,,,,Sunday,12,1,2025
Molly English,30350,Centenary College,,,,8.9,Sunday,12,1,2025
Mylia Vidtor,30350,Centenary College,,8.5,,,Sunday,12,1,2025
Olivia Williams,30350,Centenary College,,,8.875,,Sunday,12,1,2025
Peyton Burford,30350,Centenary College,,,8.925,9.45,Sunday,12,1,2025
Sophia Isbell,30350,Texas Woman's,,,9.6,9.725,Sunday,12,1,2025
Sophie Hernandez,30350,Texas Woman's,,9.675,9.425,,Sunday,12,1,2025
Sophie Schmitz,30350,Centenary College,9.6,9.475,9.1,9.375,Sunday,12,1,2025
Steelie King,30350,Texas Woman's,,9.675,,9.625,Sunday,12,1,2025
Trinity Caffey,30350,Texas Woman's,,,9.65,9.75,Sunday,12,1,2025
Abby Chesshire,30352,Ithaca College,,8.8,9.325,,Sunday,12,1,2025
Aladiana Tosado,30352,Brockport,8.75,,,,Sunday,12,1,2025
Amelia York,30352,Brockport,,9.175,,,Sunday,12,1,2025
Anya Kraenzel,30352,Ithaca College,9.375,,,,Sunday,12,1,2025
Caitlin Pellegrino,30352,Ithaca College,,9.525,9.125,9.025,Sunday,12,1,2025
Cali Czarcinski,30352,Brockport,,,9.6,,Sunday,12,1,2025
Camryn Flaherty,30352,Ithaca College,9.15,,,,Sunday,12,1,2025
Charlotte Raymond,30352,Brockport,8.875,,,,Sunday,12,1,2025
Corey Foster,30352,Ithaca College,,9.05,9.6,,Sunday,12,1,2025
Emily Kobusky,30352,Ithaca College,,9.75,,,Sunday,12,1,2025
Emma Brookins,30352,Brockport,8.725,8.8,9.625,9.45,Sunday,12,1,2025
Emma Langdon,30352,Brockport,,,,8.7,Sunday,12,1,2025
Grace Murray,30352,Ithaca College,,,9.675,9.55,Sunday,12,1,2025
Gracie Weaver,30352,Brockport,,,,9.4,Sunday,12,1,2025
Hana Miller,30352,Ithaca College,,,8.85,8.875,Sunday,12,1,2025
Jamarie Saravia,30352,Brockport,9.125,,9.675,,Sunday,12,1,2025
Julia Klucinec,30352,Brockport,8.8,,,,Sunday,12,1,2025
Kaylie Goodwin,30352,Ithaca College,9.0,8.9,,,Sunday,12,1,2025
Kiara Hockman,30352,Brockport,,9.7,9.85,9.475,Sunday,12,1,2025
Laken Sooy,30352,Brockport,,9.75,9.775,8.975,Sunday,12,1,2025
Lauren Babineaux,30352,Ithaca College,9.725,,,9.325,Sunday,12,1,2025
Lienna Kay,30352,Brockport,,9.05,,,Sunday,12,1,2025
Madelyn Farragher,30352,Ithaca College,,,,9.125,Sunday,12,1,2025
Maren Eramo,30352,Brockport,9.7,,,9.4,Sunday,12,1,2025
Marlena Bailey,30352,Ithaca College,9.5,,,,Sunday,12,1,2025
Maya Pecoraro,30352,Brockport,,9.475,9.575,,Sunday,12,1,2025
Natalie Steed,30352,Ithaca College,,9.525,8.65,9.45,Sunday,12,1,2025
Aliyah Reed-Hammon,30354,Fisk,,9.65,,9.375,Monday,13,1,2025
Allie Berkley,30354,Fisk,7.9,,,9.475,Monday,13,1,2025
Anna Pagliaro,30354,Rutgers,,9.625,,9.55,Monday,13,1,2025
Avery Balser,30354,Rutgers,8.6,,,,Monday,13,1,2025
Brynn Vetrano,30354,William & Mary,,,9.55,,Monday,13,1,2025
Caroline Blatchford,30354,William & Mary,9.175,9.8,9.4,9.5,Monday,13,1,2025
Catherine Bare,30354,William & Mary,9.475,,,,Monday,13,1,2025
Ciniah Rosby,30354,Fisk,9.5,9.75,9.625,8.7,Monday,13,1,2025
Danielle Johnson,30354,Wilberforce,6.9,,,,Monday,13,1,2025
Delaney Adrian,30354,Rutgers,9.775,9.775,9.875,9.525,Monday,13,1,2025
Diamond Cook,30354,Wilberforce,,8.475,9.6,,Monday,13,1,2025
Donna Uhlenberg,30354,Rutgers,,,9.825,,Monday,13,1,2025
Elia Aird,30354,Rutgers,,8.9,9.7,9.75,Monday,13,1,2025
Ella Isley,30354,William & Mary,,,9.6,,Monday,13,1,2025
Elliot Goldsmith,30354,Rutgers,9.725,,9.85,,Monday,13,1,2025
Emily Herrera,30354,Wilberforce,,,,8.775,Monday,13,1,2025
Gabrielle Dildy,30354,Rutgers,,9.775,9.875,9.875,Monday,13,1,2025
Harmony Webster,30354,Rutgers,,,4.875,,Monday,13,1,2025
Jackie Manifold,30354,Rutgers,,9.775,,,Monday,13,1,2025
Jada Reece,30354,Fisk,,,9.725,,Monday,13,1,2025
Jaidyn Bryant,30354,Wilberforce,,9.125,9.7,8.7,Monday,13,1,2025
Kaylei McDonald,30354,Fisk,,9.675,8.75,,Monday,13,1,2025
Keeley Smith,30354,Rutgers,9.775,,,,Monday,13,1,2025
Kendall Guy,30354,Fisk,,,9.725,9.35,Monday,13,1,2025
Kimmi Shiau,30354,Rutgers,,,,9.45,Monday,13,1,2025
Kiora Peart-Williams,30354,Wilberforce,8.85,9.6,9.55,9.15,Monday,13,1,2025
Liberty Mora,30354,Fisk,,9.775,9.1,,Monday,13,1,2025
Lisa Chevaire,30354,Rutgers,,,,9.65,Monday,13,1,2025
Mackenzie Butler,30354,Wilberforce,,9.45,,,Monday,13,1,2025
Madeline Frazier,30354,William & Mary,,9.0,,,Monday,13,1,2025
Madison Benson,30354,Fisk,9.35,9.625,,9.75,Monday,13,1,2025
Madison Kelly,30354,Wilberforce,7.375,,,,Monday,13,1,2025
Melanie Faulkner,30354,William & Mary,,9.775,,,Monday,13,1,2025
Melissa Gao,30354,William & Mary,9.5,9.075,,9.625,Monday,13,1,2025
Michelle Ngo,30354,William & Mary,9.725,9.7,9.775,9.475,Monday,13,1,2025
Morgan Price,30354,Fisk,9.25,9.0,,9.025,Monday,13,1,2025
Olivia DiNovi,30354,Rutgers,9.65,,,,Monday,13,1,2025
Promise Jean-Marie,30354,Wilberforce,6.95,,8.7,9.1,Monday,13,1,2025
Rachael Riley,30354,Rutgers,,9.8,,,Monday,13,1,2025
Reagan Schenkel,30354,Rutgers,9.75,,,,Monday,13,1,2025
Sadara Mayhorn,30354,Wilberforce,8.025,9.725,,9.05,Monday,13,1,2025
Sally Wood,30354,William & Mary,,,9.7,9.525,Monday,13,1,2025
Samantha Burd,30354,William & Mary,,,,9.55,Monday,13,1,2025
Saniah Smith,30354,Wilberforce,,9.05,9.75,,Monday,13,1,2025
Sarah Kuper,30354,William & Mary,9.375,9.6,,9.175,Monday,13,1,2025
Sarah Wozniak,30354,William & Mary,9.675,,,,Monday,13,1,2025
Summer Penzi,30354,William & Mary,,,9.0,,Monday,13,1,2025
Sydney Smith,30354,Fisk,9.375,,,,Monday,13,1,2025
Zyia Coleman,30354,Fisk,9.325,,9.6,,Monday,13,1,2025
Alyssa Guns,30358,Kent State,,9.775,9.6,,Thursday,16,1,2025
Amber Lowe,30358,West Virginia,9.725,8.975,9.325,,Thursday,16,1,2025
Anna Leigh,30358,West Virginia,9.825,,9.825,,Thursday,16,1,2025
Avery Compson,30358,Kent State,,,,9.525,Thursday,16,1,2025
Brooke Alban,30358,West Virginia,9.675,,9.75,9.675,Thursday,16,1,2025
Brooke Irwin,30358,West Virginia,9.6,9.5,,9.25,Thursday,16,1,2025
Brynne Tsipis,30358,Kent State,9.775,,,,Thursday,16,1,2025
Carlee Nelson,30358,West Virginia,,9.25,,,Thursday,16,1,2025
Charlie Behner,30358,Kent State,9.7,,9.825,9.675,Thursday,16,1,2025
Emerson Smith,30358,West Virginia,,,9.7,9.55,Thursday,16,1,2025
Emma Masse,30358,Kent State,,,8.85,,Thursday,16,1,2025
Gabby Riley,30358,Kent State,,9.65,9.75,9.675,Thursday,16,1,2025
Heidi Schultz,30358,Kent State,9.8,9.85,,,Thursday,16,1,2025
Jayden McDonnell,30358,West Virginia,9.7,,,,Thursday,16,1,2025
Julia Brown,30358,West Virginia,,9.675,,,Thursday,16,1,2025
Jurnee Lane,30358,West Virginia,,,9.8,,Thursday,16,1,2025
Karleigh DiCello,30358,West Virginia,,9.075,,9.675,Thursday,16,1,2025
Kaylei Adams,30358,West Virginia,,9.15,,,Thursday,16,1,2025
Mya Migliore,30358,Kent State,9.8,9.275,,9.65,Thursday,16,1,2025
Nastia Rudnitskaya,30358,Kent State,9.75,,9.0,9.525,Thursday,16,1,2025
Nene Alvine,30358,Kent State,9.075,9.775,9.85,9.85,Thursday,16,1,2025
Riley Maness,30358,West Virginia,,,9.65,,Thursday,16,1,2025
Sophia Rice,30358,West Virginia,,,,9.675,Thursday,16,1,2025
Taylor Tuohy,30358,West Virginia,,,,9.625,Thursday,16,1,2025
Trinity Macy,30358,West Virginia,9.825,,,,Thursday,16,1,2025
Zoe Rankin,30358,Kent State,,9.5,,,Thursday,16,1,2025
Abby Brushwood,30360,Eastern Michigan,,,9.85,9.775,Friday,17,1,2025
Alana Anderson,30360,Northern Illinois,9.15,,9.8,,Friday,17,1,2025
Alana Fisher,30360,Eastern Michigan,,9.725,9.7,9.75,Friday,17,1,2025
Alauna Simms,30360,Ball State,,,9.775,,Friday,17,1,2025
Analiah Solorio,30360,Eastern Michigan,9.675,9.1,,,Friday,17,1,2025
Ashley Szymanski,30360,Ball State,9.875,9.75,,,Friday,17,1,2025
Aspen Peters,30360,Winona State,,,,9.475,Friday,17,1,2025
Audrey Brenner,30360,Northern Illinois,,,,9.625,Friday,17,1,2025
Ava Molina,30360,Ball State,9.8,9.775,9.825,,Friday,17,1,2025
Brooklynn Clapp,30360,Winona State,7.6,,,,Friday,17,1,2025
Bryce Stoltz,30360,Winona State,,9.725,8.925,9.15,Friday,17,1,2025
Cai Afalla,30360,Ball State,,,9.55,9.65,Friday,17,1,2025
Camdyn McSweeney,30360,Winona State,,,9.55,,Friday,17,1,2025
Carissa Martinez,30360,Ball State,,,9.7,,Friday,17,1,2025
Dawsyn Sallee,30360,Northern Illinois,,9.525,9.725,9.725,Friday,17,1,2025
Delaney McMahon,30360,Ball State,,9.55,,,Friday,17,1,2025
Drake White,30360,Northern Illinois,8.925,,9.625,9.55,Friday,17,1,2025
Ella Chemotti,30360,Eastern Michigan,9.725,9.775,9.65,,Friday,17,1,2025
Ella Denno,30360,Winona State,9.675,,,,Friday,17,1,2025
Ellery Werner,30360,Northern Illinois,,9.85,,,Friday,17,1,2025
Gabby Kraft,30360,Winona State,,9.2,9.725,9.4,Friday,17,1,2025
Genae Daniel,30360,Eastern Michigan,,,,9.7,Friday,17,1,2025
Gwendelyn Cantu,30360,Eastern Michigan,,,,9.65,Friday,17,1,2025
Hannah Ruthberg,30360,Ball State,9.75,9.05,9.85,9.85,Friday,17,1,2025
Isabella Ross,30360,Northern Illinois,9.6,9.675,9.6,,Friday,17,1,2025
Isabella Sissi,30360,Northern Illinois,9.85,,,9.625,Friday,17,1,2025
Jaelyn Stetz,30360,Eastern Michigan,8.55,,,9.6,Friday,17,1,2025
Jessisca Miley,30360,Winona State,9.7,8.775,9.65,9.475,Friday,17,1,2025
Jocelyn Harbeck,30360,Northern Illinois,,,,9.55,Friday,17,1,2025
Jordanna Phillis,30360,Ball State,9.775,,,9.625,Friday,17,1,2025
Kaelyn Duman,30360,Winona State,,9.55,,,Friday,17,1,2025
Karli Mercer,30360,Ball State,,,,9.625,Friday,17,1,2025
Katin Childress,30360,Eastern Michigan,,9.75,,,Friday,17,1,2025
Kaylee Bateman,30360,Winona State,9.25,8.9,,,Friday,17,1,2025
Keeley Kohler,30360,Eastern Michigan,9.75,,,,Friday,17,1,2025
Kennedy O'Connor,30360,Winona State,,,,9.7,Friday,17,1,2025
Kiera O'Shea,30360,Northern Illinois,,9.5,,9.825,Friday,17,1,2025
Kyrie Lowe,30360,Eastern Michigan,9.85,9.7,9.775,,Friday,17,1,2025
Lindsay Fuller,30360,Ball State,,9.8,,,Friday,17,1,2025
Lindsay Girard,30360,Ball State,,,,9.475,Friday,17,1,2025
Maddie Reiner,30360,Winona State,9.35,,,,Friday,17,1,2025
Madysen Disekrud,30360,Winona State,,,9.55,9.525,Friday,17,1,2025
Mary Rose Bellan,30360,Ball State,9.85,,,,Friday,17,1,2025
Mikayla Brown,30360,Northern Illinois,9.7,9.75,9.725,,Friday,17,1,2025
Natalia Kraus,30360,Northern Illinois,9.75,,,,Friday,17,1,2025
Priya Karle,30360,Eastern Michigan,,,9.85,,Friday,17,1,2025
Raisa Boris,30360,Eastern Michigan,9.825,9.825,9.8,9.675,Friday,17,1,2025
Reagan Kelly,30360,Winona State,,9.025,,,Friday,17,1,2025
Samantha Nickle,30360,Northern Illinois,,8.95,9.7,,Friday,17,1,2025
Taylor Magierka,30360,Winona State,9.3,,9.725,,Friday,17,1,2025
Zoe Middleton,30360,Ball State,9.2,9.525,9.875,9.775,Friday,17,1,2025
Adriana Hoffman,30364,Towson,,,,9.75,Friday,17,1,2025
Allie Forbes,30364,Yale,,9.575,,,Friday,17,1,2025
Alyssa Rosen,30364,Pennsylvania,,,9.65,,Friday,17,1,2025
Ana Kenefick,30364,Towson,,9.75,9.675,,Friday,17,1,2025
Arianna Ellis,30364,Ursinus College,,9.05,8.85,,Friday,17,1,2025
Ava Harper,30364,Towson,,,,9.85,Friday,17,1,2025
Brianna Duffy,30364,Ursinus College,9.35,,,,Friday,17,1,2025
Carly Oniki,30364,Pennsylvania,9.7,,,,Friday,17,1,2025
Carmella Calafati,30364,Towson,,,9.775,,Friday,17,1,2025
Celia Trotter,30364,Towson,,9.875,,,Friday,17,1,2025
Chelsey Dennis,30364,Towson,7.85,9.875,,,Friday,17,1,2025
Chloe DeJoy,30364,Yale,8.65,,9.65,,Friday,17,1,2025
Clara Hong,30364,Towson,9.75,9.9,9.75,,Friday,17,1,2025
Ella Tashjian,30364,Yale,,9.55,9.8,9.625,Friday,17,1,2025
Ellie Kearns,30364,Yale,8.85,,8.525,,Friday,17,1,2025
Emma Davies,30364,Pennsylvania,,,9.6,,Friday,17,1,2025
Erin Roe,30364,Ursinus College,9.175,9.7,9.275,9.725,Friday,17,1,2025
Erin Stubbs,30364,Ursinus College,,,,9.4,Friday,17,1,2025
Felicia Poblete,30364,Towson,,,,9.625,Friday,17,1,2025
Gigi Sabatini,30364,Yale,9.725,9.45,9.55,9.725,Friday,17,1,2025
Hailey Kriz,30364,Yale,,9.75,,9.525,Friday,17,1,2025
Hana Strause,30364,Yale,,9.725,8.85,9.6,Friday,17,1,2025
Isabel Song,30364,Pennsylvania,,,,9.6,Friday,17,1,2025
Isabella DeCroo,30364,Towson,,,9.675,,Friday,17,1,2025
Isabella Minervini,30364,Towson,9.875,9.75,9.75,9.625,Friday,17,1,2025
Isabella Scarpetti,30364,Ursinus College,,8.95,9.3,,Friday,17,1,2025
Jordan Barrow,30364,Pennsylvania,9.8,9.75,,9.8,Friday,17,1,2025
Kyleigh Pierce,30364,Ursinus College,9.275,,,,Friday,17,1,2025
Kylie Ruggiero,30364,Ursinus College,9.6,,,,Friday,17,1,2025
Lauren Coleman,30364,Ursinus College,9.2,,,,Friday,17,1,2025
Lauren Greene,30364,Towson,9.85,,,,Friday,17,1,2025
Lauren Holt,30364,Yale,9.725,,,,Friday,17,1,2025
Lauren Keener,30364,Towson,9.85,9.6,,,Friday,17,1,2025
Lauren Luu,30364,Yale,9.925,,,,Friday,17,1,2025
Lily Aucoin,30364,Yale,9.625,,,9.3,Friday,17,1,2025
Lucy Warburton,30364,Ursinus College,,,9.5,,Friday,17,1,2025
Madison Zimmerman,30364,Ursinus College,,9.75,,9.25,Friday,17,1,2025
Manama Fofana,30364,Pennsylvania,,9.325,9.7,9.725,Friday,17,1,2025
Marissa Lassiter,30364,Pennsylvania,9.2,9.25,9.825,9.7,Friday,17,1,2025
Megan Brueck,30364,Yale,,9.6,9.6,9.525,Friday,17,1,2025
Megan Matteucci,30364,Ursinus College,9.275,8.25,9.8,9.4,Friday,17,1,2025
Michaela Duffy,30364,Ursinus College,,,,7.7,Friday,17,1,2025
Mimi Fletcher,30364,Pennsylvania,,9.875,,,Friday,17,1,2025
Polina Belanovski,30364,Towson,,,9.7,9.75,Friday,17,1,2025
Reese Toland,30364,Towson,,,,9.625,Friday,17,1,2025
Samantha Wu,30364,Pennsylvania,,9.325,,,Friday,17,1,2025
Sidney Schreiber,30364,Ursinus College,,9.375,9.65,9.6,Friday,17,1,2025
Sienna Zuccaro,30364,Pennsylvania,,,,9.575,Friday,17,1,2025
Skyelar Kerico,30364,Pennsylvania,9.9,9.4,9.675,9.7,Friday,17,1,2025
Sophia Paris,30364,Pennsylvania,9.15,,,,Friday,17,1,2025
Steph Macasu,30364,Towson,9.875,,,,Friday,17,1,2025
Zara Gazdak,30364,Pennsylvania,9.85,,9.75,,Friday,17,1,2025
Amy Fridley,30368,UW-Eau Claire,,,8.95,9.475,Friday,17,1,2025
Anna Preussner,30368,UW-Eau Claire,,,9.45,,Friday,17,1,2025
Ashlyn Barker,30368,UW-La Crosse,9.525,,9.475,,Friday,17,1,2025
Ava Obermoller,30368,UW-Eau Claire,8.775,,,9.3,Friday,17,1,2025
Ava Sitek,30368,UW-La Crosse,,,,9.225,Friday,17,1,2025
Brooklynn Einck,30368,UW-Eau Claire,9.425,,,,Friday,17,1,2025
Cadence Cordova,30368,UW-Eau Claire,9.65,,,9.4,Friday,17,1,2025
Claire Robbins,30368,UW-La Crosse,9.75,9.675,9.55,,Friday,17,1,2025
Ella Montgomery,30368,UW-Eau Claire,9.425,9.0,,,Friday,17,1,2025
Emily Leese,30368,UW-Eau Claire,,,9.625,9.4,Friday,17,1,2025
Grace Edwards,30368,UW-La Crosse,,,8.425,,Friday,17,1,2025
Grace Gerster,30368,UW-Eau Claire,,,9.275,9.175,Friday,17,1,2025
Grace Kehr,30368,UW-La Crosse,,,9.675,9.15,Friday,17,1,2025
Hareet Gehlon,30368,UW-Eau Claire,,9.6,,,Friday,17,1,2025
Jessica Taylor,30368,UW-La Crosse,,,9.625,,Friday,17,1,2025
Kelsey Donovan,30368,UW-Eau Claire,,,9.525,,Friday,17,1,2025
Kyla Dickson,30368,UW-La Crosse,,9.5,9.325,9.35,Friday,17,1,2025
Lauren Main,30368,UW-La Crosse,9.75,9.75,,,Friday,17,1,2025
Lilly Millington,30368,UW-La Crosse,,,,9.575,Friday,17,1,2025
Linnea Vasali,30368,UW-Eau Claire,,9.575,,,Friday,17,1,2025
Lucy Warren,30368,UW-La Crosse,,9.4,,,Friday,17,1,2025
Madalyn McCormick,30368,UW-La Crosse,8.5,9.475,,,Friday,17,1,2025
Madison Daly,30368,UW-Eau Claire,8.4,9.275,9.35,9.45,Friday,17,1,2025
Meghan Dahlin,30368,UW-Eau Claire,,9.725,,,Friday,17,1,2025
Paige Breckwoldt,30368,UW-La Crosse,,,,9.475,Friday,17,1,2025
Rachel Hettiarachchy,30368,UW-Eau Claire,9.0,8.975,,,Friday,17,1,2025
Raina Christenson,30368,UW-La Crosse,,9.85,,,Friday,17,1,2025
Sara Beck,30368,UW-La Crosse,9.625,,,,Friday,17,1,2025
Sarah Best,30368,UW-La Crosse,8.775,,,,Friday,17,1,2025
Sarah Pastore,30368,UW-La Crosse,,,,8.975,Friday,17,1,2025
Aleah Radojevich,30370,UW-Oshkosh,,,9.525,,Friday,17,1,2025
Amaya McConkay,30370,UW-Oshkosh,9.425,,,9.55,Friday,17,1,2025
Anna Beaudry,30370,Hamline,,8.85,,,Friday,17,1,2025
Anna Johnson,30370,Hamline,,,,9.175,Friday,17,1,2025
Annelise Smaby,30370,Hamline,7.7,,,,Friday,17,1,2025
Averie Evans,30370,UW-Oshkosh,9.575,9.2,,8.825,Friday,17,1,2025
Brianna Weikel,30370,Hamline,8.95,8.7,9.35,,Friday,17,1,2025
Brooke Reardon,30370,Hamline,,,7.825,,Friday,17,1,2025
Cailey Price,30370,Hamline,,7.825,9.15,9.225,Friday,17,1,2025
Catelyn Zack,30370,Hamline,,,9.25,,Friday,17,1,2025
Delaney Cienkus,30370,UW-Oshkosh,,9.7,9.6,,Friday,17,1,2025
Elena Bailey,30370,Hamline,8.75,,,9.4,Friday,17,1,2025
Hannah Lemon,30370,Hamline,,9.15,,,Friday,17,1,2025
Jay Ratkowski,30370,UW-Oshkosh,,9.725,9.5,,Friday,17,1,2025
Julia Cheely,30370,Hamline,9.225,9.325,,9.4,Friday,17,1,2025
Jurnee Warkentien,30370,UW-Oshkosh,,9.65,,,Friday,17,1,2025
Kaitlyn Morgan,30370,Hamline,,8.6,,,Friday,17,1,2025
Katie Chai-Mulkerin,30370,Hamline,8.75,,,,Friday,17,1,2025
Kristina Jakubiak,30370,UW-Oshkosh,,,8.85,9.7,Friday,17,1,2025
Liz Romano,30370,UW-Oshkosh,9.4,9.65,,,Friday,17,1,2025
Lydia Hayden,30370,UW-Oshkosh,,9.45,,,Friday,17,1,2025
Maura Erickson,30370,Hamline,,,,8.3,Friday,17,1,2025
Mia Lucero,30370,UW-Oshkosh,,,9.65,9.3,Friday,17,1,2025
Olivia Tobin,30370,Hamline,8.35,,,,Friday,17,1,2025
Reanna McGibboney,30370,UW-Oshkosh,9.55,,9.425,9.775,Friday,17,1,2025
Samantha Zeilinger,30370,UW-Oshkosh,9.625,,,9.3,Friday,17,1,2025
Sydney Stoenner,30370,Hamline,,,9.025,8.825,Friday,17,1,2025
Zoe Krull,30370,UW-Oshkosh,9.3,,,,Friday,17,1,2025
Zoey Danzinger,30370,Hamline,,,8.85,,Friday,17,1,2025
Abigayle Martin,30372,Arizona,9.825,9.775,9.875,9.775,Friday,17,1,2025
Allie Misenheimer,30372,Air Force,9.15,,,,Friday,17,1,2025
Alysen Fears,30372,Arizona,9.85,9.65,9.775,9.85,Friday,17,1,2025
Alyssa Bigler,30372,Air Force,9.775,9.525,9.775,9.125,Friday,17,1,2025
Anna Bacott,30372,Air Force,,9.45,,,Friday,17,1,2025
Anna Kristianson,30372,Air Force,8.925,,,,Friday,17,1,2025
Aubrey Krohnfeldt,30372,Arizona,9.725,,9.925,,Friday,17,1,2025
Ayla McKean,30372,Air Force,9.575,,,,Friday,17,1,2025
Chelsea Boyer,30372,Air Force,9.625,,,,Friday,17,1,2025
Elena Deets,30372,Arizona,9.9,9.125,,,Friday,17,1,2025
Elizabeth Larusso,30372,Arizona,,,9.775,9.75,Friday,17,1,2025
Emily Mueller,30372,Arizona,9.75,9.825,9.875,9.65,Friday,17,1,2025
Emma Strom,30372,Arizona,,,9.925,9.7,Friday,17,1,2025
Gabriella Meccia,30372,Air Force,,,9.775,,Friday,17,1,2025
Gianna Lenczner,30372,Arizona,,9.825,,,Friday,17,1,2025
Gianna Martyna,30372,Air Force,,,9.675,,Friday,17,1,2025
Hailey Santana,30372,Air Force,,,,9.625,Friday,17,1,2025
Kylee Greene,30372,Air Force,,9.625,,9.675,Friday,17,1,2025
Maggie Slife,30372,Air Force,9.85,9.725,9.9,9.8,Friday,17,1,2025
Nhi Nguyen,30372,Air Force,,9.625,,,Friday,17,1,2025
Olivia Raife,30372,Air Force,,,,9.7,Friday,17,1,2025
Sarah Willis,30372,Air Force,,,9.75,9.575,Friday,17,1,2025
Sophie Derr,30372,Arizona,9.725,,,9.75,Friday,17,1,2025
Tirzah Wise,30372,Arizona,,9.775,,,Friday,17,1,2025
Velandra Brochi,30372,Air Force,,9.725,9.625,,Friday,17,1,2025
Alex Irvine,30374,Auburn,9.8,,,,Friday,17,1,2025
Bryn Bartman,30374,Auburn,9.775,,,,Friday,17,1,2025
Cally Swaney,30374,Arkansas,,9.8,,,Friday,17,1,2025
Cami Weaver,30374,Arkansas,,9.775,,9.825,Friday,17,1,2025
Dakota Essenpries,30374,Arkansas,,,,9.825,Friday,17,1,2025
Emma Grace Boyd,30374,Auburn,9.825,,,,Friday,17,1,2025
Frankie Price,30374,Arkansas,,,9.85,9.7,Friday,17,1,2025
Gabby McLaughlin,30374,Auburn,,9.85,9.75,,Friday,17,1,2025
Hailey Klein,30374,Arkansas,,,9.8,,Friday,17,1,2025
Ja'Leigh Lang,30374,Arkansas,,,,9.825,Friday,17,1,2025
Joscelyn Roberson,30374,Arkansas,9.675,9.925,9.85,9.825,Friday,17,1,2025
Kaitlyn Ewald,30374,Arkansas,9.825,,,,Friday,17,1,2025
Kalyxta Gamiao,30374,Arkansas,,9.85,9.775,,Friday,17,1,2025
Katelyn Jong,30374,Auburn,9.9,9.85,9.85,9.875,Friday,17,1,2025
Leah Smith,30374,Arkansas,9.775,,9.75,9.775,Friday,17,1,2025
Maddie Jones,30374,Arkansas,9.725,9.825,9.75,,Friday,17,1,2025
Marissa Neal,30374,Auburn,,9.925,9.85,,Friday,17,1,2025
Mati Waligora,30374,Arkansas,9.8,,,,Friday,17,1,2025
Olivia Ahern,30374,Auburn,,9.7,,,Friday,17,1,2025
Olivia Greaves,30374,Auburn,9.875,,9.8,,Friday,17,1,2025
Paige Zancan,30374,Auburn,,9.75,,9.9,Friday,17,1,2025
Priscilla Park,30374,Arkansas,9.8,9.825,,,Friday,17,1,2025
Sara Hubbard,30374,Auburn,,,,9.825,Friday,17,1,2025
Sarah Zois,30374,Auburn,,,,9.8,Friday,17,1,2025
Sophia Bell,30374,Auburn,,,9.725,9.775,Friday,17,1,2025
Sophia Groth,30374,Auburn,9.725,9.85,9.85,,Friday,17,1,2025
Sydney Schumaker,30374,Auburn,,,,9.8,Friday,17,1,2025
Addison Glazier,30376,BYU,8.85,,,,Friday,17,1,2025
Alilah Alvarado,30376,BYU,9.75,,,,Friday,17,1,2025
Alyssa Fernandez,30376,Southern Utah,,9.7,9.65,,Friday,17,1,2025
Anna Bramblett-Wilde,30376,BYU,9.925,,,,Friday,17,1,2025
Ava Jorgensen,30376,BYU,9.0,,,9.725,Friday,17,1,2025
Brinlee Christensen,30376,Southern Utah,9.65,,9.6,9.525,Friday,17,1,2025
Brynlee Andersen,30376,BYU,,9.95,,,Friday,17,1,2025
Chloee Hoke,30376,BYU,,9.35,,,Friday,17,1,2025
Deb Silva,30376,BYU,,,9.725,9.65,Friday,17,1,2025
Eliza Millar-Crossman,30376,BYU,,9.825,9.8,,Friday,17,1,2025
Ellie Cacciola,30376,Southern Utah,,9.375,9.875,9.75,Friday,17,1,2025
Elliot Bringhurst,30376,Southern Utah,,9.6,,,Friday,17,1,2025
Heidi Schooley-Meyers,30376,BYU,,,9.775,,Friday,17,1,2025
Isabella Neff,30376,Southern Utah,9.725,,,,Friday,17,1,2025
Jadyn Harsh,30376,BYU,,,,9.6,Friday,17,1,2025
Kylie Eaquinto,30376,BYU,9.875,,9.65,9.75,Friday,17,1,2025
Mackenzie Kelly,30376,Southern Utah,,,,9.825,Friday,17,1,2025
Maria Ferguson,30376,Southern Utah,9.825,,,,Friday,17,1,2025
Mia Hampton,30376,Southern Utah,9.875,9.575,9.725,9.7,Friday,17,1,2025
Mina Margraf-Benson,30376,BYU,,9.85,9.675,,Friday,17,1,2025
Mya Kirkham,30376,BYU,9.5,8.45,,9.7,Friday,17,1,2025
Niya Randolph,30376,Southern Utah,9.775,9.7,9.625,9.75,Friday,17,1,2025
Rylee Miller,30376,Southern Utah,,9.75,,,Friday,17,1,2025
Sophie Dudley,30376,BYU,,9.05,9.85,9.65,Friday,17,1,2025
Taylor Gull,30376,Southern Utah,,,9.725,,Friday,17,1,2025
Trista Goodman,30376,Southern Utah,9.85,,,9.75,Friday,17,1,2025
Ariana Light,30378,Central Michigan,,9.575,,,Friday,17,1,2025
Ava Wellmeier,30378,Central Michigan,,,9.45,9.7,Friday,17,1,2025
Avah Bootz,30378,Central Michigan,,,,9.75,Friday,17,1,2025
Charniya Brown,30378,Bowling Green,,,,9.7,Friday,17,1,2025
Elise Brzoska,30378,Bowling Green,8.925,9.5,,,Friday,17,1,2025
Emily Castiglia,30378,Bowling Green,,8.9,,,Friday,17,1,2025
Emily Gianfrancesco,30378,Bowling Green,,,9.5,,Friday,17,1,2025
Faye Dubin,30378,Bowling Green,,9.575,,,Friday,17,1,2025
Gabrielle Johnson,30378,Central Michigan,8.85,,,,Friday,17,1,2025
Hannah Appleget,30378,Central Michigan,9.325,9.65,9.825,,Friday,17,1,2025
Heather Parker,30378,Central Michigan,,,9.55,,Friday,17,1,2025
Jenna Germond,30378,Central Michigan,,,,9.775,Friday,17,1,2025
Kaitlyn Schwab,30378,Central Michigan,9.725,,,,Friday,17,1,2025
Kayla Shaw,30378,Bowling Green,8.05,8.85,9.8,9.75,Friday,17,1,2025
Keira Thornton,30378,Bowling Green,9.6,,9.725,9.7,Friday,17,1,2025
Lia Kmieciak,30378,Central Michigan,9.675,,,,Friday,17,1,2025
Love Akpan,30378,Bowling Green,8.2,,,,Friday,17,1,2025
Luciana Alvarado-Reid,30378,Central Michigan,9.275,9.2,9.8,9.75,Friday,17,1,2025
Madison Coburn,30378,Bowling Green,,,9.7,9.65,Friday,17,1,2025
Megan Bingham,30378,Bowling Green,9.65,9.65,9.525,9.6,Friday,17,1,2025
Megan Dzialo,30378,Bowling Green,9.55,,9.65,9.65,Friday,17,1,2025
Nadia Parente,30378,Bowling Green,,9.575,,,Friday,17,1,2025
Quinn Skrupa,30378,Central Michigan,,9.725,9.825,9.725,Friday,17,1,2025
Samantha Shannon,30378,Central Michigan,9.8,9.775,,,Friday,17,1,2025
Zoe Zimmerman,30378,Central Michigan,,9.15,9.8,,Friday,17,1,2025
Zoie Pelfrey,30378,Central Michigan,,,,9.65,Friday,17,1,2025
Ady Wahl,30380,Georgia,9.85,,9.9,9.825,Friday,17,1,2025
Alyssa Vulaj,30380,Boise State,,9.8,9.8,9.85,Friday,17,1,2025
Anaya Smith,30380,Georgia,,,,9.675,Friday,17,1,2025
Anna Ferguson,30380,Boise State,,,9.05,,Friday,17,1,2025
Anya Turner,30380,Georgia,,9.825,,,Friday,17,1,2025
Blake Pascal,30380,Boise State,,,9.725,,Friday,17,1,2025
Bridget Kemp,30380,Boise State,,,8.85,9.625,Friday,17,1,2025
Brooke Gleichowski,30380,Georgia,,9.125,,,Friday,17,1,2025
Carly Buell,30380,Boise State,9.775,,,,Friday,17,1,2025
Csenge Bacskay,30380,Georgia,,,9.825,9.8,Friday,17,1,2025
Emily Lopez,30380,Boise State,9.875,9.775,,9.75,Friday,17,1,2025
Emma Loyim,30380,Boise State,,9.8,9.775,,Friday,17,1,2025
Emma Mason,30380,Georgia,9.85,,9.875,,Friday,17,1,2025
Eryn Williams,30380,Georgia,,,9.85,,Friday,17,1,2025
Holly Snyder,30380,Georgia,9.875,,,,Friday,17,1,2025
Ja' Free Scott,30380,Georgia,9.925,9.85,,9.8,Friday,17,1,2025
Julia Kryzwanski,30380,Boise State,,9.55,,,Friday,17,1,2025
Kristina Shchennikova,30380,Boise State,9.825,,,,Friday,17,1,2025
Lily Smith,30380,Georgia,,9.9,9.925,,Friday,17,1,2025
Mahleea Werline,30380,Boise State,9.825,,,,Friday,17,1,2025
Naya Howard,30380,Georgia,9.75,9.75,,9.725,Friday,17,1,2025
Noelle Ball,30380,Boise State,9.75,,,9.65,Friday,17,1,2025
Nyla Aquino,30380,Georgia,,,9.8,9.825,Friday,17,1,2025
Sadie Jane Berry,30380,Georgia,9.875,,,,Friday,17,1,2025
Sydney Kho,30380,Boise State,,9.725,,9.7,Friday,17,1,2025
Sydney Leitch,30380,Boise State,,9.6,8.725,,Friday,17,1,2025
Victoria Smirnov,30380,Boise State,9.825,,,,Friday,17,1,2025
Zora Morgan,30380,Georgia,,9.775,,,Friday,17,1,2025
Anna Flynn Cashion,30382,Kentucky,,,9.825,,Friday,17,1,2025
Cecily Rizo,30382,Kentucky,,,,9.825,Friday,17,1,2025
Chloe LaCoursiere,30382,Alabama,9.875,9.875,,,Friday,17,1,2025
Corinne Bunagan,30382,Alabama,,9.65,,9.85,Friday,17,1,2025
Creslyn Brose,30382,Kentucky,,9.825,,,Friday,17,1,2025
Delaynee Rodriguez,30382,Kentucky,9.9,9.9,9.85,9.8,Friday,17,1,2025
Gabby Gladieux,30382,Alabama,9.825,9.9,9.9,9.8,Friday,17,1,2025
Hailey Davis,30382,Kentucky,9.8,,9.9,,Friday,17,1,2025
Isabella Magnelli,30382,Kentucky,,9.925,9.85,9.925,Friday,17,1,2025
Isabella Rivelli,30382,Kentucky,9.8,,,,Friday,17,1,2025
Jillian Procasky,30382,Kentucky,9.85,9.85,9.625,,Friday,17,1,2025
Jordyn Paradise,30382,Alabama,9.75,,,9.875,Friday,17,1,2025
Karis German,30382,Alabama,,,9.675,9.6,Friday,17,1,2025
Kylee Kvamme,30382,Alabama,,9.1,,9.9,Friday,17,1,2025
Lilly Hudson,30382,Alabama,9.8,9.85,9.875,9.925,Friday,17,1,2025
Makenzie Wilson,30382,Kentucky,,,,9.9,Friday,17,1,2025
Paityn Walker,30382,Alabama,9.0,,,,Friday,17,1,2025
Rachel Rybicki,30382,Alabama,,,9.7,,Friday,17,1,2025
Ryan Fuller,30382,Alabama,9.925,,9.75,,Friday,17,1,2025
Ryan Noonan,30382,Kentucky,9.85,,,9.85,Friday,17,1,2025
Shania Adams,30382,Alabama,,9.275,9.8,,Friday,17,1,2025
Sharon Lee,30382,Kentucky,,9.9,,,Friday,17,1,2025
Skylar Killough-Wilhelm,30382,Kentucky,9.925,9.825,9.85,9.775,Friday,17,1,2025
Amy Doyle,30384,Michigan State,9.85,,,,Friday,17,1,2025
Ava Jordan,30384,Michigan,9.825,,,9.875,Friday,17,1,2025
Cady Duplissis,30384,Michigan State,,9.825,,9.825,Friday,17,1,2025
Carly Bauman,30384,Michigan,9.9,9.875,9.9,,Friday,17,1,2025
Delanie Harkness,30384,Michigan State,9.875,,9.875,,Friday,17,1,2025
Elle Beaufait,30384,Michigan State,,,9.9,,Friday,17,1,2025
Emma Misenheimer,30384,Michigan State,,9.775,,,Friday,17,1,2025
Gabrielle Stephen,30384,Michigan State,9.875,9.875,9.875,9.825,Friday,17,1,2025
Giana Kalefe,30384,Michigan State,,9.875,,,Friday,17,1,2025
Haylen Zabrowski,30384,Michigan,,,9.775,,Friday,17,1,2025
Jacey Vore,30384,Michigan,9.85,9.9,,,Friday,17,1,2025
Jahzara Ranger,30384,Michigan,9.775,9.9,9.8,9.85,Friday,17,1,2025
Jenna Mulligan,30384,Michigan,,9.75,,9.825,Friday,17,1,2025
Kayli Boozer,30384,Michigan,,9.85,9.875,,Friday,17,1,2025
MaKayla Tucker,30384,Michigan State,,,9.875,9.9,Friday,17,1,2025
Nikki Smith,30384,Michigan State,9.775,9.875,9.925,9.95,Friday,17,1,2025
Olivia Zsarmani,30384,Michigan State,9.825,9.875,,9.825,Friday,17,1,2025
Paige Thaxton,30384,Michigan,,,9.775,9.825,Friday,17,1,2025
Peyton Davis,30384,Michigan,,,,9.775,Friday,17,1,2025
Sage Kellerman,30384,Michigan State,9.9,,,9.85,Friday,17,1,2025
Skyla Schulte,30384,Michigan State,,,9.925,,Friday,17,1,2025
Sophia Diaz,30384,Michigan,9.9,,,9.8,Friday,17,1,2025
Sophie Parenti,30384,Michigan,9.8,9.85,9.8,,Friday,17,1,2025
Bella Miller,30386,North Carolina,,,9.85,,Friday,17,1,2025
Brooke Izzo,30386,George Washington,,9.75,9.75,,Friday,17,1,2025
Deana Sheremeta,30386,George Washington,,9.8,9.8,,Friday,17,1,2025
Delaney DeHaan,30386,George Washington,9.5,9.875,9.85,9.85,Friday,17,1,2025
Elly King,30386,North Carolina,,,,9.65,Friday,17,1,2025
Gwen Fink,30386,North Carolina,9.775,9.075,8.75,,Friday,17,1,2025
Isabelle Schaefer,30386,North Carolina,9.875,,,,Friday,17,1,2025
Jessica Naranjo,30386,North Carolina,,9.85,9.775,,Friday,17,1,2025
JoJo Valahovic,30386,North Carolina,,9.85,9.825,9.65,Friday,17,1,2025
Julia Knower,30386,North Carolina,9.725,9.625,9.825,9.775,Friday,17,1,2025
Kasey Burke,30386,George Washington,9.675,,9.825,9.775,Friday,17,1,2025
Kaya Forbes,30386,North Carolina,9.725,,9.875,9.775,Friday,17,1,2025
Kendall Whitman,30386,George Washington,,9.65,9.75,9.825,Friday,17,1,2025
Kylie Kazmierski,30386,George Washington,,,9.775,,Friday,17,1,2025
Lali Dekanoidze,30386,North Carolina,9.9,,,9.825,Friday,17,1,2025
Lola Montevago,30386,George Washington,9.825,9.7,,9.725,Friday,17,1,2025
Maya Peters,30386,George Washington,,9.825,,,Friday,17,1,2025
Neve King,30386,North Carolina,9.7,,,9.775,Friday,17,1,2025
Rachel Katz,30386,George Washington,9.775,,,9.85,Friday,17,1,2025
Regan McBride,30386,North Carolina,,9.8,,,Friday,17,1,2025
Sophia Tyeryar,30386,George Washington,8.0,,,,Friday,17,1,2025
Taylor Schulze,30386,North Carolina,,9.725,,,Friday,17,1,2025
Zoe Safran,30386,George Washington,8.775,,,9.6,Friday,17,1,2025
Ava East,30388,San Jose State,,,9.55,,Friday,17,1,2025
Ava Johnson,30388,San Jose State,,,9.3,,Friday,17,1,2025
Devyn Valuch,30388,San Jose State,9.65,9.75,,9.75,Friday,17,1,2025
Francesca Caso,30388,Oregon State,9.825,,,,Friday,17,1,2025
Jade Carey,30388,Oregon State,9.975,9.975,9.95,9.9,Friday,17,1,2025
Jaudai Lopes,30388,San Jose State,9.75,,9.625,9.725,Friday,17,1,2025
Jennifer McMillan,30388,Oregon State,9.85,9.9,,,Friday,17,1,2025
Kaitlin Garcia,30388,Oregon State,,,9.95,9.775,Friday,17,1,2025
Karlie Chavez,30388,Oregon State,,,9.875,9.825,Friday,17,1,2025
Katherine Weyhmiller,30388,San Jose State,9.725,9.225,9.525,,Friday,17,1,2025
Kaviana Jurries,30388,San Jose State,,,,9.725,Friday,17,1,2025
Kyra Cato,30388,San Jose State,,9.2,,,Friday,17,1,2025
Lauren Letzsch,30388,Oregon State,,9.9,,,Friday,17,1,2025
Madison Gustitus,30388,San Jose State,9.575,9.85,9.75,,Friday,17,1,2025
Madison Kirsch,30388,San Jose State,,,,9.225,Friday,17,1,2025
Marissa Ashton,30388,San Jose State,,9.65,,,Friday,17,1,2025
Mikaela Pitts,30388,San Jose State,,,,9.8,Friday,17,1,2025
Natalie Briones,30388,Oregon State,9.825,,,9.85,Friday,17,1,2025
Olivia Buckner,30388,Oregon State,,9.85,,,Friday,17,1,2025
Olivia Reardon,30388,San Jose State,9.575,,8.35,9.4,Friday,17,1,2025
Sage Thompson,30388,Oregon State,9.85,,9.9,9.775,Friday,17,1,2025
Samantha Macasu,30388,San Jose State,,9.725,,,Friday,17,1,2025
Savannah Miller,30388,Oregon State,,,9.525,,Friday,17,1,2025
Sophia Esposito,30388,Oregon State,,9.825,9.85,9.925,Friday,17,1,2025
Sophia Konieczny,30388,San Jose State,9.8,,,,Friday,17,1,2025
Sydney Gonzales,30388,Oregon State,,9.8,,,Friday,17,1,2025
Taylor DeVries,30388,Oregon State,9.85,,,,Friday,17,1,2025
Brie Clark,30390,Clemson,,9.225,9.625,,Friday,17,1,2025
Camryn Chiu,30390,Pittsburgh,9.75,,,,Friday,17,1,2025
Danika Nielsen,30390,Clemson,,9.8,,,Friday,17,1,2025
Darbi Simcox,30390,Pittsburgh,,9.775,,,Friday,17,1,2025
Elizabeth Cesarone,30390,Pittsburgh,,,9.65,9.825,Friday,17,1,2025
Emily Todd,30390,Pittsburgh,8.95,9.75,,,Friday,17,1,2025
Eve Jackson,30390,Clemson,9.75,,9.775,9.825,Friday,17,1,2025
Hallie Copperwheat,30390,Pittsburgh,9.75,9.875,9.8,,Friday,17,1,2025
Hannah Clark,30390,Clemson,9.8,,,,Friday,17,1,2025
Jah'Liyah Bedminster,30390,Pittsburgh,9.75,,9.75,9.725,Friday,17,1,2025
Jaime Pratt,30390,Pittsburgh,9.725,,,9.8,Friday,17,1,2025
Jordyn Ewing,30390,Pittsburgh,,,9.75,,Friday,17,1,2025
Kaylee Larson,30390,Pittsburgh,,,9.7,,Friday,17,1,2025
Kennedy Duke,30390,Pittsburgh,9.675,9.75,,9.8,Friday,17,1,2025
Kielyn McCright,30390,Clemson,,9.725,,,Friday,17,1,2025
Lila Pileggi,30390,Pittsburgh,,,,9.725,Friday,17,1,2025
Lilly Lippeatt,30390,Clemson,9.575,9.75,9.725,,Friday,17,1,2025
Madison Minner,30390,Clemson,,,9.75,9.75,Friday,17,1,2025
Maggie Holman,30390,Clemson,,,,9.825,Friday,17,1,2025
Meika Lee,30390,Pittsburgh,,9.7,9.725,,Friday,17,1,2025
Molly Arnold,30390,Clemson,,,9.7,,Friday,17,1,2025
Olivia Giunta,30390,Pittsburgh,,,,9.725,Friday,17,1,2025
Quinn Kuhl,30390,Clemson,9.75,9.825,,9.8,Friday,17,1,2025
Rebecca Wells,30390,Clemson,9.7,,,,Friday,17,1,2025
Reyna Garvey,30390,Pittsburgh,,9.125,,,Friday,17,1,2025
Sierra Church,30390,Clemson,,9.85,,,Friday,17,1,2025
Takoda Berry,30390,Clemson,9.825,,,,Friday,17,1,2025
Tara Walsh,30390,Clemson,,,,9.75,Friday,17,1,2025
Trinity Brown,30390,Clemson,,,9.75,9.825,Friday,17,1,2025
Addy Rothstein,30392,Cornell,8.675,,9.75,9.4,Friday,17,1,2025
Alyssa Manley,30392,Alaska,9.05,,,,Friday,17,1,2025
Ariana DeSouza,30392,Alaska,,9.525,9.75,,Friday,17,1,2025
Athena Jones,30392,Sacramento State,9.65,9.825,9.85,,Friday,17,1,2025
Avery Byun,30392,Cornell,9.6,9.6,9.725,9.575,Friday,17,1,2025
Avery Tillmanns,30392,Alaska,9.625,,,,Friday,17,1,2025
Breeann Spain,30392,Alaska,,9.55,9.625,,Friday,17,1,2025
Cami Whitaker,30392,Cornell,,,9.6,9.675,Friday,17,1,2025
Chloe Cohen,30392,Sacramento State,9.625,,,,Friday,17,1,2025
Claudia Lessig,30392,Alaska,9.6,9.15,,,Friday,17,1,2025
Dahlia Jhaveri,30392,Cornell,9.225,,,9.4,Friday,17,1,2025
Emma Morgenthaler,30392,Sacramento State,9.475,9.6,,9.65,Friday,17,1,2025
Grace Costello,30392,Alaska,,9.75,,9.35,Friday,17,1,2025
Grace Gilman,30392,Sacramento State,,9.75,9.675,7.95,Friday,17,1,2025
Hannah Boyd,30392,Alaska,9.425,9.425,9.6,9.4,Friday,17,1,2025
Hannah Sitzman,30392,Sacramento State,8.6,,,,Friday,17,1,2025
Hayley Perkins,30392,Alaska,,,9.55,,Friday,17,1,2025
Jada Niles,30392,Alaska,8.875,,,,Friday,17,1,2025
Jamilia Duffus,30392,Alaska,8.45,,,9.475,Friday,17,1,2025
Jordan Grindol,30392,Alaska,,,9.6,,Friday,17,1,2025
Josie Moylan,30392,Cornell,,,9.725,,Friday,17,1,2025
Kaitlyn Driessen,30392,Sacramento State,,,,9.5,Friday,17,1,2025
Kara Houghton,30392,Sacramento State,9.775,9.75,9.825,,Friday,17,1,2025
Kate Michelini,30392,Cornell,,9.225,9.2,,Friday,17,1,2025
Lexi Frank,30392,Sacramento State,,,,9.55,Friday,17,1,2025
Maliyah James,30392,Sacramento State,9.7,,,,Friday,17,1,2025
Maribelle Albert,30392,Alaska,,,,9.425,Friday,17,1,2025
Michaela DeFranscisco,30392,Cornell,,,,9.5,Friday,17,1,2025
Mikayla Burton,30392,Cornell,,9.45,,,Friday,17,1,2025
Montana Fairbairn,30392,Alaska,,9.25,9.775,9.625,Friday,17,1,2025
Morgen Shambo,30392,Cornell,9.625,9.425,,,Friday,17,1,2025
Natalia Tehrani,30392,Cornell,9.6,9.6,,,Friday,17,1,2025
Olivia Schmitt,30392,Sacramento State,,,9.825,,Friday,17,1,2025
Rylin Zimmerman,30392,Sacramento State,,8.95,,9.7,Friday,17,1,2025
Sarah Lutrel,30392,Sacramento State,,9.875,9.725,9.75,Friday,17,1,2025
Simone Dumas-Guzman,30392,Sacramento State,,,9.7,,Friday,17,1,2025
Sydney Beers,30392,Cornell,9.3,9.65,9.775,9.7,Friday,17,1,2025
Verena Wong,30392,Alaska,,,,9.425,Friday,17,1,2025
Ailey Kuehn,30395,S.E. Missouri,,9.05,,9.775,Friday,17,1,2025
Alaina Reid,30395,Texas Woman's,,,,9.775,Friday,17,1,2025
Anna Lee Phillips,30395,S.E. Missouri,,,9.625,,Friday,17,1,2025
Ava Johnston,30395,S.E. Missouri,9.7,,,,Friday,17,1,2025
Bailey Bourgeois,30395,Texas Woman's,9.725,,9.025,,Friday,17,1,2025
Bailey Upton,30395,Texas Woman's,,9.525,9.85,9.8,Friday,17,1,2025
Bridget Sullivan,30395,West Chester,,,9.575,9.4,Friday,17,1,2025
Caroline Bowns,30395,Texas Woman's,9.8,9.8,,,Friday,17,1,2025
Caroline Cascadden,30395,West Chester,,9.575,8.35,,Friday,17,1,2025
Catherine Keener,30395,West Chester,,9.5,9.475,,Friday,17,1,2025
Corinne Gruber,30395,West Chester,,,9.675,9.525,Friday,17,1,2025
Emma Brkljacic,30395,Texas Woman's,,9.725,,,Friday,17,1,2025
EmmaGrace Kelly,30395,West Chester,,9.75,9.7,,Friday,17,1,2025
Hannah Elkins,30395,West Chester,9.425,,,,Friday,17,1,2025
Jaidan Kossuth,30395,S.E. Missouri,,9.7,,,Friday,17,1,2025
Janelle Lopez,30395,S.E. Missouri,9.75,9.225,,9.725,Friday,17,1,2025
Jordan Coleman,30395,West Chester,9.725,,,,Friday,17,1,2025
Joselene Hernandez,30395,S.E. Missouri,,,,9.75,Friday,17,1,2025
Kailyn Hamilton,30395,S.E. Missouri,9.7,,9.775,,Friday,17,1,2025
Kaitlyn Hoiland,30395,Texas Woman's,9.725,9.65,,9.775,Friday,17,1,2025
Kami Zarlengo,30395,Texas Woman's,9.75,,,,Friday,17,1,2025
Lainey Hunt,30395,Texas Woman's,9.675,,,,Friday,17,1,2025
Leah Parton,30395,S.E. Missouri,,9.725,9.0,,Friday,17,1,2025
Lily McFarland,30395,West Chester,,9.175,9.625,9.475,Friday,17,1,2025
Lindsay Ockler,30395,S.E. Missouri,9.8,,,9.825,Friday,17,1,2025
Macarthy Keane,30395,West Chester,8.775,9.475,,9.575,Friday,17,1,2025
Madison Greene,30395,S.E. Missouri,,,9.85,,Friday,17,1,2025
Melina Ringas,30395,West Chester,9.6,,,,Friday,17,1,2025
Natalie Marshall,30395,West Chester,,9.625,,,Friday,17,1,2025
Nyah Reader,30395,S.E. Missouri,,8.1,,9.45,Friday,17,1,2025
Rylee Harada,30395,West Chester,9.5,,,9.6,Friday,17,1,2025
Sarah Eskew,30395,West Chester,9.65,,,9.725,Friday,17,1,2025
Sophia Isbell,30395,Texas Woman's,,,9.825,9.775,Friday,17,1,2025
Sophie Hernandez,30395,Texas Woman's,,9.675,9.775,,Friday,17,1,2025
Steelie King,30395,Texas Woman's,8.85,9.25,9.725,9.775,Friday,17,1,2025
Sydney Crouch,30395,S.E. Missouri,9.75,,9.775,,Friday,17,1,2025
Taylor Ingle,30395,S.E. Missouri,9.675,9.1,9.875,9.85,Friday,17,1,2025
Trinity Caffey,30395,Texas Woman's,,,9.675,9.85,Friday,17,1,2025
Amelie Morgan,30398,Utah,9.825,9.8,,,Friday,17,1,2025
Ana Padurariu,30398,Utah,,9.875,,,Friday,17,1,2025
Ashley Glynn,30398,Utah,9.9,,9.85,9.875,Friday,17,1,2025
Aubree Guinee,30398,Iowa State,,,9.75,,Friday,17,1,2025
Avery Neff,30398,Utah,9.85,9.925,9.35,9.9,Friday,17,1,2025
Camie Winger,30398,Utah,,9.9,,9.875,Friday,17,1,2025
Clara Raposo,30398,Utah,9.775,,,,Friday,17,1,2025
Ella Schell,30398,Iowa State,,,9.775,,Friday,17,1,2025
Ella Zirbes,30398,Utah,,,9.725,9.8,Friday,17,1,2025
Frederique Sgarbossa,30398,Iowa State,9.775,9.8,,9.8,Friday,17,1,2025
Grace McCallum,30398,Utah,9.975,9.85,9.9,9.75,Friday,17,1,2025
Hannah Loyim,30398,Iowa State,9.675,9.675,9.8,9.675,Friday,17,1,2025
Haylee Hardin,30398,Iowa State,,,9.875,9.725,Friday,17,1,2025
Jaylene Gilstrap,30398,Utah,,,9.9,,Friday,17,1,2025
Josie Bergstrom-Te Slaa,30398,Iowa State,9.175,9.875,,9.825,Friday,17,1,2025
Lauren O'Brochta,30398,Iowa State,,9.175,,,Friday,17,1,2025
Lauren Thomas,30398,Iowa State,9.6,9.85,,,Friday,17,1,2025
Madelyn Manternach,30398,Iowa State,,,9.525,,Friday,17,1,2025
Makenna Smith,30398,Utah,9.825,9.7,9.9,9.85,Friday,17,1,2025
Noelle Adams,30398,Iowa State,,9.825,9.85,9.8,Friday,17,1,2025
Paige Wills,30398,Iowa State,9.7,,,9.7,Friday,17,1,2025
Rachel Goldstein,30398,Iowa State,8.025,,,,Friday,17,1,2025
Alana Laster,30402,Illinois State,,,9.875,9.9,Friday,17,1,2025
Aliyah Reed-Hammon,30402,Fisk,,9.7,,9.675,Friday,17,1,2025
Allie Berkley,30402,Fisk,,,,9.8,Friday,17,1,2025
Ally Lau,30402,Illinois State,,9.75,,,Friday,17,1,2025
Anna Mielke,30402,UW-Stout,7.6,,9.575,8.875,Friday,17,1,2025
Ciniah Rosby,30402,Fisk,9.5,9.425,9.725,,Friday,17,1,2025
Danielle Johnson,30402,Wilberforce,6.625,,,8.475,Friday,17,1,2025
Diamond Cook,30402,Wilberforce,7.65,8.05,9.7,9.375,Friday,17,1,2025
Effie Ferguson,30402,UW-Stout,9.675,9.775,9.425,,Friday,17,1,2025
Emily Herrera,30402,Wilberforce,,,,9.175,Friday,17,1,2025
Gabrielle Winstead,30402,UW-Stout,,8.0,,9.35,Friday,17,1,2025
Gillian Cummins,30402,UW-Stout,7.7,9.65,9.375,9.5,Friday,17,1,2025
Isabela Krulich,30402,UW-Stout,,9.425,9.425,,Friday,17,1,2025
Jada Beswick,30402,Illinois State,9.8,,,,Friday,17,1,2025
Jada Reece,30402,Fisk,,,9.8,,Friday,17,1,2025
Jaidyn Carroll,30402,UW-Stout,,,,9.35,Friday,17,1,2025
Jaly Jones,30402,Illinois State,9.65,9.775,9.85,,Friday,17,1,2025
Jamie Beatty,30402,UW-Stout,9.3,9.15,,,Friday,17,1,2025
Jaye Mack,30402,Illinois State,,9.825,9.9,9.775,Friday,17,1,2025
Jessica Qualich,30402,UW-Stout,,,,9.025,Friday,17,1,2025
Julia Heiner,30402,Illinois State,9.2,,,,Friday,17,1,2025
Kaitlyn Donovan,30402,Illinois State,,,9.775,9.575,Friday,17,1,2025
Kaylei McDonald,30402,Fisk,,9.6,9.475,,Friday,17,1,2025
Kaylie Kassing,30402,UW-Stout,,,9.65,,Friday,17,1,2025
Kendall Guy,30402,Fisk,,,9.5,9.05,Friday,17,1,2025
Kiora Peart-Williams,30402,Wilberforce,9.35,8.95,9.5,9.4,Friday,17,1,2025
Leah Davis,30402,Illinois State,,9.775,,,Friday,17,1,2025
Liberty Mora,30402,Fisk,,9.625,,,Friday,17,1,2025
Mackenzie Butler,30402,Wilberforce,,8.975,,,Friday,17,1,2025
Madison Benson,30402,Fisk,9.15,9.4,,9.8,Friday,17,1,2025
Morgan Price,30402,Fisk,9.85,9.775,9.85,9.85,Friday,17,1,2025
Mya Robinson,30402,Illinois State,9.65,9.75,9.8,9.775,Friday,17,1,2025
Promise Jean-Marie,30402,Wilberforce,8.75,,9.05,9.2,Friday,17,1,2025
Reese Grolla,30402,Illinois State,9.775,9.775,,,Friday,17,1,2025
Sadara Mayhorn,30402,Wilberforce,8.775,8.05,8.675,9.25,Friday,17,1,2025
Sammie Wolff,30402,Illinois State,,,,9.7,Friday,17,1,2025
Saniah Smith,30402,Wilberforce,,9.075,9.45,,Friday,17,1,2025
Sara Wabi,30402,Illinois State,9.75,,9.875,9.675,Friday,17,1,2025
Sarah Lutz,30402,UW-Stout,9.6,,,,Friday,17,1,2025
Sophia Pratt,30402,Fisk,7.8,,,,Friday,17,1,2025
Sydney Smith,30402,Fisk,9.3,,,9.35,Friday,17,1,2025
Taylar Schaefer,30402,UW-Stout,8.7,9.525,9.525,9.675,Friday,17,1,2025
Zyia Coleman,30402,Fisk,9.475,,9.025,,Friday,17,1,2025
Abby Mueller,30403,Missouri,,,,9.725,Friday,17,1,2025
Addison Fatta,30403,Oklahoma,9.9,9.775,9.8,9.8,Friday,17,1,2025
Addison Lawrence,30403,Missouri,9.75,9.825,,,Friday,17,1,2025
Amari Celestine,30403,Missouri,9.8,9.725,8.975,9.85,Friday,17,1,2025
Amy Wier,30403,Missouri,,9.825,,,Friday,17,1,2025
Audrey Davis,30403,Oklahoma,9.95,9.925,9.925,9.925,Friday,17,1,2025
Elise Tisler,30403,Missouri,,,9.825,,Friday,17,1,2025
Elle Mueller,30403,Oklahoma,9.85,,9.875,,Friday,17,1,2025
Faith Torrez,30403,Oklahoma,9.825,9.8,9.975,9.85,Friday,17,1,2025
Hannah Horton,30403,Missouri,9.375,,9.875,9.875,Friday,17,1,2025
Helen Hu,30403,Missouri,,10.0,,,Friday,17,1,2025
Jocelyn Moore,30403,Missouri,9.775,,9.775,9.975,Friday,17,1,2025
Jordan Bowers,30403,Oklahoma,9.85,9.925,9.975,9.825,Friday,17,1,2025
Kaia Tanskanen,30403,Missouri,,,,9.825,Friday,17,1,2025
Keira Wells,30403,Oklahoma,,9.825,,9.825,Friday,17,1,2025
Kennedy Griffin,30403,Missouri,,9.675,9.75,,Friday,17,1,2025
Kyra Burns,30403,Missouri,9.875,,,9.775,Friday,17,1,2025
Lily Pederson,30403,Oklahoma,9.85,9.9,9.9,9.925,Friday,17,1,2025
Mara Titarsolej,30403,Missouri,9.9,,,,Friday,17,1,2025
Railey Jackson,30403,Missouri,,9.875,9.875,,Friday,17,1,2025
Aleah Finnegan,30405,LSU,9.825,9.775,9.95,9.95,Friday,17,1,2025
Alexis Jeffrey,30405,LSU,9.9,,,,Friday,17,1,2025
Amari Drayton,30405,LSU,,,9.75,9.875,Friday,17,1,2025
Anya Pilgrim,30405,Florida,9.825,9.9,,9.925,Friday,17,1,2025
Ashley Cowan,30405,LSU,9.825,,,,Friday,17,1,2025
Chase Brock,30405,LSU,,,,9.825,Friday,17,1,2025
Danie Ferris,30405,Florida,,,9.875,9.825,Friday,17,1,2025
Haleigh Bryant,30405,LSU,,9.95,9.9,,Friday,17,1,2025
Kailin Chio,30405,LSU,9.225,9.925,9.825,9.925,Friday,17,1,2025
Kaliya Lincoln,30405,LSU,,,,9.725,Friday,17,1,2025
Konnor McClain,30405,LSU,9.925,9.9,,,Friday,17,1,2025
Kylie Coen,30405,LSU,,9.875,,,Friday,17,1,2025
Leanne Wong,30405,Florida,9.85,9.775,9.825,9.925,Friday,17,1,2025
Lexi Zeiss,30405,LSU,9.825,,,9.775,Friday,17,1,2025
Ly Bui,30405,Florida,,,,9.85,Friday,17,1,2025
Olivia Dunne,30405,LSU,,,9.875,,Friday,17,1,2025
Riley McCusker,30405,Florida,9.75,,,,Friday,17,1,2025
Selena Harris-Miranda,30405,Florida,9.825,9.875,9.9,9.9,Friday,17,1,2025
Sierra Ballard,30405,LSU,,9.875,9.825,,Friday,17,1,2025
Skye Blakely,30405,Florida,9.775,,,,Friday,17,1,2025
Skylar Draser,30405,Florida,,9.85,,,Friday,17,1,2025
Sloane Blakely,30405,Florida,9.25,9.95,9.95,9.85,Friday,17,1,2025
Taylor Clark,30405,Florida,,,9.875,,Friday,17,1,2025
Victoria Nguyen,30405,Florida,,9.9,9.9,,Friday,17,1,2025
Abigail Kenney,30407,Bridgeport,9.7,9.2,9.725,9.75,Saturday,18,1,2025
Alexa Melanson,30407,Southern Conn.,,8.725,,,Saturday,18,1,2025
Angelina Stanfa,30407,Southern Conn.,,9.75,,,Saturday,18,1,2025
Ava Kelly,30407,Southern Conn.,,,9.725,9.7,Saturday,18,1,2025
Ava Kelly,30407,Springfield College,,9.35,8.95,,Saturday,18,1,2025
Avery Walters,30407,Brown,9.25,9.775,9.625,,Saturday,18,1,2025
Ayako Maeda,30407,Springfield College,9.6,,,,Saturday,18,1,2025
Brianna Cassin,30407,Springfield College,,,9.4,,Saturday,18,1,2025
Brianna Dorr,30407,Southern Conn.,,,,9.7,Saturday,18,1,2025
Brooklyn Weingardt,30407,Bridgeport,,,,9.425,Saturday,18,1,2025
Catherine Aucoin,30407,Bridgeport,9.55,,,,Saturday,18,1,2025
Ciana Rios,30407,Southern Conn.,9.675,,,,Saturday,18,1,2025
Claire Geiger,30407,Springfield College,8.55,,9.5,9.325,Saturday,18,1,2025
Daisy Fallon,30407,Brown,9.525,,,,Saturday,18,1,2025
Delaney LaViolette,30407,Springfield College,,,,9.525,Saturday,18,1,2025
Emily Ford,30407,Brown,9.625,9.8,,,Saturday,18,1,2025
Erica Beyer,30407,Southern Conn.,,,9.625,,Saturday,18,1,2025
Gabby Mautner,30407,Brown,,,,9.325,Saturday,18,1,2025
Gabriela Dinisoe,30407,Southern Conn.,9.6,9.775,,,Saturday,18,1,2025
Grace Christensen,30407,Southern Conn.,9.35,9.7,,,Saturday,18,1,2025
Gracie Walker,30407,Bridgeport,,,,9.65,Saturday,18,1,2025
Hanna Zebdi,30407,Southern Conn.,,,9.65,9.5,Saturday,18,1,2025
Hannah Barry,30407,Bridgeport,,9.55,,,Saturday,18,1,2025
Jessica Lin,30407,Brown,,9.8,,9.575,Saturday,18,1,2025
Jordan Villani,30407,Southern Conn.,8.25,,9.825,9.675,Saturday,18,1,2025
Julia Bedell,30407,Brown,,,9.775,9.775,Saturday,18,1,2025
Julia Reer,30407,Springfield College,,,9.525,,Saturday,18,1,2025
Lexi Bracher,30407,Southern Conn.,,,,9.725,Saturday,18,1,2025
Libby Allen,30407,Southern Conn.,,9.625,9.05,9.75,Saturday,18,1,2025
Lindsay Van Eyk,30407,Brown,,9.65,,,Saturday,18,1,2025
Lindsey Yang,30407,Brown,,9.8,9.65,9.45,Saturday,18,1,2025
Liza Marcus,30407,Brown,9.775,9.75,9.65,,Saturday,18,1,2025
Lola Sepulveda,30407,Bridgeport,9.575,,9.825,9.825,Saturday,18,1,2025
Madelyn Viles,30407,Bridgeport,,9.675,9.6,,Saturday,18,1,2025
Margaret Coyle,30407,Bridgeport,,,9.7,,Saturday,18,1,2025
Maya Belog,30407,Springfield College,8.5,9.825,,,Saturday,18,1,2025
Maya Davis,30407,Brown,9.725,,9.625,,Saturday,18,1,2025
Molly McAleavey,30407,Bridgeport,,9.225,,,Saturday,18,1,2025
Nicole Pujals,30407,Bridgeport,9.65,,,,Saturday,18,1,2025
Olivia Imbarlina,30407,Bridgeport,9.65,9.775,,,Saturday,18,1,2025
Paige Rossi,30407,Springfield College,,,,8.85,Saturday,18,1,2025
Rae Solis,30407,Bridgeport,,,,9.55,Saturday,18,1,2025
Reagan Charlton,30407,Springfield College,8.0,9.175,,9.475,Saturday,18,1,2025
Sage Kaplan,30407,Springfield College,8.9,7.725,9.625,9.525,Saturday,18,1,2025
Samantha Krenzel,30407,Bridgeport,,9.65,9.675,,Saturday,18,1,2025
Samantha Nokes,30407,Bridgeport,9.625,,,,Saturday,18,1,2025
Sarah Brownstein,30407,Springfield College,7.55,8.7,,,Saturday,18,1,2025
Scarlette Ayakawa,30407,Springfield College,,9.55,,,Saturday,18,1,2025
Shreya Munshi,30407,Southern Conn.,8.35,,,,Saturday,18,1,2025
Sidney Wilson,30407,Southern Conn.,,,9.675,,Saturday,18,1,2025
Sophia Dewar,30407,Brown,8.55,,9.675,9.8,Saturday,18,1,2025
Stacy Taylor,30407,Springfield College,,,9.6,9.575,Saturday,18,1,2025
Tamyra Singletary,30407,Bridgeport,,,9.675,9.775,Saturday,18,1,2025
Zoe Axell,30407,Southern Conn.,8.15,9.2,,,Saturday,18,1,2025
Aladiana Tosado,30411,Brockport,8.25,,,,Saturday,18,1,2025
Alexa Rose Pahila,30411,Cortland State,9.05,,,,Saturday,18,1,2025
Amelia York,30411,Brockport,,8.975,,,Saturday,18,1,2025
Anna Lee Dobson,30411,Cortland State,,9.65,9.15,,Saturday,18,1,2025
Autumn Adkins,30411,Cortland State,9.625,,9.575,,Saturday,18,1,2025
Ava Miranov,30411,Cortland State,,,,9.35,Saturday,18,1,2025
Cali Czarcinski,30411,Brockport,,9.4,9.575,,Saturday,18,1,2025
Charlotte Raymond,30411,Brockport,8.05,,9.375,,Saturday,18,1,2025
Emma Brookins,30411,Brockport,9.5,9.6,9.775,9.425,Saturday,18,1,2025
Emma Langdon,30411,Brockport,,,,9.4,Saturday,18,1,2025
Gabrielle Nadler,30411,Cortland State,,,9.575,,Saturday,18,1,2025
Gianna Mirigliano,30411,Cortland State,,8.975,9.65,9.4,Saturday,18,1,2025
Gracie Weaver,30411,Brockport,,,,9.45,Saturday,18,1,2025
Jamarie Saravia,30411,Brockport,9.425,,9.775,,Saturday,18,1,2025
Julia Klucinec,30411,Brockport,9.425,,,,Saturday,18,1,2025
Kathryn McSweeney,30411,Cortland State,9.425,,,,Saturday,18,1,2025
Kiara Hockman,30411,Brockport,,9.6,9.825,9.675,Saturday,18,1,2025
Kyleigh Brown,30411,Cortland State,,,,8.775,Saturday,18,1,2025
Lienna Kay,30411,Brockport,,9.625,,,Saturday,18,1,2025
Maren Eramo,30411,Brockport,9.675,,,9.7,Saturday,18,1,2025
Maya Pecoraro,30411,Brockport,,9.15,9.525,,Saturday,18,1,2025
Ninabella English,30411,Cortland State,8.7,,,,Saturday,18,1,2025
Rianna Adams,30411,Cortland State,8.35,,,,Saturday,18,1,2025
Rylee Fishkin,30411,Cortland State,,9.4,9.425,,Saturday,18,1,2025
Samantha Meadows,30411,Cortland State,,9.725,,9.675,Saturday,18,1,2025
Shannon Gibbs,30411,Brockport,,,,9.525,Saturday,18,1,2025
Tayah Graham,30411,Cortland State,,9.2,,9.4,Saturday,18,1,2025
Taylor Goldstein,30411,Cortland State,9.075,,,,Saturday,18,1,2025
Tessa Sutton,30411,Cortland State,,8.625,9.55,9.5,Saturday,18,1,2025
Allie Gard,30413,Nebraska,,,9.075,,Saturday,18,1,2025
Amelia Knight,30413,Illinois,9.85,9.7,,,Saturday,18,1,2025
Arielle Ward,30413,Illinois,9.775,,9.725,9.85,Saturday,18,1,2025
Ayzhia Hall,30413,Nebraska,,,,9.675,Saturday,18,1,2025
Chloe Cho,30413,Illinois,9.85,9.825,9.925,9.8,Saturday,18,1,2025
Eden King,30413,Illinois,,9.825,9.9,9.75,Saturday,18,1,2025
Emalee Frost,30413,Nebraska,9.775,,,,Saturday,18,1,2025
Emma Simpton,30413,Nebraska,9.85,9.075,,,Saturday,18,1,2025
Emma Spence,30413,Nebraska,9.9,9.325,9.875,9.8,Saturday,18,1,2025
Emmalise Nock,30413,Illinois,,,9.8,,Saturday,18,1,2025
Halle Rourke,30413,Nebraska,,,9.75,,Saturday,18,1,2025
Isabel Sikon,30413,Nebraska,9.8,9.825,,9.825,Saturday,18,1,2025
Katie Kuenemann,30413,Nebraska,,,,9.775,Saturday,18,1,2025
Kennedy Brown,30413,Illinois,8.95,,,9.675,Saturday,18,1,2025
Makayla Green,30413,Illinois,9.9,,,,Saturday,18,1,2025
Mareli Muller,30413,Illinois,9.825,9.0,9.875,9.525,Saturday,18,1,2025
Nya Kraus,30413,Nebraska,,9.625,,,Saturday,18,1,2025
Olivia Coppola,30413,Illinois,,9.825,,9.75,Saturday,18,1,2025
Reese Baechle,30413,Nebraska,,,9.75,,Saturday,18,1,2025
Ruthuja Nataraj,30413,Illinois,,9.7,,,Saturday,18,1,2025
Sophia McClelland,30413,Nebraska,9.775,9.85,9.925,9.55,Saturday,18,1,2025
Tali Joelson,30413,Illinois,,,9.875,,Saturday,18,1,2025
Whitney Jencks,30413,Nebraska,9.875,9.75,9.875,9.775,Saturday,18,1,2025
Anna Pagliaro,30415,Rutgers,,9.8,,9.775,Saturday,18,1,2025
Caitlin McWilliams,30415,Washington,9.75,,9.05,,Saturday,18,1,2025
Chelsea Hallinan,30415,Washington,,9.775,,,Saturday,18,1,2025
Delaney Adrian,30415,Rutgers,9.775,9.8,9.65,9.55,Saturday,18,1,2025
Donna Uhlenberg,30415,Rutgers,9.225,,9.8,,Saturday,18,1,2025
Elia Aird,30415,Rutgers,,9.725,9.7,9.775,Saturday,18,1,2025
Elliot Goldsmith,30415,Rutgers,,,9.75,,Saturday,18,1,2025
Emily Innes,30415,Washington,,9.8,9.85,9.8,Saturday,18,1,2025
Gabrielle Dildy,30415,Rutgers,,9.775,9.75,9.75,Saturday,18,1,2025
Jackie Manifold,30415,Rutgers,,9.8,,,Saturday,18,1,2025
Keeley Smith,30415,Rutgers,9.825,,,,Saturday,18,1,2025
Kira Bolden,30415,Washington,,,9.225,9.725,Saturday,18,1,2025
Kristin Lin,30415,Washington,9.7,,,,Saturday,18,1,2025
Lana Navarro,30415,Washington,9.525,9.85,,9.625,Saturday,18,1,2025
Lex Mouyenga,30415,Washington,,,,9.75,Saturday,18,1,2025
Lisa Chevaire,30415,Rutgers,,,,9.575,Saturday,18,1,2025
Mary McDonough,30415,Washington,8.65,9.1,9.8,9.775,Saturday,18,1,2025
Maya Jones,30415,Rutgers,,,9.775,,Saturday,18,1,2025
Olivia DiNovi,30415,Rutgers,9.725,,,,Saturday,18,1,2025
Olivia Oppegard,30415,Washington,9.8,9.8,9.725,,Saturday,18,1,2025
Rachael Riley,30415,Rutgers,,9.725,,9.8,Saturday,18,1,2025
Reagan Schenkel,30415,Rutgers,8.925,,,,Saturday,18,1,2025
Taylor Russon,30415,Washington,9.3,9.875,9.6,,Saturday,18,1,2025
Valentina Lorente-Garcia,30415,Rutgers,9.65,,,,Saturday,18,1,2025
Alana Walker,30417,Stanford,,,9.875,9.775,Saturday,18,1,2025
Anapaula Gutierrez,30417,Stanford,9.825,,,9.85,Saturday,18,1,2025
Anna Roberts,30417,Stanford,9.925,9.925,9.925,9.875,Saturday,18,1,2025
Ashley Knight,30417,North Carolina State,,,9.775,9.925,Saturday,18,1,2025
Ava Myers,30417,North Carolina State,9.8,,,,Saturday,18,1,2025
Ava Sorrento,30417,Stanford,9.825,,,,Saturday,18,1,2025
Brenna Neault,30417,Stanford,9.85,9.95,9.8,9.8,Saturday,18,1,2025
Caroline Volk,30417,North Carolina State,9.7,9.525,,,Saturday,18,1,2025
Chloe Negrete,30417,North Carolina State,,9.85,9.9,9.775,Saturday,18,1,2025
Claire Dean,30417,Stanford,,9.775,9.85,,Saturday,18,1,2025
Elle Hadrick,30417,North Carolina State,9.85,,9.85,,Saturday,18,1,2025
Jaimie Dugan,30417,Stanford,9.6,,,,Saturday,18,1,2025
Kailee Adomaites,30417,North Carolina State,9.65,,,,Saturday,18,1,2025
Katie Harper,30417,North Carolina State,9.85,9.825,,,Saturday,18,1,2025
Kendra Chang,30417,Stanford,,,,9.7,Saturday,18,1,2025
Krista Zultevicz,30417,North Carolina State,,,9.75,9.625,Saturday,18,1,2025
Maddie Hall,30417,North Carolina State,,9.675,,9.8,Saturday,18,1,2025
Meg Adler,30417,North Carolina State,,9.7,9.8,9.775,Saturday,18,1,2025
Peyton Childs,30417,North Carolina State,9.7,,,,Saturday,18,1,2025
Sienna Robinson,30417,Stanford,,9.9,9.925,,Saturday,18,1,2025
Syniya Thomas,30417,North Carolina State,,9.75,9.9,9.725,Saturday,18,1,2025
Taralyn Nguyen,30417,Stanford,,,,9.8,Saturday,18,1,2025
Temple Landry,30417,Stanford,,9.775,,,Saturday,18,1,2025
Ui Soma,30417,Stanford,9.75,9.825,,,Saturday,18,1,2025
Victoria Cluck,30417,Stanford,,,9.65,,Saturday,18,1,2025
Allison Kaempfer,30419,Penn State,,,8.95,9.725,Saturday,18,1,2025
Amani Herring,30419,Penn State,,9.75,9.85,,Saturday,18,1,2025
Ashley Maul,30419,Penn State,,9.8,9.65,,Saturday,18,1,2025
Ava Stewart,30419,Minnesota,9.65,9.825,,9.925,Saturday,18,1,2025
Brooklyn Rowray,30419,Minnesota,,9.875,,,Saturday,18,1,2025
Cassi Barbanente,30419,Penn State,9.85,,,,Saturday,18,1,2025
Dani Latronica,30419,Penn State,9.825,9.6,,,Saturday,18,1,2025
Elina Vihrova,30419,Penn State,,,,9.75,Saturday,18,1,2025
Elizabeth Leary,30419,Penn State,9.725,,9.65,9.825,Saturday,18,1,2025
Emily Koch,30419,Minnesota,,9.8,9.875,,Saturday,18,1,2025
Gabrielle Gallentine,30419,Penn State,9.825,,,,Saturday,18,1,2025
Isabella Salcedo,30419,Penn State,,9.825,,,Saturday,18,1,2025
Jessica Johanson,30419,Penn State,9.8,,9.75,9.8,Saturday,18,1,2025
Jordyn Lyden,30419,Minnesota,9.875,9.85,,,Saturday,18,1,2025
Kalea McElligott,30419,Penn State,,9.8,9.825,9.825,Saturday,18,1,2025
Lauren Pearl,30419,Minnesota,,9.7,9.8,9.75,Saturday,18,1,2025
Leah Gonsiorowski,30419,Minnesota,,,9.85,,Saturday,18,1,2025
Maddie Johnston,30419,Penn State,9.825,9.725,,9.75,Saturday,18,1,2025
Marissa Jencks,30419,Minnesota,9.725,,9.8,,Saturday,18,1,2025
Megan Steensland,30419,Minnesota,,,9.725,9.775,Saturday,18,1,2025
Mya Hooten,30419,Minnesota,9.825,,9.925,9.85,Saturday,18,1,2025
Sarah Moraw,30419,Minnesota,,9.85,,9.825,Saturday,18,1,2025
Sophia Nguyen,30419,Minnesota,7.7,,,,Saturday,18,1,2025
Teryn Crump,30419,Minnesota,9.625,,,9.8,Saturday,18,1,2025
Aurelie Tran,30421,Iowa,9.9,9.85,9.775,9.825,Saturday,18,1,2025
Avery Chambers,30421,Iowa,,,,9.775,Saturday,18,1,2025
Cameron Smith,30421,Ohio State,,9.85,,9.85,Saturday,18,1,2025
Cassie Lee,30421,Iowa,,9.85,,,Saturday,18,1,2025
Emily Erb,30421,Iowa,,,9.875,,Saturday,18,1,2025
Eva Volpe,30421,Iowa,,9.775,9.675,9.8,Saturday,18,1,2025
Gianna Masella,30421,Iowa,9.7,,9.65,9.725,Saturday,18,1,2025
Haley Tyson,30421,Iowa,,9.775,9.7,,Saturday,18,1,2025
Hanna Castillo,30421,Iowa,,,9.85,9.85,Saturday,18,1,2025
Ilka Juk,30421,Iowa,9.8,9.025,,,Saturday,18,1,2025
JJ Coleman,30421,Ohio State,,,9.875,9.9,Saturday,18,1,2025
Jojo Warga,30421,Ohio State,,9.025,,,Saturday,18,1,2025
Kaia Vanney,30421,Iowa,9.65,,,,Saturday,18,1,2025
Kaitlyn Grimes,30421,Ohio State,,,9.85,9.825,Saturday,18,1,2025
Karina Munoz,30421,Iowa,9.725,8.95,,9.875,Saturday,18,1,2025
Kate Parks,30421,Ohio State,9.65,,,,Saturday,18,1,2025
Maisyn Rader,30421,Ohio State,9.4,,9.8,,Saturday,18,1,2025
Payton Harris,30421,Ohio State,9.775,9.875,,,Saturday,18,1,2025
Rylee Guevara,30421,Ohio State,,9.8,9.9,9.725,Saturday,18,1,2025
Samara Buchanan,30421,Ohio State,9.75,9.4,,,Saturday,18,1,2025
Sidney Washington,30421,Ohio State,9.75,,9.825,9.825,Saturday,18,1,2025
Sydney Turner,30421,Iowa,9.8,,,,Saturday,18,1,2025
Tory Vetter,30421,Ohio State,9.925,9.875,9.925,9.85,Saturday,18,1,2025
Aaliyah Krause,30423,Rhode Island College,9.4,8.85,9.725,9.4,Saturday,18,1,2025
Abigail Bunch,30423,Rhode Island College,9.275,9.7,,,Saturday,18,1,2025
Abigail Walters,30423,Utica,,9.25,8.8,,Saturday,18,1,2025
Addison Dack,30423,Gustavus Adolphus,,8.85,,,Saturday,18,1,2025
Alexa Graziano,30423,Rhode Island College,9.275,,,,Saturday,18,1,2025
Alyssa Langston,30423,Utica,9.425,9.35,,,Saturday,18,1,2025
Aubrey Hughes,30423,Utica,,,,9.225,Saturday,18,1,2025
Cara Wong,30423,Gustavus Adolphus,8.05,9.45,9.575,9.525,Saturday,18,1,2025
Carson Ann Whitt,30423,Rhode Island College,,,9.475,,Saturday,18,1,2025
Christina Troche,30423,Utica,7.925,,8.65,,Saturday,18,1,2025
Ella Binfet,30423,Gustavus Adolphus,,,9.175,,Saturday,18,1,2025
Emma Tucker,30423,Rhode Island College,,9.55,9.725,9.55,Saturday,18,1,2025
Emmy Graff,30423,Utica,9.5,8.95,9.625,9.475,Saturday,18,1,2025
Grace Marra,30423,Utica,8.7,8.9,9.8,9.525,Saturday,18,1,2025
Haley Miller,30423,Utica,,9.4,,,Saturday,18,1,2025
Ivy Jimenez,30423,Rhode Island College,,9.675,,9.375,Saturday,18,1,2025
Jenna DiPalo,30423,Utica,,9.15,,9.4,Saturday,18,1,2025
Jolie Carpino,30423,Rhode Island College,6.45,,,,Saturday,18,1,2025
Julia Pecora,30423,Utica,,,9.4,,Saturday,18,1,2025
Kaitlyn Vaz,30423,Utica,9.2,,,,Saturday,18,1,2025
Kate Clairmont,30423,Gustavus Adolphus,8.65,,,9.5,Saturday,18,1,2025
Lili Guy,30423,Gustavus Adolphus,9.15,,9.75,9.6,Saturday,18,1,2025
Lily Horsch,30423,Gustavus Adolphus,8.9,,,9.65,Saturday,18,1,2025
Lindsay Bangs,30423,Gustavus Adolphus,,8.5,9.425,9.425,Saturday,18,1,2025
Maddox Lee,30423,Gustavus Adolphus,8.775,8.55,9.4,,Saturday,18,1,2025
Madeline Brandt,30423,Rhode Island College,,9.4,9.6,,Saturday,18,1,2025
Madison Villani,30423,Utica,,,,9.45,Saturday,18,1,2025
Marley Michaud,30423,Gustavus Adolphus,6.1,,,9.35,Saturday,18,1,2025
Megan Gille,30423,Gustavus Adolphus,,9.375,,,Saturday,18,1,2025
Melissa Ainsley Pinkard,30423,Utica,9.05,,,9.2,Saturday,18,1,2025
Olivia Jahnke,30423,Gustavus Adolphus,,8.8,9.7,,Saturday,18,1,2025
Olivia Keyes,30423,Rhode Island College,9.55,9.6,9.675,9.35,Saturday,18,1,2025
Payton Greene,30423,Rhode Island College,9.075,,,9.55,Saturday,18,1,2025
Presley Cuen,30423,Rhode Island College,,,9.55,,Saturday,18,1,2025
Ryli McGorry,30423,Utica,,,8.35,,Saturday,18,1,2025
Sophia Damiano,30423,Rhode Island College,,,,9.45,Saturday,18,1,2025
Alayna Fern,30426,UW-Whitewater,,,,9.65,Saturday,18,1,2025
Alexa Denton,30426,Simpson,,,,9.2,Saturday,18,1,2025
Annika Cole,30426,Simpson,9.05,,9.35,,Saturday,18,1,2025
Ariana Goodwin,30426,UW-Whitewater,9.675,,,,Saturday,18,1,2025
Ava Pesch,30426,UW-Whitewater,9.6,,,9.6,Saturday,18,1,2025
Bella Dix,30426,Simpson,,,9.55,,Saturday,18,1,2025
Brianna Balian,30426,UW-Whitewater,,,,9.675,Saturday,18,1,2025
Brooklen Morgan,30426,Simpson,,9.725,9.625,,Saturday,18,1,2025
Carleigh Moore,30426,UW-Whitewater,,,9.6,9.775,Saturday,18,1,2025
Carley Scott,30426,UW-Whitewater,9.65,,,,Saturday,18,1,2025
Chloe Hammond,30426,UW-Whitewater,,9.75,9.55,,Saturday,18,1,2025
Danielle Dudziak,30426,UW-Whitewater,,,9.5,,Saturday,18,1,2025
Elaine Copeland,30426,UW-Whitewater,,,,9.425,Saturday,18,1,2025
Emma Tolbert,30426,Simpson,,9.45,9.025,9.475,Saturday,18,1,2025
Emmie Barton,30426,Simpson,,,,9.4,Saturday,18,1,2025
Evalyn Resnick,30426,Simpson,9.6,8.25,,,Saturday,18,1,2025
Hayden Gough,30426,UW-Whitewater,9.65,,,,Saturday,18,1,2025
Izzy Brown,30426,Simpson,9.275,9.675,9.4,,Saturday,18,1,2025
Jane Hefferman,30426,UW-Whitewater,,,8.7,,Saturday,18,1,2025
Kaelyn Tally,30426,Simpson,,,9.55,9.7,Saturday,18,1,2025
Kelsey Kollhoff,30426,UW-Whitewater,8.6,9.5,9.75,,Saturday,18,1,2025
Kristen Swiebocki,30426,UW-Whitewater,,9.675,,,Saturday,18,1,2025
Liz Sisler,30426,Simpson,9.55,,,,Saturday,18,1,2025
Olivia Hedary,30426,Simpson,9.025,9.65,,9.45,Saturday,18,1,2025
Olivia Santiago,30426,UW-Whitewater,,,,8.4,Saturday,18,1,2025
Olivia Short,30426,Simpson,,9.55,,,Saturday,18,1,2025
Paige Magel,30426,UW-Whitewater,9.475,9.4,,,Saturday,18,1,2025
Rachel Welch,30426,Simpson,,,,9.375,Saturday,18,1,2025
Sophia Spadafora,30426,UW-Whitewater,,9.525,,,Saturday,18,1,2025
Tegan Haberstock,30426,UW-Whitewater,,9.575,9.675,,Saturday,18,1,2025
Wynter Poolaw,30426,Simpson,9.0,,,,Saturday,18,1,2025
Alina Danilchenko,30428,LIU,,9.5,9.6,9.375,Saturday,18,1,2025
Amanda Scheuerman,30428,Temple,9.4,,,,Saturday,18,1,2025
Amelia Budd,30428,Temple,,,,9.65,Saturday,18,1,2025
Angelina Hogan,30428,LIU,9.525,9.7,,,Saturday,18,1,2025
Breanna Varano,30428,Temple,9.525,,,,Saturday,18,1,2025
Brisa Carraro,30428,LIU,9.775,,,,Saturday,18,1,2025
Brooke Burkhart,30428,LIU,,,,9.675,Saturday,18,1,2025
Brooke Donabedian,30428,Temple,,9.7,9.6,,Saturday,18,1,2025
Caroline Kliewer,30428,LIU,8.875,,,,Saturday,18,1,2025
Danyella Holmes,30428,LIU,,,9.675,9.45,Saturday,18,1,2025
Ella Barrington,30428,LIU,,,9.7,,Saturday,18,1,2025
Haleigh Welch,30428,LIU,9.0,,,,Saturday,18,1,2025
Hannah Weklar,30428,Temple,9.675,,9.7,9.2,Saturday,18,1,2025
Harmony Haro,30428,Temple,,,,9.6,Saturday,18,1,2025
Kady Bills-McCoy,30428,LIU,,9.65,,,Saturday,18,1,2025
Kaira Cartwright,30428,LIU,,9.725,9.45,9.775,Saturday,18,1,2025
Kayla Toniolo,30428,LIU,9.525,,,,Saturday,18,1,2025
Kira Sanchez,30428,LIU,9.575,,9.45,,Saturday,18,1,2025
Krystin Johnson,30428,Temple,8.05,,9.625,9.8,Saturday,18,1,2025
Madison Dorunda,30428,Temple,,9.85,9.675,,Saturday,18,1,2025
Mariella Brueck,30428,Temple,9.65,,,,Saturday,18,1,2025
Megan White,30428,Temple,,9.8,,,Saturday,18,1,2025
Nikk Rengifo,30428,Temple,,,,9.675,Saturday,18,1,2025
Raphaelle Perreault,30428,LIU,,9.225,,9.575,Saturday,18,1,2025
Renee Figueroa,30428,LIU,,9.75,,,Saturday,18,1,2025
Renee Schugman,30428,Temple,,9.625,9.775,9.55,Saturday,18,1,2025
Robyn Dunn,30428,Temple,,8.975,,,Saturday,18,1,2025
Sarah Stallings,30428,Temple,9.125,,,,Saturday,18,1,2025
Summer Ruskey,30428,Temple,,9.75,9.625,,Saturday,18,1,2025
Zoe Claiborne,30428,LIU,,,9.625,9.65,Saturday,18,1,2025
Alexa Rothenbuescher,30430,Maryland,9.775,9.6,7.25,,Saturday,18,1,2025
Brooklyn Moors,30430,UCLA,,9.85,9.95,9.875,Saturday,18,1,2025
Chae Campbell,30430,UCLA,9.775,9.9,9.875,9.9,Saturday,18,1,2025
Ciena Alipio,30430,UCLA,,9.9,,,Saturday,18,1,2025
Emily Lee,30430,UCLA,,9.925,,9.85,Saturday,18,1,2025
Emma Malabuyo,30430,UCLA,,9.975,9.85,,Saturday,18,1,2025
Frida Esparza,30430,UCLA,9.9,,,,Saturday,18,1,2025
Hailey Merchant,30430,Maryland,9.55,,,,Saturday,18,1,2025
Jordan Chiles,30430,UCLA,10.0,9.775,9.95,9.775,Saturday,18,1,2025
Katelyn Rosen,30430,UCLA,9.8,,9.15,,Saturday,18,1,2025
Lauren Brendlinger,30430,Maryland,,9.8,9.65,,Saturday,18,1,2025
Layla Hammer,30430,Maryland,,9.475,,9.75,Saturday,18,1,2025
Logan Buckmon,30430,Maryland,,,,9.75,Saturday,18,1,2025
Macy McGowan,30430,UCLA,9.85,,9.9,9.75,Saturday,18,1,2025
Maddie Komoroski,30430,Maryland,,9.85,9.8,,Saturday,18,1,2025
Mika Webster-Longin,30430,UCLA,9.75,,,9.2,Saturday,18,1,2025
Natalie Martin,30430,Maryland,,8.95,9.8,9.875,Saturday,18,1,2025
Rhea Leblanc,30430,Maryland,9.85,,9.85,9.825,Saturday,18,1,2025
Sarah Saville,30430,Maryland,9.875,,,,Saturday,18,1,2025
Sierra Kondo,30430,Maryland,9.95,,,,Saturday,18,1,2025
Taylor Rech,30430,Maryland,,,9.875,9.75,Saturday,18,1,2025
Victoria Gatzendorfer,30430,Maryland,9.8,8.725,,,Saturday,18,1,2025
Aine Reade,30434,New Hampshire,9.35,9.725,9.825,9.75,Sunday,19,1,2025
Aliyah Reed-Hammon,30434,Fisk,,9.725,,9.675,Sunday,19,1,2025
Allie Berkley,30434,Fisk,9.375,,,9.7,Sunday,19,1,2025
Ally Schaupp,30434,Western Michigan,,,9.85,,Sunday,19,1,2025
Anne Challman,30434,New Hampshire,,9.45,9.85,,Sunday,19,1,2025
Brooke Gelesko,30434,Western Michigan,,,,9.725,Sunday,19,1,2025
Cassie St. Clair,30434,Western Michigan,,,9.85,9.75,Sunday,19,1,2025
Ciniah Rosby,30434,Fisk,9.2,9.725,9.475,8.925,Sunday,19,1,2025
Cleante The`oret,30434,New Hampshire,,9.2,,,Sunday,19,1,2025
DonnaKathryn Roy,30434,Western Michigan,9.675,,9.75,,Sunday,19,1,2025
Emily Krzciok,30434,Western Michigan,,9.85,,,Sunday,19,1,2025
Gracy Mowers,30434,New Hampshire,,,,9.775,Sunday,19,1,2025
Gwen Ockerbloom,30434,New Hampshire,,9.65,,9.6,Sunday,19,1,2025
Halle Faulkner,30434,Western Michigan,,,,9.8,Sunday,19,1,2025
Hannah Milton,30434,Western Michigan,,,9.75,9.65,Sunday,19,1,2025
Jada Reece,30434,Fisk,,,9.55,9.55,Sunday,19,1,2025
Julia Before,30434,New Hampshire,9.6,,,,Sunday,19,1,2025
Julie Korfhage,30434,Western Michigan,9.8,9.025,,,Sunday,19,1,2025
Kaylei McDonald,30434,Fisk,,9.625,9.55,,Sunday,19,1,2025
Kennedy Cooper,30434,Western Michigan,,,9.625,9.75,Sunday,19,1,2025
Leah Moreno,30434,New Hampshire,9.7,,,9.65,Sunday,19,1,2025
Liberty Mora,30434,Fisk,,9.725,9.5,,Sunday,19,1,2025
Madison Benson,30434,Fisk,,9.45,,,Sunday,19,1,2025
Mady Harvey,30434,New Hampshire,,9.775,,,Sunday,19,1,2025
McCall McMullen,30434,New Hampshire,,,9.775,9.65,Sunday,19,1,2025
Molly Freeman,30434,Western Michigan,9.75,,,,Sunday,19,1,2025
Morgan Price,30434,Fisk,9.825,9.025,9.575,9.775,Sunday,19,1,2025
Poulina Minaev,30434,New Hampshire,,,9.675,,Sunday,19,1,2025
Reese Samuelson,30434,Western Michigan,9.825,9.725,,,Sunday,19,1,2025
Reilan Garvey,30434,Western Michigan,9.575,9.675,9.725,,Sunday,19,1,2025
Sarah Moravansky,30434,Western Michigan,9.775,9.825,,9.775,Sunday,19,1,2025
Serena Mullin,30434,New Hampshire,7.65,9.825,9.625,9.675,Sunday,19,1,2025
Sophia Pratt,30434,Fisk,7.65,,,,Sunday,19,1,2025
Stacy Boss,30434,New Hampshire,,,9.65,,Sunday,19,1,2025
Summer Simpkins,30434,New Hampshire,9.575,,,,Sunday,19,1,2025
Sydney Smith,30434,Fisk,,,,8.7,Sunday,19,1,2025
Tricia Mills,30434,Western Michigan,,9.725,,,Sunday,19,1,2025
Zoe Arthur,30434,New Hampshire,9.75,,,,Sunday,19,1,2025
Zyia Coleman,30434,Fisk,7.85,,9.5,,Sunday,19,1,2025
Addy Rothstein,30437,Cornell,9.55,,9.775,9.4,Sunday,19,1,2025
Alana Kim,30437,UC Davis,,,,9.775,Sunday,19,1,2025
Alyssa Manley,30437,Alaska,9.5,,,,Sunday,19,1,2025
Amelia Moneymaker,30437,UC Davis,9.825,9.775,9.775,9.6,Sunday,19,1,2025
Ariana DeSouza,30437,Alaska,,9.6,,,Sunday,19,1,2025
Ava Scafani,30437,UC Davis,9.7,9.85,9.725,,Sunday,19,1,2025
Avah Reichow,30437,UC Davis,,,9.65,9.675,Sunday,19,1,2025
Avery Byun,30437,Cornell,9.5,9.125,9.8,9.75,Sunday,19,1,2025
Avery Tillmanns,30437,Alaska,9.5,,9.475,,Sunday,19,1,2025
Ayumi Oshiro,30437,UC Davis,9.75,9.825,,,Sunday,19,1,2025
Breeann Spain,30437,Alaska,,9.575,9.425,,Sunday,19,1,2025
Cami Whitaker,30437,Cornell,,,9.75,9.7,Sunday,19,1,2025
Casey Brown,30437,California,9.9,,,,Sunday,19,1,2025
Claudia Lessig,30437,Alaska,9.625,9.025,,,Sunday,19,1,2025
Dahlia Jhaveri,30437,Cornell,9.4,,,9.55,Sunday,19,1,2025
Eleanor Wyly,30437,UC Davis,,9.25,9.55,9.7,Sunday,19,1,2025
Ella Cesario,30437,California,9.825,9.9,9.2,9.775,Sunday,19,1,2025
Grace Costello,30437,Alaska,,9.725,9.525,9.65,Sunday,19,1,2025
Hannah Boyd,30437,Alaska,9.625,9.675,9.65,9.475,Sunday,19,1,2025
Hayley Perkins,30437,Alaska,,,9.4,,Sunday,19,1,2025
Isabella Fitz-Gerald,30437,UC Davis,9.85,,,,Sunday,19,1,2025
Jada Niles,30437,Alaska,9.65,,,,Sunday,19,1,2025
Jadyn Wakita,30437,UC Davis,8.875,9.625,,,Sunday,19,1,2025
Jamilia Duffus,30437,Alaska,9.725,,,9.675,Sunday,19,1,2025
Jordan Kane,30437,California,,9.825,9.875,,Sunday,19,1,2025
Josie Moylan,30437,Cornell,,,9.75,,Sunday,19,1,2025
Kate Michelini,30437,Cornell,,9.6,,,Sunday,19,1,2025
Keanna Abraham,30437,UC Davis,,,9.025,9.775,Sunday,19,1,2025
Kyen Mayhew,30437,California,,9.825,9.775,9.775,Sunday,19,1,2025
Madelyn Williams,30437,California,9.85,9.85,9.875,9.9,Sunday,19,1,2025
Maribelle Albert,30437,Alaska,,,,9.6,Sunday,19,1,2025
Megan Ray,30437,UC Davis,,9.7,9.85,9.825,Sunday,19,1,2025
Michaela DeFranscisco,30437,Cornell,,,9.575,9.6,Sunday,19,1,2025
Mikayla Burton,30437,Cornell,,9.775,,,Sunday,19,1,2025
Milla Gideon,30437,UC Davis,9.175,,,,Sunday,19,1,2025
Montana Fairbairn,30437,Alaska,,9.65,9.85,9.725,Sunday,19,1,2025
Morgen Shambo,30437,Cornell,9.725,9.65,,,Sunday,19,1,2025
Mya Lauzon,30437,California,9.75,9.875,9.925,9.875,Sunday,19,1,2025
Mya Wiley,30437,California,9.75,,,9.75,Sunday,19,1,2025
Natalia Tehrani,30437,Cornell,9.675,9.55,,,Sunday,19,1,2025
Sydney Beers,30437,Cornell,9.5,9.7,9.8,9.8,Sunday,19,1,2025
Verena Wong,30437,Alaska,,,,9.575,Sunday,19,1,2025
eMjae Frazier,30437,California,9.875,9.875,9.8,9.85,Sunday,19,1,2025
Ailey Kuehn,30441,S.E. Missouri,,9.55,9.65,9.575,Monday,20,1,2025
Anna Lee Phillips,30441,S.E. Missouri,,,9.05,,Monday,20,1,2025
Aria Roberts,30441,Centenary College,8.575,8.9,,,Monday,20,1,2025
Ava Johnston,30441,S.E. Missouri,9.7,,,,Monday,20,1,2025
Bridget Sullivan,30441,West Chester,,,9.55,9.5,Monday,20,1,2025
Brooke Murdock,30441,Centenary College,,7.6,,,Monday,20,1,2025
Caroline Cascadden,30441,West Chester,,9.65,8.925,,Monday,20,1,2025
Catherine Keener,30441,West Chester,,9.55,9.75,,Monday,20,1,2025
Chloe Gilbert,30441,Centenary College,,9.3,,9.2,Monday,20,1,2025
Claire Flores,30441,Centenary College,9.2,,9.425,9.2,Monday,20,1,2025
Corinne Gruber,30441,West Chester,,,,9.55,Monday,20,1,2025
Emily McClung,30441,Centenary College,,,8.65,,Monday,20,1,2025
Emma Lavelle,30441,Centenary College,8.975,9.025,8.5,,Monday,20,1,2025
EmmaGrace Kelly,30441,West Chester,,9.5,9.675,,Monday,20,1,2025
Erin Pinder,30441,Centenary College,9.35,,,,Monday,20,1,2025
Hayden Cagle,30441,Centenary College,,9.275,,9.325,Monday,20,1,2025
Jaidan Kossuth,30441,S.E. Missouri,,9.775,,,Monday,20,1,2025
Janelle Lopez,30441,S.E. Missouri,9.5,9.675,,9.75,Monday,20,1,2025
Jordan Coleman,30441,West Chester,9.75,,,,Monday,20,1,2025
Joselene Hernandez,30441,S.E. Missouri,8.575,9.6,9.625,9.725,Monday,20,1,2025
Kailyn Hamilton,30441,S.E. Missouri,9.525,,,,Monday,20,1,2025
Karah Vargo,30441,West Chester,9.125,,,9.5,Monday,20,1,2025
Leah Parton,30441,S.E. Missouri,,9.8,,,Monday,20,1,2025
Lily McFarland,30441,West Chester,,9.725,9.75,,Monday,20,1,2025
Macarthy Keane,30441,West Chester,9.425,8.625,,8.7,Monday,20,1,2025
Madalyn Espinosa,30441,West Chester,,,,9.375,Monday,20,1,2025
Madison Greene,30441,S.E. Missouri,,,9.7,9.45,Monday,20,1,2025
Melina Ringas,30441,West Chester,9.575,,,,Monday,20,1,2025
Molly English,30441,Centenary College,,,,9.35,Monday,20,1,2025
Natalie Marshall,30441,West Chester,,9.55,,,Monday,20,1,2025
Nyah Reader,30441,S.E. Missouri,,,,9.5,Monday,20,1,2025
Olivia Williams,30441,Centenary College,9.075,,9.625,,Monday,20,1,2025
Peyton Burford,30441,Centenary College,,,9.125,9.5,Monday,20,1,2025
Rylee Harada,30441,West Chester,8.675,,,9.625,Monday,20,1,2025
Sarah Eskew,30441,West Chester,,,6.8,,Monday,20,1,2025
Sophie Schmitz,30441,Centenary College,9.55,9.6,9.375,9.5,Monday,20,1,2025
Sydney Crouch,30441,S.E. Missouri,9.325,,9.675,,Monday,20,1,2025
Tatum McGuinn,30441,West Chester,8.65,,,,Monday,20,1,2025
Taylor Ingle,30441,S.E. Missouri,8.75,9.8,9.825,9.85,Monday,20,1,2025
Alex Theodorou,30444,Arizona State,9.8,,,9.825,Monday,20,1,2025
Alyssa Vulaj,30444,Boise State,,9.725,9.8,9.75,Monday,20,1,2025
Anna Ferguson,30444,Boise State,,,9.7,,Monday,20,1,2025
Ava East,30444,San Jose State,,,9.825,,Monday,20,1,2025
Ava Johnson,30444,San Jose State,,,9.8,,Monday,20,1,2025
Blake Pascal,30444,Boise State,,,9.7,,Monday,20,1,2025
Bridget Kemp,30444,Boise State,,,9.8,9.75,Monday,20,1,2025
Carly Buell,30444,Boise State,9.775,,,,Monday,20,1,2025
Caroline Lichtman,30444,Arizona State,,9.75,,9.65,Monday,20,1,2025
Chloe Seaga,30444,Arizona State,,9.25,,,Monday,20,1,2025
Devyn Valuch,30444,San Jose State,,9.825,9.825,9.7,Monday,20,1,2025
Ella Schell,30444,Iowa State,,,9.825,,Monday,20,1,2025
Emily Lopez,30444,Boise State,9.925,9.8,,9.8,Monday,20,1,2025
Emily White,30444,Arizona State,9.9,9.875,9.9,,Monday,20,1,2025
Emma Loyim,30444,Boise State,,9.875,9.85,9.725,Monday,20,1,2025
Frederique Sgarbossa,30444,Iowa State,9.625,9.175,,9.75,Monday,20,1,2025
Halle Braaflat,30444,Arizona State,,,9.825,9.65,Monday,20,1,2025
Hannah Loyim,30444,Iowa State,9.75,9.8,9.7,9.675,Monday,20,1,2025
Haylee Hardin,30444,Iowa State,,,9.9,9.9,Monday,20,1,2025
Jada Mangahas,30444,Arizona State,,,,9.8,Monday,20,1,2025
Jaudai Lopes,30444,San Jose State,9.8,,9.85,9.675,Monday,20,1,2025
Josie Bergstrom-Te Slaa,30444,Iowa State,8.925,9.85,9.625,9.825,Monday,20,1,2025
Julia Kryzwanski,30444,Boise State,,8.825,,,Monday,20,1,2025
Kaia Bochow,30444,Iowa State,9.575,,,,Monday,20,1,2025
Katherine Weyhmiller,30444,San Jose State,9.8,9.925,9.625,,Monday,20,1,2025
Kaviana Jurries,30444,San Jose State,9.725,,,9.75,Monday,20,1,2025
Kayla Lee,30444,Arizona State,9.675,9.85,9.575,,Monday,20,1,2025
Kimberly Smith,30444,Arizona State,9.8,9.8,9.775,9.725,Monday,20,1,2025
Kristina Shchennikova,30444,Boise State,9.85,,,,Monday,20,1,2025
Kyra Cato,30444,San Jose State,9.675,,,,Monday,20,1,2025
Lauren O'Brochta,30444,Iowa State,,9.1,,,Monday,20,1,2025
Lauren Thomas,30444,Iowa State,9.725,9.825,,,Monday,20,1,2025
Lilia Purler,30444,Arizona State,,,9.725,9.725,Monday,20,1,2025
Madison Kirsch,30444,San Jose State,,9.725,,9.75,Monday,20,1,2025
Mahleea Werline,30444,Boise State,9.725,,,,Monday,20,1,2025
Marissa Ashton,30444,San Jose State,,9.8,,,Monday,20,1,2025
Mikaela Pitts,30444,San Jose State,,,,9.8,Monday,20,1,2025
Noelle Adams,30444,Iowa State,,,9.85,,Monday,20,1,2025
Noelle Ball,30444,Boise State,9.125,,,9.75,Monday,20,1,2025
Olivia Reardon,30444,San Jose State,9.6,,9.7,9.825,Monday,20,1,2025
Paige Wills,30444,Iowa State,9.725,,,9.775,Monday,20,1,2025
Rachel Goldstein,30444,Iowa State,,9.7,,,Monday,20,1,2025
Rachel Wilke,30444,Iowa State,,,,9.65,Monday,20,1,2025
Samantha Macasu,30444,San Jose State,,9.775,,,Monday,20,1,2025
Sarah Clark,30444,Arizona State,9.85,9.75,9.675,,Monday,20,1,2025
Sophia Konieczny,30444,San Jose State,9.675,9.8,,,Monday,20,1,2025
Sydney Kho,30444,Boise State,,9.725,,9.725,Monday,20,1,2025
Sydney Leitch,30444,Boise State,,9.8,,,Monday,20,1,2025
Tiara Platkin,30444,Arizona State,9.65,,,,Monday,20,1,2025
Victoria Smirnov,30444,Boise State,9.8,,,,Monday,20,1,2025
Abbie Thompson,30448,Denver,,9.675,,,Monday,20,1,2025
Alaina Reid,30448,Texas Woman's,,,,9.625,Monday,20,1,2025
Amanda Hargraves,30448,Denver,,,,9.8,Monday,20,1,2025
Bailey Bourgeois,30448,Texas Woman's,9.125,,9.8,,Monday,20,1,2025
Bailey Upton,30448,Texas Woman's,,9.725,9.6,9.775,Monday,20,1,2025
Bella Mabanta,30448,Denver,,9.925,,,Monday,20,1,2025
Cally Swaney,30448,Arkansas,9.825,9.725,,,Monday,20,1,2025
Cami Weaver,30448,Arkansas,,9.85,,9.9,Monday,20,1,2025
Caroline Bowns,30448,Texas Woman's,9.15,9.15,,,Monday,20,1,2025
Cecilia Cooley,30448,Denver,9.775,9.775,9.8,,Monday,20,1,2025
Dakota Essenpries,30448,Arkansas,,,,9.85,Monday,20,1,2025
Emma Brkljacic,30448,Texas Woman's,,9.775,,,Monday,20,1,2025
Frankie Price,30448,Arkansas,,,9.95,9.8,Monday,20,1,2025
Hailey Klein,30448,Arkansas,,,9.85,,Monday,20,1,2025
Ja'Leigh Lang,30448,Arkansas,,,,9.85,Monday,20,1,2025
Joscelyn Roberson,30448,Arkansas,9.75,9.9,9.925,9.775,Monday,20,1,2025
Kaitlyn Ewald,30448,Arkansas,9.8,,,,Monday,20,1,2025
Kaitlyn Hoiland,30448,Texas Woman's,9.625,9.325,,9.775,Monday,20,1,2025
Kalyxta Gamiao,30448,Arkansas,,9.875,9.85,,Monday,20,1,2025
Kami Zarlengo,30448,Texas Woman's,9.45,,,,Monday,20,1,2025
Kiley Rorich,30448,Denver,9.825,,9.8,,Monday,20,1,2025
Lainey Hunt,30448,Texas Woman's,7.6,,,,Monday,20,1,2025
Leah Smith,30448,Arkansas,,,9.9,9.875,Monday,20,1,2025
Maddie Jones,30448,Arkansas,9.85,9.7,9.9,,Monday,20,1,2025
Maddison Reidenbach,30448,Denver,,,9.8,9.8,Monday,20,1,2025
Madison Ulrich,30448,Denver,9.825,9.825,9.85,9.8,Monday,20,1,2025
Mati Waligora,30448,Arkansas,9.825,,,,Monday,20,1,2025
Mia Hebinck,30448,Denver,9.85,,,,Monday,20,1,2025
Mila Brusch,30448,Denver,,,9.725,9.9,Monday,20,1,2025
Momoko Iwai,30448,Denver,,9.85,,,Monday,20,1,2025
Priscilla Park,30448,Arkansas,9.75,9.8,,,Monday,20,1,2025
Rosie Casali,30448,Denver,9.725,,,9.675,Monday,20,1,2025
Rylie Mundell,30448,Denver,9.825,9.775,9.85,9.525,Monday,20,1,2025
Sophia Isbell,30448,Texas Woman's,,,9.725,8.975,Monday,20,1,2025
Sophie Hernandez,30448,Texas Woman's,,9.625,9.825,,Monday,20,1,2025
Steelie King,30448,Texas Woman's,9.55,9.5,9.625,9.75,Monday,20,1,2025
Trinity Caffey,30448,Texas Woman's,,,9.775,9.8,Monday,20,1,2025
Addison Glazier,30453,BYU,9.825,,,,Monday,20,1,2025
Alilah Alvarado,30453,BYU,9.85,9.75,,,Monday,20,1,2025
Alyssa Fernandez,30453,Southern Utah,,9.225,9.825,,Monday,20,1,2025
Amelie Morgan,30453,Utah,9.9,9.925,,9.85,Monday,20,1,2025
Ana Padurariu,30453,Utah,9.9,9.85,,,Monday,20,1,2025
Angel Stuart,30453,Utah State,,,8.975,,Monday,20,1,2025
Anna Bramblett-Wilde,30453,BYU,9.225,,,,Monday,20,1,2025
Ashley Glynn,30453,Utah,9.9,,9.9,9.85,Monday,20,1,2025
Ava Jorgensen,30453,BYU,9.85,,,,Monday,20,1,2025
Avery Bibbey,30453,Utah State,9.9,,,,Monday,20,1,2025
Brianna Brooks,30453,Utah State,9.825,9.825,9.675,9.775,Monday,20,1,2025
Brinlee Christensen,30453,Southern Utah,9.85,9.125,9.875,9.85,Monday,20,1,2025
Brynlee Andersen,30453,BYU,,9.925,,,Monday,20,1,2025
Camie Winger,30453,Utah,9.8,9.9,9.925,9.85,Monday,20,1,2025
Chloee Hoke,30453,BYU,,9.75,,,Monday,20,1,2025
Deb Silva,30453,BYU,,,9.675,9.75,Monday,20,1,2025
Eliza Millar-Crossman,30453,BYU,,9.8,9.825,,Monday,20,1,2025
Elizabeth Gantner,30453,Utah,,9.825,,,Monday,20,1,2025
Ella Zirbes,30453,Utah,,,,9.875,Monday,20,1,2025
Ellie Cacciola,30453,Southern Utah,,9.9,9.925,9.8,Monday,20,1,2025
Elliot Bringhurst,30453,Southern Utah,,9.85,,,Monday,20,1,2025
Grace McCallum,30453,Utah,9.925,9.9,9.925,9.85,Monday,20,1,2025
Heidi Schooley-Meyers,30453,BYU,,,9.5,,Monday,20,1,2025
Isabella Neff,30453,Southern Utah,9.8,,,,Monday,20,1,2025
Jadyn Harsh,30453,BYU,,,,9.725,Monday,20,1,2025
Jaylene Gilstrap,30453,Utah,,,9.85,,Monday,20,1,2025
Jenna Eagles,30453,Utah State,,9.75,9.725,,Monday,20,1,2025
Kaylie Medrano,30453,Utah State,8.95,9.8,9.825,9.8,Monday,20,1,2025
Kylie Eaquinto,30453,BYU,9.875,,,9.825,Monday,20,1,2025
Lundyn Vander Toolen,30453,Utah State,9.775,,,9.8,Monday,20,1,2025
Mackenzie Kelly,30453,Southern Utah,,,,9.85,Monday,20,1,2025
Makenna Smith,30453,Utah,9.9,9.95,9.925,9.95,Monday,20,1,2025
Maria Ferguson,30453,Southern Utah,9.775,,,,Monday,20,1,2025
Melissa Earl,30453,BYU,,,,9.675,Monday,20,1,2025
Mia Hampton,30453,Southern Utah,9.05,,9.9,9.725,Monday,20,1,2025
Mina Margraf-Benson,30453,BYU,,9.8,9.775,,Monday,20,1,2025
Mya Kirkham,30453,BYU,9.85,,,9.75,Monday,20,1,2025
Mya Witte,30453,Utah State,,9.7,,9.725,Monday,20,1,2025
Niya Randolph,30453,Southern Utah,9.8,9.825,9.825,9.825,Monday,20,1,2025
Nyla Morabito,30453,Utah State,,,9.925,9.85,Monday,20,1,2025
Olivia Matern,30453,BYU,,,9.8,,Monday,20,1,2025
Olivia Orengo,30453,Utah State,9.85,9.8,9.85,,Monday,20,1,2025
Payton Gatzlaff,30453,Utah State,,,,9.775,Monday,20,1,2025
Rylee Miller,30453,Southern Utah,,9.85,,,Monday,20,1,2025
Sarah Krump,30453,Utah,,,9.85,,Monday,20,1,2025
Sophie Dudley,30453,BYU,,9.75,9.6,9.75,Monday,20,1,2025
Sydney Jelen,30453,Utah State,9.6,9.875,,,Monday,20,1,2025
Taylor Gull,30453,Southern Utah,,,9.85,,Monday,20,1,2025
Trista Goodman,30453,Southern Utah,9.825,,,9.775,Monday,20,1,2025
Alyssa Manley,30455,Alaska,9.4,,,,Thursday,23,1,2025
Amara Nelson,30455,Greenville,8.55,9.275,9.225,9.55,Thursday,23,1,2025
Ariana DeSouza,30455,Alaska,,8.825,9.75,,Thursday,23,1,2025
Ashlie Leage,30455,Greenville,9.725,9.375,9.375,9.45,Thursday,23,1,2025
Avery Tillmanns,30455,Alaska,9.075,,,,Thursday,23,1,2025
Breeann Spain,30455,Alaska,,9.65,9.725,,Thursday,23,1,2025
Claudia Lessig,30455,Alaska,8.775,9.35,,,Thursday,23,1,2025
Ellery Gilmer,30455,Greenville,,,9.8,9.525,Thursday,23,1,2025
Elli Schnieders,30455,Greenville,,,,9.525,Thursday,23,1,2025
Grace Costello,30455,Alaska,,9.575,8.775,9.375,Thursday,23,1,2025
Hannah Boyd,30455,Alaska,8.775,9.675,9.75,9.6,Thursday,23,1,2025
Isabella Feltman,30455,Greenville,,8.85,9.275,,Thursday,23,1,2025
Jada Niles,30455,Alaska,9.475,,,,Thursday,23,1,2025
Jamilia Duffus,30455,Alaska,9.775,,,9.55,Thursday,23,1,2025
Jordan Grindol,30455,Alaska,,,9.375,,Thursday,23,1,2025
Madison Carter,30455,Greenville,9.35,9.175,,,Thursday,23,1,2025
Madison Ford,30455,Greenville,8.95,9.3,,,Thursday,23,1,2025
Maribelle Albert,30455,Alaska,,,,9.575,Thursday,23,1,2025
Montana Fairbairn,30455,Alaska,,9.725,9.85,9.775,Thursday,23,1,2025
Olivia Tocco,30455,Greenville,,7.55,,9.05,Thursday,23,1,2025
Rachel Miller,30455,Greenville,8.1,,9.725,9.375,Thursday,23,1,2025
Reagan Rodriguez,30455,Greenville,8.425,,,,Thursday,23,1,2025
Taylor Templin,30455,Greenville,,,8.75,,Thursday,23,1,2025
Verena Wong,30455,Alaska,,,,9.45,Thursday,23,1,2025
Aberdeen O'Driscoll,30457,Georgia,,9.85,,,Friday,24,1,2025
Ady Wahl,30457,Georgia,9.9,9.7,9.825,9.85,Friday,24,1,2025
Anaya Smith,30457,Georgia,,,,9.875,Friday,24,1,2025
Anya Pilgrim,30457,Florida,9.9,9.95,9.85,9.85,Friday,24,1,2025
Anya Turner,30457,Georgia,,9.85,,,Friday,24,1,2025
Brooke Gleichowski,30457,Georgia,,9.95,,,Friday,24,1,2025
Csenge Bacskay,30457,Georgia,,,9.85,9.825,Friday,24,1,2025
Ellie Lazzari,30457,Florida,,,,9.775,Friday,24,1,2025
Emma Mason,30457,Georgia,9.75,,,,Friday,24,1,2025
Eryn Williams,30457,Georgia,,,9.7,,Friday,24,1,2025
Harley Tomlin,30457,Georgia,,9.85,,,Friday,24,1,2025
Holly Snyder,30457,Georgia,9.775,,,,Friday,24,1,2025
Leanne Wong,30457,Florida,9.875,9.625,9.925,9.925,Friday,24,1,2025
Lily Smith,30457,Georgia,9.875,9.85,9.55,,Friday,24,1,2025
Ly Bui,30457,Florida,,,,9.925,Friday,24,1,2025
Naya Howard,30457,Georgia,9.85,,,9.85,Friday,24,1,2025
Nicole King,30457,Georgia,,,9.75,9.8,Friday,24,1,2025
Nyla Aquino,30457,Georgia,,,9.875,9.925,Friday,24,1,2025
Riley McCusker,30457,Florida,9.875,,,,Friday,24,1,2025
Sadie Jane Berry,30457,Georgia,9.6,,,,Friday,24,1,2025
Selena Harris-Miranda,30457,Florida,9.85,9.925,9.9,9.95,Friday,24,1,2025
Skye Blakely,30457,Florida,9.9,,,,Friday,24,1,2025
Skylar Draser,30457,Florida,,9.9,,,Friday,24,1,2025
Sloane Blakely,30457,Florida,9.825,9.95,9.925,9.9,Friday,24,1,2025
Taylor Clark,30457,Florida,,,9.9,,Friday,24,1,2025
Victoria Nguyen,30457,Florida,,9.95,9.5,,Friday,24,1,2025
Alana Anderson,30459,Northern Illinois,,,9.65,,Friday,24,1,2025
Alana Laster,30459,Illinois State,,,9.9,9.775,Friday,24,1,2025
Ally Lau,30459,Illinois State,,9.875,,,Friday,24,1,2025
Audrey Brenner,30459,Northern Illinois,,,,9.75,Friday,24,1,2025
Dawsyn Sallee,30459,Northern Illinois,,9.775,9.675,9.725,Friday,24,1,2025
Drake White,30459,Northern Illinois,9.325,,9.8,9.725,Friday,24,1,2025
Ellery Werner,30459,Northern Illinois,,9.575,,,Friday,24,1,2025
Isabella Ross,30459,Northern Illinois,9.325,9.55,9.775,,Friday,24,1,2025
Isabella Sissi,30459,Northern Illinois,9.425,,,9.7,Friday,24,1,2025
Jada Beswick,30459,Illinois State,9.75,,,,Friday,24,1,2025
Jaly Jones,30459,Illinois State,,9.7,9.75,9.675,Friday,24,1,2025
Jaye Mack,30459,Illinois State,,9.85,9.85,9.85,Friday,24,1,2025
Jocelyn Harbeck,30459,Northern Illinois,,,,9.775,Friday,24,1,2025
Joy Ziegenfelder,30459,Illinois State,,9.775,,,Friday,24,1,2025
Julia Heiner,30459,Illinois State,9.825,,,,Friday,24,1,2025
Kaitlyn Donovan,30459,Illinois State,,,9.825,9.375,Friday,24,1,2025
Kiera O'Shea,30459,Northern Illinois,9.6,9.725,,9.85,Friday,24,1,2025
Mikayla Brown,30459,Northern Illinois,8.45,9.775,9.8,,Friday,24,1,2025
Mya Robinson,30459,Illinois State,9.7,9.575,9.7,9.8,Friday,24,1,2025
Natalia Kraus,30459,Northern Illinois,7.6,,,,Friday,24,1,2025
Reese Grolla,30459,Illinois State,9.85,9.9,,,Friday,24,1,2025
Samantha Nickle,30459,Northern Illinois,,9.7,9.725,,Friday,24,1,2025
Sammie Wolff,30459,Illinois State,,,,9.75,Friday,24,1,2025
Sara Wabi,30459,Illinois State,9.8,,9.875,,Friday,24,1,2025
Savannah Ray,30459,Illinois State,9.775,,,,Friday,24,1,2025
Allison Kaempfer,30461,Penn State,,,,9.65,Friday,24,1,2025
Amani Herring,30461,Penn State,,9.725,9.825,,Friday,24,1,2025
Anna Pagliaro,30461,Rutgers,,9.675,,9.65,Friday,24,1,2025
Ashley Maul,30461,Penn State,,9.775,9.675,,Friday,24,1,2025
Cassi Barbanente,30461,Penn State,9.85,,,,Friday,24,1,2025
Dani Latronica,30461,Penn State,9.825,8.975,,,Friday,24,1,2025
Delaney Adrian,30461,Rutgers,9.825,,9.825,9.625,Friday,24,1,2025
Donna Uhlenberg,30461,Rutgers,,,9.65,,Friday,24,1,2025
Elia Aird,30461,Rutgers,,9.7,9.75,9.65,Friday,24,1,2025
Elina Vihrova,30461,Penn State,,,,9.725,Friday,24,1,2025
Elizabeth Leary,30461,Penn State,9.825,,9.775,9.75,Friday,24,1,2025
Elliot Goldsmith,30461,Rutgers,9.75,,9.75,,Friday,24,1,2025
Gabrielle Dildy,30461,Rutgers,,9.7,9.775,9.675,Friday,24,1,2025
Gabrielle Gallentine,30461,Penn State,9.9,,,,Friday,24,1,2025
Isabella Salcedo,30461,Penn State,,9.7,9.75,,Friday,24,1,2025
Jackie Manifold,30461,Rutgers,,9.6,,,Friday,24,1,2025
Jessica Johanson,30461,Penn State,9.85,,9.725,9.675,Friday,24,1,2025
Kalea McElligott,30461,Penn State,,9.775,9.875,9.7,Friday,24,1,2025
Keeley Smith,30461,Rutgers,9.85,9.6,,,Friday,24,1,2025
Lisa Chevaire,30461,Rutgers,,,,9.65,Friday,24,1,2025
Maddie Johnston,30461,Penn State,9.725,9.05,,9.75,Friday,24,1,2025
Maya Jones,30461,Rutgers,,,9.7,,Friday,24,1,2025
Olivia DiNovi,30461,Rutgers,9.725,,,,Friday,24,1,2025
Rachael Riley,30461,Rutgers,,9.775,,9.7,Friday,24,1,2025
Reagan Schenkel,30461,Rutgers,9.8,,,,Friday,24,1,2025
Valentina Lorente-Garcia,30461,Rutgers,9.75,,,,Friday,24,1,2025
Addison Dack,30463,Gustavus Adolphus,,8.525,,,Friday,24,1,2025
Ashley Phillips,30463,Winona State,8.15,,,,Friday,24,1,2025
Ashlyn Barker,30463,UW-La Crosse,9.4,,9.5,,Friday,24,1,2025
Aspen Peters,30463,Winona State,,9.3,,9.375,Friday,24,1,2025
Bryce Stoltz,30463,Winona State,,9.775,,9.45,Friday,24,1,2025
Camdyn McSweeney,30463,Winona State,,,8.9,,Friday,24,1,2025
Cara Wong,30463,Gustavus Adolphus,9.15,8.85,9.625,9.475,Friday,24,1,2025
Claire Robbins,30463,UW-La Crosse,8.2,9.475,9.65,,Friday,24,1,2025
Courtney Knutson,30463,Winona State,,,9.25,,Friday,24,1,2025
Darby Savage,30463,UW-La Crosse,,,,8.95,Friday,24,1,2025
Ella Denno,30463,Winona State,8.85,,,,Friday,24,1,2025
Gabby Kraft,30463,Winona State,,9.675,9.775,9.1,Friday,24,1,2025
Grace Edwards,30463,UW-La Crosse,,,9.6,,Friday,24,1,2025
Grace Kehr,30463,UW-La Crosse,,,9.725,9.6,Friday,24,1,2025
Jessica Taylor,30463,UW-La Crosse,,,9.6,,Friday,24,1,2025
Jessisca Miley,30463,Winona State,9.325,,9.575,9.525,Friday,24,1,2025
Kaelyn Duman,30463,Winona State,,8.225,,,Friday,24,1,2025
Kate Clairmont,30463,Gustavus Adolphus,8.775,9.4,,9.375,Friday,24,1,2025
Kaylee Bateman,30463,Winona State,9.55,9.025,,,Friday,24,1,2025
Kennedy O'Connor,30463,Winona State,,,,9.675,Friday,24,1,2025
Kyla Dickson,30463,UW-La Crosse,,9.775,9.45,9.625,Friday,24,1,2025
Lauren Main,30463,UW-La Crosse,9.55,9.575,,,Friday,24,1,2025
Lili Guy,30463,Gustavus Adolphus,8.95,,9.6,9.55,Friday,24,1,2025
Lilly Millington,30463,UW-La Crosse,,,,9.675,Friday,24,1,2025
Lily Horsch,30463,Gustavus Adolphus,7.2,,,9.15,Friday,24,1,2025
Lindsay Bangs,30463,Gustavus Adolphus,,9.5,9.625,9.4,Friday,24,1,2025
Lucy Warren,30463,UW-La Crosse,,9.55,,,Friday,24,1,2025
Madalyn McCormick,30463,UW-La Crosse,8.7,9.6,,,Friday,24,1,2025
Maddie Reiner,30463,Winona State,9.2,,,,Friday,24,1,2025
Maddox Lee,30463,Gustavus Adolphus,9.175,9.525,9.35,,Friday,24,1,2025
Madysen Disekrud,30463,Winona State,,,9.4,9.55,Friday,24,1,2025
Marley Michaud,30463,Gustavus Adolphus,8.4,,9.475,9.275,Friday,24,1,2025
Morgan Engels,30463,UW-La Crosse,9.675,,,,Friday,24,1,2025
Olivia Jahnke,30463,Gustavus Adolphus,,8.9,9.575,,Friday,24,1,2025
Paige Breckwoldt,30463,UW-La Crosse,,,,9.525,Friday,24,1,2025
Raina Christenson,30463,UW-La Crosse,,9.7,,,Friday,24,1,2025
Reagan Kelly,30463,Winona State,,9.4,,,Friday,24,1,2025
Sarah Best,30463,UW-La Crosse,9.625,,,,Friday,24,1,2025
Sarah Pastore,30463,UW-La Crosse,,,,9.65,Friday,24,1,2025
Taylor Magierka,30463,Winona State,8.45,,9.75,,Friday,24,1,2025
Aleah Radojevich,30466,UW-Oshkosh,,,9.675,,Friday,24,1,2025
Amaya McConkay,30466,UW-Oshkosh,9.725,,,9.675,Friday,24,1,2025
Amy Fridley,30466,UW-Eau Claire,,,8.6,9.35,Friday,24,1,2025
Anna Preussner,30466,UW-Eau Claire,,,9.45,,Friday,24,1,2025
Ava Obermoller,30466,UW-Eau Claire,9.05,,,9.35,Friday,24,1,2025
Averie Evans,30466,UW-Oshkosh,9.625,,,9.725,Friday,24,1,2025
Brooklynn Einck,30466,UW-Eau Claire,9.175,,,,Friday,24,1,2025
Cadence Cordova,30466,UW-Eau Claire,9.225,,,9.25,Friday,24,1,2025
Delaney Cienkus,30466,UW-Oshkosh,,9.575,9.825,,Friday,24,1,2025
Ella Montgomery,30466,UW-Eau Claire,9.0,9.55,,,Friday,24,1,2025
Emily Leese,30466,UW-Eau Claire,,,9.525,9.325,Friday,24,1,2025
Emma Steele,30466,UW-Oshkosh,,9.675,,,Friday,24,1,2025
Georgia Guynn,30466,UW-Eau Claire,,9.625,,,Friday,24,1,2025
Grace Gerster,30466,UW-Eau Claire,,,9.05,9.425,Friday,24,1,2025
Hareet Gehlon,30466,UW-Eau Claire,,9.725,,,Friday,24,1,2025
Jay Ratkowski,30466,UW-Oshkosh,,9.65,9.425,,Friday,24,1,2025
Jurnee Warkentien,30466,UW-Oshkosh,,9.6,9.625,,Friday,24,1,2025
Kelsey Donovan,30466,UW-Eau Claire,,,9.625,,Friday,24,1,2025
Linnea Vasali,30466,UW-Eau Claire,,9.575,,,Friday,24,1,2025
Liz Romano,30466,UW-Oshkosh,,9.55,,,Friday,24,1,2025
Lydia Hayden,30466,UW-Oshkosh,,9.775,,,Friday,24,1,2025
Madison Daly,30466,UW-Eau Claire,8.125,9.425,9.35,8.65,Friday,24,1,2025
Meghan Dahlin,30466,UW-Eau Claire,,9.65,,,Friday,24,1,2025
Mia Lucero,30466,UW-Oshkosh,,,9.775,9.6,Friday,24,1,2025
Mia Passarella,30466,UW-Oshkosh,8.45,,,9.575,Friday,24,1,2025
Rachel Hettiarachchy,30466,UW-Eau Claire,9.175,,,,Friday,24,1,2025
Reanna McGibboney,30466,UW-Oshkosh,9.8,,9.625,9.7,Friday,24,1,2025
Samantha Zeilinger,30466,UW-Oshkosh,9.75,,,9.5,Friday,24,1,2025
Zoe Krull,30466,UW-Oshkosh,9.425,,,,Friday,24,1,2025
Anna Beaudry,30476,Hamline,,8.725,,,Friday,24,1,2025
Anna Johnson,30476,Hamline,,8.625,,9.1,Friday,24,1,2025
Anna Mielke,30476,UW-Stout,,,9.375,,Friday,24,1,2025
Annelise Smaby,30476,Hamline,8.675,,,,Friday,24,1,2025
Ashley Savell,30476,Hamline,,,,9.25,Friday,24,1,2025
Brianna Weikel,30476,Hamline,9.45,9.125,9.35,,Friday,24,1,2025
Cailey Price,30476,Hamline,,8.625,9.175,9.075,Friday,24,1,2025
Cassidy Lennard,30476,UW-Stout,,9.5,,,Friday,24,1,2025
Catelyn Zack,30476,Hamline,,,9.35,,Friday,24,1,2025
Effie Ferguson,30476,UW-Stout,8.275,9.675,9.8,,Friday,24,1,2025
Elena Bailey,30476,Hamline,8.7,,,9.325,Friday,24,1,2025
Emma Brittingham,30476,UW-Stout,9.0,,,,Friday,24,1,2025
Gabrielle Winstead,30476,UW-Stout,,,,8.925,Friday,24,1,2025
Gillian Cummins,30476,UW-Stout,9.4,9.55,,9.4,Friday,24,1,2025
Hannah Lemon,30476,Hamline,,8.8,,,Friday,24,1,2025
Isabela Krulich,30476,UW-Stout,,9.6,9.7,,Friday,24,1,2025
Jaidyn Carroll,30476,UW-Stout,,,,9.5,Friday,24,1,2025
Jamie Beatty,30476,UW-Stout,9.225,9.35,,8.825,Friday,24,1,2025
Jessica Qualich,30476,UW-Stout,,,,9.225,Friday,24,1,2025
Julia Cheely,30476,Hamline,9.625,9.45,,9.5,Friday,24,1,2025
Katie Chai-Mulkerin,30476,Hamline,9.05,,,,Friday,24,1,2025
Kaylie Kassing,30476,UW-Stout,,,9.675,,Friday,24,1,2025
Maura Erickson,30476,Hamline,,,,9.425,Friday,24,1,2025
Meighan White,30476,Hamline,,,8.5,,Friday,24,1,2025
Molly Rickey,30476,UW-Stout,,,9.5,,Friday,24,1,2025
Olivia Tobin,30476,Hamline,9.025,,,,Friday,24,1,2025
Sarah Lutz,30476,UW-Stout,9.55,,,,Friday,24,1,2025
Sydney Stoenner,30476,Hamline,,,9.325,,Friday,24,1,2025
Taylar Schaefer,30476,UW-Stout,9.25,9.25,9.6,9.65,Friday,24,1,2025
Zoey Danzinger,30476,Hamline,,,9.175,,Friday,24,1,2025
Amy Doyle,30478,Michigan State,9.8,,,9.85,Friday,24,1,2025
Cady Duplissis,30478,Michigan State,,9.725,,9.85,Friday,24,1,2025
Cameron Smith,30478,Ohio State,,9.65,,9.825,Friday,24,1,2025
Courtney McCann,30478,Ohio State,,9.9,,,Friday,24,1,2025
Delanie Harkness,30478,Michigan State,9.8,,9.6,,Friday,24,1,2025
Elle Beaufait,30478,Michigan State,,,9.825,,Friday,24,1,2025
Emma Misenheimer,30478,Michigan State,,9.7,,,Friday,24,1,2025
Gabrielle Stephen,30478,Michigan State,9.775,9.9,9.9,9.8,Friday,24,1,2025
Giana Kalefe,30478,Michigan State,,9.875,,,Friday,24,1,2025
JJ Coleman,30478,Ohio State,,,9.85,9.25,Friday,24,1,2025
Jojo Warga,30478,Ohio State,,9.775,,,Friday,24,1,2025
Kaitlyn Grimes,30478,Ohio State,,,9.8,9.825,Friday,24,1,2025
Kate Parks,30478,Ohio State,9.7,,,,Friday,24,1,2025
MaKayla Tucker,30478,Michigan State,9.8,,9.825,9.9,Friday,24,1,2025
Maisyn Rader,30478,Ohio State,9.65,,,,Friday,24,1,2025
Nikki Smith,30478,Michigan State,9.85,9.6,9.85,9.95,Friday,24,1,2025
Payton Harris,30478,Ohio State,9.725,9.825,9.8,,Friday,24,1,2025
Rylee Guevara,30478,Ohio State,,9.675,9.9,9.65,Friday,24,1,2025
Sage Kellerman,30478,Michigan State,9.85,,,9.9,Friday,24,1,2025
Samara Buchanan,30478,Ohio State,9.75,,,,Friday,24,1,2025
Sidney Washington,30478,Ohio State,9.775,,9.8,9.85,Friday,24,1,2025
Skyla Schulte,30478,Michigan State,,9.75,9.9,,Friday,24,1,2025
Tory Vetter,30478,Ohio State,9.825,9.1,9.85,9.8,Friday,24,1,2025
Alyssa Bigler,30480,Air Force,9.85,9.75,9.775,9.925,Friday,24,1,2025
Angel Stuart,30480,Utah State,,,9.7,9.75,Friday,24,1,2025
Anna Kristianson,30480,Air Force,9.8,,,,Friday,24,1,2025
Avery Bibbey,30480,Utah State,8.975,,,,Friday,24,1,2025
Ayla McKean,30480,Air Force,9.0,,,,Friday,24,1,2025
Brianna Brooks,30480,Utah State,9.825,9.75,,,Friday,24,1,2025
Chelsea Boyer,30480,Air Force,9.65,,,,Friday,24,1,2025
Dani Kirstine,30480,Utah State,9.8,,,,Friday,24,1,2025
Gabriella Hartley,30480,Air Force,9.65,9.7,,,Friday,24,1,2025
Gabriella Meccia,30480,Air Force,,,9.625,9.65,Friday,24,1,2025
Gianna Martyna,30480,Air Force,,,9.5,,Friday,24,1,2025
Jenna Eagles,30480,Utah State,,9.875,9.7,,Friday,24,1,2025
Kaylie Medrano,30480,Utah State,,9.775,9.7,9.7,Friday,24,1,2025
Kylee Greene,30480,Air Force,,9.775,,9.725,Friday,24,1,2025
Lundyn Vander Toolen,30480,Utah State,9.775,,,9.825,Friday,24,1,2025
Maggie Slife,30480,Air Force,9.825,9.85,9.9,9.8,Friday,24,1,2025
Marley Peterson,30480,Utah State,,,9.575,,Friday,24,1,2025
Mya Witte,30480,Utah State,,9.1,,,Friday,24,1,2025
Nhi Nguyen,30480,Air Force,,9.775,,,Friday,24,1,2025
Nyla Morabito,30480,Utah State,,,8.975,9.85,Friday,24,1,2025
Olivia Orengo,30480,Utah State,9.725,9.725,9.7,,Friday,24,1,2025
Olivia Raife,30480,Air Force,,,,9.725,Friday,24,1,2025
Payton Gatzlaff,30480,Utah State,,,,9.775,Friday,24,1,2025
Sarah Willis,30480,Air Force,,,9.575,9.725,Friday,24,1,2025
Sydney Jelen,30480,Utah State,9.8,9.875,,,Friday,24,1,2025
Velandra Brochi,30480,Air Force,,9.775,9.75,,Friday,24,1,2025
Aleah Finnegan,30482,LSU,9.85,9.925,9.575,9.75,Friday,24,1,2025
Alexis Jeffrey,30482,LSU,9.875,,,,Friday,24,1,2025
Amari Drayton,30482,LSU,,,9.875,9.85,Friday,24,1,2025
Ashley Cowan,30482,LSU,9.875,,,,Friday,24,1,2025
Cally Swaney,30482,Arkansas,9.675,9.8,,,Friday,24,1,2025
Cami Weaver,30482,Arkansas,,9.825,,9.875,Friday,24,1,2025
Chase Brock,30482,LSU,,,9.825,9.9,Friday,24,1,2025
Dakota Essenpries,30482,Arkansas,,,,9.875,Friday,24,1,2025
Frankie Price,30482,Arkansas,,,9.95,,Friday,24,1,2025
Hailey Klein,30482,Arkansas,,,9.825,9.8,Friday,24,1,2025
Haleigh Bryant,30482,LSU,,9.8,9.875,,Friday,24,1,2025
Ja'Leigh Lang,30482,Arkansas,,,,9.825,Friday,24,1,2025
Joscelyn Roberson,30482,Arkansas,9.85,9.7,9.925,9.875,Friday,24,1,2025
Kailin Chio,30482,LSU,9.725,9.85,9.15,9.95,Friday,24,1,2025
Kaitlyn Ewald,30482,Arkansas,9.825,,,,Friday,24,1,2025
Kaliya Lincoln,30482,LSU,,,,9.85,Friday,24,1,2025
Kalyxta Gamiao,30482,Arkansas,,9.8,9.85,,Friday,24,1,2025
Konnor McClain,30482,LSU,9.925,9.575,,,Friday,24,1,2025
Kylie Coen,30482,LSU,,9.65,,,Friday,24,1,2025
Leah Smith,30482,Arkansas,,,9.925,9.8,Friday,24,1,2025
Lexi Zeiss,30482,LSU,9.85,,,9.8,Friday,24,1,2025
Maddie Jones,30482,Arkansas,9.825,9.625,9.875,,Friday,24,1,2025
Mati Waligora,30482,Arkansas,9.875,,,,Friday,24,1,2025
Olivia Dunne,30482,LSU,,,9.7,,Friday,24,1,2025
Priscilla Park,30482,Arkansas,9.875,9.725,,,Friday,24,1,2025
Sierra Ballard,30482,LSU,,9.8,,,Friday,24,1,2025
Alex Irvine,30484,Auburn,9.825,,,,Friday,24,1,2025
Bryn Bartman,30484,Auburn,9.725,,,,Friday,24,1,2025
Emma Grace Boyd,30484,Auburn,9.75,,,,Friday,24,1,2025
Gabby McLaughlin,30484,Auburn,,9.9,9.875,,Friday,24,1,2025
Jade Carey,30484,Oregon State,9.9,9.975,9.9,9.85,Friday,24,1,2025
Jennifer McMillan,30484,Oregon State,9.75,9.85,,,Friday,24,1,2025
Julianne Huff,30484,Auburn,,,,9.75,Friday,24,1,2025
Kaitlin Garcia,30484,Oregon State,,,9.875,9.775,Friday,24,1,2025
Karlie Chavez,30484,Oregon State,,,9.75,9.9,Friday,24,1,2025
Katelyn Jong,30484,Auburn,9.925,9.925,9.9,9.75,Friday,24,1,2025
Lauren Letzsch,30484,Oregon State,,9.9,,,Friday,24,1,2025
Marissa Neal,30484,Auburn,,9.975,9.875,,Friday,24,1,2025
Natalie Briones,30484,Oregon State,9.75,,,9.8,Friday,24,1,2025
Olivia Buckner,30484,Oregon State,,9.9,,,Friday,24,1,2025
Olivia Greaves,30484,Auburn,9.925,,9.85,,Friday,24,1,2025
Olivia Hollingsworth,30484,Auburn,9.75,9.825,,,Friday,24,1,2025
Paige Zancan,30484,Auburn,,9.825,,9.9,Friday,24,1,2025
Sage Thompson,30484,Oregon State,9.75,,9.85,9.8,Friday,24,1,2025
Sara Hubbard,30484,Auburn,,,,9.825,Friday,24,1,2025
Savannah Miller,30484,Oregon State,9.7,,9.85,,Friday,24,1,2025
Sophia Bell,30484,Auburn,,,9.775,9.675,Friday,24,1,2025
Sophia Esposito,30484,Oregon State,,9.875,9.85,9.7,Friday,24,1,2025
Sophia Groth,30484,Auburn,,9.75,9.9,,Friday,24,1,2025
Sydney Gonzales,30484,Oregon State,,9.925,,,Friday,24,1,2025
Sydney Schumaker,30484,Auburn,,,,9.775,Friday,24,1,2025
Taylor DeVries,30484,Oregon State,9.8,,,,Friday,24,1,2025
Addison Glazier,30486,BYU,9.725,,,,Friday,24,1,2025
Alilah Alvarado,30486,BYU,9.65,9.625,,,Friday,24,1,2025
Amelie Morgan,30486,Utah,9.85,9.825,,9.8,Friday,24,1,2025
Ana Padurariu,30486,Utah,9.8,9.825,,,Friday,24,1,2025
Anna Bramblett-Wilde,30486,BYU,8.35,,,,Friday,24,1,2025
Ashley Glynn,30486,Utah,9.775,,9.8,9.8,Friday,24,1,2025
Ava Jorgensen,30486,BYU,9.725,,,9.75,Friday,24,1,2025
Brynlee Andersen,30486,BYU,,9.9,9.825,,Friday,24,1,2025
Camie Winger,30486,Utah,,9.875,9.8,9.875,Friday,24,1,2025
Chloee Hoke,30486,BYU,,9.775,,,Friday,24,1,2025
Deb Silva,30486,BYU,,,9.775,9.85,Friday,24,1,2025
Eliza Millar-Crossman,30486,BYU,,9.8,9.775,,Friday,24,1,2025
Elizabeth Gantner,30486,Utah,,9.85,,,Friday,24,1,2025
Ella Zirbes,30486,Utah,9.875,,,9.825,Friday,24,1,2025
Grace McCallum,30486,Utah,9.925,9.925,9.9,9.675,Friday,24,1,2025
Heidi Schooley-Meyers,30486,BYU,,,9.825,,Friday,24,1,2025
Jadyn Harsh,30486,BYU,,,,9.7,Friday,24,1,2025
Jaylene Gilstrap,30486,Utah,,,9.8,,Friday,24,1,2025
Kylie Eaquinto,30486,BYU,9.8,,9.825,9.775,Friday,24,1,2025
Makenna Smith,30486,Utah,9.8,9.875,9.85,9.9,Friday,24,1,2025
Mina Margraf-Benson,30486,BYU,,9.825,,,Friday,24,1,2025
Mya Kirkham,30486,BYU,9.65,,,9.525,Friday,24,1,2025
Sarah Krump,30486,Utah,,,9.825,,Friday,24,1,2025
Sophie Dudley,30486,BYU,,9.675,9.775,9.7,Friday,24,1,2025
Annika Cole,30488,Simpson,8.85,,9.5,,Friday,24,1,2025
Bella Dix,30488,Simpson,,,9.35,,Friday,24,1,2025
Brooklen Morgan,30488,Simpson,,9.7,9.7,,Friday,24,1,2025
Ella Schell,30488,Iowa State,,,9.8,,Friday,24,1,2025
Emma Tolbert,30488,Simpson,,9.05,9.375,9.45,Friday,24,1,2025
Emmie Barton,30488,Simpson,,,,9.475,Friday,24,1,2025
Evalyn Resnick,30488,Simpson,9.0,8.975,,,Friday,24,1,2025
Frederique Sgarbossa,30488,Iowa State,9.725,9.7,,9.825,Friday,24,1,2025
Hannah Loyim,30488,Iowa State,9.75,9.75,9.775,9.775,Friday,24,1,2025
Haylee Hardin,30488,Iowa State,,,9.85,9.8,Friday,24,1,2025
Izzy Brown,30488,Simpson,8.075,9.3,,,Friday,24,1,2025
Josie Bergstrom-Te Slaa,30488,Iowa State,9.725,9.85,9.825,9.85,Friday,24,1,2025
Kaelyn Tally,30488,Simpson,,,9.475,9.5,Friday,24,1,2025
Kaia Bochow,30488,Iowa State,9.7,,,,Friday,24,1,2025
Kaley Bristow,30488,Simpson,,8.65,,,Friday,24,1,2025
Lauren O'Brochta,30488,Iowa State,,9.025,,,Friday,24,1,2025
Lauren Thomas,30488,Iowa State,9.7,9.775,,,Friday,24,1,2025
Liz Sisler,30488,Simpson,9.475,,,,Friday,24,1,2025
Noelle Adams,30488,Iowa State,,9.775,9.85,,Friday,24,1,2025
Olivia Hedary,30488,Simpson,8.925,9.45,9.575,9.45,Friday,24,1,2025
Paige Wills,30488,Iowa State,9.725,,,9.75,Friday,24,1,2025
Rachel Welch,30488,Simpson,,,,9.35,Friday,24,1,2025
Rachel Wilke,30488,Iowa State,,,9.875,9.55,Friday,24,1,2025
Wynter Poolaw,30488,Simpson,8.725,,,9.075,Friday,24,1,2025
Ashley Knight,30490,North Carolina State,,,9.85,9.85,Friday,24,1,2025
Ava Myers,30490,North Carolina State,9.8,,,,Friday,24,1,2025
Bella Miller,30490,North Carolina,,,9.75,,Friday,24,1,2025
Caroline Volk,30490,North Carolina State,9.75,,,,Friday,24,1,2025
Chloe Negrete,30490,North Carolina State,,9.9,9.925,9.825,Friday,24,1,2025
Elle Hadrick,30490,North Carolina State,9.775,,9.675,,Friday,24,1,2025
Elly King,30490,North Carolina,,,,9.75,Friday,24,1,2025
Gwen Fink,30490,North Carolina,9.85,9.85,9.7,,Friday,24,1,2025
Isabelle Schaefer,30490,North Carolina,9.9,,,,Friday,24,1,2025
Jessica Naranjo,30490,North Carolina,,9.75,9.85,,Friday,24,1,2025
JoJo Valahovic,30490,North Carolina,,9.65,9.75,9.875,Friday,24,1,2025
Julia Knower,30490,North Carolina,9.675,9.7,9.75,9.775,Friday,24,1,2025
Kailee Adomaites,30490,North Carolina State,9.875,,,,Friday,24,1,2025
Katie Harper,30490,North Carolina State,9.75,9.775,,,Friday,24,1,2025
Kaya Forbes,30490,North Carolina,9.775,,9.85,9.825,Friday,24,1,2025
Krista Zultevicz,30490,North Carolina State,,,9.825,,Friday,24,1,2025
Lali Dekanoidze,30490,North Carolina,9.975,,,9.75,Friday,24,1,2025
Lauren Wright,30490,North Carolina State,,,,9.825,Friday,24,1,2025
Maddie Hall,30490,North Carolina State,,9.725,,9.725,Friday,24,1,2025
Meg Adler,30490,North Carolina State,,9.225,9.85,9.8,Friday,24,1,2025
Neve King,30490,North Carolina,9.8,,,9.725,Friday,24,1,2025
Peyton Childs,30490,North Carolina State,9.8,9.725,,,Friday,24,1,2025
Regan McBride,30490,North Carolina,,9.575,,,Friday,24,1,2025
Syniya Thomas,30490,North Carolina State,,9.8,9.875,9.8,Friday,24,1,2025
Taylor Schulze,30490,North Carolina,,9.75,,,Friday,24,1,2025
Addison Fatta,30492,Oklahoma,9.85,9.9,9.75,9.825,Friday,24,1,2025
Audrey Davis,30492,Oklahoma,9.925,9.9,9.8,9.85,Friday,24,1,2025
Chloe LaCoursiere,30492,Alabama,9.85,9.825,9.75,,Friday,24,1,2025
Corinne Bunagan,30492,Alabama,,9.825,,9.6,Friday,24,1,2025
Elle Mueller,30492,Oklahoma,9.65,,9.875,,Friday,24,1,2025
Faith Torrez,30492,Oklahoma,9.75,9.95,9.95,9.95,Friday,24,1,2025
Gabby Gladieux,30492,Alabama,9.775,9.8,9.95,9.875,Friday,24,1,2025
Gabby Ladanyi,30492,Alabama,,9.825,,,Friday,24,1,2025
Jamison Sears,30492,Alabama,,,9.75,,Friday,24,1,2025
Jordan Bowers,30492,Oklahoma,9.95,9.925,9.95,9.8,Friday,24,1,2025
Jordyn Paradise,30492,Alabama,9.85,,,9.75,Friday,24,1,2025
Karis German,30492,Alabama,,,,9.775,Friday,24,1,2025
Keira Wells,30492,Oklahoma,,9.8,,9.775,Friday,24,1,2025
Lilly Hudson,30492,Alabama,9.775,9.85,8.95,9.875,Friday,24,1,2025
Lily Pederson,30492,Oklahoma,9.8,9.9,9.825,9.875,Friday,24,1,2025
Paityn Walker,30492,Alabama,9.875,,,,Friday,24,1,2025
Rachel Rybicki,30492,Alabama,,,9.575,,Friday,24,1,2025
Ryan Fuller,30492,Alabama,9.8,,,,Friday,24,1,2025
Shania Adams,30492,Alabama,,9.875,9.85,9.8,Friday,24,1,2025
Amelia Knight,30494,Illinois,9.8,9.775,,,Saturday,25,1,2025
Arielle Ward,30494,Illinois,9.75,,9.75,9.8,Saturday,25,1,2025
Brooklyn Moors,30494,UCLA,,9.875,9.9,9.775,Saturday,25,1,2025
Chae Campbell,30494,UCLA,9.775,9.85,9.85,9.925,Saturday,25,1,2025
Chloe Cho,30494,Illinois,9.85,9.925,9.7,9.875,Saturday,25,1,2025
Ciena Alipio,30494,UCLA,,9.8,,,Saturday,25,1,2025
Destiny Denning,30494,Illinois,9.725,,,,Saturday,25,1,2025
Eden King,30494,Illinois,,9.05,9.55,9.75,Saturday,25,1,2025
Emily Lee,30494,UCLA,,9.725,,9.9,Saturday,25,1,2025
Emma Malabuyo,30494,UCLA,9.85,9.9,9.925,,Saturday,25,1,2025
Emmalise Nock,30494,Illinois,,,9.825,,Saturday,25,1,2025
Frida Esparza,30494,UCLA,9.925,,,,Saturday,25,1,2025
Jordan Chiles,30494,UCLA,9.75,,9.95,9.925,Saturday,25,1,2025
Katelyn Rosen,30494,UCLA,9.8,8.875,,,Saturday,25,1,2025
Macy McGowan,30494,UCLA,9.875,,9.875,9.8,Saturday,25,1,2025
Madisyn Anyimi,30494,UCLA,,,,9.75,Saturday,25,1,2025
Makayla Green,30494,Illinois,9.825,,,,Saturday,25,1,2025
Mareli Muller,30494,Illinois,9.25,9.075,9.7,9.8,Saturday,25,1,2025
Mika Webster-Longin,30494,UCLA,,,9.75,,Saturday,25,1,2025
Mya Gordon,30494,Illinois,,,,7.6,Saturday,25,1,2025
Olivia Coppola,30494,Illinois,,9.8,,9.8,Saturday,25,1,2025
Ruthuja Nataraj,30494,Illinois,,9.65,,,Saturday,25,1,2025
Tali Joelson,30494,Illinois,,,9.575,,Saturday,25,1,2025
Abigail Kenney,30496,Bridgeport,9.6,9.725,9.8,9.7,Saturday,25,1,2025
Addy Rothstein,30496,Cornell,9.45,,9.65,9.7,Saturday,25,1,2025
Aria Roberts,30496,Centenary College,8.675,,,,Saturday,25,1,2025
Avery Byun,30496,Cornell,9.575,9.525,9.8,9.7,Saturday,25,1,2025
Bridget Sullivan,30496,West Chester,,,9.625,9.525,Saturday,25,1,2025
Brooke Murdock,30496,Centenary College,,9.15,,,Saturday,25,1,2025
Cami Whitaker,30496,Cornell,,,9.725,9.475,Saturday,25,1,2025
Caroline Cascadden,30496,West Chester,,9.7,9.75,,Saturday,25,1,2025
Catherine Keener,30496,West Chester,,9.6,9.75,,Saturday,25,1,2025
Cecelia Paredes,30496,Centenary College,,,9.475,,Saturday,25,1,2025
Chloe Gilbert,30496,Centenary College,,8.45,,9.4,Saturday,25,1,2025
Claire Flores,30496,Centenary College,9.1,,9.55,9.475,Saturday,25,1,2025
Corinne Gruber,30496,West Chester,,,,9.525,Saturday,25,1,2025
Dahlia Jhaveri,30496,Cornell,9.6,,,,Saturday,25,1,2025
Emily Hernandez,30496,Bridgeport,8.925,,,9.65,Saturday,25,1,2025
Emily McClung,30496,Centenary College,,,8.2,,Saturday,25,1,2025
Emma Lavelle,30496,Centenary College,8.475,9.55,9.425,,Saturday,25,1,2025
EmmaGrace Kelly,30496,West Chester,,9.65,9.825,,Saturday,25,1,2025
Erin Pinder,30496,Centenary College,8.45,,,,Saturday,25,1,2025
Gracie Walker,30496,Bridgeport,,,,9.3,Saturday,25,1,2025
Hannah Barry,30496,Bridgeport,,9.5,,,Saturday,25,1,2025
Hayden Cagle,30496,Centenary College,,8.925,,9.375,Saturday,25,1,2025
Jordan Coleman,30496,West Chester,9.625,,,,Saturday,25,1,2025
Josie Moylan,30496,Cornell,,,9.725,,Saturday,25,1,2025
Karah Vargo,30496,West Chester,8.975,,,9.475,Saturday,25,1,2025
Kate Michelini,30496,Cornell,,8.8,,,Saturday,25,1,2025
Lily McFarland,30496,West Chester,,9.7,9.75,,Saturday,25,1,2025
Lola Sepulveda,30496,Bridgeport,9.275,8.85,9.775,9.775,Saturday,25,1,2025
Lydia Stoner,30496,West Chester,,,9.725,,Saturday,25,1,2025
Macarthy Keane,30496,West Chester,8.125,,,9.5,Saturday,25,1,2025
Macy Armstrong,30496,Cornell,,,,9.525,Saturday,25,1,2025
Madalyn Espinosa,30496,West Chester,,,,9.075,Saturday,25,1,2025
Madelyn Viles,30496,Bridgeport,,9.125,9.65,,Saturday,25,1,2025
Margaret Coyle,30496,Bridgeport,,,9.75,,Saturday,25,1,2025
Melina Ringas,30496,West Chester,9.575,,,,Saturday,25,1,2025
Michaela DeFranscisco,30496,Cornell,,,9.725,9.75,Saturday,25,1,2025
Mikayla Burton,30496,Cornell,,9.625,,,Saturday,25,1,2025
Molly English,30496,Centenary College,,,,9.325,Saturday,25,1,2025
Morgen Shambo,30496,Cornell,8.5,9.4,,,Saturday,25,1,2025
Mylia Vidtor,30496,Centenary College,,8.25,,,Saturday,25,1,2025
Natalia Tehrani,30496,Cornell,9.325,9.65,,,Saturday,25,1,2025
Natalie Marshall,30496,West Chester,,9.6,,,Saturday,25,1,2025
Nicole Pujals,30496,Bridgeport,7.925,,,,Saturday,25,1,2025
Nova Staruk,30496,Bridgeport,,,,9.725,Saturday,25,1,2025
Olivia Imbarlina,30496,Bridgeport,8.95,9.25,,,Saturday,25,1,2025
Olivia Williams,30496,Centenary College,9.4,,9.625,,Saturday,25,1,2025
Peyton Burford,30496,Centenary College,,,,9.525,Saturday,25,1,2025
Rylee Harada,30496,West Chester,9.475,,,9.575,Saturday,25,1,2025
Samantha Krenzel,30496,Bridgeport,,9.425,9.6,,Saturday,25,1,2025
Samantha Nokes,30496,Bridgeport,9.675,,,,Saturday,25,1,2025
Sophie Schmitz,30496,Centenary College,9.675,9.575,9.4,9.5,Saturday,25,1,2025
Sydney Beers,30496,Cornell,9.7,8.85,9.6,9.8,Saturday,25,1,2025
Tamyra Singletary,30496,Bridgeport,,,9.725,9.525,Saturday,25,1,2025
Tatum McGuinn,30496,West Chester,8.7,9.65,,,Saturday,25,1,2025
Alyssa Manley,30500,Alaska,9.675,,,,Saturday,25,1,2025
Amara Nelson,30500,Greenville,9.175,9.725,8.75,9.525,Saturday,25,1,2025
Ariana DeSouza,30500,Alaska,,9.65,9.65,,Saturday,25,1,2025
Ashlie Leage,30500,Greenville,8.55,,,,Saturday,25,1,2025
Avery Tillmanns,30500,Alaska,9.5,,,,Saturday,25,1,2025
Breeann Spain,30500,Alaska,,9.6,8.875,,Saturday,25,1,2025
Claudia Lessig,30500,Alaska,9.6,9.475,9.375,,Saturday,25,1,2025
Ellery Gilmer,30500,Greenville,,8.5,9.55,9.45,Saturday,25,1,2025
Elli Schnieders,30500,Greenville,,9.05,,9.525,Saturday,25,1,2025
Grace Costello,30500,Alaska,,9.625,9.55,9.475,Saturday,25,1,2025
Hannah Boyd,30500,Alaska,8.875,9.7,9.6,9.6,Saturday,25,1,2025
Isabella Feltman,30500,Greenville,,,8.85,,Saturday,25,1,2025
Jada Niles,30500,Alaska,9.675,,,,Saturday,25,1,2025
Jamilia Duffus,30500,Alaska,9.525,,,9.7,Saturday,25,1,2025
Madison Carter,30500,Greenville,9.55,9.5,,,Saturday,25,1,2025
Madison Ford,30500,Greenville,8.325,9.2,,,Saturday,25,1,2025
Maribelle Albert,30500,Alaska,,,,9.6,Saturday,25,1,2025
Montana Fairbairn,30500,Alaska,,9.725,9.725,9.7,Saturday,25,1,2025
Olivia Tocco,30500,Greenville,,9.0,,9.525,Saturday,25,1,2025
Rachel Miller,30500,Greenville,8.325,,9.55,8.8,Saturday,25,1,2025
Reagan Rodriguez,30500,Greenville,7.1,,,,Saturday,25,1,2025
Taylor Templin,30500,Greenville,,,8.75,,Saturday,25,1,2025
Verena Wong,30500,Alaska,,,,9.525,Saturday,25,1,2025
Ava Jordan,30502,Michigan,9.825,,,9.775,Saturday,25,1,2025
Caitlin McWilliams,30502,Washington,9.675,,9.85,9.7,Saturday,25,1,2025
Carly Bauman,30502,Michigan,9.85,9.9,9.85,,Saturday,25,1,2025
Chelsea Hallinan,30502,Washington,,9.85,,,Saturday,25,1,2025
Emily Innes,30502,Washington,,9.75,9.9,9.8,Saturday,25,1,2025
Jacey Vore,30502,Michigan,9.775,9.9,,,Saturday,25,1,2025
Jahzara Ranger,30502,Michigan,9.825,9.725,9.775,9.825,Saturday,25,1,2025
Jenna Mulligan,30502,Michigan,,9.775,9.775,9.775,Saturday,25,1,2025
Kayli Boozer,30502,Michigan,,9.9,9.85,,Saturday,25,1,2025
Kira Bolden,30502,Washington,,,9.6,9.7,Saturday,25,1,2025
Kristin Lin,30502,Washington,8.525,9.125,,9.65,Saturday,25,1,2025
Lex Mouyenga,30502,Washington,9.675,,,9.7,Saturday,25,1,2025
Mary McDonough,30502,Washington,9.05,9.8,9.9,9.85,Saturday,25,1,2025
Olivia Oppegard,30502,Washington,9.775,9.775,9.725,,Saturday,25,1,2025
Paige Thaxton,30502,Michigan,,,,9.825,Saturday,25,1,2025
Peyton Davis,30502,Michigan,,,,9.725,Saturday,25,1,2025
Sophia Diaz,30502,Michigan,9.8,,9.825,9.9,Saturday,25,1,2025
Sophie Parenti,30502,Michigan,9.8,9.775,9.6,,Saturday,25,1,2025
Taylor Russon,30502,Washington,9.85,9.85,9.8,,Saturday,25,1,2025
Abby Royer,30504,Southern Conn.,,,9.7,,Sunday,26,1,2025
Angel Lee,30504,Southern Conn.,,9.675,,,Sunday,26,1,2025
Angelina Stanfa,30504,Southern Conn.,,8.7,,,Sunday,26,1,2025
Ava Kelly,30504,Southern Conn.,,,9.725,9.675,Sunday,26,1,2025
Ava Kelly,30504,Springfield College,,9.025,,,Sunday,26,1,2025
Avery Walters,30504,Brown,9.65,8.925,9.75,,Sunday,26,1,2025
Ayako Maeda,30504,Springfield College,8.825,,,,Sunday,26,1,2025
Brianna Cassin,30504,Springfield College,,8.5,9.325,9.4,Sunday,26,1,2025
Brianna Dorr,30504,Southern Conn.,,,,9.725,Sunday,26,1,2025
Ciana Rios,30504,Southern Conn.,8.8,,,,Sunday,26,1,2025
Claire Geiger,30504,Springfield College,8.75,,9.525,9.4,Sunday,26,1,2025
Daisy Fallon,30504,Brown,9.15,,,,Sunday,26,1,2025
Delaney LaViolette,30504,Springfield College,,,,9.35,Sunday,26,1,2025
Elsie Gardiner,30504,Springfield College,6.8,,9.6,,Sunday,26,1,2025
Emily Ford,30504,Brown,9.55,9.425,,,Sunday,26,1,2025
Erica Beyer,30504,Southern Conn.,,,9.775,,Sunday,26,1,2025
Gabby Mautner,30504,Brown,,,,9.25,Sunday,26,1,2025
Gabriela Dinisoe,30504,Southern Conn.,9.475,9.525,,,Sunday,26,1,2025
Grace Christensen,30504,Southern Conn.,8.95,8.825,,,Sunday,26,1,2025
Hanna Zebdi,30504,Southern Conn.,,,9.625,9.5,Sunday,26,1,2025
Jessica Lin,30504,Brown,,9.675,,9.55,Sunday,26,1,2025
Jordan Villani,30504,Southern Conn.,8.55,,8.725,,Sunday,26,1,2025
Julia Reer,30504,Springfield College,,,9.3,,Sunday,26,1,2025
Lexi Bracher,30504,Southern Conn.,,,,9.7,Sunday,26,1,2025
Libby Allen,30504,Southern Conn.,,9.475,9.65,9.7,Sunday,26,1,2025
Lindsay Van Eyk,30504,Brown,,9.775,,,Sunday,26,1,2025
Lindsey Yang,30504,Brown,,9.725,9.8,9.475,Sunday,26,1,2025
Liza Marcus,30504,Brown,9.725,9.675,9.75,,Sunday,26,1,2025
Maya Belog,30504,Springfield College,,9.25,,,Sunday,26,1,2025
Maya Davis,30504,Brown,9.775,,9.7,,Sunday,26,1,2025
Reagan Charlton,30504,Springfield College,8.0,9.45,,9.4,Sunday,26,1,2025
Sage Kaplan,30504,Springfield College,8.9,9.0,9.525,9.5,Sunday,26,1,2025
Sarah Brownstein,30504,Springfield College,8.625,,,,Sunday,26,1,2025
Scarlette Ayakawa,30504,Springfield College,,9.15,,,Sunday,26,1,2025
Shreya Munshi,30504,Southern Conn.,9.2,,,,Sunday,26,1,2025
Sidney Wilson,30504,Southern Conn.,,,,9.55,Sunday,26,1,2025
Sophia Dewar,30504,Brown,9.4,,9.725,9.625,Sunday,26,1,2025
Stacy Taylor,30504,Springfield College,,,9.65,9.575,Sunday,26,1,2025
Umi El Mammann,30504,Brown,,,,9.55,Sunday,26,1,2025
Zoe Axell,30504,Southern Conn.,8.925,9.6,,,Sunday,26,1,2025
Alauna Simms,30508,Ball State,,,9.825,,Sunday,26,1,2025
Ally Schaupp,30508,Western Michigan,,9.65,9.825,,Sunday,26,1,2025
Ashley Szymanski,30508,Ball State,9.875,9.775,,,Sunday,26,1,2025
Ava Molina,30508,Ball State,9.775,9.725,9.725,,Sunday,26,1,2025
Brooke Gelesko,30508,Western Michigan,,,,9.75,Sunday,26,1,2025
Cai Afalla,30508,Ball State,,,9.775,9.75,Sunday,26,1,2025
Carissa Martinez,30508,Ball State,,,9.75,9.725,Sunday,26,1,2025
Cassie St. Clair,30508,Western Michigan,,,9.8,,Sunday,26,1,2025
Danielle Johnson,30508,Wilberforce,7.2,,,,Sunday,26,1,2025
Delaney McMahon,30508,Ball State,,9.825,,,Sunday,26,1,2025
Diamond Cook,30508,Wilberforce,7.75,9.25,9.5,9.35,Sunday,26,1,2025
DonnaKathryn Roy,30508,Western Michigan,,,9.75,9.775,Sunday,26,1,2025
Emily Herrera,30508,Wilberforce,,,,8.575,Sunday,26,1,2025
Grace Sumner,30508,Ball State,9.8,9.6,,,Sunday,26,1,2025
Halle Faulkner,30508,Western Michigan,,,,9.85,Sunday,26,1,2025
Hannah Milton,30508,Western Michigan,,,9.025,9.675,Sunday,26,1,2025
Jordanna Phillis,30508,Ball State,9.775,,,9.675,Sunday,26,1,2025
Julie Korfhage,30508,Western Michigan,9.775,,,,Sunday,26,1,2025
Karli Mercer,30508,Ball State,,,,9.7,Sunday,26,1,2025
Kennedy Cooper,30508,Western Michigan,,,9.775,9.7,Sunday,26,1,2025
Kiora Peart-Williams,30508,Wilberforce,9.425,9.025,9.35,9.425,Sunday,26,1,2025
Lindsay Fuller,30508,Ball State,,9.875,,,Sunday,26,1,2025
Lindsay Girard,30508,Ball State,,,9.725,9.825,Sunday,26,1,2025
Mackenzie Butler,30508,Wilberforce,,8.05,,,Sunday,26,1,2025
Makenna King,30508,Western Michigan,9.8,9.0,,,Sunday,26,1,2025
Mary Rose Bellan,30508,Ball State,9.75,,,,Sunday,26,1,2025
Molly Freeman,30508,Western Michigan,9.725,,,,Sunday,26,1,2025
Promise Jean-Marie,30508,Wilberforce,8.75,,8.55,9.325,Sunday,26,1,2025
Reese Samuelson,30508,Western Michigan,9.825,9.575,,,Sunday,26,1,2025
Reilan Garvey,30508,Western Michigan,9.7,9.55,9.775,,Sunday,26,1,2025
Sadara Mayhorn,30508,Wilberforce,7.3,7.15,8.2,9.475,Sunday,26,1,2025
Saniah Smith,30508,Wilberforce,,8.65,8.8,,Sunday,26,1,2025
Sarah Moravansky,30508,Western Michigan,9.8,9.7,,9.775,Sunday,26,1,2025
Tricia Mills,30508,Western Michigan,,9.5,,,Sunday,26,1,2025
Zoe Middleton,30508,Ball State,9.8,9.475,9.85,9.8,Sunday,26,1,2025
Abby Brushwood,30511,Eastern Michigan,,,9.8,9.7,Sunday,26,1,2025
Alana Fisher,30511,Eastern Michigan,,9.725,9.8,9.7,Sunday,26,1,2025
Alyssa Guns,30511,Kent State,,9.575,9.925,,Sunday,26,1,2025
Analiah Solorio,30511,Eastern Michigan,,9.7,,,Sunday,26,1,2025
Ashley Morgan,30511,Kent State,,8.95,,,Sunday,26,1,2025
Avery Compson,30511,Kent State,,,,9.7,Sunday,26,1,2025
Brynne Tsipis,30511,Kent State,9.775,,,,Sunday,26,1,2025
Charlie Behner,30511,Kent State,9.775,,9.4,9.825,Sunday,26,1,2025
Ella Chemotti,30511,Eastern Michigan,9.5,9.85,9.425,,Sunday,26,1,2025
Emma Masse,30511,Kent State,,,9.75,,Sunday,26,1,2025
Gabby Riley,30511,Kent State,,9.775,9.725,9.85,Sunday,26,1,2025
Genae Daniel,30511,Eastern Michigan,,,,9.675,Sunday,26,1,2025
Gwendelyn Cantu,30511,Eastern Michigan,9.325,,,9.75,Sunday,26,1,2025
Heidi Schultz,30511,Kent State,9.7,9.775,,,Sunday,26,1,2025
Isabella Marques,30511,Kent State,9.15,,,,Sunday,26,1,2025
Jaelyn Stetz,30511,Eastern Michigan,9.5,,,9.7,Sunday,26,1,2025
Katin Childress,30511,Eastern Michigan,,9.7,,,Sunday,26,1,2025
Keeley Kohler,30511,Eastern Michigan,9.725,,,,Sunday,26,1,2025
Kyrie Lowe,30511,Eastern Michigan,9.825,9.825,9.475,,Sunday,26,1,2025
Mya Migliore,30511,Kent State,9.825,9.7,,9.85,Sunday,26,1,2025
Nastia Rudnitskaya,30511,Kent State,9.85,,,,Sunday,26,1,2025
Nene Alvine,30511,Kent State,,9.8,9.775,9.425,Sunday,26,1,2025
Priya Karle,30511,Eastern Michigan,,,9.775,,Sunday,26,1,2025
Raisa Boris,30511,Eastern Michigan,9.725,9.825,9.875,9.75,Sunday,26,1,2025
Zoe Rankin,30511,Kent State,,,9.725,9.75,Sunday,26,1,2025
Aiyana Thomas,30513,Fisk,8.15,,,,Sunday,26,1,2025
Alexa Chuy,30513,George Washington,,,9.05,,Sunday,26,1,2025
Alisha Werlen,30513,Pennsylvania,,,9.75,,Sunday,26,1,2025
Aliyah Reed-Hammon,30513,Fisk,,9.725,,9.75,Sunday,26,1,2025
Allie Berkley,30513,Fisk,8.2,9.675,,9.825,Sunday,26,1,2025
Allie Forbes,30513,Yale,,9.1,,,Sunday,26,1,2025
Carly Oniki,30513,Pennsylvania,9.675,9.775,,,Sunday,26,1,2025
Chloe DeJoy,30513,Yale,,,9.775,,Sunday,26,1,2025
Ciniah Rosby,30513,Fisk,9.6,9.6,9.575,9.725,Sunday,26,1,2025
Deana Sheremeta,30513,George Washington,,9.875,9.875,,Sunday,26,1,2025
Delaney DeHaan,30513,George Washington,9.675,9.75,9.9,9.875,Sunday,26,1,2025
Ella Tashjian,30513,Yale,,9.675,9.875,9.75,Sunday,26,1,2025
Ellie Kearns,30513,Yale,9.7,,9.85,,Sunday,26,1,2025
Emma Davies,30513,Pennsylvania,,,9.6,,Sunday,26,1,2025
Gigi Sabatini,30513,Yale,9.425,9.575,9.75,9.7,Sunday,26,1,2025
Hailey Kriz,30513,Yale,9.475,9.575,,9.65,Sunday,26,1,2025
Hana Strause,30513,Yale,,9.825,9.7,9.7,Sunday,26,1,2025
Isabel Song,30513,Pennsylvania,9.55,,,,Sunday,26,1,2025
Jada Reece,30513,Fisk,,,9.5,9.5,Sunday,26,1,2025
Jordan Barrow,30513,Pennsylvania,9.75,9.55,,9.8,Sunday,26,1,2025
Kasey Burke,30513,George Washington,9.6,,9.875,9.725,Sunday,26,1,2025
Kaylei McDonald,30513,Fisk,,9.675,9.4,,Sunday,26,1,2025
Kendall Guy,30513,Fisk,,,9.525,9.6,Sunday,26,1,2025
Kendall Whitman,30513,George Washington,,9.775,9.95,9.75,Sunday,26,1,2025
Kiara Richmon,30513,Fisk,8.7,,,,Sunday,26,1,2025
Kylie Kazmierski,30513,George Washington,,,9.725,,Sunday,26,1,2025
Lauren Burt,30513,Yale,,,,9.775,Sunday,26,1,2025
Lauren Holt,30513,Yale,9.675,,,,Sunday,26,1,2025
Lauren Luu,30513,Yale,9.725,,,,Sunday,26,1,2025
Liberty Mora,30513,Fisk,,9.7,9.525,,Sunday,26,1,2025
Lily Aucoin,30513,Yale,9.1,,,,Sunday,26,1,2025
Lola Montevago,30513,George Washington,9.9,9.725,,9.7,Sunday,26,1,2025
Madison Benson,30513,Fisk,9.475,,,,Sunday,26,1,2025
Manama Fofana,30513,Pennsylvania,,,9.825,9.825,Sunday,26,1,2025
Marissa Lassiter,30513,Pennsylvania,9.75,9.6,9.825,9.85,Sunday,26,1,2025
Maya Peters,30513,George Washington,,9.525,,,Sunday,26,1,2025
Megan Brueck,30513,Yale,,9.675,8.7,9.625,Sunday,26,1,2025
Mimi Fletcher,30513,Pennsylvania,,9.425,,,Sunday,26,1,2025
Morgan Price,30513,Fisk,9.8,9.85,9.875,9.925,Sunday,26,1,2025
Nancy Kiner,30513,George Washington,,9.625,,,Sunday,26,1,2025
Olivia Vanhorn,30513,Pennsylvania,,,,9.725,Sunday,26,1,2025
Rachel Katz,30513,George Washington,9.625,,,9.775,Sunday,26,1,2025
Samantha Wu,30513,Pennsylvania,,9.725,,,Sunday,26,1,2025
Sienna Zuccaro,30513,Pennsylvania,,,,9.7,Sunday,26,1,2025
Skyelar Kerico,30513,Pennsylvania,9.825,9.775,9.8,9.25,Sunday,26,1,2025
Sophia Tyeryar,30513,George Washington,9.6,,,,Sunday,26,1,2025
Zara Gazdak,30513,Pennsylvania,9.625,,9.8,,Sunday,26,1,2025
Zoe Safran,30513,George Washington,9.65,,,9.65,Sunday,26,1,2025
Abby Chesshire,30517,Ithaca College,,7.6,8.925,,Sunday,26,1,2025
Abigail Walters,30517,Utica,,7.575,8.775,,Sunday,26,1,2025
Adisson Ferri,30517,Utica,,,9.275,,Sunday,26,1,2025
Alexa Rose Pahila,30517,Cortland State,9.0,,,,Sunday,26,1,2025
Alyssa Langston,30517,Utica,9.425,9.15,,,Sunday,26,1,2025
Alzachria Jackson,30517,Ursinus College,,,,9.05,Sunday,26,1,2025
Anna Lee Dobson,30517,Cortland State,,8.95,,8.8,Sunday,26,1,2025
Arianna Ellis,30517,Ursinus College,,9.35,9.3,,Sunday,26,1,2025
Aubrey Hughes,30517,Utica,,,,8.6,Sunday,26,1,2025
Autumn Adkins,30517,Cortland State,,,9.65,,Sunday,26,1,2025
Ava Miranov,30517,Cortland State,,,,9.525,Sunday,26,1,2025
Brianna Duffy,30517,Ursinus College,7.6,,,,Sunday,26,1,2025
Caitlin Pellegrino,30517,Ithaca College,,9.675,9.475,,Sunday,26,1,2025
Camryn Flaherty,30517,Ithaca College,8.3,,,,Sunday,26,1,2025
Christina Troche,30517,Utica,9.525,,,,Sunday,26,1,2025
Corey Foster,30517,Ithaca College,,,8.275,,Sunday,26,1,2025
Emily Kobusky,30517,Ithaca College,,9.775,,,Sunday,26,1,2025
Emily Plone,30517,Utica,,,9.45,,Sunday,26,1,2025
Emmy Graff,30517,Utica,9.625,9.55,9.775,9.5,Sunday,26,1,2025
Erin Roe,30517,Ursinus College,9.625,9.7,9.5,9.675,Sunday,26,1,2025
Erin Stubbs,30517,Ursinus College,,8.35,,9.425,Sunday,26,1,2025
Gabrielle Nadler,30517,Cortland State,,,9.625,,Sunday,26,1,2025
Gianna Mirigliano,30517,Cortland State,,9.575,9.6,9.725,Sunday,26,1,2025
Grace Marra,30517,Utica,8.9,9.6,9.75,9.525,Sunday,26,1,2025
Grace Murray,30517,Ithaca College,,,9.8,9.65,Sunday,26,1,2025
Hana Miller,30517,Ithaca College,,,9.6,,Sunday,26,1,2025
Isabella Scarpetti,30517,Ursinus College,,,9.6,,Sunday,26,1,2025
Jenna DiPalo,30517,Utica,,9.35,,9.175,Sunday,26,1,2025
Jessica Schmitz,30517,Ithaca College,,,,9.525,Sunday,26,1,2025
Julia Pecora,30517,Utica,,,9.425,,Sunday,26,1,2025
Kaitlyn Vaz,30517,Utica,9.125,,,,Sunday,26,1,2025
Kathryn McSweeney,30517,Cortland State,9.675,,,,Sunday,26,1,2025
Kaylie Goodwin,30517,Ithaca College,9.35,8.675,,,Sunday,26,1,2025
Kiana Wong,30517,Cortland State,9.475,,,,Sunday,26,1,2025
Kyleigh Pierce,30517,Ursinus College,8.125,,,,Sunday,26,1,2025
Lauren Babineaux,30517,Ithaca College,9.25,,,8.8,Sunday,26,1,2025
Lauren Coleman,30517,Ursinus College,9.125,,,,Sunday,26,1,2025
Lucy Warburton,30517,Ursinus College,,9.725,9.7,,Sunday,26,1,2025
Madelyn Farragher,30517,Ithaca College,,,,9.5,Sunday,26,1,2025
Madison Villani,30517,Utica,,,,9.45,Sunday,26,1,2025
Madison Zimmerman,30517,Ursinus College,,9.05,,9.25,Sunday,26,1,2025
Marlena Bailey,30517,Ithaca College,8.4,,,,Sunday,26,1,2025
Megan Matteucci,30517,Ursinus College,9.35,,9.8,,Sunday,26,1,2025
Melissa Ainsley Pinkard,30517,Utica,8.45,9.375,,9.325,Sunday,26,1,2025
Mya John,30517,Ithaca College,9.525,8.825,,9.425,Sunday,26,1,2025
Natalie Steed,30517,Ithaca College,,8.625,9.275,9.575,Sunday,26,1,2025
Nicole Lonski,30517,Ithaca College,9.175,,,,Sunday,26,1,2025
Ninabella English,30517,Cortland State,9.45,,,,Sunday,26,1,2025
Rianna Adams,30517,Cortland State,9.425,,,,Sunday,26,1,2025
Rylee Fishkin,30517,Cortland State,,7.8,9.4,,Sunday,26,1,2025
Samantha Meadows,30517,Cortland State,,9.2,9.75,9.25,Sunday,26,1,2025
Sidney Schreiber,30517,Ursinus College,,9.1,9.575,8.8,Sunday,26,1,2025
Tayah Graham,30517,Cortland State,,9.25,,9.65,Sunday,26,1,2025
Tessa Sutton,30517,Cortland State,,8.95,9.175,9.45,Sunday,26,1,2025
Ailey Kuehn,30520,S.E. Missouri,,8.875,,9.775,Sunday,26,1,2025
Anna Lee Phillips,30520,S.E. Missouri,,,9.4,,Sunday,26,1,2025
Ariana Light,30520,Central Michigan,,9.575,,,Sunday,26,1,2025
Ava Johnston,30520,S.E. Missouri,9.675,,,,Sunday,26,1,2025
Ava Wellmeier,30520,Central Michigan,,,9.825,9.85,Sunday,26,1,2025
Avah Bootz,30520,Central Michigan,,,,9.7,Sunday,26,1,2025
Charniya Brown,30520,Bowling Green,,,,9.75,Sunday,26,1,2025
Courtney Henry,30520,S.E. Missouri,9.6,,,,Sunday,26,1,2025
Elise Brzoska,30520,Bowling Green,,9.425,,,Sunday,26,1,2025
Emily Castiglia,30520,Bowling Green,,9.625,,,Sunday,26,1,2025
Faye Dubin,30520,Bowling Green,,9.0,,,Sunday,26,1,2025
Gabrielle Johnson,30520,Central Michigan,9.35,,,,Sunday,26,1,2025
Gracie Jones,30520,S.E. Missouri,9.575,,,,Sunday,26,1,2025
Hannah Appleget,30520,Central Michigan,9.875,9.75,9.775,,Sunday,26,1,2025
Heather Parker,30520,Central Michigan,,,9.625,,Sunday,26,1,2025
Jaidan Kossuth,30520,S.E. Missouri,,9.7,,,Sunday,26,1,2025
Jenna Germond,30520,Central Michigan,,,,9.6,Sunday,26,1,2025
Jordan Napolitano,30520,S.E. Missouri,,,,9.675,Sunday,26,1,2025
Joselene Hernandez,30520,S.E. Missouri,,9.575,,9.775,Sunday,26,1,2025
Kailyn Hamilton,30520,S.E. Missouri,9.65,,9.275,,Sunday,26,1,2025
Kaitlyn Schwab,30520,Central Michigan,9.8,,,,Sunday,26,1,2025
Katrina Mendez Abolnik,30520,Bowling Green,,,,9.8,Sunday,26,1,2025
Kayla Shaw,30520,Bowling Green,9.75,9.1,9.575,,Sunday,26,1,2025
Keira Thornton,30520,Bowling Green,9.625,,9.775,9.7,Sunday,26,1,2025
Kennedy Krienbrink,30520,Bowling Green,9.75,,,,Sunday,26,1,2025
Landyn Williams,30520,Bowling Green,,,9.175,,Sunday,26,1,2025
Leah Parton,30520,S.E. Missouri,,9.25,9.575,,Sunday,26,1,2025
Lia Kmieciak,30520,Central Michigan,9.775,,,,Sunday,26,1,2025
Love Akpan,30520,Bowling Green,9.725,,,,Sunday,26,1,2025
Luciana Alvarado-Reid,30520,Central Michigan,9.8,9.8,9.9,9.775,Sunday,26,1,2025
Madison Coburn,30520,Bowling Green,,,9.75,8.9,Sunday,26,1,2025
Madison Greene,30520,S.E. Missouri,,,9.725,9.775,Sunday,26,1,2025
Megan Bingham,30520,Bowling Green,9.7,9.05,9.75,9.8,Sunday,26,1,2025
Megan Dzialo,30520,Bowling Green,9.675,,9.725,9.7,Sunday,26,1,2025
Nadia Parente,30520,Bowling Green,,9.475,,,Sunday,26,1,2025
Nyah Reader,30520,S.E. Missouri,,7.9,,9.625,Sunday,26,1,2025
Quinn Skrupa,30520,Central Michigan,,9.7,9.775,9.775,Sunday,26,1,2025
Samantha Shannon,30520,Central Michigan,9.8,9.725,,,Sunday,26,1,2025
Sydney Crouch,30520,S.E. Missouri,9.425,,9.625,,Sunday,26,1,2025
Taylor Ingle,30520,S.E. Missouri,9.75,9.75,9.8,9.85,Sunday,26,1,2025
Zoe Zimmerman,30520,Central Michigan,,,9.675,,Sunday,26,1,2025
Zoie Pelfrey,30520,Central Michigan,,9.75,,9.775,Sunday,26,1,2025
Aaliyah Krause,30523,Rhode Island College,9.525,9.7,9.725,9.6,Sunday,26,1,2025
Abigail Bunch,30523,Rhode Island College,7.15,9.0,,,Sunday,26,1,2025
Aladiana Tosado,30523,Brockport,9.575,,,,Sunday,26,1,2025
Alexa Graziano,30523,Rhode Island College,9.525,,,,Sunday,26,1,2025
Alexis Schulman,30523,Brockport,8.975,9.6,,,Sunday,26,1,2025
Amelia York,30523,Brockport,,9.775,,,Sunday,26,1,2025
Cali Czarcinski,30523,Brockport,,,9.825,,Sunday,26,1,2025
Carson Ann Whitt,30523,Rhode Island College,,,9.7,,Sunday,26,1,2025
Claire Wood,30523,Brockport,,,9.525,,Sunday,26,1,2025
Emma Brookins,30523,Brockport,9.6,9.725,9.875,8.8,Sunday,26,1,2025
Emma Langdon,30523,Brockport,,,,9.3,Sunday,26,1,2025
Emma Tucker,30523,Rhode Island College,,9.65,9.8,9.675,Sunday,26,1,2025
Gracie Weaver,30523,Brockport,,,,9.625,Sunday,26,1,2025
Ivy Jimenez,30523,Rhode Island College,,9.525,,,Sunday,26,1,2025
Jamarie Saravia,30523,Brockport,8.625,,9.75,,Sunday,26,1,2025
Jolie Carpino,30523,Rhode Island College,9.3,,,,Sunday,26,1,2025
Julia Klucinec,30523,Brockport,9.525,,,,Sunday,26,1,2025
Kiara Hockman,30523,Brockport,,9.725,9.9,9.775,Sunday,26,1,2025
Lienna Kay,30523,Brockport,,9.675,,,Sunday,26,1,2025
Liz Shrewsbury,30523,Rhode Island College,,,8.75,,Sunday,26,1,2025
Madeline Brandt,30523,Rhode Island College,,9.55,9.575,,Sunday,26,1,2025
Maren Eramo,30523,Brockport,9.55,,,9.775,Sunday,26,1,2025
Maya Pecoraro,30523,Brockport,,9.7,9.675,,Sunday,26,1,2025
Molly Pompeii,30523,Rhode Island College,,,,9.475,Sunday,26,1,2025
Olivia Keyes,30523,Rhode Island College,9.7,9.725,9.8,9.5,Sunday,26,1,2025
Payton Greene,30523,Rhode Island College,9.5,,,9.575,Sunday,26,1,2025
Shannon Gibbs,30523,Brockport,,,,9.6,Sunday,26,1,2025
Sophia Damiano,30523,Rhode Island College,,,,9.35,Sunday,26,1,2025
Brie Clark,30525,Clemson,,9.8,9.9,,Sunday,26,1,2025
CJ Keuneke,30525,California,,,9.9,,Sunday,26,1,2025
Casey Brown,30525,California,9.875,,,,Sunday,26,1,2025
Danika Nielsen,30525,Clemson,,9.8,,,Sunday,26,1,2025
Ella Cesario,30525,California,9.925,9.8,9.85,9.9,Sunday,26,1,2025
Eve Jackson,30525,Clemson,9.8,,9.825,9.625,Sunday,26,1,2025
Hannah Clark,30525,Clemson,9.875,,,,Sunday,26,1,2025
Jayden Silvers,30525,California,,,,9.625,Sunday,26,1,2025
Jordan Kane,30525,California,7.75,9.0,,,Sunday,26,1,2025
Kielyn McCright,30525,Clemson,,9.85,,,Sunday,26,1,2025
Kyen Mayhew,30525,California,,9.7,9.875,9.875,Sunday,26,1,2025
Lilly Lippeatt,30525,Clemson,9.7,9.75,9.775,,Sunday,26,1,2025
Madelyn Williams,30525,California,9.875,9.85,9.9,9.825,Sunday,26,1,2025
Madison Minner,30525,Clemson,,,9.85,9.8,Sunday,26,1,2025
Maggie Holman,30525,Clemson,,,9.625,9.775,Sunday,26,1,2025
Molly Arnold,30525,Clemson,,,9.825,,Sunday,26,1,2025
Mya Lauzon,30525,California,9.825,9.65,9.9,9.825,Sunday,26,1,2025
Quinn Kuhl,30525,Clemson,9.875,9.825,,9.775,Sunday,26,1,2025
Rebecca Wells,30525,Clemson,9.85,,,,Sunday,26,1,2025
Sierra Church,30525,Clemson,,9.15,,,Sunday,26,1,2025
Takoda Berry,30525,Clemson,9.725,,,,Sunday,26,1,2025
Tara Walsh,30525,Clemson,,,,9.75,Sunday,26,1,2025
Trinity Brown,30525,Clemson,,,,9.8,Sunday,26,1,2025
eMjae Frazier,30525,California,9.9,9.875,9.9,9.75,Sunday,26,1,2025
Abbie Thompson,30527,Denver,,9.8,,,Sunday,26,1,2025
Amber Lowe,30527,West Virginia,9.75,,,,Sunday,26,1,2025
Anna Leigh,30527,West Virginia,9.475,9.8,8.6,,Sunday,26,1,2025
Bella Mabanta,30527,Denver,,9.675,,9.775,Sunday,26,1,2025
Brooke Alban,30527,West Virginia,9.8,,9.775,,Sunday,26,1,2025
Brooke Irwin,30527,West Virginia,9.65,,,,Sunday,26,1,2025
Carlee Nelson,30527,West Virginia,,,,9.65,Sunday,26,1,2025
Cecilia Cooley,30527,Denver,9.85,9.625,9.875,,Sunday,26,1,2025
Emerson Smith,30527,West Virginia,,9.25,9.75,9.675,Sunday,26,1,2025
Jayden McDonnell,30527,West Virginia,9.575,,,9.6,Sunday,26,1,2025
Julia Brown,30527,West Virginia,,9.7,,,Sunday,26,1,2025
Jurnee Lane,30527,West Virginia,,9.75,9.8,,Sunday,26,1,2025
Karleigh DiCello,30527,West Virginia,,9.65,,9.725,Sunday,26,1,2025
Kaylei Adams,30527,West Virginia,,9.675,,,Sunday,26,1,2025
Kiley Rorich,30527,Denver,9.9,,9.825,,Sunday,26,1,2025
Maddison Reidenbach,30527,Denver,,,9.7,9.875,Sunday,26,1,2025
Madison Ulrich,30527,Denver,9.85,9.175,9.8,9.8,Sunday,26,1,2025
Mia Hebinck,30527,Denver,9.275,,,,Sunday,26,1,2025
Mila Brusch,30527,Denver,,,9.9,9.8,Sunday,26,1,2025
Momoko Iwai,30527,Denver,,9.475,,,Sunday,26,1,2025
Riley Maness,30527,West Virginia,,,9.75,,Sunday,26,1,2025
Rosie Casali,30527,Denver,9.85,,,9.875,Sunday,26,1,2025
Rylie Mundell,30527,Denver,9.775,9.675,9.875,9.875,Sunday,26,1,2025
Sophia Rice,30527,West Virginia,,,,9.625,Sunday,26,1,2025
Taylor Tuohy,30527,West Virginia,,,,9.675,Sunday,26,1,2025
Trinity Macy,30527,West Virginia,9.75,,9.575,,Sunday,26,1,2025
Aurelie Tran,30529,Iowa,9.85,9.85,9.9,9.875,Sunday,26,1,2025
Ava Stewart,30529,Minnesota,,9.85,,9.9,Sunday,26,1,2025
Avery Chambers,30529,Iowa,,,,9.85,Sunday,26,1,2025
Brooklyn Rowray,30529,Minnesota,,9.925,,,Sunday,26,1,2025
Cassie Lee,30529,Iowa,,9.4,,,Sunday,26,1,2025
Emily Erb,30529,Iowa,,,9.925,,Sunday,26,1,2025
Emily Koch,30529,Minnesota,,9.75,9.9,,Sunday,26,1,2025
Eva Volpe,30529,Iowa,,9.2,9.625,9.85,Sunday,26,1,2025
Gianna Masella,30529,Iowa,9.875,,9.725,9.8,Sunday,26,1,2025
Haley Tyson,30529,Iowa,,9.9,,,Sunday,26,1,2025
Hanna Castillo,30529,Iowa,,,9.875,9.8,Sunday,26,1,2025
Ilka Juk,30529,Iowa,9.725,9.85,,,Sunday,26,1,2025
Jordyn Lyden,30529,Minnesota,9.85,9.9,9.85,,Sunday,26,1,2025
Kaia Vanney,30529,Iowa,9.85,,,,Sunday,26,1,2025
Karina Munoz,30529,Iowa,9.825,,8.975,9.875,Sunday,26,1,2025
Lauren Pearl,30529,Minnesota,,9.85,9.9,9.825,Sunday,26,1,2025
Marissa Jencks,30529,Minnesota,9.8,,9.825,,Sunday,26,1,2025
McCauley Harrington,30529,Minnesota,9.75,,,,Sunday,26,1,2025
Megan Steensland,30529,Minnesota,,,9.9,9.85,Sunday,26,1,2025
Mya Hooten,30529,Minnesota,9.675,,,9.85,Sunday,26,1,2025
Sarah Moraw,30529,Minnesota,,9.85,,9.9,Sunday,26,1,2025
Seria Johnson,30529,Minnesota,9.8,,9.925,,Sunday,26,1,2025
Sydney Turner,30529,Iowa,9.725,8.675,,,Sunday,26,1,2025
Teryn Crump,30529,Minnesota,9.875,,,9.9,Sunday,26,1,2025
Aine Reade,30531,New Hampshire,8.675,9.625,9.85,9.8,Sunday,26,1,2025
Alina Danilchenko,30531,LIU,,,9.75,,Sunday,26,1,2025
Angelina Hogan,30531,LIU,9.4,9.2,,,Sunday,26,1,2025
Anne Challman,30531,New Hampshire,,9.6,9.8,,Sunday,26,1,2025
Brisa Carraro,30531,LIU,9.625,,,,Sunday,26,1,2025
Brooke Burkhart,30531,LIU,,,,9.675,Sunday,26,1,2025
Danyella Holmes,30531,LIU,6.85,,,9.475,Sunday,26,1,2025
Ella Barrington,30531,LIU,,,9.75,,Sunday,26,1,2025
Ellorie Cane,30531,LIU,,9.7,,,Sunday,26,1,2025
Gracy Mowers,30531,New Hampshire,,,,9.775,Sunday,26,1,2025
Gwen Ockerbloom,30531,New Hampshire,,9.625,,9.7,Sunday,26,1,2025
Haleigh Welch,30531,LIU,8.65,,,,Sunday,26,1,2025
Julia Before,30531,New Hampshire,9.625,,,,Sunday,26,1,2025
Kady Bills-McCoy,30531,LIU,,9.675,,,Sunday,26,1,2025
Kaira Cartwright,30531,LIU,,9.775,9.65,9.675,Sunday,26,1,2025
Kayla Toniolo,30531,LIU,8.8,,,,Sunday,26,1,2025
Kira Sanchez,30531,LIU,8.775,,9.55,9.35,Sunday,26,1,2025
Leah Moreno,30531,New Hampshire,9.7,,,9.675,Sunday,26,1,2025
Mady Harvey,30531,New Hampshire,,9.6,,,Sunday,26,1,2025
McCall McMullen,30531,New Hampshire,,9.7,9.725,9.775,Sunday,26,1,2025
Poulina Minaev,30531,New Hampshire,,,8.825,,Sunday,26,1,2025
Raphaelle Perreault,30531,LIU,,9.55,9.675,9.0,Sunday,26,1,2025
Renee Figueroa,30531,LIU,,9.7,,,Sunday,26,1,2025
Serena Mullin,30531,New Hampshire,9.725,9.725,9.825,9.675,Sunday,26,1,2025
Stacy Boss,30531,New Hampshire,,,9.75,,Sunday,26,1,2025
Summer Simpkins,30531,New Hampshire,9.65,,,,Sunday,26,1,2025
Zoe Arthur,30531,New Hampshire,9.675,,,,Sunday,26,1,2025
Zoe Claiborne,30531,LIU,,,9.525,9.4,Sunday,26,1,2025
Alana Kim,30533,UC Davis,,8.95,,9.725,Sunday,26,1,2025
Alyssa Vulaj,30533,Boise State,,9.75,9.65,9.875,Sunday,26,1,2025
Amelia Moneymaker,30533,UC Davis,9.625,9.025,9.825,9.75,Sunday,26,1,2025
Anna Ferguson,30533,Boise State,,,9.725,,Sunday,26,1,2025
Athena Jones,30533,Sacramento State,8.15,9.775,9.625,,Sunday,26,1,2025
Ava East,30533,San Jose State,,,9.125,,Sunday,26,1,2025
Ava Johnson,30533,San Jose State,,,9.65,,Sunday,26,1,2025
Ava Scafani,30533,UC Davis,9.725,9.775,9.35,,Sunday,26,1,2025
Avah Reichow,30533,UC Davis,,,9.275,9.65,Sunday,26,1,2025
Avery Marshall,30533,UC Davis,,,9.625,,Sunday,26,1,2025
Ayumi Oshiro,30533,UC Davis,9.8,9.7,,,Sunday,26,1,2025
Blake Pascal,30533,Boise State,,,9.825,,Sunday,26,1,2025
Bridget Kemp,30533,Boise State,,,9.825,9.75,Sunday,26,1,2025
Carly Buell,30533,Boise State,9.825,,,,Sunday,26,1,2025
Chloe Cohen,30533,Sacramento State,9.8,,,,Sunday,26,1,2025
Dani Nakayma,30533,Boise State,,,,9.1,Sunday,26,1,2025
Devyn Valuch,30533,San Jose State,9.775,9.7,9.75,9.75,Sunday,26,1,2025
Eleanor Wyly,30533,UC Davis,,,,9.65,Sunday,26,1,2025
Emily Lopez,30533,Boise State,9.9,9.825,,9.775,Sunday,26,1,2025
Emma Loyim,30533,Boise State,,9.625,9.6,,Sunday,26,1,2025
Emma Morgenthaler,30533,Sacramento State,9.625,9.7,,9.775,Sunday,26,1,2025
Grace Gilman,30533,Sacramento State,,9.575,9.475,9.7,Sunday,26,1,2025
Hannah Sitzman,30533,Sacramento State,9.825,,,,Sunday,26,1,2025
Isabella Fitz-Gerald,30533,UC Davis,9.775,,,,Sunday,26,1,2025
Jaudai Lopes,30533,San Jose State,9.75,,9.6,9.85,Sunday,26,1,2025
Julia Kryzwanski,30533,Boise State,,9.75,,,Sunday,26,1,2025
Kaitlyn Driessen,30533,Sacramento State,,9.85,,9.7,Sunday,26,1,2025
Kara Houghton,30533,Sacramento State,9.7,9.625,9.05,,Sunday,26,1,2025
Katherine Weyhmiller,30533,San Jose State,9.8,9.725,9.725,,Sunday,26,1,2025
Kaviana Jurries,30533,San Jose State,7.8,,,9.7,Sunday,26,1,2025
Keanna Abraham,30533,UC Davis,,9.525,9.825,9.875,Sunday,26,1,2025
Kristina Shchennikova,30533,Boise State,9.825,,,,Sunday,26,1,2025
Lexi Frank,30533,Sacramento State,,,,9.675,Sunday,26,1,2025
Madison Kirsch,30533,San Jose State,,9.675,,9.775,Sunday,26,1,2025
Mahleea Werline,30533,Boise State,9.85,,,,Sunday,26,1,2025
Maliyah James,30533,Sacramento State,9.7,,,,Sunday,26,1,2025
Marissa Ashton,30533,San Jose State,,9.75,,,Sunday,26,1,2025
McKenna Knecht,30533,UC Davis,9.7,,,,Sunday,26,1,2025
Megan Ray,30533,UC Davis,,9.175,9.35,9.8,Sunday,26,1,2025
Mikaela Pitts,30533,San Jose State,,,,9.75,Sunday,26,1,2025
Milla Gideon,30533,UC Davis,9.5,,,,Sunday,26,1,2025
Noelle Ball,30533,Boise State,9.725,,,9.775,Sunday,26,1,2025
Olivia Reardon,30533,San Jose State,9.75,,9.65,9.7,Sunday,26,1,2025
Olivia Schmitt,30533,Sacramento State,,,9.225,,Sunday,26,1,2025
Rylin Zimmerman,30533,Sacramento State,,,,9.725,Sunday,26,1,2025
Samantha Macasu,30533,San Jose State,,9.55,,,Sunday,26,1,2025
Sarah Lutrel,30533,Sacramento State,,9.625,9.775,9.725,Sunday,26,1,2025
Simone Dumas-Guzman,30533,Sacramento State,,,8.875,,Sunday,26,1,2025
Sophia Konieczny,30533,San Jose State,9.825,9.425,,,Sunday,26,1,2025
Sydney Kho,30533,Boise State,,9.75,,9.675,Sunday,26,1,2025
Sydney Leitch,30533,Boise State,,9.8,9.7,,Sunday,26,1,2025
Victoria Smirnov,30533,Boise State,8.8,,,,Sunday,26,1,2025
Abigayle Martin,30537,Arizona,9.85,9.85,9.775,9.875,Sunday,26,1,2025
Alysen Fears,30537,Arizona,9.7,9.8,9.7,9.8,Sunday,26,1,2025
Aubrey Krohnfeldt,30537,Arizona,9.85,,9.8,,Sunday,26,1,2025
Caroline Lichtman,30537,Arizona State,,9.75,,9.675,Sunday,26,1,2025
Chloe Seaga,30537,Arizona State,,9.1,,,Sunday,26,1,2025
Elena Deets,30537,Arizona,9.9,9.775,,,Sunday,26,1,2025
Elizabeth Larusso,30537,Arizona,,,9.725,9.8,Sunday,26,1,2025
Emily Mueller,30537,Arizona,9.825,9.95,9.875,9.775,Sunday,26,1,2025
Emily White,30537,Arizona State,9.825,9.9,9.85,9.825,Sunday,26,1,2025
Emma Strom,30537,Arizona,,,9.9,9.825,Sunday,26,1,2025
Gianna Lenczner,30537,Arizona,,9.775,,,Sunday,26,1,2025
Halle Braaflat,30537,Arizona State,9.3,,9.775,9.725,Sunday,26,1,2025
Jada Mangahas,30537,Arizona State,9.85,,,9.85,Sunday,26,1,2025
Kayla Lee,30537,Arizona State,,9.75,9.8,,Sunday,26,1,2025
Kimberly Smith,30537,Arizona State,9.85,9.75,9.7,9.725,Sunday,26,1,2025
Lilia Purler,30537,Arizona State,,,9.6,9.7,Sunday,26,1,2025
Sarah Clark,30537,Arizona State,9.925,9.875,9.45,,Sunday,26,1,2025
Sophie Derr,30537,Arizona,9.75,,,9.825,Sunday,26,1,2025
Tiara Platkin,30537,Arizona State,9.7,,,,Sunday,26,1,2025
Tirzah Wise,30537,Arizona,,9.9,,,Sunday,26,1,2025
Alexa Rothenbuescher,30539,Maryland,8.1,9.9,9.85,9.725,Sunday,26,1,2025
Ayzhia Hall,30539,Nebraska,,,,9.675,Sunday,26,1,2025
Emalee Frost,30539,Nebraska,9.7,,,,Sunday,26,1,2025
Emma Simpton,30539,Nebraska,9.825,9.85,,,Sunday,26,1,2025
Emma Spence,30539,Nebraska,9.85,9.9,9.9,9.825,Sunday,26,1,2025
Hailey Merchant,30539,Maryland,9.675,,,,Sunday,26,1,2025
Halle Rourke,30539,Nebraska,,,9.85,,Sunday,26,1,2025
Isabel Sikon,30539,Nebraska,9.8,9.625,,9.775,Sunday,26,1,2025
Katie Kuenemann,30539,Nebraska,,,,9.725,Sunday,26,1,2025
Lauren Brendlinger,30539,Maryland,,9.85,9.65,,Sunday,26,1,2025
Lauren Homecillo,30539,Nebraska,,,9.95,,Sunday,26,1,2025
Layla Hammer,30539,Maryland,,9.825,,9.7,Sunday,26,1,2025
Logan Buckmon,30539,Maryland,,,,9.725,Sunday,26,1,2025
Maddie Komoroski,30539,Maryland,,9.55,9.775,,Sunday,26,1,2025
Natalie Martin,30539,Maryland,,9.875,9.825,9.8,Sunday,26,1,2025
Nya Kraus,30539,Nebraska,,9.35,,,Sunday,26,1,2025
Reese Baechle,30539,Nebraska,,,9.75,,Sunday,26,1,2025
Rhea Leblanc,30539,Maryland,9.775,,9.825,9.75,Sunday,26,1,2025
Sarah Saville,30539,Maryland,9.85,,,,Sunday,26,1,2025
Sierra Kondo,30539,Maryland,9.875,,,,Sunday,26,1,2025
Sophia McClelland,30539,Nebraska,9.8,9.825,9.875,9.725,Sunday,26,1,2025
Taylor Rech,30539,Maryland,,,9.7,9.725,Sunday,26,1,2025
Victoria Gatzendorfer,30539,Maryland,9.75,9.875,,,Sunday,26,1,2025
Whitney Jencks,30539,Nebraska,9.9,9.775,9.75,9.8,Sunday,26,1,2025
Alana Walker,30541,Stanford,,,9.85,9.75,Sunday,26,1,2025
Anapaula Gutierrez,30541,Stanford,9.75,,,9.825,Sunday,26,1,2025
Anna Roberts,30541,Stanford,9.875,9.675,9.825,9.8,Sunday,26,1,2025
Ashley Carter,30541,Stanford,,9.8,,,Sunday,26,1,2025
Ava Sorrento,30541,Stanford,9.85,,,,Sunday,26,1,2025
Brenna Neault,30541,Stanford,9.725,9.85,9.825,9.7,Sunday,26,1,2025
Camryn Chiu,30541,Pittsburgh,9.7,,,,Sunday,26,1,2025
Claire Dean,30541,Stanford,9.75,9.75,9.8,,Sunday,26,1,2025
Elizabeth Cesarone,30541,Pittsburgh,,,9.75,9.875,Sunday,26,1,2025
Emily Todd,30541,Pittsburgh,9.375,9.775,,,Sunday,26,1,2025
Hallie Copperwheat,30541,Pittsburgh,9.825,9.825,,,Sunday,26,1,2025
Jah'Liyah Bedminster,30541,Pittsburgh,9.75,,9.875,9.85,Sunday,26,1,2025
Jaime Pratt,30541,Pittsburgh,9.7,,,9.7,Sunday,26,1,2025
Jordyn Ewing,30541,Pittsburgh,,,9.875,,Sunday,26,1,2025
Kaylee Larson,30541,Pittsburgh,,,9.675,,Sunday,26,1,2025
Kendra Chang,30541,Stanford,9.8,,,9.65,Sunday,26,1,2025
Kennedy Duke,30541,Pittsburgh,9.65,9.725,,9.725,Sunday,26,1,2025
Lila Pileggi,30541,Pittsburgh,,,,9.675,Sunday,26,1,2025
Meika Lee,30541,Pittsburgh,,9.65,9.825,,Sunday,26,1,2025
Olivia Giunta,30541,Pittsburgh,,9.025,9.625,9.775,Sunday,26,1,2025
Reyna Garvey,30541,Pittsburgh,,8.95,,,Sunday,26,1,2025
Sienna Robinson,30541,Stanford,,9.875,9.825,,Sunday,26,1,2025
Taralyn Nguyen,30541,Stanford,,,,9.775,Sunday,26,1,2025
Temple Landry,30541,Stanford,,9.9,,,Sunday,26,1,2025
Victoria Cluck,30541,Stanford,,,9.625,,Sunday,26,1,2025
Abby Mueller,30543,Missouri,,9.875,,,Sunday,26,1,2025
Addison Lawrence,30543,Missouri,,9.2,,,Sunday,26,1,2025
Amari Celestine,30543,Missouri,9.9,,9.925,9.825,Sunday,26,1,2025
Amy Wier,30543,Missouri,,9.8,,,Sunday,26,1,2025
Cecily Rizo,30543,Kentucky,,,9.85,9.8,Sunday,26,1,2025
Creslyn Brose,30543,Kentucky,,9.8,,,Sunday,26,1,2025
Delaynee Rodriguez,30543,Kentucky,9.875,9.875,9.85,9.775,Sunday,26,1,2025
Elise Tisler,30543,Missouri,,,9.875,9.85,Sunday,26,1,2025
Hailey Davis,30543,Kentucky,9.75,,9.9,,Sunday,26,1,2025
Hannah Horton,30543,Missouri,9.85,,9.85,9.725,Sunday,26,1,2025
Helen Hu,30543,Missouri,,9.975,,,Sunday,26,1,2025
Isabella Magnelli,30543,Kentucky,,9.9,9.875,9.875,Sunday,26,1,2025
Isabella Rivelli,30543,Kentucky,9.35,,,,Sunday,26,1,2025
Jillian Procasky,30543,Kentucky,9.825,9.775,9.825,,Sunday,26,1,2025
Jocelyn Moore,30543,Missouri,9.825,,9.925,9.9,Sunday,26,1,2025
Kaia Tanskanen,30543,Missouri,,,,9.775,Sunday,26,1,2025
Kennedy Griffin,30543,Missouri,,,9.85,9.85,Sunday,26,1,2025
Makenzie Wilson,30543,Kentucky,,,,9.825,Sunday,26,1,2025
Mara Titarsolej,30543,Missouri,9.825,,,,Sunday,26,1,2025
Olivia Kelly,30543,Missouri,9.825,9.9,,,Sunday,26,1,2025
Railey Jackson,30543,Missouri,,9.8,,,Sunday,26,1,2025
Rayna Light,30543,Missouri,9.825,,9.85,,Sunday,26,1,2025
Ryan Noonan,30543,Kentucky,9.775,,,9.775,Sunday,26,1,2025
Sharon Lee,30543,Kentucky,,9.725,,,Sunday,26,1,2025
Skylar Killough-Wilhelm,30543,Kentucky,9.8,9.9,9.875,9.9,Sunday,26,1,2025
Amelia Budd,30545,Temple,,,,9.675,Monday,27,1,2025
Breanna Varano,30545,Temple,8.95,,,,Monday,27,1,2025
Brooke Donabedian,30545,Temple,,9.725,9.75,,Monday,27,1,2025
Brynn Vetrano,30545,William & Mary,,,9.7,,Monday,27,1,2025
Caroline Blatchford,30545,William & Mary,9.7,9.725,,8.5,Monday,27,1,2025
Catherine Bare,30545,William & Mary,9.75,,,,Monday,27,1,2025
Ella Isley,30545,William & Mary,,,9.15,,Monday,27,1,2025
Hannah Burke,30545,William & Mary,,,9.75,9.25,Monday,27,1,2025
Hannah Weklar,30545,Temple,9.725,,,9.325,Monday,27,1,2025
Harmony Haro,30545,Temple,,,,9.75,Monday,27,1,2025
Krystin Johnson,30545,Temple,,,9.7,8.55,Monday,27,1,2025
Madeline Frazier,30545,William & Mary,,9.525,,,Monday,27,1,2025
Madison Dorunda,30545,Temple,,9.725,9.625,,Monday,27,1,2025
Mariella Brueck,30545,Temple,8.675,,,,Monday,27,1,2025
Megan White,30545,Temple,9.675,9.775,,,Monday,27,1,2025
Melanie Faulkner,30545,William & Mary,,9.7,,,Monday,27,1,2025
Melissa Gao,30545,William & Mary,8.3,9.575,,9.525,Monday,27,1,2025
Michelle Ngo,30545,William & Mary,8.7,9.65,9.725,,Monday,27,1,2025
Nikk Rengifo,30545,Temple,,,9.625,9.7,Monday,27,1,2025
Reese DeHaan,30545,Temple,9.675,,,,Monday,27,1,2025
Renee Schugman,30545,Temple,,9.775,9.7,9.625,Monday,27,1,2025
Robyn Dunn,30545,Temple,,9.7,,,Monday,27,1,2025
Sally Wood,30545,William & Mary,,,9.7,8.5,Monday,27,1,2025
Samantha Burd,30545,William & Mary,,,,8.8,Monday,27,1,2025
Sarah Kuper,30545,William & Mary,9.575,9.65,,9.575,Monday,27,1,2025
Sarah Stallings,30545,Temple,9.775,,,,Monday,27,1,2025
Sarah Wozniak,30545,William & Mary,9.775,,,,Monday,27,1,2025
Summer Penzi,30545,William & Mary,,,9.675,,Monday,27,1,2025
Summer Ruskey,30545,Temple,,9.725,9.625,,Monday,27,1,2025
Alana Anderson,30547,Northern Illinois,,,9.725,,Tuesday,28,1,2025
Alana Laster,30547,Illinois State,,,9.775,9.7,Tuesday,28,1,2025
Ally Lau,30547,Illinois State,,9.6,,,Tuesday,28,1,2025
Audrey Brenner,30547,Northern Illinois,,,,9.7,Tuesday,28,1,2025
Dawsyn Sallee,30547,Northern Illinois,,9.7,9.575,9.775,Tuesday,28,1,2025
Drake White,30547,Northern Illinois,9.475,,9.75,9.725,Tuesday,28,1,2025
Ellery Werner,30547,Northern Illinois,,9.825,,,Tuesday,28,1,2025
Isabella Ross,30547,Northern Illinois,9.425,9.675,9.6,9.55,Tuesday,28,1,2025
Isabella Sissi,30547,Northern Illinois,9.525,,,,Tuesday,28,1,2025
Jada Beswick,30547,Illinois State,9.7,,,,Tuesday,28,1,2025
Jaly Jones,30547,Illinois State,,,9.4,9.55,Tuesday,28,1,2025
Jaye Mack,30547,Illinois State,,9.825,9.8,9.775,Tuesday,28,1,2025
Jocelyn Harbeck,30547,Northern Illinois,,,,9.725,Tuesday,28,1,2025
Joy Ziegenfelder,30547,Illinois State,,9.5,,,Tuesday,28,1,2025
Julia Heiner,30547,Illinois State,9.775,,,,Tuesday,28,1,2025
Kaitlyn Donovan,30547,Illinois State,,,9.75,,Tuesday,28,1,2025
Kate Ferguson,30547,Northern Illinois,9.425,,,,Tuesday,28,1,2025
Kiera O'Shea,30547,Northern Illinois,9.5,8.45,9.75,9.85,Tuesday,28,1,2025
Leah Davis,30547,Illinois State,,9.825,,,Tuesday,28,1,2025
Mikayla Brown,30547,Northern Illinois,,9.725,,,Tuesday,28,1,2025
Mya Robinson,30547,Illinois State,9.6,9.625,9.85,9.75,Tuesday,28,1,2025
Natalia Kraus,30547,Northern Illinois,9.775,,,,Tuesday,28,1,2025
Reese Grolla,30547,Illinois State,9.125,9.175,,,Tuesday,28,1,2025
Samantha Nickle,30547,Northern Illinois,,9.05,9.425,,Tuesday,28,1,2025
Sammie Wolff,30547,Illinois State,,,,9.725,Tuesday,28,1,2025
Sara Wabi,30547,Illinois State,9.1,,9.725,9.75,Tuesday,28,1,2025
Savannah Ray,30547,Illinois State,9.75,,,,Tuesday,28,1,2025
Alessia Russo,30549,Greenville,9.325,9.25,,,Friday,31,1,2025
Amara Nelson,30549,Greenville,9.15,9.675,9.45,9.65,Friday,31,1,2025
Amy Foret,30549,Centenary College,,7.85,,,Friday,31,1,2025
Aria Roberts,30549,Centenary College,9.175,,,,Friday,31,1,2025
Ashlie Leage,30549,Greenville,9.4,,,,Friday,31,1,2025
Cecelia Paredes,30549,Centenary College,,,9.075,,Friday,31,1,2025
Chloe Gilbert,30549,Centenary College,,9.65,,9.35,Friday,31,1,2025
Claire Flores,30549,Centenary College,9.375,,9.525,9.35,Friday,31,1,2025
Ellery Gilmer,30549,Greenville,,9.625,9.6,9.45,Friday,31,1,2025
Elli Schnieders,30549,Greenville,8.15,,,9.125,Friday,31,1,2025
Emily McClung,30549,Centenary College,,,8.1,,Friday,31,1,2025
Emma Lavelle,30549,Centenary College,9.375,9.375,9.3,,Friday,31,1,2025
Erin Pinder,30549,Centenary College,8.6,,,,Friday,31,1,2025
Faye Jones,30549,Greenville,,,9.075,,Friday,31,1,2025
Hayden Cagle,30549,Centenary College,,8.85,,9.35,Friday,31,1,2025
Isabella Feltman,30549,Greenville,,,9.35,8.625,Friday,31,1,2025
Madison Carter,30549,Greenville,8.25,9.275,,,Friday,31,1,2025
Madison Ford,30549,Greenville,7.55,8.0,,,Friday,31,1,2025
Molly English,30549,Centenary College,,,,9.35,Friday,31,1,2025
Mylia Vidtor,30549,Centenary College,,8.525,,,Friday,31,1,2025
Olivia Tocco,30549,Greenville,,9.625,,8.9,Friday,31,1,2025
Olivia Williams,30549,Centenary College,9.2,,9.6,,Friday,31,1,2025
Peyton Burford,30549,Centenary College,,,,9.4,Friday,31,1,2025
Rachel Miller,30549,Greenville,,,9.6,9.375,Friday,31,1,2025
Sophie Schmitz,30549,Centenary College,8.975,9.35,8.9,9.5,Friday,31,1,2025
Taylor Templin,30549,Greenville,,,9.425,,Friday,31,1,2025
Allison Kaempfer,30551,Penn State,,,,9.725,Friday,31,1,2025
Alyssa Kramer,30551,Penn State,,,9.9,,Friday,31,1,2025
Amani Herring,30551,Penn State,,9.875,,9.775,Friday,31,1,2025
Amelia Knight,30551,Illinois,9.75,9.75,,,Friday,31,1,2025
Arielle Ward,30551,Illinois,9.775,,9.75,9.775,Friday,31,1,2025
Ashley Maul,30551,Penn State,,9.675,9.75,,Friday,31,1,2025
Cassi Barbanente,30551,Penn State,9.875,,,,Friday,31,1,2025
Chloe Cho,30551,Illinois,9.85,9.925,9.85,9.775,Friday,31,1,2025
Dani Latronica,30551,Penn State,9.875,,,,Friday,31,1,2025
Destiny Denning,30551,Illinois,9.7,,,,Friday,31,1,2025
Eden King,30551,Illinois,,9.7,9.775,9.675,Friday,31,1,2025
Elina Vihrova,30551,Penn State,,,9.0,9.675,Friday,31,1,2025
Elizabeth Leary,30551,Penn State,9.775,9.8,9.8,9.8,Friday,31,1,2025
Emmalise Nock,30551,Illinois,,,9.85,,Friday,31,1,2025
Gabrielle Gallentine,30551,Penn State,9.725,,,,Friday,31,1,2025
Isabella Salcedo,30551,Penn State,,9.775,9.875,,Friday,31,1,2025
Kalea McElligott,30551,Penn State,9.775,9.875,9.9,9.725,Friday,31,1,2025
Kennedy Brown,30551,Illinois,9.775,,,8.25,Friday,31,1,2025
Maddie Johnston,30551,Penn State,9.775,9.85,,9.825,Friday,31,1,2025
Makayla Green,30551,Illinois,9.925,,,,Friday,31,1,2025
Mareli Muller,30551,Illinois,,,9.875,9.85,Friday,31,1,2025
Megan Sapp,30551,Illinois,,9.775,,,Friday,31,1,2025
Olivia Coppola,30551,Illinois,,9.7,,9.8,Friday,31,1,2025
Ruthuja Nataraj,30551,Illinois,,9.5,,,Friday,31,1,2025
Tali Joelson,30551,Illinois,,,9.7,,Friday,31,1,2025
Alayna Fern,30553,UW-Whitewater,,,,9.2,Friday,31,1,2025
Ariana Goodwin,30553,UW-Whitewater,9.475,,,,Friday,31,1,2025
Aspen Peters,30553,Winona State,,9.625,,9.5,Friday,31,1,2025
Ava Pesch,30553,UW-Whitewater,9.5,,,9.675,Friday,31,1,2025
Brianna Balian,30553,UW-Whitewater,8.35,,,9.75,Friday,31,1,2025
Brooklynn Clapp,30553,Winona State,9.35,,,,Friday,31,1,2025
Bryce Stoltz,30553,Winona State,,9.125,9.65,9.6,Friday,31,1,2025
Camdyn McSweeney,30553,Winona State,,,9.45,,Friday,31,1,2025
Carleigh Moore,30553,UW-Whitewater,,,9.75,9.725,Friday,31,1,2025
Carley Scott,30553,UW-Whitewater,9.575,,,,Friday,31,1,2025
Chloe Hammond,30553,UW-Whitewater,,9.8,9.6,9.675,Friday,31,1,2025
Danielle Dudziak,30553,UW-Whitewater,,,9.425,,Friday,31,1,2025
Elaine Copeland,30553,UW-Whitewater,,,9.45,9.725,Friday,31,1,2025
Ella Denno,30553,Winona State,9.525,,,,Friday,31,1,2025
Gabby Kraft,30553,Winona State,,9.7,9.775,9.6,Friday,31,1,2025
Hayden Gough,30553,UW-Whitewater,9.6,,,,Friday,31,1,2025
Irene Kearney,30553,Winona State,9.375,,,,Friday,31,1,2025
Jessisca Miley,30553,Winona State,9.65,,9.35,9.625,Friday,31,1,2025
Kaelyn Duman,30553,Winona State,,8.875,,,Friday,31,1,2025
Kaylee Bateman,30553,Winona State,9.65,8.15,,,Friday,31,1,2025
Kelsey Kollhoff,30553,UW-Whitewater,,9.6,9.75,,Friday,31,1,2025
Kennedy O'Connor,30553,Winona State,,,,9.725,Friday,31,1,2025
Kristen Swiebocki,30553,UW-Whitewater,,9.75,,,Friday,31,1,2025
Maddie Reiner,30553,Winona State,8.275,,,,Friday,31,1,2025
Madysen Disekrud,30553,Winona State,,,8.5,9.575,Friday,31,1,2025
Paige Magel,30553,UW-Whitewater,9.65,9.7,,,Friday,31,1,2025
Reagan Kelly,30553,Winona State,,8.825,,,Friday,31,1,2025
Sophia Spadafora,30553,UW-Whitewater,,9.6,,,Friday,31,1,2025
Taylor Magierka,30553,Winona State,,,9.575,,Friday,31,1,2025
Tegan Haberstock,30553,UW-Whitewater,,9.575,9.425,,Friday,31,1,2025
Amy Fridley,30555,UW-Eau Claire,,,,9.5,Friday,31,1,2025
Anna Preussner,30555,UW-Eau Claire,,,9.325,,Friday,31,1,2025
Ava Obermoller,30555,UW-Eau Claire,8.375,,,9.375,Friday,31,1,2025
Brooklynn Einck,30555,UW-Eau Claire,7.7,,,,Friday,31,1,2025
Cadence Cordova,30555,UW-Eau Claire,8.875,,,9.5,Friday,31,1,2025
Cassidy Lennard,30555,UW-Stout,,9.35,,,Friday,31,1,2025
Effie Ferguson,30555,UW-Stout,9.65,9.75,9.525,,Friday,31,1,2025
Ella Montgomery,30555,UW-Eau Claire,9.3,8.7,,,Friday,31,1,2025
Emily Leese,30555,UW-Eau Claire,,,9.3,9.3,Friday,31,1,2025
Emma Brittingham,30555,UW-Stout,9.65,,,,Friday,31,1,2025
Gabrielle Winstead,30555,UW-Stout,,,,9.475,Friday,31,1,2025
Georgia Guynn,30555,UW-Eau Claire,,9.4,,,Friday,31,1,2025
Gillian Cummins,30555,UW-Stout,8.85,9.6,,9.525,Friday,31,1,2025
Grace Gerster,30555,UW-Eau Claire,,,8.55,9.575,Friday,31,1,2025
Hanna Riha,30555,UW-Eau Claire,,,9.475,,Friday,31,1,2025
Hareet Gehlon,30555,UW-Eau Claire,,9.4,,,Friday,31,1,2025
Isabela Krulich,30555,UW-Stout,,9.375,9.55,,Friday,31,1,2025
Jaidyn Carroll,30555,UW-Stout,,,,9.3,Friday,31,1,2025
Jamie Beatty,30555,UW-Stout,9.65,9.3,9.575,9.6,Friday,31,1,2025
Jessica Qualich,30555,UW-Stout,,,,9.65,Friday,31,1,2025
Kaylie Kassing,30555,UW-Stout,,,9.525,,Friday,31,1,2025
Kelsey Donovan,30555,UW-Eau Claire,,,7.6,,Friday,31,1,2025
Linnea Vasali,30555,UW-Eau Claire,,9.8,,,Friday,31,1,2025
Madison Daly,30555,UW-Eau Claire,9.15,9.75,8.575,9.125,Friday,31,1,2025
Meghan Dahlin,30555,UW-Eau Claire,,9.8,,,Friday,31,1,2025
Molly Rickey,30555,UW-Stout,,,9.4,,Friday,31,1,2025
Rachel Hettiarachchy,30555,UW-Eau Claire,9.4,,,,Friday,31,1,2025
Sarah Lutz,30555,UW-Stout,9.65,,,,Friday,31,1,2025
Taylar Schaefer,30555,UW-Stout,9.325,8.95,9.4,9.7,Friday,31,1,2025
Caroline Lichtman,30557,Arizona State,,9.675,,9.775,Friday,31,1,2025
Chloe Seaga,30557,Arizona State,,8.75,,,Friday,31,1,2025
Ella Schell,30557,Iowa State,,,9.8,,Friday,31,1,2025
Emily White,30557,Arizona State,9.8,9.875,9.925,9.625,Friday,31,1,2025
Frederique Sgarbossa,30557,Iowa State,9.9,9.775,,,Friday,31,1,2025
Halle Braaflat,30557,Arizona State,,,9.8,9.75,Friday,31,1,2025
Hannah Loyim,30557,Iowa State,9.75,9.725,9.825,9.675,Friday,31,1,2025
Haylee Hardin,30557,Iowa State,,,9.95,9.8,Friday,31,1,2025
Jada Mangahas,30557,Arizona State,9.8,,,9.725,Friday,31,1,2025
Josie Bergstrom-Te Slaa,30557,Iowa State,9.7,9.85,9.075,9.775,Friday,31,1,2025
Kaia Bochow,30557,Iowa State,8.925,,,,Friday,31,1,2025
Kayla Lee,30557,Arizona State,9.775,9.875,9.7,,Friday,31,1,2025
Kimberly Smith,30557,Arizona State,9.825,9.75,9.875,9.725,Friday,31,1,2025
Lauren O'Brochta,30557,Iowa State,,9.675,,,Friday,31,1,2025
Lauren Thomas,30557,Iowa State,9.85,9.825,,,Friday,31,1,2025
Lilia Purler,30557,Arizona State,,,9.85,9.625,Friday,31,1,2025
Noelle Adams,30557,Iowa State,,9.675,9.875,9.775,Friday,31,1,2025
Paige Wills,30557,Iowa State,9.775,,,9.65,Friday,31,1,2025
Rachel Wilke,30557,Iowa State,,,9.875,9.65,Friday,31,1,2025
Sarah Clark,30557,Arizona State,9.85,9.875,9.8,,Friday,31,1,2025
Tiara Platkin,30557,Arizona State,9.725,,,,Friday,31,1,2025
Ailey Kuehn,30559,S.E. Missouri,,9.725,,9.6,Friday,31,1,2025
Alana Laster,30559,Illinois State,,9.65,9.75,9.75,Friday,31,1,2025
Ally Lau,30559,Illinois State,,9.5,,,Friday,31,1,2025
Anna Lee Phillips,30559,S.E. Missouri,,,9.775,,Friday,31,1,2025
Ava Johnston,30559,S.E. Missouri,9.775,,,,Friday,31,1,2025
Courtney Henry,30559,S.E. Missouri,8.95,,,,Friday,31,1,2025
Gracie Jones,30559,S.E. Missouri,9.775,,,,Friday,31,1,2025
Jada Beswick,30559,Illinois State,9.65,,,,Friday,31,1,2025
Jaidan Kossuth,30559,S.E. Missouri,,9.85,,,Friday,31,1,2025
Jaye Mack,30559,Illinois State,,9.7,9.825,9.925,Friday,31,1,2025
Jordan Napolitano,30559,S.E. Missouri,,,,9.675,Friday,31,1,2025
Joselene Hernandez,30559,S.E. Missouri,,8.925,9.65,9.7,Friday,31,1,2025
Julia Heiner,30559,Illinois State,9.75,,,,Friday,31,1,2025
Kailyn Hamilton,30559,S.E. Missouri,9.675,,9.775,,Friday,31,1,2025
Kaitlyn Donovan,30559,Illinois State,,,9.825,,Friday,31,1,2025
Leah Davis,30559,Illinois State,,9.75,,,Friday,31,1,2025
Leah Parton,30559,S.E. Missouri,,9.7,,,Friday,31,1,2025
Mackenzie Flutman,30559,Illinois State,,,9.7,,Friday,31,1,2025
Madison Greene,30559,S.E. Missouri,,,9.725,9.7,Friday,31,1,2025
Mia Oh,30559,Illinois State,,,,9.6,Friday,31,1,2025
Mya Robinson,30559,Illinois State,9.65,9.375,9.725,9.825,Friday,31,1,2025
Nyah Reader,30559,S.E. Missouri,,9.775,,9.35,Friday,31,1,2025
Reese Grolla,30559,Illinois State,9.825,9.8,,,Friday,31,1,2025
Sammie Wolff,30559,Illinois State,,,,9.75,Friday,31,1,2025
Sara Wabi,30559,Illinois State,9.325,,9.8,9.65,Friday,31,1,2025
Savannah Ray,30559,Illinois State,9.775,,,,Friday,31,1,2025
Sydney Crouch,30559,S.E. Missouri,9.525,,9.7,,Friday,31,1,2025
Taylor Ingle,30559,S.E. Missouri,8.8,9.725,9.825,9.8,Friday,31,1,2025
Addison Dack,30561,Gustavus Adolphus,,8.65,,,Friday,31,1,2025
Ashlyn Barker,30561,UW-La Crosse,8.35,,9.3,,Friday,31,1,2025
Cara Wong,30561,Gustavus Adolphus,8.3,8.85,9.4,9.4,Friday,31,1,2025
Claire Robbins,30561,UW-La Crosse,9.675,9.625,9.7,,Friday,31,1,2025
Darby Savage,30561,UW-La Crosse,,9.15,,9.275,Friday,31,1,2025
Ella Binfet,30561,Gustavus Adolphus,,,8.675,,Friday,31,1,2025
Grace Edwards,30561,UW-La Crosse,,,9.55,,Friday,31,1,2025
Grace Kehr,30561,UW-La Crosse,,,9.575,9.725,Friday,31,1,2025
Jessica Taylor,30561,UW-La Crosse,,,9.7,,Friday,31,1,2025
Kate Clairmont,30561,Gustavus Adolphus,8.825,9.45,,9.25,Friday,31,1,2025
Kyla Dickson,30561,UW-La Crosse,,9.775,9.7,9.5,Friday,31,1,2025
Lauren Main,30561,UW-La Crosse,9.7,9.575,,,Friday,31,1,2025
Lili Guy,30561,Gustavus Adolphus,9.225,,9.5,9.575,Friday,31,1,2025
Lilly Millington,30561,UW-La Crosse,,,,9.525,Friday,31,1,2025
Lily Horsch,30561,Gustavus Adolphus,9.225,,,9.525,Friday,31,1,2025
Lindsay Bangs,30561,Gustavus Adolphus,,8.825,9.325,9.325,Friday,31,1,2025
Lucy Warren,30561,UW-La Crosse,,9.575,,,Friday,31,1,2025
Madalyn McCormick,30561,UW-La Crosse,8.825,9.75,,,Friday,31,1,2025
Maddox Lee,30561,Gustavus Adolphus,9.55,9.65,,,Friday,31,1,2025
Marley Michaud,30561,Gustavus Adolphus,8.9,,9.375,9.3,Friday,31,1,2025
Morgan Engels,30561,UW-La Crosse,9.725,,,,Friday,31,1,2025
Olivia Jahnke,30561,Gustavus Adolphus,,9.0,9.45,,Friday,31,1,2025
Paige Breckwoldt,30561,UW-La Crosse,,,,9.65,Friday,31,1,2025
Sarah Best,30561,UW-La Crosse,9.725,,,,Friday,31,1,2025
Sarah Pastore,30561,UW-La Crosse,,,,9.575,Friday,31,1,2025
Allie Misenheimer,30563,Air Force,9.65,,,,Friday,31,1,2025
Alyssa Bigler,30563,Air Force,9.7,9.8,9.775,9.875,Friday,31,1,2025
Anna Bacott,30563,Air Force,,9.875,,,Friday,31,1,2025
Anna Beaudry,30563,Hamline,,9.3,,,Friday,31,1,2025
Anna Johnson,30563,Hamline,,8.825,,9.275,Friday,31,1,2025
Anna Kristianson,30563,Air Force,9.825,,,,Friday,31,1,2025
Annelise Smaby,30563,Hamline,7.85,,,,Friday,31,1,2025
Ashley Savell,30563,Hamline,,,,9.275,Friday,31,1,2025
Ava East,30563,San Jose State,,,8.25,,Friday,31,1,2025
Ava Johnson,30563,San Jose State,,,9.7,,Friday,31,1,2025
Ayla McKean,30563,Air Force,9.65,,,,Friday,31,1,2025
Brianna Weikel,30563,Hamline,8.525,9.275,9.675,,Friday,31,1,2025
Brooke Reardon,30563,Hamline,,8.075,,,Friday,31,1,2025
Cailey Price,30563,Hamline,,8.65,9.4,,Friday,31,1,2025
Catelyn Zack,30563,Hamline,,,9.375,,Friday,31,1,2025
Chelsea Boyer,30563,Air Force,9.75,,,,Friday,31,1,2025
Devyn Valuch,30563,San Jose State,9.675,9.7,9.7,9.775,Friday,31,1,2025
Elena Bailey,30563,Hamline,8.8,,9.0,9.275,Friday,31,1,2025
Emma Witterstaetter,30563,Hamline,7.4,,,,Friday,31,1,2025
Gabriella Meccia,30563,Air Force,,,9.8,,Friday,31,1,2025
Hailey Santana,30563,Air Force,,,,9.7,Friday,31,1,2025
Jaudai Lopes,30563,San Jose State,9.7,,9.8,9.8,Friday,31,1,2025
Julia Cheely,30563,Hamline,9.25,9.625,,9.525,Friday,31,1,2025
Katherine Weyhmiller,30563,San Jose State,9.45,9.8,9.425,,Friday,31,1,2025
Katie Chai-Mulkerin,30563,Hamline,9.225,,,,Friday,31,1,2025
Kaviana Jurries,30563,San Jose State,,,,9.75,Friday,31,1,2025
Kylee Greene,30563,Air Force,,9.875,9.7,9.8,Friday,31,1,2025
Kyra Cato,30563,San Jose State,7.5,,,,Friday,31,1,2025
Madison Gustitus,30563,San Jose State,,9.875,,,Friday,31,1,2025
Madison Kirsch,30563,San Jose State,,9.35,,9.8,Friday,31,1,2025
Maggie Slife,30563,Air Force,9.825,9.775,9.85,9.9,Friday,31,1,2025
Marissa Ashton,30563,San Jose State,,9.075,,,Friday,31,1,2025
Maura Erickson,30563,Hamline,,,,9.225,Friday,31,1,2025
Mikaela Pitts,30563,San Jose State,,,,9.775,Friday,31,1,2025
Nhi Nguyen,30563,Air Force,,9.65,,,Friday,31,1,2025
Olivia Raife,30563,Air Force,,,,9.775,Friday,31,1,2025
Olivia Reardon,30563,San Jose State,9.725,,9.775,9.675,Friday,31,1,2025
Samantha Macasu,30563,San Jose State,,9.8,,,Friday,31,1,2025
Sarah Willis,30563,Air Force,,,9.725,9.725,Friday,31,1,2025
Sophia Konieczny,30563,San Jose State,9.825,,,,Friday,31,1,2025
Sydney Stoenner,30563,Hamline,,,8.9,9.05,Friday,31,1,2025
Velandra Brochi,30563,Air Force,,9.775,9.4,,Friday,31,1,2025
Zoey Danzinger,30563,Hamline,,,9.475,,Friday,31,1,2025
Abbie Thompson,30566,Denver,,9.025,,,Friday,31,1,2025
Abigayle Martin,30566,Arizona,9.875,9.875,9.85,9.725,Friday,31,1,2025
Alysen Fears,30566,Arizona,9.925,9.825,9.9,9.8,Friday,31,1,2025
Aubrey Krohnfeldt,30566,Arizona,9.825,,9.85,,Friday,31,1,2025
Bella Mabanta,30566,Denver,,9.1,9.625,9.875,Friday,31,1,2025
Cecilia Cooley,30566,Denver,9.85,9.825,9.825,,Friday,31,1,2025
Elena Deets,30566,Arizona,9.925,9.925,,,Friday,31,1,2025
Elizabeth Larusso,30566,Arizona,,,9.825,9.7,Friday,31,1,2025
Emily Mueller,30566,Arizona,9.825,9.725,9.8,9.725,Friday,31,1,2025
Emma Strom,30566,Arizona,,,9.9,9.675,Friday,31,1,2025
Gianna Lenczner,30566,Arizona,,9.825,,,Friday,31,1,2025
Kiley Rorich,30566,Denver,9.875,,8.725,,Friday,31,1,2025
Maddison Reidenbach,30566,Denver,,,,9.825,Friday,31,1,2025
Madison Ulrich,30566,Denver,9.825,9.875,9.8,9.65,Friday,31,1,2025
Mia Hebinck,30566,Denver,9.825,,,,Friday,31,1,2025
Mila Brusch,30566,Denver,,,8.825,9.825,Friday,31,1,2025
Momoko Iwai,30566,Denver,,9.85,,,Friday,31,1,2025
Rosie Casali,30566,Denver,9.65,,,9.275,Friday,31,1,2025
Rylie Mundell,30566,Denver,9.9,9.8,9.825,9.8,Friday,31,1,2025
Sophie Derr,30566,Arizona,9.875,,,9.775,Friday,31,1,2025
Tirzah Wise,30566,Arizona,,9.85,,,Friday,31,1,2025
Addison Glazier,30568,BYU,9.8,,,,Friday,31,1,2025
Alilah Alvarado,30568,BYU,9.75,,,,Friday,31,1,2025
Alyssa Fernandez,30568,Southern Utah,,,9.8,,Friday,31,1,2025
Amelia Moneymaker,30568,UC Davis,9.375,9.325,9.9,9.775,Friday,31,1,2025
Anna Bramblett-Wilde,30568,BYU,9.825,,,,Friday,31,1,2025
Ava Jorgensen,30568,BYU,9.8,,,9.8,Friday,31,1,2025
Ava Scafani,30568,UC Davis,8.75,9.85,,,Friday,31,1,2025
Avah Reichow,30568,UC Davis,,,9.7,9.675,Friday,31,1,2025
Avery Marshall,30568,UC Davis,,,9.475,,Friday,31,1,2025
Ayumi Oshiro,30568,UC Davis,9.8,9.475,9.775,,Friday,31,1,2025
Brinlee Christensen,30568,Southern Utah,9.8,9.625,9.825,9.7,Friday,31,1,2025
Brynlee Andersen,30568,BYU,,9.7,9.9,,Friday,31,1,2025
Chloee Hoke,30568,BYU,,9.675,,,Friday,31,1,2025
Deb Silva,30568,BYU,,,,9.8,Friday,31,1,2025
Eleanor Wyly,30568,UC Davis,,9.5,,9.725,Friday,31,1,2025
Eliza Millar-Crossman,30568,BYU,,9.825,9.8,,Friday,31,1,2025
Ellie Cacciola,30568,Southern Utah,,9.875,9.825,9.725,Friday,31,1,2025
Elliot Bringhurst,30568,Southern Utah,,9.05,,,Friday,31,1,2025
Heidi Schooley-Meyers,30568,BYU,,,9.825,,Friday,31,1,2025
Isabella Fitz-Gerald,30568,UC Davis,9.775,,,,Friday,31,1,2025
Isabella Neff,30568,Southern Utah,9.85,,,,Friday,31,1,2025
Jadyn Harsh,30568,BYU,,,,9.75,Friday,31,1,2025
Jadyn Wakita,30568,UC Davis,9.675,,,9.525,Friday,31,1,2025
Keanna Abraham,30568,UC Davis,,9.8,9.8,9.625,Friday,31,1,2025
Kylie Eaquinto,30568,BYU,9.875,9.15,9.875,9.825,Friday,31,1,2025
Mackenzie Kelly,30568,Southern Utah,,,,9.75,Friday,31,1,2025
Maria Ferguson,30568,Southern Utah,9.8,9.675,,,Friday,31,1,2025
McKenna Knecht,30568,UC Davis,9.65,,,,Friday,31,1,2025
Megan Ray,30568,UC Davis,,9.575,9.85,9.8,Friday,31,1,2025
Melissa Earl,30568,BYU,,,,9.7,Friday,31,1,2025
Mia Hampton,30568,Southern Utah,9.825,,9.9,9.775,Friday,31,1,2025
Mina Margraf-Benson,30568,BYU,,9.675,9.825,,Friday,31,1,2025
Mya Kirkham,30568,BYU,9.2,,,,Friday,31,1,2025
Niya Randolph,30568,Southern Utah,9.175,9.775,9.8,9.8,Friday,31,1,2025
Olivia Matern,30568,BYU,,,9.775,,Friday,31,1,2025
Rylee Miller,30568,Southern Utah,,9.75,,,Friday,31,1,2025
Sophie Dudley,30568,BYU,,9.525,,9.75,Friday,31,1,2025
Taylor Gull,30568,Southern Utah,,,9.9,,Friday,31,1,2025
Trista Goodman,30568,Southern Utah,9.775,,,9.775,Friday,31,1,2025
Alyssa Vulaj,30571,Boise State,,9.825,9.775,9.85,Friday,31,1,2025
Angel Stuart,30571,Utah State,,,9.675,9.6,Friday,31,1,2025
Anna Ferguson,30571,Boise State,,,9.5,,Friday,31,1,2025
Athena Jones,30571,Sacramento State,9.575,9.825,9.35,,Friday,31,1,2025
Avery Bibbey,30571,Utah State,9.9,,,,Friday,31,1,2025
Blake Pascal,30571,Boise State,,,9.825,,Friday,31,1,2025
Brianna Brooks,30571,Utah State,9.9,9.9,,,Friday,31,1,2025
Bridget Kemp,30571,Boise State,,,9.675,9.75,Friday,31,1,2025
Carly Buell,30571,Boise State,9.8,,,,Friday,31,1,2025
Chloe Cohen,30571,Sacramento State,8.875,,,,Friday,31,1,2025
Dani Kirstine,30571,Utah State,9.9,,,,Friday,31,1,2025
Emily Lopez,30571,Boise State,9.8,9.85,,9.8,Friday,31,1,2025
Emma Loyim,30571,Boise State,,9.775,9.875,9.775,Friday,31,1,2025
Emma Morgenthaler,30571,Sacramento State,9.675,9.775,9.75,9.7,Friday,31,1,2025
Grace Gilman,30571,Sacramento State,,9.8,9.75,9.675,Friday,31,1,2025
Hannah Sitzman,30571,Sacramento State,9.775,,,,Friday,31,1,2025
Isabella Vater,30571,Utah State,,,9.775,,Friday,31,1,2025
Jenna Eagles,30571,Utah State,,9.15,9.875,,Friday,31,1,2025
Julia Kryzwanski,30571,Boise State,,9.1,,,Friday,31,1,2025
Kaitlyn Driessen,30571,Sacramento State,,9.175,,9.7,Friday,31,1,2025
Kara Houghton,30571,Sacramento State,9.8,9.675,9.725,,Friday,31,1,2025
Kaylie Medrano,30571,Utah State,,9.825,9.75,9.775,Friday,31,1,2025
Kristina Shchennikova,30571,Boise State,9.825,,,,Friday,31,1,2025
Lexi Frank,30571,Sacramento State,,,,9.65,Friday,31,1,2025
Lundyn Vander Toolen,30571,Utah State,9.825,,,9.725,Friday,31,1,2025
Mahleea Werline,30571,Boise State,9.875,,,,Friday,31,1,2025
Maliyah James,30571,Sacramento State,9.8,,,,Friday,31,1,2025
Mya Witte,30571,Utah State,,9.8,,9.525,Friday,31,1,2025
Noelle Ball,30571,Boise State,9.8,,,9.775,Friday,31,1,2025
Nyla Morabito,30571,Utah State,,,9.825,9.75,Friday,31,1,2025
Olivia Orengo,30571,Utah State,9.85,9.7,9.75,,Friday,31,1,2025
Olivia Schmitt,30571,Sacramento State,,,9.575,,Friday,31,1,2025
Payton Gatzlaff,30571,Utah State,,,,9.625,Friday,31,1,2025
Rylin Zimmerman,30571,Sacramento State,,,,9.675,Friday,31,1,2025
Sarah Lutrel,30571,Sacramento State,,9.85,9.725,9.775,Friday,31,1,2025
Sydney Jelen,30571,Utah State,9.8,9.8,,,Friday,31,1,2025
Sydney Kho,30571,Boise State,,9.75,,9.6,Friday,31,1,2025
Sydney Leitch,30571,Boise State,9.85,9.775,9.7,,Friday,31,1,2025
Ady Wahl,30574,Georgia,9.875,,9.8,9.7,Friday,31,1,2025
Anaya Smith,30574,Georgia,,,,9.9,Friday,31,1,2025
Anya Turner,30574,Georgia,,9.9,,,Friday,31,1,2025
Brooke Gleichowski,30574,Georgia,,9.7,,,Friday,31,1,2025
Chloe LaCoursiere,30574,Alabama,9.8,9.775,9.85,9.75,Friday,31,1,2025
Corinne Bunagan,30574,Alabama,,9.85,,9.825,Friday,31,1,2025
Csenge Bacskay,30574,Georgia,,,9.85,9.8,Friday,31,1,2025
Emma Mason,30574,Georgia,9.85,,,,Friday,31,1,2025
Eryn Williams,30574,Georgia,,,9.875,,Friday,31,1,2025
Gabby Gladieux,30574,Alabama,9.85,9.625,9.9,9.85,Friday,31,1,2025
Gabby Ladanyi,30574,Alabama,,9.875,,,Friday,31,1,2025
Holly Snyder,30574,Georgia,9.65,,9.85,,Friday,31,1,2025
Ja' Free Scott,30574,Georgia,9.8,9.9,,9.85,Friday,31,1,2025
Jamison Sears,30574,Alabama,,,9.8,,Friday,31,1,2025
Jordyn Paradise,30574,Alabama,,,,9.85,Friday,31,1,2025
Kara Eaker,30574,Georgia,,9.925,,,Friday,31,1,2025
Karis German,30574,Alabama,,,,9.725,Friday,31,1,2025
Lilly Hudson,30574,Alabama,9.85,9.775,9.875,9.85,Friday,31,1,2025
Lily Smith,30574,Georgia,9.775,9.875,9.9,,Friday,31,1,2025
Natalia Pawlak,30574,Alabama,9.825,,,,Friday,31,1,2025
Naya Howard,30574,Georgia,9.775,9.825,,,Friday,31,1,2025
Nicole King,30574,Georgia,,,,9.875,Friday,31,1,2025
Nyla Aquino,30574,Georgia,,,9.85,9.725,Friday,31,1,2025
Paityn Walker,30574,Alabama,9.825,,9.775,,Friday,31,1,2025
Ryan Fuller,30574,Alabama,9.775,,,,Friday,31,1,2025
Shania Adams,30574,Alabama,,9.75,9.85,,Friday,31,1,2025
Alex Irvine,30576,Auburn,9.85,,,,Friday,31,1,2025
Anna Flynn Cashion,30576,Kentucky,,,,9.525,Friday,31,1,2025
Bryn Bartman,30576,Auburn,9.825,,,,Friday,31,1,2025
Cecily Rizo,30576,Kentucky,,,9.8,9.8,Friday,31,1,2025
Chesney Bennett,30576,Kentucky,,9.75,,,Friday,31,1,2025
Creslyn Brose,30576,Kentucky,,9.825,9.9,,Friday,31,1,2025
Delaynee Rodriguez,30576,Kentucky,9.8,9.875,9.85,,Friday,31,1,2025
Emma Grace Boyd,30576,Auburn,9.775,,,,Friday,31,1,2025
Gabby McLaughlin,30576,Auburn,,9.875,9.85,,Friday,31,1,2025
Hailey Davis,30576,Kentucky,9.75,,9.925,,Friday,31,1,2025
Isabella Magnelli,30576,Kentucky,,9.925,9.775,9.825,Friday,31,1,2025
Isabella Rivelli,30576,Kentucky,9.875,,,,Friday,31,1,2025
Jillian Procasky,30576,Kentucky,9.875,,,,Friday,31,1,2025
Julianne Huff,30576,Auburn,,,,9.875,Friday,31,1,2025
Katelyn Jong,30576,Auburn,9.9,9.95,9.75,9.725,Friday,31,1,2025
Makenzie Wilson,30576,Kentucky,,,,9.925,Friday,31,1,2025
Marissa Neal,30576,Auburn,,9.925,9.85,,Friday,31,1,2025
Olivia Ahern,30576,Auburn,,9.8,,,Friday,31,1,2025
Olivia Greaves,30576,Auburn,9.825,9.875,9.775,,Friday,31,1,2025
Olivia Hollingsworth,30576,Auburn,9.8,,4.4,,Friday,31,1,2025
Paige Zancan,30576,Auburn,,9.825,,9.625,Friday,31,1,2025
Ryan Noonan,30576,Kentucky,9.8,,,9.775,Friday,31,1,2025
Sara Hubbard,30576,Auburn,,,,9.85,Friday,31,1,2025
Sarah Zois,30576,Auburn,,,,9.65,Friday,31,1,2025
Sharon Lee,30576,Kentucky,,9.875,,,Friday,31,1,2025
Skylar Killough-Wilhelm,30576,Kentucky,9.95,9.875,9.825,9.75,Friday,31,1,2025
Sophia Bell,30576,Auburn,,,9.825,,Friday,31,1,2025
Sydney Schumaker,30576,Auburn,,,,9.8,Friday,31,1,2025
Ava Jordan,30578,Michigan,8.975,,,9.7,Friday,31,1,2025
Cameron Smith,30578,Ohio State,,9.825,,9.825,Friday,31,1,2025
Carly Bauman,30578,Michigan,9.85,9.875,9.925,,Friday,31,1,2025
Courtney McCann,30578,Ohio State,9.425,8.875,,,Friday,31,1,2025
JJ Coleman,30578,Ohio State,,,9.7,9.85,Friday,31,1,2025
Jacey Vore,30578,Michigan,9.875,9.825,,,Friday,31,1,2025
Jahzara Ranger,30578,Michigan,9.7,9.875,9.85,9.55,Friday,31,1,2025
Jenna Mulligan,30578,Michigan,,9.825,9.775,9.85,Friday,31,1,2025
Jojo Warga,30578,Ohio State,,9.775,,,Friday,31,1,2025
Kaitlyn Grimes,30578,Ohio State,,,9.825,9.7,Friday,31,1,2025
Kate Parks,30578,Ohio State,9.775,,,,Friday,31,1,2025
Kayli Boozer,30578,Michigan,,9.95,9.9,,Friday,31,1,2025
Kerrington Baham,30578,Ohio State,,,,9.65,Friday,31,1,2025
Maisyn Rader,30578,Ohio State,9.825,9.8,9.625,,Friday,31,1,2025
Paige Thaxton,30578,Michigan,,,,9.725,Friday,31,1,2025
Peyton Davis,30578,Michigan,,,9.825,9.8,Friday,31,1,2025
Rylee Guevara,30578,Ohio State,,9.825,9.875,,Friday,31,1,2025
Samara Buchanan,30578,Ohio State,9.825,,,,Friday,31,1,2025
Sidney Washington,30578,Ohio State,9.75,,9.75,9.775,Friday,31,1,2025
Sophia Diaz,30578,Michigan,9.85,,9.85,9.725,Friday,31,1,2025
Sophie Parenti,30578,Michigan,9.825,9.75,,,Friday,31,1,2025
Tory Vetter,30578,Ohio State,9.75,9.825,9.9,9.85,Friday,31,1,2025
Alana Walker,30580,Stanford,,,9.85,9.775,Friday,31,1,2025
Anapaula Gutierrez,30580,Stanford,9.875,,,9.825,Friday,31,1,2025
Anna Roberts,30580,Stanford,9.95,9.75,9.725,9.95,Friday,31,1,2025
Ashley Carter,30580,Stanford,,,9.875,,Friday,31,1,2025
Ava Sorrento,30580,Stanford,9.875,,,,Friday,31,1,2025
Bella Miller,30580,North Carolina,9.725,,9.625,,Friday,31,1,2025
Brenna Neault,30580,Stanford,9.775,9.25,9.825,9.825,Friday,31,1,2025
Claire Dean,30580,Stanford,,9.85,9.85,,Friday,31,1,2025
Elly King,30580,North Carolina,,,,9.65,Friday,31,1,2025
Gwen Fink,30580,North Carolina,9.775,9.85,9.725,,Friday,31,1,2025
Isabelle Schaefer,30580,North Carolina,9.8,,,9.8,Friday,31,1,2025
Jessica Naranjo,30580,North Carolina,,9.925,9.825,,Friday,31,1,2025
JoJo Valahovic,30580,North Carolina,,9.825,9.875,9.775,Friday,31,1,2025
Julia Knower,30580,North Carolina,9.75,9.775,9.85,9.675,Friday,31,1,2025
Kaya Forbes,30580,North Carolina,9.75,,9.7,9.825,Friday,31,1,2025
Kendra Chang,30580,Stanford,9.875,,,9.75,Friday,31,1,2025
Neve King,30580,North Carolina,9.8,,,9.75,Friday,31,1,2025
Regan McBride,30580,North Carolina,,9.725,,,Friday,31,1,2025
Sienna Robinson,30580,Stanford,,9.95,9.9,,Friday,31,1,2025
Taralyn Nguyen,30580,Stanford,,,,9.875,Friday,31,1,2025
Taylor Schulze,30580,North Carolina,,9.575,,,Friday,31,1,2025
Temple Landry,30580,Stanford,,9.85,,,Friday,31,1,2025
Ui Soma,30580,Stanford,9.925,9.8,,,Friday,31,1,2025
Brie Clark,30582,Clemson,,9.9,9.925,,Friday,31,1,2025
Camryn Chiu,30582,Pittsburgh,9.65,,,,Friday,31,1,2025
Danika Nielsen,30582,Clemson,,9.8,,,Friday,31,1,2025
Darbi Simcox,30582,Pittsburgh,,9.875,,,Friday,31,1,2025
Elizabeth Cesarone,30582,Pittsburgh,,,8.975,9.825,Friday,31,1,2025
Emily Todd,30582,Pittsburgh,9.85,9.8,,,Friday,31,1,2025
Eve Jackson,30582,Clemson,9.775,,9.825,9.7,Friday,31,1,2025
Hannah Clark,30582,Clemson,9.275,,,,Friday,31,1,2025
Jah'Liyah Bedminster,30582,Pittsburgh,9.575,,9.8,9.825,Friday,31,1,2025
Jaime Pratt,30582,Pittsburgh,9.775,,,9.625,Friday,31,1,2025
Jordyn Ewing,30582,Pittsburgh,9.725,,9.825,,Friday,31,1,2025
Julie Madso,30582,Pittsburgh,,9.7,,,Friday,31,1,2025
Kaylee Larson,30582,Pittsburgh,,,9.625,,Friday,31,1,2025
Kennedy Duke,30582,Pittsburgh,9.725,9.7,,9.8,Friday,31,1,2025
Lila Pileggi,30582,Pittsburgh,,,,9.525,Friday,31,1,2025
Lilly Lippeatt,30582,Clemson,9.85,9.825,9.8,,Friday,31,1,2025
Madison Minner,30582,Clemson,,,9.825,9.775,Friday,31,1,2025
Maggie Holman,30582,Clemson,,,9.85,9.85,Friday,31,1,2025
Meika Lee,30582,Pittsburgh,,9.75,9.775,,Friday,31,1,2025
Molly Arnold,30582,Clemson,,,9.6,,Friday,31,1,2025
Olivia Giunta,30582,Pittsburgh,,,9.725,9.775,Friday,31,1,2025
Quinn Kuhl,30582,Clemson,8.975,8.9,,9.725,Friday,31,1,2025
Rebecca Wells,30582,Clemson,9.8,,,,Friday,31,1,2025
Reyna Garvey,30582,Pittsburgh,,9.825,,,Friday,31,1,2025
Sierra Church,30582,Clemson,,9.775,,,Friday,31,1,2025
Takoda Berry,30582,Clemson,9.775,,,,Friday,31,1,2025
Tara Walsh,30582,Clemson,,9.475,,9.7,Friday,31,1,2025
Trinity Brown,30582,Clemson,,,,9.825,Friday,31,1,2025
Aine Reade,30585,New Hampshire,9.675,9.775,9.85,9.8,Friday,31,1,2025
Amelia Budd,30585,Temple,,,,9.75,Friday,31,1,2025
Ana Kenefick,30585,Towson,,9.65,9.775,,Friday,31,1,2025
Anne Challman,30585,New Hampshire,,9.825,9.775,,Friday,31,1,2025
Ava Harper,30585,Towson,,,,9.7,Friday,31,1,2025
Breanna Varano,30585,Temple,9.575,,,,Friday,31,1,2025
Brooke Donabedian,30585,Temple,,9.8,9.75,,Friday,31,1,2025
Brooke Izzo,30585,George Washington,,9.75,9.825,9.8,Friday,31,1,2025
Brynn Vetrano,30585,William & Mary,,,9.5,,Friday,31,1,2025
Callie Gardner,30585,Towson,,,,9.9,Friday,31,1,2025
Carmella Calafati,30585,Towson,,,9.775,,Friday,31,1,2025
Caroline Blatchford,30585,William & Mary,9.675,9.35,,9.7,Friday,31,1,2025
Catherine Bare,30585,William & Mary,9.05,,,,Friday,31,1,2025
Celia Trotter,30585,Towson,,9.675,,,Friday,31,1,2025
Chelsey Dennis,30585,Towson,9.45,9.875,,,Friday,31,1,2025
Clara Hong,30585,Towson,9.75,9.825,9.825,,Friday,31,1,2025
Deana Sheremeta,30585,George Washington,9.7,9.85,9.85,,Friday,31,1,2025
Delaney DeHaan,30585,George Washington,9.75,9.875,9.8,9.85,Friday,31,1,2025
Ella Isley,30585,William & Mary,,,9.55,,Friday,31,1,2025
Felicia Poblete,30585,Towson,,,,9.2,Friday,31,1,2025
Gracy Mowers,30585,New Hampshire,,,,9.775,Friday,31,1,2025
Gwen Ockerbloom,30585,New Hampshire,,9.825,,9.8,Friday,31,1,2025
Hannah Burke,30585,William & Mary,,,9.675,9.7,Friday,31,1,2025
Hannah Weklar,30585,Temple,9.775,,9.525,9.775,Friday,31,1,2025
Harmony Haro,30585,Temple,,,,9.7,Friday,31,1,2025
Isabella DeCroo,30585,Towson,,,9.725,9.775,Friday,31,1,2025
Isabella Minervini,30585,Towson,9.85,9.775,9.825,9.8,Friday,31,1,2025
Julia Before,30585,New Hampshire,9.65,,,,Friday,31,1,2025
Kasey Burke,30585,George Washington,9.575,,9.725,9.85,Friday,31,1,2025
Kendall Whitman,30585,George Washington,,9.8,9.775,9.725,Friday,31,1,2025
Krystin Johnson,30585,Temple,,,9.45,9.875,Friday,31,1,2025
Kylie Kazmierski,30585,George Washington,,,9.55,,Friday,31,1,2025
Lauren Greene,30585,Towson,9.675,,,,Friday,31,1,2025
Lauren Keener,30585,Towson,9.725,9.9,,,Friday,31,1,2025
Leah Moreno,30585,New Hampshire,9.1,,,9.6,Friday,31,1,2025
Lola Montevago,30585,George Washington,9.85,9.75,,,Friday,31,1,2025
Madison Dorunda,30585,Temple,,9.85,9.7,,Friday,31,1,2025
Mady Harvey,30585,New Hampshire,,9.8,,,Friday,31,1,2025
Mariella Brueck,30585,Temple,9.575,,,,Friday,31,1,2025
Maya Peters,30585,George Washington,,9.725,,,Friday,31,1,2025
McCall McMullen,30585,New Hampshire,,9.775,9.75,9.725,Friday,31,1,2025
Megan White,30585,Temple,9.6,9.825,,,Friday,31,1,2025
Melanie Faulkner,30585,William & Mary,,9.725,9.0,,Friday,31,1,2025
Melissa Gao,30585,William & Mary,9.525,9.75,,9.575,Friday,31,1,2025
Michelle Ngo,30585,William & Mary,9.7,9.75,9.725,9.575,Friday,31,1,2025
Nikk Rengifo,30585,Temple,,,,9.675,Friday,31,1,2025
Polina Belanovski,30585,Towson,,,9.75,9.775,Friday,31,1,2025
Rachel Katz,30585,George Washington,9.75,,,9.85,Friday,31,1,2025
Reese DeHaan,30585,Temple,9.6,,,,Friday,31,1,2025
Renee Schugman,30585,Temple,,9.85,9.725,9.775,Friday,31,1,2025
Robyn Dunn,30585,Temple,,9.875,,,Friday,31,1,2025
Samantha Burd,30585,William & Mary,,,,9.45,Friday,31,1,2025
Sarah Kuper,30585,William & Mary,9.525,9.5,,9.625,Friday,31,1,2025
Sarah Stallings,30585,Temple,9.725,,,,Friday,31,1,2025
Sarah Wozniak,30585,William & Mary,9.725,,,,Friday,31,1,2025
Serena Mullin,30585,New Hampshire,8.9,9.825,9.85,9.75,Friday,31,1,2025
Stacy Boss,30585,New Hampshire,,,9.8,,Friday,31,1,2025
Steph Macasu,30585,Towson,9.075,,,,Friday,31,1,2025
Summer Penzi,30585,William & Mary,,9.7,9.65,,Friday,31,1,2025
Summer Ruskey,30585,Temple,,9.7,9.65,,Friday,31,1,2025
Summer Simpkins,30585,New Hampshire,9.55,,9.125,,Friday,31,1,2025
Zoe Arthur,30585,New Hampshire,8.95,,,,Friday,31,1,2025
Zoe Safran,30585,George Washington,9.525,,,9.775,Friday,31,1,2025
Abby Mueller,30589,Missouri,,9.825,,,Friday,31,1,2025
Aleah Finnegan,30589,LSU,9.8,9.85,9.75,9.925,Friday,31,1,2025
Alexis Jeffrey,30589,LSU,9.925,,,,Friday,31,1,2025
Amari Celestine,30589,Missouri,9.9,9.85,9.825,9.9,Friday,31,1,2025
Amari Drayton,30589,LSU,,,9.9,9.75,Friday,31,1,2025
Amy Wier,30589,Missouri,,9.775,,,Friday,31,1,2025
Ashley Cowan,30589,LSU,9.85,,,,Friday,31,1,2025
Chase Brock,30589,LSU,,,9.875,9.925,Friday,31,1,2025
Elise Tisler,30589,Missouri,,,9.875,9.825,Friday,31,1,2025
Haleigh Bryant,30589,LSU,,9.875,9.95,,Friday,31,1,2025
Hannah Horton,30589,Missouri,9.825,,9.825,9.925,Friday,31,1,2025
Helen Hu,30589,Missouri,,9.975,,,Friday,31,1,2025
Jocelyn Moore,30589,Missouri,9.85,,9.9,9.8,Friday,31,1,2025
KJ Johnson,30589,LSU,,,,9.9,Friday,31,1,2025
Kaia Tanskanen,30589,Missouri,,,,9.725,Friday,31,1,2025
Kailin Chio,30589,LSU,9.925,9.95,9.9,9.875,Friday,31,1,2025
Kaliya Lincoln,30589,LSU,,,,9.925,Friday,31,1,2025
Kennedy Griffin,30589,Missouri,,,9.875,9.7,Friday,31,1,2025
Konnor McClain,30589,LSU,9.875,9.95,,,Friday,31,1,2025
Kylie Coen,30589,LSU,,9.9,,,Friday,31,1,2025
Kyra Burns,30589,Missouri,9.85,,,,Friday,31,1,2025
Lexi Zeiss,30589,LSU,9.85,,,,Friday,31,1,2025
Mara Titarsolej,30589,Missouri,9.925,,,,Friday,31,1,2025
Olivia Kelly,30589,Missouri,,9.875,,,Friday,31,1,2025
Railey Jackson,30589,Missouri,,9.8,,,Friday,31,1,2025
Rayna Light,30589,Missouri,9.825,,9.85,,Friday,31,1,2025
Sierra Ballard,30589,LSU,,9.875,9.85,,Friday,31,1,2025
Addison Fatta,30591,Oklahoma,9.925,9.775,9.8,9.825,Friday,31,1,2025
Audrey Davis,30591,Oklahoma,9.95,9.825,9.875,9.85,Friday,31,1,2025
Cally Swaney,30591,Arkansas,9.7,9.775,,,Friday,31,1,2025
Cami Weaver,30591,Arkansas,,9.825,,9.775,Friday,31,1,2025
Dakota Essenpries,30591,Arkansas,,,,9.825,Friday,31,1,2025
Elle Mueller,30591,Oklahoma,,,9.85,,Friday,31,1,2025
Faith Torrez,30591,Oklahoma,9.95,9.925,9.9,9.95,Friday,31,1,2025
Frankie Price,30591,Arkansas,,,9.875,9.8,Friday,31,1,2025
Hailey Klein,30591,Arkansas,,,9.775,,Friday,31,1,2025
Ja'Leigh Lang,30591,Arkansas,,,,9.8,Friday,31,1,2025
Jordan Bowers,30591,Oklahoma,9.925,9.95,9.95,9.9,Friday,31,1,2025
Joscelyn Roberson,30591,Arkansas,,9.925,9.75,9.75,Friday,31,1,2025
Kaitlyn Ewald,30591,Arkansas,9.775,,,,Friday,31,1,2025
Kalyxta Gamiao,30591,Arkansas,,9.75,9.525,,Friday,31,1,2025
Keira Wells,30591,Oklahoma,,9.825,,9.875,Friday,31,1,2025
Kelsey Slade,30591,Oklahoma,9.825,,,,Friday,31,1,2025
Leah Smith,30591,Arkansas,9.85,,9.75,9.85,Friday,31,1,2025
Lily Pederson,30591,Oklahoma,9.925,9.75,9.875,9.825,Friday,31,1,2025
Maddie Jones,30591,Arkansas,9.75,9.7,9.85,,Friday,31,1,2025
Mati Waligora,30591,Arkansas,9.25,,,,Friday,31,1,2025
Priscilla Park,30591,Arkansas,9.775,9.8,,,Friday,31,1,2025
Aladiana Tosado,30593,Brockport,9.45,,,,Saturday,1,2,2025
Alexis Schulman,30593,Brockport,,9.475,,,Saturday,1,2,2025
Amelia York,30593,Brockport,,9.625,,,Saturday,1,2,2025
Anna Lee Dobson,30593,Cortland State,,9.425,,9.45,Saturday,1,2,2025
Autumn Adkins,30593,Cortland State,9.5,,9.65,9.325,Saturday,1,2,2025
Ava Miranov,30593,Cortland State,,,,9.175,Saturday,1,2,2025
Bridget Sullivan,30593,West Chester,,,,9.275,Saturday,1,2,2025
Cali Czarcinski,30593,Brockport,,,9.725,,Saturday,1,2,2025
Caroline Cascadden,30593,West Chester,,9.8,9.8,,Saturday,1,2,2025
Catherine Keener,30593,West Chester,,9.55,9.65,,Saturday,1,2,2025
Charlotte Raymond,30593,Brockport,9.4,,,,Saturday,1,2,2025
Corinne Gruber,30593,West Chester,,,,9.5,Saturday,1,2,2025
Emma Brookins,30593,Brockport,9.575,9.55,9.775,9.375,Saturday,1,2,2025
EmmaGrace Kelly,30593,West Chester,,9.8,9.825,,Saturday,1,2,2025
Gabrielle Nadler,30593,Cortland State,,,9.625,,Saturday,1,2,2025
Gianna Mirigliano,30593,Cortland State,,8.75,9.775,9.55,Saturday,1,2,2025
Gracie Weaver,30593,Brockport,,,,9.325,Saturday,1,2,2025
Jamarie Saravia,30593,Brockport,9.35,,9.7,,Saturday,1,2,2025
Jordan Coleman,30593,West Chester,9.75,,,,Saturday,1,2,2025
Julia Klucinec,30593,Brockport,8.35,,,,Saturday,1,2,2025
Karah Vargo,30593,West Chester,9.15,,,9.35,Saturday,1,2,2025
Kathryn McSweeney,30593,Cortland State,9.7,,,,Saturday,1,2,2025
Kiana Wong,30593,Cortland State,8.5,,,,Saturday,1,2,2025
Kiara Hockman,30593,Brockport,,9.7,9.8,9.775,Saturday,1,2,2025
Laken Sooy,30593,Brockport,,9.425,,,Saturday,1,2,2025
Lienna Kay,30593,Brockport,,9.75,,9.275,Saturday,1,2,2025
Lily McFarland,30593,West Chester,,9.825,9.875,9.65,Saturday,1,2,2025
Lydia Stoner,30593,West Chester,,,9.675,,Saturday,1,2,2025
Macarthy Keane,30593,West Chester,9.55,,,9.475,Saturday,1,2,2025
Maren Eramo,30593,Brockport,9.475,,,9.75,Saturday,1,2,2025
Maya Pecoraro,30593,Brockport,,,9.725,,Saturday,1,2,2025
Melina Ringas,30593,West Chester,9.65,,,,Saturday,1,2,2025
Natalie Marshall,30593,West Chester,,9.7,9.65,,Saturday,1,2,2025
Ninabella English,30593,Cortland State,8.65,,,,Saturday,1,2,2025
Rianna Adams,30593,Cortland State,9.5,,,,Saturday,1,2,2025
Rylee Harada,30593,West Chester,8.525,,,9.7,Saturday,1,2,2025
Samantha Meadows,30593,Cortland State,,9.075,9.725,9.2,Saturday,1,2,2025
Shannon Gibbs,30593,Brockport,,,9.65,9.4,Saturday,1,2,2025
Tatum McGuinn,30593,West Chester,9.35,9.725,,,Saturday,1,2,2025
Tayah Graham,30593,Cortland State,,8.875,,9.625,Saturday,1,2,2025
Taylor Goldstein,30593,Cortland State,9.15,,,,Saturday,1,2,2025
Tessa Sutton,30593,Cortland State,,9.575,9.625,,Saturday,1,2,2025
Victoria Cave,30593,Cortland State,,8.95,9.675,,Saturday,1,2,2025
Amaya McConkay,30596,UW-Oshkosh,9.575,,,9.475,Saturday,1,2,2025
Averie Evans,30596,UW-Oshkosh,9.65,,,9.35,Saturday,1,2,2025
Bella Dix,30596,Simpson,,,9.35,,Saturday,1,2,2025
Brooklen Morgan,30596,Simpson,,9.4,9.575,,Saturday,1,2,2025
Delaney Cienkus,30596,UW-Oshkosh,,9.825,9.725,,Saturday,1,2,2025
Emma Steele,30596,UW-Oshkosh,,9.7,,,Saturday,1,2,2025
Emma Tolbert,30596,Simpson,,9.25,9.575,9.6,Saturday,1,2,2025
Emmie Barton,30596,Simpson,,,,9.35,Saturday,1,2,2025
Evalyn Resnick,30596,Simpson,8.975,,,,Saturday,1,2,2025
Izzy Brown,30596,Simpson,8.45,9.575,9.4,,Saturday,1,2,2025
Jay Ratkowski,30596,UW-Oshkosh,,9.6,9.625,,Saturday,1,2,2025
Jurnee Warkentien,30596,UW-Oshkosh,,9.4,9.4,,Saturday,1,2,2025
Kaelyn Tally,30596,Simpson,,9.0,9.75,9.7,Saturday,1,2,2025
Kaylee Paige,30596,Simpson,9.3,,,,Saturday,1,2,2025
Liz Romano,30596,UW-Oshkosh,9.625,9.6,,,Saturday,1,2,2025
Liz Sisler,30596,Simpson,9.375,,,,Saturday,1,2,2025
Lydia Hayden,30596,UW-Oshkosh,,9.65,,,Saturday,1,2,2025
Mary Lloyd,30596,UW-Oshkosh,,,9.525,,Saturday,1,2,2025
Mia Lucero,30596,UW-Oshkosh,,,9.65,9.375,Saturday,1,2,2025
Mia Passarella,30596,UW-Oshkosh,,,,9.425,Saturday,1,2,2025
Olivia Hedary,30596,Simpson,9.45,9.65,9.45,9.5,Saturday,1,2,2025
Olivia Short,30596,Simpson,,8.85,,,Saturday,1,2,2025
Rachel Welch,30596,Simpson,,,,9.475,Saturday,1,2,2025
Reanna McGibboney,30596,UW-Oshkosh,9.525,,8.725,9.5,Saturday,1,2,2025
Samantha Zeilinger,30596,UW-Oshkosh,9.65,,,9.15,Saturday,1,2,2025
Wynter Poolaw,30596,Simpson,8.975,,,9.375,Saturday,1,2,2025
Zoe Krull,30596,UW-Oshkosh,9.45,,,,Saturday,1,2,2025
Amy Doyle,30598,Michigan State,9.85,,,9.9,Saturday,1,2,2025
Brooklyn Moors,30598,UCLA,,9.7,9.975,9.8,Saturday,1,2,2025
Chae Campbell,30598,UCLA,9.85,9.675,9.975,9.875,Saturday,1,2,2025
Ciena Alipio,30598,UCLA,,9.05,,,Saturday,1,2,2025
Delanie Harkness,30598,Michigan State,9.875,,9.85,,Saturday,1,2,2025
Elle Beaufait,30598,Michigan State,,,9.775,,Saturday,1,2,2025
Emily Lee,30598,UCLA,,9.85,9.875,9.8,Saturday,1,2,2025
Emma Malabuyo,30598,UCLA,9.85,9.925,9.9,,Saturday,1,2,2025
Frida Esparza,30598,UCLA,9.85,,,,Saturday,1,2,2025
Gabrielle Stephen,30598,Michigan State,9.825,9.825,9.875,9.8,Saturday,1,2,2025
Giana Kalefe,30598,Michigan State,,9.75,,,Saturday,1,2,2025
Jordan Chiles,30598,UCLA,9.25,9.85,10.0,9.925,Saturday,1,2,2025
MaKayla Tucker,30598,Michigan State,,9.2,9.85,9.85,Saturday,1,2,2025
Macy McGowan,30598,UCLA,9.75,,9.95,9.9,Saturday,1,2,2025
Mika Webster-Longin,30598,UCLA,9.85,,,,Saturday,1,2,2025
Nikki Smith,30598,Michigan State,9.7,9.875,9.9,9.95,Saturday,1,2,2025
Olivia Zsarmani,30598,Michigan State,9.825,9.75,,9.95,Saturday,1,2,2025
Riley Jenkins,30598,UCLA,,,,9.85,Saturday,1,2,2025
Sage Kellerman,30598,Michigan State,9.925,,,9.95,Saturday,1,2,2025
Skyla Schulte,30598,Michigan State,,9.8,9.825,,Saturday,1,2,2025
Ava Stewart,30600,Minnesota,9.85,9.875,,9.875,Saturday,1,2,2025
Brooklyn Rowray,30600,Minnesota,,9.55,,,Saturday,1,2,2025
Caitlin McWilliams,30600,Washington,9.725,,9.8,9.75,Saturday,1,2,2025
Chelsea Hallinan,30600,Washington,,9.85,,,Saturday,1,2,2025
Emily Innes,30600,Washington,,9.8,9.7,9.675,Saturday,1,2,2025
Emily Koch,30600,Minnesota,,9.775,9.85,,Saturday,1,2,2025
Jordyn Lyden,30600,Minnesota,9.85,9.875,,,Saturday,1,2,2025
Kira Bolden,30600,Washington,,,9.65,9.775,Saturday,1,2,2025
Kristin Lin,30600,Washington,9.75,,,9.775,Saturday,1,2,2025
Lana Navarro,30600,Washington,9.75,9.75,,,Saturday,1,2,2025
Lauren Pearl,30600,Minnesota,,9.875,9.825,9.775,Saturday,1,2,2025
Lex Mouyenga,30600,Washington,,,,9.75,Saturday,1,2,2025
Marissa Jencks,30600,Minnesota,9.825,,9.825,,Saturday,1,2,2025
Mary McDonough,30600,Washington,9.825,9.775,9.55,9.8,Saturday,1,2,2025
McCauley Harrington,30600,Minnesota,9.85,,,,Saturday,1,2,2025
Megan Steensland,30600,Minnesota,,,9.875,9.8,Saturday,1,2,2025
Mya Hooten,30600,Minnesota,9.7,,9.925,9.85,Saturday,1,2,2025
Olivia Oppegard,30600,Washington,9.15,9.85,9.675,,Saturday,1,2,2025
Sarah Moraw,30600,Minnesota,,9.775,,9.75,Saturday,1,2,2025
Seria Johnson,30600,Minnesota,,,9.8,,Saturday,1,2,2025
Taylor Russon,30600,Washington,9.8,9.875,9.75,,Saturday,1,2,2025
Teryn Crump,30600,Minnesota,9.875,,,9.8,Saturday,1,2,2025
Adeline Kenlin,30602,Iowa,,9.875,,,Saturday,1,2,2025
Aurelie Tran,30602,Iowa,9.825,9.875,9.85,9.775,Saturday,1,2,2025
Avery Chambers,30602,Iowa,,,,9.875,Saturday,1,2,2025
Ayzhia Hall,30602,Nebraska,,9.25,,9.675,Saturday,1,2,2025
Cassie Lee,30602,Iowa,,9.875,,,Saturday,1,2,2025
Emalee Frost,30602,Nebraska,9.25,,,,Saturday,1,2,2025
Emily Erb,30602,Iowa,,,9.825,,Saturday,1,2,2025
Emma Simpton,30602,Nebraska,9.825,9.85,,,Saturday,1,2,2025
Emma Spence,30602,Nebraska,9.9,9.65,9.85,9.85,Saturday,1,2,2025
Gianna Masella,30602,Iowa,9.8,,9.75,9.775,Saturday,1,2,2025
Haley Tyson,30602,Iowa,,9.8,9.7,,Saturday,1,2,2025
Halle Rourke,30602,Nebraska,,,9.9,,Saturday,1,2,2025
Hanna Castillo,30602,Iowa,,,9.875,9.675,Saturday,1,2,2025
Ilka Juk,30602,Iowa,9.8,9.05,,,Saturday,1,2,2025
Isabel Sikon,30602,Nebraska,9.85,9.775,,9.8,Saturday,1,2,2025
Kaia Vanney,30602,Iowa,9.175,,,,Saturday,1,2,2025
Karina Munoz,30602,Iowa,9.725,9.875,,9.925,Saturday,1,2,2025
Katie Kuenemann,30602,Nebraska,,,,9.725,Saturday,1,2,2025
Lauren Homecillo,30602,Nebraska,,,9.825,,Saturday,1,2,2025
Reese Baechle,30602,Nebraska,,,9.8,,Saturday,1,2,2025
Sophia McClelland,30602,Nebraska,9.825,9.875,9.825,9.55,Saturday,1,2,2025
Sydney Turner,30602,Iowa,9.825,,9.65,9.725,Saturday,1,2,2025
Whitney Jencks,30602,Nebraska,9.275,9.825,9.85,9.75,Saturday,1,2,2025
Addy Rothstein,30604,Cornell,9.7,,9.8,9.7,Sunday,2,2,2025
Alisha Werlen,30604,Pennsylvania,,9.65,9.775,,Sunday,2,2,2025
Avery Byun,30604,Cornell,9.4,9.675,9.8,9.725,Sunday,2,2,2025
Cami Whitaker,30604,Cornell,,,9.75,,Sunday,2,2,2025
Carly Oniki,30604,Pennsylvania,9.575,9.15,,,Sunday,2,2,2025
Dahlia Jhaveri,30604,Cornell,9.525,,,9.7,Sunday,2,2,2025
Jordan Barrow,30604,Pennsylvania,9.75,9.7,,9.825,Sunday,2,2,2025
Josie Moylan,30604,Cornell,,,9.625,,Sunday,2,2,2025
Macy Armstrong,30604,Cornell,,,,9.275,Sunday,2,2,2025
Maddie Wolf,30604,Cornell,,9.05,,,Sunday,2,2,2025
Manama Fofana,30604,Pennsylvania,,,9.775,9.8,Sunday,2,2,2025
Marissa Lassiter,30604,Pennsylvania,9.725,9.6,9.825,9.8,Sunday,2,2,2025
Michaela DeFranscisco,30604,Cornell,,,9.8,9.625,Sunday,2,2,2025
Mikayla Burton,30604,Cornell,,9.8,,,Sunday,2,2,2025
Mimi Fletcher,30604,Pennsylvania,,9.65,,,Sunday,2,2,2025
Morgen Shambo,30604,Cornell,9.7,9.6,,,Sunday,2,2,2025
Natalia Tehrani,30604,Cornell,9.6,8.975,,,Sunday,2,2,2025
Olivia Vanhorn,30604,Pennsylvania,,,,9.65,Sunday,2,2,2025
Samantha Wu,30604,Pennsylvania,,,9.725,,Sunday,2,2,2025
Sienna Zuccaro,30604,Pennsylvania,,,,9.65,Sunday,2,2,2025
Skyelar Kerico,30604,Pennsylvania,9.775,9.525,9.825,9.725,Sunday,2,2,2025
Sophia Paris,30604,Pennsylvania,9.75,,,,Sunday,2,2,2025
Sydney Beers,30604,Cornell,9.5,9.675,9.85,9.825,Sunday,2,2,2025
Zara Gazdak,30604,Pennsylvania,9.75,,9.875,,Sunday,2,2,2025
Ally Schaupp,30606,Western Michigan,,8.25,9.675,,Sunday,2,2,2025
Alyssa Guns,30606,Kent State,,9.875,9.9,,Sunday,2,2,2025
Avery Compson,30606,Kent State,,,,9.45,Sunday,2,2,2025
Brynne Tsipis,30606,Kent State,9.7,,,,Sunday,2,2,2025
Cassie St. Clair,30606,Western Michigan,,,9.775,9.8,Sunday,2,2,2025
Charlie Behner,30606,Kent State,9.675,,8.975,9.85,Sunday,2,2,2025
DonnaKathryn Roy,30606,Western Michigan,,,9.725,9.75,Sunday,2,2,2025
Emma Masse,30606,Kent State,,,9.55,,Sunday,2,2,2025
Gabby Riley,30606,Kent State,,9.8,9.85,9.675,Sunday,2,2,2025
Gigi Singh,30606,Western Michigan,,8.95,,,Sunday,2,2,2025
Halle Faulkner,30606,Western Michigan,,,,9.825,Sunday,2,2,2025
Hannah Milton,30606,Western Michigan,,,9.825,9.725,Sunday,2,2,2025
Heidi Schultz,30606,Kent State,9.825,9.875,,,Sunday,2,2,2025
Julie Korfhage,30606,Western Michigan,9.075,,,,Sunday,2,2,2025
Kennedy Cooper,30606,Western Michigan,,,9.825,9.725,Sunday,2,2,2025
Makenna King,30606,Western Michigan,9.775,,,,Sunday,2,2,2025
Molly Freeman,30606,Western Michigan,9.85,,,,Sunday,2,2,2025
Mya Migliore,30606,Kent State,9.8,9.725,,9.75,Sunday,2,2,2025
Nastia Rudnitskaya,30606,Kent State,9.825,,,,Sunday,2,2,2025
Nene Alvine,30606,Kent State,8.9,9.65,9.675,9.775,Sunday,2,2,2025
Reese Samuelson,30606,Western Michigan,9.875,9.825,,,Sunday,2,2,2025
Reilan Garvey,30606,Western Michigan,9.775,9.7,9.8,,Sunday,2,2,2025
Sarah Moravansky,30606,Western Michigan,9.825,9.725,,9.7,Sunday,2,2,2025
Tricia Mills,30606,Western Michigan,,9.575,,,Sunday,2,2,2025
Zoe Rankin,30606,Kent State,,9.8,9.65,9.7,Sunday,2,2,2025
Abby Brushwood,30608,Eastern Michigan,,,9.85,9.675,Sunday,2,2,2025
Alana Anderson,30608,Northern Illinois,,,8.85,,Sunday,2,2,2025
Alana Fisher,30608,Eastern Michigan,,7.4,9.775,9.725,Sunday,2,2,2025
Analiah Solorio,30608,Eastern Michigan,9.725,,,,Sunday,2,2,2025
Audrey Brenner,30608,Northern Illinois,,,,9.7,Sunday,2,2,2025
Dawsyn Sallee,30608,Northern Illinois,,9.625,9.725,9.725,Sunday,2,2,2025
Drake White,30608,Northern Illinois,8.75,9.0,9.825,9.675,Sunday,2,2,2025
Ella Chemotti,30608,Eastern Michigan,8.925,9.775,9.7,,Sunday,2,2,2025
Ellery Werner,30608,Northern Illinois,,9.875,,,Sunday,2,2,2025
Genae Daniel,30608,Eastern Michigan,,,,9.5,Sunday,2,2,2025
Gwendelyn Cantu,30608,Eastern Michigan,,,,9.6,Sunday,2,2,2025
Isabella Ross,30608,Northern Illinois,9.35,9.65,,,Sunday,2,2,2025
Isabella Sissi,30608,Northern Illinois,9.675,,,,Sunday,2,2,2025
Jocelyn Harbeck,30608,Northern Illinois,,,,9.575,Sunday,2,2,2025
Kate Ferguson,30608,Northern Illinois,9.75,,,,Sunday,2,2,2025
Katin Childress,30608,Eastern Michigan,,9.55,,,Sunday,2,2,2025
Keeley Kohler,30608,Eastern Michigan,8.7,9.65,,,Sunday,2,2,2025
Kiera O'Shea,30608,Northern Illinois,9.6,9.65,9.675,9.725,Sunday,2,2,2025
Kyrie Lowe,30608,Eastern Michigan,9.775,9.775,9.725,9.575,Sunday,2,2,2025
Mikayla Brown,30608,Northern Illinois,,9.725,9.775,,Sunday,2,2,2025
Natalia Kraus,30608,Northern Illinois,9.375,,,,Sunday,2,2,2025
Priya Karle,30608,Eastern Michigan,,,9.775,,Sunday,2,2,2025
Raisa Boris,30608,Eastern Michigan,9.75,9.85,9.6,9.575,Sunday,2,2,2025
Samantha Nickle,30608,Northern Illinois,,,9.7,9.45,Sunday,2,2,2025
Sanai Evans,30608,Eastern Michigan,9.55,,,,Sunday,2,2,2025
Adisson Ferri,30610,Utica,,,7.95,,Sunday,2,2,2025
Alexa Rothenbuescher,30610,Maryland,8.775,9.825,9.875,9.725,Sunday,2,2,2025
Aliyah Reed-Hammon,30610,Fisk,,9.8,,9.3,Sunday,2,2,2025
Allie Berkley,30610,Fisk,9.425,9.625,,9.45,Sunday,2,2,2025
Alyssa Langston,30610,Utica,9.425,9.55,,,Sunday,2,2,2025
Anna Pagliaro,30610,Rutgers,,9.85,,9.575,Sunday,2,2,2025
Christina Troche,30610,Utica,8.975,,9.225,,Sunday,2,2,2025
Ciniah Rosby,30610,Fisk,9.425,9.25,9.675,9.475,Sunday,2,2,2025
Delaney Adrian,30610,Rutgers,9.8,9.725,9.8,9.5,Sunday,2,2,2025
Donna Uhlenberg,30610,Rutgers,,,9.7,,Sunday,2,2,2025
Elia Aird,30610,Rutgers,,9.725,9.825,9.65,Sunday,2,2,2025
Elliot Goldsmith,30610,Rutgers,9.575,,9.85,9.525,Sunday,2,2,2025
Emily Plone,30610,Utica,,,9.525,,Sunday,2,2,2025
Emmy Graff,30610,Utica,9.675,9.65,9.65,9.6,Sunday,2,2,2025
Gabrielle Dildy,30610,Rutgers,,9.85,9.9,9.7,Sunday,2,2,2025
Grace Marra,30610,Utica,8.35,9.65,9.6,9.475,Sunday,2,2,2025
Hailey Merchant,30610,Maryland,9.775,,,,Sunday,2,2,2025
Haley Miller,30610,Utica,,8.9,,9.125,Sunday,2,2,2025
Jackie Manifold,30610,Rutgers,,9.65,,,Sunday,2,2,2025
Jada Reece,30610,Fisk,,,9.65,9.475,Sunday,2,2,2025
Jenna DiPalo,30610,Utica,,8.65,,9.15,Sunday,2,2,2025
Julia Pecora,30610,Utica,,,9.0,,Sunday,2,2,2025
Kaitlyn Vaz,30610,Utica,8.775,,,,Sunday,2,2,2025
Kaylei McDonald,30610,Fisk,,9.625,,,Sunday,2,2,2025
Keeley Smith,30610,Rutgers,9.675,,,,Sunday,2,2,2025
Kendall Guy,30610,Fisk,,,8.7,9.375,Sunday,2,2,2025
Kiara Richmon,30610,Fisk,9.25,,,,Sunday,2,2,2025
Lauren Brendlinger,30610,Maryland,,9.8,9.725,,Sunday,2,2,2025
Layla Hammer,30610,Maryland,,9.125,,9.25,Sunday,2,2,2025
Liberty Mora,30610,Fisk,,9.65,9.65,,Sunday,2,2,2025
Logan Buckmon,30610,Maryland,,,,9.675,Sunday,2,2,2025
Maddie Komoroski,30610,Maryland,,9.8,9.825,,Sunday,2,2,2025
Madison Benson,30610,Fisk,9.5,,,,Sunday,2,2,2025
Madison Villani,30610,Utica,,,,9.2,Sunday,2,2,2025
Maya Jones,30610,Rutgers,,,9.725,,Sunday,2,2,2025
Melissa Ainsley Pinkard,30610,Utica,8.35,9.7,,9.175,Sunday,2,2,2025
Morgan Price,30610,Fisk,9.825,9.875,9.8,9.825,Sunday,2,2,2025
Natalie Martin,30610,Maryland,,9.425,9.875,9.875,Sunday,2,2,2025
Olivia DiNovi,30610,Rutgers,9.65,,,,Sunday,2,2,2025
Rachael Riley,30610,Rutgers,,9.825,,9.0,Sunday,2,2,2025
Reagan Schenkel,30610,Rutgers,9.725,,,,Sunday,2,2,2025
Rhea Leblanc,30610,Maryland,9.75,,9.85,9.85,Sunday,2,2,2025
Sarah Saville,30610,Maryland,9.6,,,,Sunday,2,2,2025
Sierra Kondo,30610,Maryland,9.75,,,,Sunday,2,2,2025
Taylor Rech,30610,Maryland,,,9.825,9.825,Sunday,2,2,2025
Valentina Lorente-Garcia,30610,Rutgers,9.6,,,,Sunday,2,2,2025
Victoria Gatzendorfer,30610,Maryland,9.575,9.125,,,Sunday,2,2,2025
Zyia Coleman,30610,Fisk,9.35,,8.9,,Sunday,2,2,2025
Aaliyah Krause,30614,Rhode Island College,9.525,9.675,9.65,9.625,Sunday,2,2,2025
Abby Chesshire,30614,Ithaca College,,,9.725,,Sunday,2,2,2025
Abigail Bunch,30614,Rhode Island College,7.9,9.125,,,Sunday,2,2,2025
Adrenne Roth,30614,Ursinus College,,8.95,,,Sunday,2,2,2025
Alexa Graziano,30614,Rhode Island College,9.3,,,,Sunday,2,2,2025
Alzachria Jackson,30614,Ursinus College,,,,9.475,Sunday,2,2,2025
Arianna Ellis,30614,Ursinus College,,9.625,9.725,,Sunday,2,2,2025
Ava Kelly,30614,Springfield College,,9.25,,,Sunday,2,2,2025
Ayako Maeda,30614,Springfield College,9.525,,,,Sunday,2,2,2025
Brenna Johnson,30614,Springfield College,,9.475,,,Sunday,2,2,2025
Brianna Cassin,30614,Springfield College,,,9.375,9.175,Sunday,2,2,2025
Brianna Duffy,30614,Ursinus College,9.275,,,,Sunday,2,2,2025
Caitlin Pellegrino,30614,Ithaca College,,9.425,9.575,,Sunday,2,2,2025
Carson Ann Whitt,30614,Rhode Island College,,,9.625,,Sunday,2,2,2025
Claire Geiger,30614,Springfield College,8.85,,9.6,9.45,Sunday,2,2,2025
Corey Foster,30614,Ithaca College,,,9.775,,Sunday,2,2,2025
Delaney LaViolette,30614,Springfield College,,,,9.05,Sunday,2,2,2025
Dominique Harris,30614,Rhode Island College,,,8.8,,Sunday,2,2,2025
Elsie Gardiner,30614,Springfield College,7.55,,8.9,,Sunday,2,2,2025
Emily Kobusky,30614,Ithaca College,,9.675,,,Sunday,2,2,2025
Emma Tucker,30614,Rhode Island College,,8.625,9.725,9.625,Sunday,2,2,2025
Erin Roe,30614,Ursinus College,9.6,9.25,8.6,9.775,Sunday,2,2,2025
Erin Stubbs,30614,Ursinus College,,,,8.55,Sunday,2,2,2025
Grace Murray,30614,Ithaca College,,,9.65,9.5,Sunday,2,2,2025
Hana Miller,30614,Ithaca College,,,9.575,9.175,Sunday,2,2,2025
Isabella Scarpetti,30614,Ursinus College,,,9.475,,Sunday,2,2,2025
Ivy Jimenez,30614,Rhode Island College,,9.5,,9.55,Sunday,2,2,2025
Jessica Schmitz,30614,Ithaca College,,,,9.4,Sunday,2,2,2025
Jolie Carpino,30614,Rhode Island College,8.3,,,,Sunday,2,2,2025
Julia Reer,30614,Springfield College,,,9.625,,Sunday,2,2,2025
Kaylie Goodwin,30614,Ithaca College,9.4,9.65,,,Sunday,2,2,2025
Lauren Babineaux,30614,Ithaca College,8.775,,,8.65,Sunday,2,2,2025
Lauren Coleman,30614,Ursinus College,9.125,,,,Sunday,2,2,2025
LeeLee Sanders,30614,Ursinus College,7.55,,,,Sunday,2,2,2025
Lucy Warburton,30614,Ursinus College,7.375,9.6,9.6,,Sunday,2,2,2025
Madeline Brandt,30614,Rhode Island College,,9.575,9.5,,Sunday,2,2,2025
Madison Zimmerman,30614,Ursinus College,,9.775,,,Sunday,2,2,2025
Marlena Bailey,30614,Ithaca College,9.2,,,,Sunday,2,2,2025
Maya Belog,30614,Springfield College,,9.65,,,Sunday,2,2,2025
Megan Matteucci,30614,Ursinus College,9.15,,9.75,9.325,Sunday,2,2,2025
Michaela Duffy,30614,Ursinus College,,,,9.575,Sunday,2,2,2025
Molly Pompeii,30614,Rhode Island College,,,,9.5,Sunday,2,2,2025
Mya John,30614,Ithaca College,9.625,9.35,,9.425,Sunday,2,2,2025
Natalie Steed,30614,Ithaca College,,9.55,9.2,9.775,Sunday,2,2,2025
Nicole Lonski,30614,Ithaca College,6.7,,,,Sunday,2,2,2025
Olivia Keyes,30614,Rhode Island College,9.575,9.725,9.775,9.55,Sunday,2,2,2025
Payton Greene,30614,Rhode Island College,8.95,,,9.7,Sunday,2,2,2025
Reagan Charlton,30614,Springfield College,8.05,8.4,,9.35,Sunday,2,2,2025
Sage Kaplan,30614,Springfield College,8.95,8.9,9.6,9.475,Sunday,2,2,2025
Sarah Brownstein,30614,Springfield College,8.85,,,,Sunday,2,2,2025
Scarlette Ayakawa,30614,Springfield College,,9.2,,,Sunday,2,2,2025
Sidney Schreiber,30614,Ursinus College,,9.4,9.675,9.725,Sunday,2,2,2025
Sienna Blake,30614,Ithaca College,8.05,8.9,,,Sunday,2,2,2025
Stacy Taylor,30614,Springfield College,,,9.7,9.25,Sunday,2,2,2025
Abby Royer,30618,Southern Conn.,,,9.675,,Sunday,2,2,2025
Abigail Kenney,30618,Bridgeport,9.7,9.875,9.775,9.7,Sunday,2,2,2025
Angel Lee,30618,Southern Conn.,,9.325,,,Sunday,2,2,2025
Angelina Stanfa,30618,Southern Conn.,,9.65,,,Sunday,2,2,2025
Ava Kelly,30618,Southern Conn.,,,9.45,9.575,Sunday,2,2,2025
Brianna Dorr,30618,Southern Conn.,,,,9.7,Sunday,2,2,2025
Catherine Aucoin,30618,Bridgeport,,,9.575,,Sunday,2,2,2025
Chloe DeJoy,30618,Yale,9.675,,9.85,,Sunday,2,2,2025
Ciana Rios,30618,Southern Conn.,9.75,,,,Sunday,2,2,2025
Ella Tashjian,30618,Yale,,9.875,9.875,9.675,Sunday,2,2,2025
Ellie Kearns,30618,Yale,9.75,,9.825,,Sunday,2,2,2025
Emiley Kahl,30618,Southern Conn.,,9.45,,,Sunday,2,2,2025
Emily Hernandez,30618,Bridgeport,8.775,,,9.725,Sunday,2,2,2025
Erica Beyer,30618,Southern Conn.,,,8.975,,Sunday,2,2,2025
Evangeline Chu,30618,Yale,,9.025,,,Sunday,2,2,2025
Gabriela Dinisoe,30618,Southern Conn.,9.625,9.55,,,Sunday,2,2,2025
Gigi Sabatini,30618,Yale,,9.625,9.6,9.725,Sunday,2,2,2025
Grace Christensen,30618,Southern Conn.,9.625,8.25,,,Sunday,2,2,2025
Hailey Kriz,30618,Yale,9.725,9.75,,9.625,Sunday,2,2,2025
Hana Strause,30618,Yale,,9.725,9.75,9.55,Sunday,2,2,2025
Hanna Zebdi,30618,Southern Conn.,,,9.825,9.6,Sunday,2,2,2025
Hannah Barry,30618,Bridgeport,,9.65,,,Sunday,2,2,2025
Hannah Fitzgerald,30618,Southern Conn.,8.4,,,,Sunday,2,2,2025
Lauren Burt,30618,Yale,,,,9.75,Sunday,2,2,2025
Lauren Holt,30618,Yale,9.725,,,,Sunday,2,2,2025
Lauren Luu,30618,Yale,9.8,,,,Sunday,2,2,2025
Lexi Bracher,30618,Southern Conn.,,,,9.775,Sunday,2,2,2025
Libby Allen,30618,Southern Conn.,,9.725,9.8,9.775,Sunday,2,2,2025
Lily Aucoin,30618,Yale,9.2,,,,Sunday,2,2,2025
Lola Sepulveda,30618,Bridgeport,9.425,7.95,9.7,9.8,Sunday,2,2,2025
Madelyn Viles,30618,Bridgeport,,8.95,9.6,,Sunday,2,2,2025
Margaret Coyle,30618,Bridgeport,,,9.825,,Sunday,2,2,2025
Megan Brueck,30618,Yale,,9.325,9.8,9.6,Sunday,2,2,2025
Nicole Pujals,30618,Bridgeport,9.0,,,,Sunday,2,2,2025
Nova Staruk,30618,Bridgeport,,,,9.775,Sunday,2,2,2025
Olivia Imbarlina,30618,Bridgeport,9.55,9.75,,,Sunday,2,2,2025
Rae Solis,30618,Bridgeport,,,,9.5,Sunday,2,2,2025
Samantha Krenzel,30618,Bridgeport,,9.55,,,Sunday,2,2,2025
Samantha Nokes,30618,Bridgeport,9.625,,,,Sunday,2,2,2025
Shreya Munshi,30618,Southern Conn.,9.475,,,,Sunday,2,2,2025
Sidney Wilson,30618,Southern Conn.,,,9.075,9.6,Sunday,2,2,2025
Tamyra Singletary,30618,Bridgeport,,,9.6,9.6,Sunday,2,2,2025
Zoe Axell,30618,Southern Conn.,9.225,,,,Sunday,2,2,2025
Alauna Simms,30621,Ball State,,,9.75,,Sunday,2,2,2025
Ashley Szymanski,30621,Ball State,9.8,9.75,,,Sunday,2,2,2025
Ava Molina,30621,Ball State,9.725,9.75,9.8,,Sunday,2,2,2025
Cai Afalla,30621,Ball State,,,9.025,9.775,Sunday,2,2,2025
Carissa Martinez,30621,Ball State,,,9.825,9.825,Sunday,2,2,2025
Charniya Brown,30621,Bowling Green,,,,9.8,Sunday,2,2,2025
Delaney McMahon,30621,Ball State,,9.625,,,Sunday,2,2,2025
Elise Brzoska,30621,Bowling Green,,9.525,,,Sunday,2,2,2025
Emily Gianfrancesco,30621,Bowling Green,,9.65,,,Sunday,2,2,2025
Faye Dubin,30621,Bowling Green,,9.5,,,Sunday,2,2,2025
Grace Sumner,30621,Ball State,9.2,9.8,,,Sunday,2,2,2025
Jordanna Phillis,30621,Ball State,9.675,,,,Sunday,2,2,2025
Karli Mercer,30621,Ball State,,,,9.65,Sunday,2,2,2025
Katrina Mendez Abolnik,30621,Bowling Green,,,,9.725,Sunday,2,2,2025
Kayla Shaw,30621,Bowling Green,9.675,9.675,9.875,,Sunday,2,2,2025
Keira Thornton,30621,Bowling Green,9.6,,9.825,9.575,Sunday,2,2,2025
Kennedy Krienbrink,30621,Bowling Green,9.725,,,,Sunday,2,2,2025
Landyn Williams,30621,Bowling Green,,,9.725,,Sunday,2,2,2025
Lindsay Fuller,30621,Ball State,,9.675,,,Sunday,2,2,2025
Lindsay Girard,30621,Ball State,,,9.775,9.7,Sunday,2,2,2025
Love Akpan,30621,Bowling Green,9.775,,,,Sunday,2,2,2025
Madison Coburn,30621,Bowling Green,,,9.75,9.725,Sunday,2,2,2025
Mary Rose Bellan,30621,Ball State,9.725,,,,Sunday,2,2,2025
Megan Bingham,30621,Bowling Green,9.675,9.75,9.825,9.825,Sunday,2,2,2025
Megan Dzialo,30621,Bowling Green,9.65,,9.825,9.75,Sunday,2,2,2025
Nadia Parente,30621,Bowling Green,,9.75,,,Sunday,2,2,2025
Suki Pfister,30621,Ball State,,,,9.725,Sunday,2,2,2025
Zoe Middleton,30621,Ball State,9.75,9.75,9.9,9.8,Sunday,2,2,2025
Adriana Hoffman,30623,Towson,,,,9.65,Sunday,2,2,2025
Aine Reade,30623,New Hampshire,8.6,9.725,9.875,9.675,Sunday,2,2,2025
Alina Danilchenko,30623,LIU,,9.5,9.425,,Sunday,2,2,2025
Amelia Budd,30623,Temple,,,,9.775,Sunday,2,2,2025
Ana Kenefick,30623,Towson,,9.775,9.65,,Sunday,2,2,2025
Angelina Hogan,30623,LIU,9.65,8.95,,,Sunday,2,2,2025
Anne Challman,30623,New Hampshire,,9.725,9.825,,Sunday,2,2,2025
Ava Harper,30623,Towson,,,,9.775,Sunday,2,2,2025
Breanna Varano,30623,Temple,9.55,,,,Sunday,2,2,2025
Brisa Carraro,30623,LIU,4.6,,,,Sunday,2,2,2025
Brooke Burkhart,30623,LIU,,,,9.75,Sunday,2,2,2025
Brooke Donabedian,30623,Temple,,9.5,9.825,,Sunday,2,2,2025
Brooke Izzo,30623,George Washington,,9.75,9.725,9.625,Sunday,2,2,2025
Callie Gardner,30623,Towson,,,,9.725,Sunday,2,2,2025
Carmella Calafati,30623,Towson,,,9.725,,Sunday,2,2,2025
Caroline Kliewer,30623,LIU,9.625,,,,Sunday,2,2,2025
Celia Trotter,30623,Towson,,9.8,,,Sunday,2,2,2025
Chelsey Dennis,30623,Towson,9.875,9.75,,,Sunday,2,2,2025
Clara Hong,30623,Towson,9.8,9.875,9.8,,Sunday,2,2,2025
Danyella Holmes,30623,LIU,,,,9.425,Sunday,2,2,2025
Deana Sheremeta,30623,George Washington,9.75,9.75,9.825,,Sunday,2,2,2025
Delaney DeHaan,30623,George Washington,9.825,9.2,9.825,9.675,Sunday,2,2,2025
Ella Barrington,30623,LIU,,,9.7,,Sunday,2,2,2025
Felicia Poblete,30623,Towson,,,9.7,9.625,Sunday,2,2,2025
Gracy Mowers,30623,New Hampshire,,,,9.7,Sunday,2,2,2025
Gwen Ockerbloom,30623,New Hampshire,,8.975,,9.65,Sunday,2,2,2025
Haleigh Welch,30623,LIU,9.8,,,,Sunday,2,2,2025
Hannah Weklar,30623,Temple,9.675,,,9.625,Sunday,2,2,2025
Harmony Haro,30623,Temple,,,9.675,9.6,Sunday,2,2,2025
Isabella DeCroo,30623,Towson,,,,9.7,Sunday,2,2,2025
Isabella Minervini,30623,Towson,9.825,9.375,9.65,,Sunday,2,2,2025
Julia Before,30623,New Hampshire,9.65,,,,Sunday,2,2,2025
Kady Bills-McCoy,30623,LIU,,8.85,,,Sunday,2,2,2025
Kaira Cartwright,30623,LIU,,9.725,9.625,9.75,Sunday,2,2,2025
Kasey Burke,30623,George Washington,,,9.725,9.725,Sunday,2,2,2025
Kayla Toniolo,30623,LIU,9.525,,,,Sunday,2,2,2025
Kendall Whitman,30623,George Washington,,9.725,9.85,9.675,Sunday,2,2,2025
Kira Sanchez,30623,LIU,8.75,,9.575,9.475,Sunday,2,2,2025
Krystin Johnson,30623,Temple,,,9.75,9.625,Sunday,2,2,2025
Kylie Kazmierski,30623,George Washington,,,9.675,,Sunday,2,2,2025
Lauren Greene,30623,Towson,9.85,,,,Sunday,2,2,2025
Lauren Keener,30623,Towson,9.8,9.75,,,Sunday,2,2,2025
Leah Moreno,30623,New Hampshire,9.8,,,9.75,Sunday,2,2,2025
Lola Montevago,30623,George Washington,9.975,9.85,,,Sunday,2,2,2025
Madison Dorunda,30623,Temple,,9.825,9.7,,Sunday,2,2,2025
Mady Harvey,30623,New Hampshire,,9.7,,,Sunday,2,2,2025
Mariella Brueck,30623,Temple,8.825,,,,Sunday,2,2,2025
Maya Peters,30623,George Washington,,9.7,,,Sunday,2,2,2025
McCall McMullen,30623,New Hampshire,,9.725,9.725,9.475,Sunday,2,2,2025
Megan White,30623,Temple,9.65,9.625,,,Sunday,2,2,2025
Nikk Rengifo,30623,Temple,,,,9.75,Sunday,2,2,2025
Polina Belanovski,30623,Towson,9.8,,9.575,9.9,Sunday,2,2,2025
Rachel Katz,30623,George Washington,9.775,,,9.75,Sunday,2,2,2025
Raphaelle Perreault,30623,LIU,,8.775,8.9,9.75,Sunday,2,2,2025
Reese DeHaan,30623,Temple,9.575,,,,Sunday,2,2,2025
Renee Figueroa,30623,LIU,,9.575,,,Sunday,2,2,2025
Renee Schugman,30623,Temple,,9.75,9.8,9.725,Sunday,2,2,2025
Robyn Dunn,30623,Temple,,9.7,,,Sunday,2,2,2025
Sarah Stallings,30623,Temple,9.85,,,,Sunday,2,2,2025
Serena Mullin,30623,New Hampshire,9.625,9.65,9.675,9.8,Sunday,2,2,2025
Sophia Tyeryar,30623,George Washington,9.7,,,,Sunday,2,2,2025
Stacy Boss,30623,New Hampshire,,,9.625,,Sunday,2,2,2025
Summer Ruskey,30623,Temple,,9.575,9.825,,Sunday,2,2,2025
Summer Simpkins,30623,New Hampshire,9.675,,9.475,,Sunday,2,2,2025
Zoe Arthur,30623,New Hampshire,9.625,,,,Sunday,2,2,2025
Zoe Claiborne,30623,LIU,,,9.525,9.725,Sunday,2,2,2025
Zoe Safran,30623,George Washington,9.75,,,9.775,Sunday,2,2,2025
Alaina Reid,30628,Texas Woman's,9.7,9.65,,9.625,Sunday,2,2,2025
Allie Misenheimer,30628,Air Force,9.825,,,,Sunday,2,2,2025
Alyssa Bigler,30628,Air Force,9.725,9.65,,9.05,Sunday,2,2,2025
Anna Bacott,30628,Air Force,,9.7,,,Sunday,2,2,2025
Anna Kristianson,30628,Air Force,9.25,,,,Sunday,2,2,2025
Ayla McKean,30628,Air Force,9.55,,,,Sunday,2,2,2025
Bailey Bourgeois,30628,Texas Woman's,9.7,,9.8,,Sunday,2,2,2025
Bailey Upton,30628,Texas Woman's,,9.775,9.725,9.7,Sunday,2,2,2025
Brooke Ferrari,30628,Texas Woman's,9.725,,,,Sunday,2,2,2025
Chelsea Boyer,30628,Air Force,9.625,,,,Sunday,2,2,2025
Emma Brkljacic,30628,Texas Woman's,,8.875,,,Sunday,2,2,2025
Gabriella Meccia,30628,Air Force,,,9.65,,Sunday,2,2,2025
Gianna Martyna,30628,Air Force,,,9.725,,Sunday,2,2,2025
Hailey Santana,30628,Air Force,,,,9.5,Sunday,2,2,2025
Kaitlyn Hoiland,30628,Texas Woman's,9.75,9.775,,9.8,Sunday,2,2,2025
Kami Zarlengo,30628,Texas Woman's,9.75,,9.725,,Sunday,2,2,2025
Kylee Greene,30628,Air Force,,9.675,9.725,9.625,Sunday,2,2,2025
Kyleigh Ghanbari,30628,Texas Woman's,,,9.875,,Sunday,2,2,2025
Lainey Hunt,30628,Texas Woman's,9.7,,,,Sunday,2,2,2025
Maggie Slife,30628,Air Force,9.825,9.675,9.85,9.85,Sunday,2,2,2025
Nhi Nguyen,30628,Air Force,,9.6,,,Sunday,2,2,2025
Olivia Raife,30628,Air Force,,,,9.7,Sunday,2,2,2025
Sarah Willis,30628,Air Force,,,9.75,9.6,Sunday,2,2,2025
Sophia Isbell,30628,Texas Woman's,,,9.775,9.75,Sunday,2,2,2025
Sophie Hernandez,30628,Texas Woman's,,9.75,9.85,,Sunday,2,2,2025
Steelie King,30628,Texas Woman's,,8.375,,9.725,Sunday,2,2,2025
Trinity Caffey,30628,Texas Woman's,,,,9.625,Sunday,2,2,2025
Velandra Brochi,30628,Air Force,,9.7,9.75,,Sunday,2,2,2025
Amber Lowe,30630,West Virginia,9.775,9.75,,,Sunday,2,2,2025
Amelie Morgan,30630,Utah,9.875,9.9,,9.825,Sunday,2,2,2025
Ana Padurariu,30630,Utah,9.85,9.925,,,Sunday,2,2,2025
Anna Leigh,30630,West Virginia,9.75,9.7,9.925,,Sunday,2,2,2025
Anya Pilgrim,30630,Florida,9.925,9.875,9.7,9.775,Sunday,2,2,2025
Ashley Glynn,30630,Utah,9.825,,9.85,9.8,Sunday,2,2,2025
Brooke Alban,30630,West Virginia,9.725,,9.825,9.625,Sunday,2,2,2025
Camie Winger,30630,Utah,,9.9,9.675,,Sunday,2,2,2025
Carlee Nelson,30630,West Virginia,,,,9.675,Sunday,2,2,2025
Danie Ferris,30630,Florida,,,,9.825,Sunday,2,2,2025
Elizabeth Gantner,30630,Utah,,9.85,,,Sunday,2,2,2025
Ella Zirbes,30630,Utah,9.875,,9.825,9.775,Sunday,2,2,2025
Emerson Smith,30630,West Virginia,,,9.825,,Sunday,2,2,2025
Grace McCallum,30630,Utah,9.875,9.925,9.925,9.85,Sunday,2,2,2025
Jayden McDonnell,30630,West Virginia,9.625,,,,Sunday,2,2,2025
Jaylene Gilstrap,30630,Utah,,,9.875,9.8,Sunday,2,2,2025
Julia Brown,30630,West Virginia,,9.85,,,Sunday,2,2,2025
Jurnee Lane,30630,West Virginia,9.525,9.825,9.85,9.775,Sunday,2,2,2025
Karleigh DiCello,30630,West Virginia,,9.725,,9.775,Sunday,2,2,2025
Kaylei Adams,30630,West Virginia,,9.85,,,Sunday,2,2,2025
Leanne Wong,30630,Florida,9.925,9.9,9.925,9.925,Sunday,2,2,2025
Ly Bui,30630,Florida,,,,9.925,Sunday,2,2,2025
Makenna Smith,30630,Utah,9.75,9.875,9.9,9.95,Sunday,2,2,2025
Riley Maness,30630,West Virginia,,,9.8,,Sunday,2,2,2025
Riley McCusker,30630,Florida,9.9,,,,Sunday,2,2,2025
Selena Harris-Miranda,30630,Florida,9.9,9.775,9.925,9.95,Sunday,2,2,2025
Skye Blakely,30630,Florida,9.825,,,,Sunday,2,2,2025
Skylar Draser,30630,Florida,,9.875,,,Sunday,2,2,2025
Sloane Blakely,30630,Florida,9.875,9.9,9.95,9.2,Sunday,2,2,2025
Sophia Rice,30630,West Virginia,,,,9.7,Sunday,2,2,2025
Taylor Clark,30630,Florida,,,9.8,,Sunday,2,2,2025
Taylor Tuohy,30630,West Virginia,,,9.75,9.65,Sunday,2,2,2025
Trinity Macy,30630,West Virginia,9.8,,,,Sunday,2,2,2025
Victoria Nguyen,30630,Florida,,9.8,9.65,,Sunday,2,2,2025
Abbey Scanlon,30633,California,,9.95,,,Sunday,2,2,2025
Annalise Newman-Achee,30633,California,9.825,,,,Sunday,2,2,2025
Ashley Knight,30633,North Carolina State,,,9.925,9.9,Sunday,2,2,2025
Ava Myers,30633,North Carolina State,9.85,,,,Sunday,2,2,2025
Brianna Taurek,30633,California,,,9.35,,Sunday,2,2,2025
Caroline Volk,30633,North Carolina State,9.825,,,,Sunday,2,2,2025
Casey Brown,30633,California,9.85,,,9.8,Sunday,2,2,2025
Chloe Negrete,30633,North Carolina State,,9.9,9.8,9.775,Sunday,2,2,2025
Ella Cesario,30633,California,9.85,9.825,9.875,9.725,Sunday,2,2,2025
Elle Hadrick,30633,North Carolina State,9.825,,9.85,,Sunday,2,2,2025
Kailee Adomaites,30633,North Carolina State,9.825,,,,Sunday,2,2,2025
Katie Harper,30633,North Carolina State,9.85,9.825,,,Sunday,2,2,2025
Krista Zultevicz,30633,North Carolina State,,,9.75,9.75,Sunday,2,2,2025
Kyen Mayhew,30633,California,,9.825,9.825,9.175,Sunday,2,2,2025
Lauren Wright,30633,North Carolina State,,,,9.775,Sunday,2,2,2025
Maddie Hall,30633,North Carolina State,,9.8,,,Sunday,2,2,2025
Madelyn Williams,30633,California,9.85,9.775,9.9,9.825,Sunday,2,2,2025
Meg Adler,30633,North Carolina State,,9.8,9.8,9.75,Sunday,2,2,2025
Mya Lauzon,30633,California,9.925,9.9,9.95,9.875,Sunday,2,2,2025
Peyton Childs,30633,North Carolina State,9.775,9.75,,,Sunday,2,2,2025
Syniya Thomas,30633,North Carolina State,,9.7,9.875,9.85,Sunday,2,2,2025
eMjae Frazier,30633,California,9.875,9.85,9.85,9.85,Sunday,2,2,2025
Amy Fridley,30635,UW-Eau Claire,,,,9.25,Thursday,6,2,2025
Anna Preussner,30635,UW-Eau Claire,,,9.55,,Thursday,6,2,2025
Annika Cole,30635,Simpson,8.525,,9.325,,Thursday,6,2,2025
Ava Obermoller,30635,UW-Eau Claire,9.3,,,9.35,Thursday,6,2,2025
Baily Tessena,30635,Simpson,,9.025,9.1,,Thursday,6,2,2025
Brooklen Morgan,30635,Simpson,,8.9,9.6,,Thursday,6,2,2025
Brooklynn Einck,30635,UW-Eau Claire,9.075,,,,Thursday,6,2,2025
Cadence Cordova,30635,UW-Eau Claire,9.175,,,9.6,Thursday,6,2,2025
Ella Montgomery,30635,UW-Eau Claire,9.5,9.525,,,Thursday,6,2,2025
Emily Leese,30635,UW-Eau Claire,,,9.575,9.5,Thursday,6,2,2025
Emma Tolbert,30635,Simpson,,,,9.275,Thursday,6,2,2025
Emmie Barton,30635,Simpson,,9.5,,9.325,Thursday,6,2,2025
Erin Baugh,30635,Simpson,9.25,,,,Thursday,6,2,2025
Evalyn Resnick,30635,Simpson,9.45,,,,Thursday,6,2,2025
Georgia Guynn,30635,UW-Eau Claire,,9.025,,,Thursday,6,2,2025
Grace Gerster,30635,UW-Eau Claire,,,9.45,9.45,Thursday,6,2,2025
Hanna Riha,30635,UW-Eau Claire,,,9.45,,Thursday,6,2,2025
Hareet Gehlon,30635,UW-Eau Claire,,9.325,,,Thursday,6,2,2025
Izzy Brown,30635,Simpson,8.55,9.275,9.425,,Thursday,6,2,2025
Kaelyn Tally,30635,Simpson,,,9.5,9.75,Thursday,6,2,2025
Kaley Bristow,30635,Simpson,,,8.65,,Thursday,6,2,2025
Kaylee Paige,30635,Simpson,9.175,,,,Thursday,6,2,2025
Kelsey Donovan,30635,UW-Eau Claire,,,9.6,,Thursday,6,2,2025
Linnea Vasali,30635,UW-Eau Claire,,9.675,,,Thursday,6,2,2025
Liz Sisler,30635,Simpson,8.45,,,9.375,Thursday,6,2,2025
Madison Daly,30635,UW-Eau Claire,9.575,9.25,9.2,,Thursday,6,2,2025
Meghan Dahlin,30635,UW-Eau Claire,,9.675,,,Thursday,6,2,2025
Olivia Hedary,30635,Simpson,,9.675,,,Thursday,6,2,2025
Olivia Short,30635,Simpson,,9.225,,,Thursday,6,2,2025
Rachel Hettiarachchy,30635,UW-Eau Claire,9.475,,,9.375,Thursday,6,2,2025
Rachel Welch,30635,Simpson,,,,9.425,Thursday,6,2,2025
Wynter Poolaw,30635,Simpson,,,,9.225,Thursday,6,2,2025
Ailey Kuehn,30637,S.E. Missouri,,9.7,,9.6,Thursday,6,2,2025
Aleah Radojevich,30637,UW-Oshkosh,,,9.75,,Thursday,6,2,2025
Alisia Murray,30637,Central Michigan,,,9.85,,Thursday,6,2,2025
Amaya McConkay,30637,UW-Oshkosh,9.6,,,9.625,Thursday,6,2,2025
Anna Lee Phillips,30637,S.E. Missouri,,,9.25,,Thursday,6,2,2025
Ariana Light,30637,Central Michigan,,9.725,,,Thursday,6,2,2025
Ava Johnston,30637,S.E. Missouri,9.725,,,,Thursday,6,2,2025
Ava Wellmeier,30637,Central Michigan,,,,9.7,Thursday,6,2,2025
Avah Bootz,30637,Central Michigan,,,9.85,9.8,Thursday,6,2,2025
Averie Evans,30637,UW-Oshkosh,9.05,,,9.675,Thursday,6,2,2025
Courtney Henry,30637,S.E. Missouri,9.7,,,,Thursday,6,2,2025
Delaney Cienkus,30637,UW-Oshkosh,,9.75,9.6,,Thursday,6,2,2025
Emma Steele,30637,UW-Oshkosh,,9.725,,,Thursday,6,2,2025
Gabrielle Johnson,30637,Central Michigan,9.725,,,,Thursday,6,2,2025
Gracie Jones,30637,S.E. Missouri,9.6,,,,Thursday,6,2,2025
Hannah Appleget,30637,Central Michigan,9.75,9.725,9.9,,Thursday,6,2,2025
Heather Parker,30637,Central Michigan,,,9.825,,Thursday,6,2,2025
Jaidan Kossuth,30637,S.E. Missouri,,9.775,,,Thursday,6,2,2025
Jay Ratkowski,30637,UW-Oshkosh,,9.05,9.775,,Thursday,6,2,2025
Jordan Napolitano,30637,S.E. Missouri,,9.55,,9.625,Thursday,6,2,2025
Joselene Hernandez,30637,S.E. Missouri,,,9.65,9.675,Thursday,6,2,2025
Jurnee Warkentien,30637,UW-Oshkosh,,9.5,9.05,,Thursday,6,2,2025
Kailyn Hamilton,30637,S.E. Missouri,9.0,,9.475,,Thursday,6,2,2025
Kaitlyn Schwab,30637,Central Michigan,9.775,,,,Thursday,6,2,2025
Leah Parton,30637,S.E. Missouri,,9.675,9.775,9.625,Thursday,6,2,2025
Lia Kmieciak,30637,Central Michigan,9.875,,,9.8,Thursday,6,2,2025
Liz Romano,30637,UW-Oshkosh,8.45,9.4,,,Thursday,6,2,2025
Luciana Alvarado-Reid,30637,Central Michigan,9.8,9.8,9.85,9.775,Thursday,6,2,2025
Lydia Hayden,30637,UW-Oshkosh,,9.675,,,Thursday,6,2,2025
Mia Lucero,30637,UW-Oshkosh,,,9.625,9.75,Thursday,6,2,2025
Mia Passarella,30637,UW-Oshkosh,,,,8.675,Thursday,6,2,2025
Nyah Reader,30637,S.E. Missouri,,9.025,,9.475,Thursday,6,2,2025
Reanna McGibboney,30637,UW-Oshkosh,9.675,,9.75,9.75,Thursday,6,2,2025
Samantha Shannon,30637,Central Michigan,9.8,9.85,,9.65,Thursday,6,2,2025
Samantha Zeilinger,30637,UW-Oshkosh,9.6,,,9.525,Thursday,6,2,2025
Sydney Crouch,30637,S.E. Missouri,9.425,,9.575,,Thursday,6,2,2025
Taylor Ingle,30637,S.E. Missouri,9.675,9.725,9.75,9.725,Thursday,6,2,2025
Zoe Krull,30637,UW-Oshkosh,9.575,,,,Thursday,6,2,2025
Zoe Zimmerman,30637,Central Michigan,,9.2,9.85,,Thursday,6,2,2025
Zoie Pelfrey,30637,Central Michigan,,9.825,,9.7,Thursday,6,2,2025
Alyssa Arana,30640,Florida,9.875,,,,Friday,7,2,2025
Anya Pilgrim,30640,Florida,9.875,9.675,9.75,9.85,Friday,7,2,2025
Cally Swaney,30640,Arkansas,9.9,,,,Friday,7,2,2025
Cami Weaver,30640,Arkansas,,9.8,,9.85,Friday,7,2,2025
Dakota Essenpries,30640,Arkansas,,,,9.725,Friday,7,2,2025
Danie Ferris,30640,Florida,,,9.85,9.75,Friday,7,2,2025
Ellie Lazzari,30640,Florida,,9.225,,9.9,Friday,7,2,2025
Frankie Price,30640,Arkansas,,,9.925,,Friday,7,2,2025
Grace Dexler,30640,Arkansas,,,,9.875,Friday,7,2,2025
Hailey Klein,30640,Arkansas,,,9.85,9.8,Friday,7,2,2025
Ja'Leigh Lang,30640,Arkansas,,,,9.9,Friday,7,2,2025
Joscelyn Roberson,30640,Arkansas,9.8,9.9,9.875,9.875,Friday,7,2,2025
Kaitlyn Ewald,30640,Arkansas,9.825,9.675,,,Friday,7,2,2025
Kalyxta Gamiao,30640,Arkansas,,9.825,9.825,,Friday,7,2,2025
Leanne Wong,30640,Florida,9.95,9.8,9.925,9.9,Friday,7,2,2025
Ly Bui,30640,Florida,9.9,,,9.775,Friday,7,2,2025
Maddie Jones,30640,Arkansas,9.925,,9.875,,Friday,7,2,2025
Mati Waligora,30640,Arkansas,9.95,9.175,9.925,,Friday,7,2,2025
Priscilla Park,30640,Arkansas,9.8,9.825,,,Friday,7,2,2025
Riley McCusker,30640,Florida,9.85,,,,Friday,7,2,2025
Selena Harris-Miranda,30640,Florida,9.925,8.85,9.9,9.95,Friday,7,2,2025
Skylar Draser,30640,Florida,,9.8,,,Friday,7,2,2025
Taylor Clark,30640,Florida,,,9.925,,Friday,7,2,2025
Victoria Nguyen,30640,Florida,,9.75,9.875,,Friday,7,2,2025
Anna Beaudry,30642,Hamline,,9.25,8.95,,Friday,7,2,2025
Anna Johnson,30642,Hamline,,9.275,,9.15,Friday,7,2,2025
Annelise Smaby,30642,Hamline,7.15,9.05,,,Friday,7,2,2025
Ashley Savell,30642,Hamline,,,,9.3,Friday,7,2,2025
Aspen Peters,30642,Winona State,,9.575,,9.325,Friday,7,2,2025
Brianna Weikel,30642,Hamline,8.65,9.625,9.6,,Friday,7,2,2025
Brooke Reardon,30642,Hamline,,9.225,,,Friday,7,2,2025
Brooklynn Clapp,30642,Winona State,9.35,,,,Friday,7,2,2025
Bryce Stoltz,30642,Winona State,,8.7,9.7,9.625,Friday,7,2,2025
Cailey Price,30642,Hamline,,,,9.25,Friday,7,2,2025
Camdyn McSweeney,30642,Winona State,,,9.675,,Friday,7,2,2025
Catelyn Zack,30642,Hamline,,,9.025,,Friday,7,2,2025
Courtney Knutson,30642,Winona State,,,9.5,9.6,Friday,7,2,2025
Elena Bailey,30642,Hamline,7.375,,8.6,9.25,Friday,7,2,2025
Ella Denno,30642,Winona State,8.625,,,,Friday,7,2,2025
Emma Witterstaetter,30642,Hamline,7.6,,,,Friday,7,2,2025
Gabby Kraft,30642,Winona State,,9.2,9.75,9.625,Friday,7,2,2025
Irene Kearney,30642,Winona State,9.375,,,,Friday,7,2,2025
Jessisca Miley,30642,Winona State,9.525,,9.7,9.675,Friday,7,2,2025
Julia Cheely,30642,Hamline,9.55,9.6,,9.45,Friday,7,2,2025
Kaelyn Duman,30642,Winona State,,9.45,,,Friday,7,2,2025
Katie Chai-Mulkerin,30642,Hamline,8.25,,,,Friday,7,2,2025
Kaylee Bateman,30642,Winona State,9.3,9.525,,,Friday,7,2,2025
Kennedy O'Connor,30642,Winona State,,,,9.725,Friday,7,2,2025
Maddie Reiner,30642,Winona State,9.25,,,,Friday,7,2,2025
Maura Erickson,30642,Hamline,,,,9.35,Friday,7,2,2025
Reagan Kelly,30642,Winona State,,9.375,,,Friday,7,2,2025
Sydney Stoenner,30642,Hamline,,,9.175,,Friday,7,2,2025
Taylor Magierka,30642,Winona State,,,9.675,,Friday,7,2,2025
Zoey Danzinger,30642,Hamline,,,7.95,,Friday,7,2,2025
Alaina Reid,30644,Texas Woman's,9.75,9.7,,9.7,Friday,7,2,2025
Bailey Bourgeois,30644,Texas Woman's,9.8,,9.8,,Friday,7,2,2025
Bailey Upton,30644,Texas Woman's,,9.7,9.675,9.775,Friday,7,2,2025
Brooke Ferrari,30644,Texas Woman's,9.775,,,,Friday,7,2,2025
Caroline Lichtman,30644,Arizona State,,9.75,,9.75,Friday,7,2,2025
Emily White,30644,Arizona State,9.875,9.875,9.875,9.775,Friday,7,2,2025
Emma Brkljacic,30644,Texas Woman's,,9.0,,,Friday,7,2,2025
Halle Braaflat,30644,Arizona State,,,9.85,9.725,Friday,7,2,2025
Isabella Kowan,30644,Arizona State,,9.775,,,Friday,7,2,2025
Jada Mangahas,30644,Arizona State,9.875,,,9.85,Friday,7,2,2025
Kaitlyn Hoiland,30644,Texas Woman's,9.875,9.8,,9.8,Friday,7,2,2025
Kami Zarlengo,30644,Texas Woman's,9.825,,9.725,,Friday,7,2,2025
Kayla Lee,30644,Arizona State,9.85,9.8,9.75,,Friday,7,2,2025
Kimberly Smith,30644,Arizona State,9.85,9.725,9.85,9.825,Friday,7,2,2025
Kyleigh Ghanbari,30644,Texas Woman's,,,9.75,,Friday,7,2,2025
Lainey Hunt,30644,Texas Woman's,9.775,,,,Friday,7,2,2025
Lilia Purler,30644,Arizona State,,,9.875,9.775,Friday,7,2,2025
Sarah Clark,30644,Arizona State,9.875,9.85,9.8,,Friday,7,2,2025
Sophia Isbell,30644,Texas Woman's,,9.475,9.825,9.775,Friday,7,2,2025
Sophie Hernandez,30644,Texas Woman's,,9.85,9.775,,Friday,7,2,2025
Steelie King,30644,Texas Woman's,,,,9.65,Friday,7,2,2025
Tiara Platkin,30644,Arizona State,9.775,,,,Friday,7,2,2025
Trinity Caffey,30644,Texas Woman's,,,,9.725,Friday,7,2,2025
Alyssa Fernandez,30646,Southern Utah,,,9.85,,Friday,7,2,2025
Athena Jones,30646,Sacramento State,9.575,9.675,9.775,,Friday,7,2,2025
Brinlee Christensen,30646,Southern Utah,9.85,9.775,9.85,9.775,Friday,7,2,2025
Chloe Cohen,30646,Sacramento State,4.8,,,,Friday,7,2,2025
Ellie Cacciola,30646,Southern Utah,,9.85,9.875,9.775,Friday,7,2,2025
Elliot Bringhurst,30646,Southern Utah,,8.975,,,Friday,7,2,2025
Emma Morgenthaler,30646,Sacramento State,9.625,9.7,9.575,9.675,Friday,7,2,2025
Grace Gilman,30646,Sacramento State,,9.15,9.5,9.75,Friday,7,2,2025
Hannah Sitzman,30646,Sacramento State,9.75,,,,Friday,7,2,2025
Isabella Neff,30646,Southern Utah,9.775,,,,Friday,7,2,2025
Kaitlyn Driessen,30646,Sacramento State,,9.15,,9.75,Friday,7,2,2025
Kara Houghton,30646,Sacramento State,9.0,9.625,9.75,,Friday,7,2,2025
Lexi Frank,30646,Sacramento State,,,,9.675,Friday,7,2,2025
Mackenzie Kelly,30646,Southern Utah,,,,9.65,Friday,7,2,2025
Maliyah James,30646,Sacramento State,9.725,,,,Friday,7,2,2025
Maria Ferguson,30646,Southern Utah,9.2,9.8,,,Friday,7,2,2025
Mia Hampton,30646,Southern Utah,9.8,,9.875,9.725,Friday,7,2,2025
Niya Randolph,30646,Southern Utah,9.825,9.75,9.825,9.7,Friday,7,2,2025
Rylee Miller,30646,Southern Utah,,9.875,,,Friday,7,2,2025
Rylin Zimmerman,30646,Sacramento State,,,,9.675,Friday,7,2,2025
Sarah Lutrel,30646,Sacramento State,,9.775,9.775,9.8,Friday,7,2,2025
Simone Dumas-Guzman,30646,Sacramento State,,,9.6,,Friday,7,2,2025
Taylor Gull,30646,Southern Utah,,,9.85,,Friday,7,2,2025
Trista Goodman,30646,Southern Utah,9.85,,,9.725,Friday,7,2,2025
Brooklyn Moors,30648,UCLA,,9.9,9.95,9.9,Friday,7,2,2025
Caitlin McWilliams,30648,Washington,9.825,,9.85,9.55,Friday,7,2,2025
Chae Campbell,30648,UCLA,9.85,9.925,9.925,9.925,Friday,7,2,2025
Chelsea Hallinan,30648,Washington,,9.9,,,Friday,7,2,2025
Ciena Alipio,30648,UCLA,,9.95,,,Friday,7,2,2025
Emily Innes,30648,Washington,,9.85,9.9,9.7,Friday,7,2,2025
Emily Lee,30648,UCLA,,9.9,9.85,9.8,Friday,7,2,2025
Emma Malabuyo,30648,UCLA,9.85,9.95,9.9,,Friday,7,2,2025
Frida Esparza,30648,UCLA,9.95,,,,Friday,7,2,2025
Jordan Chiles,30648,UCLA,9.875,9.9,9.95,9.85,Friday,7,2,2025
Kira Bolden,30648,Washington,9.8,,9.7,9.675,Friday,7,2,2025
Kristin Lin,30648,Washington,9.775,9.7,,9.7,Friday,7,2,2025
Lex Mouyenga,30648,Washington,,,,9.725,Friday,7,2,2025
Macy McGowan,30648,UCLA,9.85,,9.85,9.85,Friday,7,2,2025
Mary McDonough,30648,Washington,9.875,9.85,9.625,9.75,Friday,7,2,2025
Mika Webster-Longin,30648,UCLA,9.9,,,9.775,Friday,7,2,2025
Olivia Oppegard,30648,Washington,9.875,9.825,9.775,,Friday,7,2,2025
Taylor Russon,30648,Washington,9.925,9.875,9.75,,Friday,7,2,2025
Anna Mielke,30650,UW-Stout,,,9.5,,Friday,7,2,2025
Ashlyn Barker,30650,UW-La Crosse,9.325,,9.175,,Friday,7,2,2025
Cassidy Lennard,30650,UW-Stout,,9.45,,,Friday,7,2,2025
Claire Robbins,30650,UW-La Crosse,9.575,9.675,9.7,,Friday,7,2,2025
Effie Ferguson,30650,UW-Stout,7.55,9.725,9.325,,Friday,7,2,2025
Emma Brittingham,30650,UW-Stout,8.6,,,,Friday,7,2,2025
Gabrielle Winstead,30650,UW-Stout,,,,9.375,Friday,7,2,2025
Gillian Cummins,30650,UW-Stout,9.625,9.5,8.875,9.45,Friday,7,2,2025
Grace Edwards,30650,UW-La Crosse,,,9.7,,Friday,7,2,2025
Grace Kehr,30650,UW-La Crosse,,,9.45,9.25,Friday,7,2,2025
Isabela Krulich,30650,UW-Stout,,9.55,9.525,,Friday,7,2,2025
Jaidyn Carroll,30650,UW-Stout,,,,9.4,Friday,7,2,2025
Jamie Beatty,30650,UW-Stout,9.45,8.85,9.525,9.45,Friday,7,2,2025
Jessica Qualich,30650,UW-Stout,,,,9.625,Friday,7,2,2025
Jessica Taylor,30650,UW-La Crosse,,,9.725,,Friday,7,2,2025
Kaylie Kassing,30650,UW-Stout,,,9.55,,Friday,7,2,2025
Kyla Dickson,30650,UW-La Crosse,,9.675,9.725,9.6,Friday,7,2,2025
Lainey Vogt,30650,UW-La Crosse,,,,9.2,Friday,7,2,2025
Lauren Main,30650,UW-La Crosse,9.625,9.725,,,Friday,7,2,2025
Lilly Millington,30650,UW-La Crosse,,,,9.475,Friday,7,2,2025
Lucy Warren,30650,UW-La Crosse,,9.5,,,Friday,7,2,2025
Madalyn McCormick,30650,UW-La Crosse,8.975,9.675,,,Friday,7,2,2025
Morgan Engels,30650,UW-La Crosse,9.1,,,,Friday,7,2,2025
Paige Breckwoldt,30650,UW-La Crosse,,,,9.55,Friday,7,2,2025
Raina Christenson,30650,UW-La Crosse,,9.775,,,Friday,7,2,2025
Sarah Best,30650,UW-La Crosse,9.55,,,,Friday,7,2,2025
Sarah Lutz,30650,UW-Stout,8.9,,,,Friday,7,2,2025
Sarah Pastore,30650,UW-La Crosse,,,,9.6,Friday,7,2,2025
Taylar Schaefer,30650,UW-Stout,8.55,9.4,,9.55,Friday,7,2,2025
Ady Wahl,30652,Georgia,9.875,,9.9,9.775,Friday,7,2,2025
Alex Irvine,30652,Auburn,9.95,,,,Friday,7,2,2025
Anaya Smith,30652,Georgia,,,,9.9,Friday,7,2,2025
Anya Turner,30652,Georgia,,9.825,,,Friday,7,2,2025
Brooke Gleichowski,30652,Georgia,,9.775,,,Friday,7,2,2025
Bryn Bartman,30652,Auburn,9.85,,9.85,,Friday,7,2,2025
Csenge Bacskay,30652,Georgia,,,9.875,9.8,Friday,7,2,2025
Emma Grace Boyd,30652,Auburn,9.825,,,,Friday,7,2,2025
Eryn Williams,30652,Georgia,,,9.775,,Friday,7,2,2025
Gabby McLaughlin,30652,Auburn,,9.8,9.875,,Friday,7,2,2025
Holly Snyder,30652,Georgia,9.85,,9.825,,Friday,7,2,2025
Ja' Free Scott,30652,Georgia,9.875,9.9,,9.825,Friday,7,2,2025
Julianne Huff,30652,Auburn,,,,9.55,Friday,7,2,2025
Kara Eaker,30652,Georgia,,9.9,,,Friday,7,2,2025
Katelyn Jong,30652,Auburn,9.875,9.85,,,Friday,7,2,2025
Lily Smith,30652,Georgia,9.9,9.95,9.9,,Friday,7,2,2025
Naya Howard,30652,Georgia,9.8,9.775,,,Friday,7,2,2025
Nicole King,30652,Georgia,,,,9.7,Friday,7,2,2025
Nyla Aquino,30652,Georgia,,,9.9,9.825,Friday,7,2,2025
Olivia Ahern,30652,Auburn,,9.8,,,Friday,7,2,2025
Olivia Greaves,30652,Auburn,9.825,9.7,9.9,,Friday,7,2,2025
Paige Zancan,30652,Auburn,,9.9,9.9,9.8,Friday,7,2,2025
Sara Hubbard,30652,Auburn,,,,9.875,Friday,7,2,2025
Sarah Zois,30652,Auburn,,,,9.825,Friday,7,2,2025
Sidney Fitzgerald,30652,Georgia,9.825,,,,Friday,7,2,2025
Sophia Bell,30652,Auburn,,,9.925,9.775,Friday,7,2,2025
Sophia Groth,30652,Auburn,9.85,9.9,9.95,,Friday,7,2,2025
Sydney Schumaker,30652,Auburn,,,,9.875,Friday,7,2,2025
Abbey Scanlon,30654,California,,9.875,,,Friday,7,2,2025
Alana Walker,30654,Stanford,,,9.85,9.75,Friday,7,2,2025
Anapaula Gutierrez,30654,Stanford,9.875,,,9.875,Friday,7,2,2025
Anna Roberts,30654,Stanford,9.85,,9.925,9.775,Friday,7,2,2025
Annalise Newman-Achee,30654,California,9.85,,,,Friday,7,2,2025
Ashley Carter,30654,Stanford,,9.9,,,Friday,7,2,2025
Ava Sorrento,30654,Stanford,9.825,,,,Friday,7,2,2025
Brenna Neault,30654,Stanford,9.85,9.95,9.875,9.9,Friday,7,2,2025
CJ Keuneke,30654,California,,,9.825,,Friday,7,2,2025
Casey Brown,30654,California,9.825,,,,Friday,7,2,2025
Claire Dean,30654,Stanford,,9.95,9.8,,Friday,7,2,2025
Ella Cesario,30654,California,9.875,9.775,9.925,9.775,Friday,7,2,2025
Kendra Chang,30654,Stanford,9.9,,,9.775,Friday,7,2,2025
Kyen Mayhew,30654,California,,9.175,9.95,9.875,Friday,7,2,2025
Madelyn Williams,30654,California,9.85,9.9,9.85,9.825,Friday,7,2,2025
Mya Lauzon,30654,California,9.925,9.925,10.0,9.9,Friday,7,2,2025
Mya Wiley,30654,California,,,,9.8,Friday,7,2,2025
Sienna Robinson,30654,Stanford,,9.925,9.75,,Friday,7,2,2025
Taralyn Nguyen,30654,Stanford,,,9.875,9.7,Friday,7,2,2025
Temple Landry,30654,Stanford,,9.9,,,Friday,7,2,2025
Ui Soma,30654,Stanford,9.9,9.825,,,Friday,7,2,2025
eMjae Frazier,30654,California,9.9,9.8,9.9,9.85,Friday,7,2,2025
Amelia Knight,30656,Illinois,9.8,9.8,,,Friday,7,2,2025
Arielle Ward,30656,Illinois,9.825,,9.875,9.925,Friday,7,2,2025
Cameron Smith,30656,Ohio State,,9.6,,9.85,Friday,7,2,2025
Chloe Cho,30656,Illinois,9.875,9.75,9.9,9.825,Friday,7,2,2025
Courtney McCann,30656,Ohio State,,9.8,,,Friday,7,2,2025
Destiny Denning,30656,Illinois,9.65,,,,Friday,7,2,2025
Eden King,30656,Illinois,,9.75,9.85,9.6,Friday,7,2,2025
Emmalise Nock,30656,Illinois,,,9.05,,Friday,7,2,2025
Grace Walker,30656,Ohio State,8.975,,,,Friday,7,2,2025
JJ Coleman,30656,Ohio State,,,9.875,9.85,Friday,7,2,2025
Jojo Warga,30656,Ohio State,,9.7,,,Friday,7,2,2025
Kaitlyn Grimes,30656,Ohio State,,,9.825,9.825,Friday,7,2,2025
Kate Parks,30656,Ohio State,9.75,,,,Friday,7,2,2025
Kennedy Brown,30656,Illinois,9.05,,,,Friday,7,2,2025
Kerrington Baham,30656,Ohio State,,,,9.675,Friday,7,2,2025
Maisyn Rader,30656,Ohio State,9.7,9.05,9.475,,Friday,7,2,2025
Makayla Green,30656,Illinois,9.925,,,,Friday,7,2,2025
Mareli Muller,30656,Illinois,,,9.85,9.775,Friday,7,2,2025
Megan Sapp,30656,Illinois,,9.45,,,Friday,7,2,2025
Mya Gordon,30656,Illinois,,,,9.775,Friday,7,2,2025
Olivia Coppola,30656,Illinois,,9.875,,9.8,Friday,7,2,2025
Ruthuja Nataraj,30656,Illinois,,9.075,,,Friday,7,2,2025
Rylee Guevara,30656,Ohio State,,9.2,9.925,,Friday,7,2,2025
Samara Buchanan,30656,Ohio State,9.725,,,,Friday,7,2,2025
Sidney Washington,30656,Ohio State,9.75,,9.85,9.825,Friday,7,2,2025
Tali Joelson,30656,Illinois,,,9.875,,Friday,7,2,2025
Tory Vetter,30656,Ohio State,9.85,9.775,9.95,9.85,Friday,7,2,2025
Alexa Rothenbuescher,30658,Maryland,,9.025,9.775,9.625,Friday,7,2,2025
Allison Kaempfer,30658,Penn State,,,9.8,9.575,Friday,7,2,2025
Alyssa Kramer,30658,Penn State,,,9.725,,Friday,7,2,2025
Ashley Maul,30658,Penn State,,9.65,9.75,,Friday,7,2,2025
Cassi Barbanente,30658,Penn State,9.725,,,,Friday,7,2,2025
Dani Latronica,30658,Penn State,9.8,9.8,,,Friday,7,2,2025
Elina Vihrova,30658,Penn State,,,9.75,9.75,Friday,7,2,2025
Elizabeth Leary,30658,Penn State,9.8,9.7,9.775,9.775,Friday,7,2,2025
Ellie Monahan,30658,Penn State,,9.75,,9.725,Friday,7,2,2025
Gabrielle Gallentine,30658,Penn State,9.825,,,,Friday,7,2,2025
Hailey Merchant,30658,Maryland,9.875,,,,Friday,7,2,2025
Kalea McElligott,30658,Penn State,9.8,9.325,9.85,9.75,Friday,7,2,2025
Lauren Brendlinger,30658,Maryland,,9.675,9.65,,Friday,7,2,2025
Logan Buckmon,30658,Maryland,,,,9.75,Friday,7,2,2025
Maddie Johnston,30658,Penn State,9.8,9.85,,9.85,Friday,7,2,2025
Maddie Komoroski,30658,Maryland,,9.9,8.8,,Friday,7,2,2025
Natalie Martin,30658,Maryland,,9.8,9.8,9.85,Friday,7,2,2025
Rayna Engelmayer,30658,Maryland,,9.525,,9.675,Friday,7,2,2025
Rhea Leblanc,30658,Maryland,9.775,,9.825,9.65,Friday,7,2,2025
Sarah Saville,30658,Maryland,9.725,,,,Friday,7,2,2025
Sierra Kondo,30658,Maryland,9.85,,,,Friday,7,2,2025
Tasha Brozowski,30658,Maryland,9.7,,,,Friday,7,2,2025
Taylor Rech,30658,Maryland,,,9.825,9.8,Friday,7,2,2025
Victoria Gatzendorfer,30658,Maryland,9.75,9.75,,,Friday,7,2,2025
Alana Anderson,30660,Northern Illinois,,,9.775,,Friday,7,2,2025
Aliyah Kelly,30660,Northern Illinois,9.525,9.5,,,Friday,7,2,2025
Alyssa Guns,30660,Kent State,,9.725,9.9,,Friday,7,2,2025
Ashley Morgan,30660,Kent State,,9.825,,9.65,Friday,7,2,2025
Audrey Brenner,30660,Northern Illinois,,,,9.75,Friday,7,2,2025
Avery Compson,30660,Kent State,,,,9.55,Friday,7,2,2025
Brynne Tsipis,30660,Kent State,9.725,,,,Friday,7,2,2025
Dawsyn Sallee,30660,Northern Illinois,,9.65,9.775,9.75,Friday,7,2,2025
Drake White,30660,Northern Illinois,9.65,,9.8,9.7,Friday,7,2,2025
Ellery Werner,30660,Northern Illinois,,9.2,,,Friday,7,2,2025
Emma Masse,30660,Kent State,,,9.7,,Friday,7,2,2025
Gabby Riley,30660,Kent State,,9.725,9.875,9.75,Friday,7,2,2025
Heidi Schultz,30660,Kent State,9.775,9.775,,,Friday,7,2,2025
Isabella Ross,30660,Northern Illinois,,9.65,9.8,,Friday,7,2,2025
Isabella Sissi,30660,Northern Illinois,9.65,,,,Friday,7,2,2025
Jersey Bingman,30660,Kent State,,,9.775,,Friday,7,2,2025
Jocelyn Harbeck,30660,Northern Illinois,,,,9.675,Friday,7,2,2025
Kate Ferguson,30660,Northern Illinois,9.675,,,,Friday,7,2,2025
Kiera O'Shea,30660,Northern Illinois,9.425,9.575,9.775,9.825,Friday,7,2,2025
Mya Migliore,30660,Kent State,8.675,,,9.7,Friday,7,2,2025
Nastia Rudnitskaya,30660,Kent State,9.775,,,,Friday,7,2,2025
Natalia Kraus,30660,Northern Illinois,9.5,,,,Friday,7,2,2025
Nene Alvine,30660,Kent State,9.65,9.8,9.875,9.825,Friday,7,2,2025
Samantha Nickle,30660,Northern Illinois,,9.4,9.7,9.725,Friday,7,2,2025
Sophia Balko,30660,Kent State,9.65,,,,Friday,7,2,2025
Zoe Rankin,30660,Kent State,,9.625,9.675,9.725,Friday,7,2,2025
Alyssa Manley,30662,Alaska,9.425,,,,Friday,7,2,2025
Amelia Moneymaker,30662,UC Davis,9.725,9.75,9.9,9.775,Friday,7,2,2025
Ariana DeSouza,30662,Alaska,,9.45,9.775,,Friday,7,2,2025
Ava Scafani,30662,UC Davis,9.675,9.775,9.675,,Friday,7,2,2025
Avah Reichow,30662,UC Davis,,,9.7,9.7,Friday,7,2,2025
Avery Tillmanns,30662,Alaska,9.5,,,,Friday,7,2,2025
Ayumi Oshiro,30662,UC Davis,9.75,9.825,9.85,,Friday,7,2,2025
Breeann Spain,30662,Alaska,,9.6,9.575,,Friday,7,2,2025
Claudia Lessig,30662,Alaska,9.575,9.55,,,Friday,7,2,2025
Eleanor Wyly,30662,UC Davis,,9.475,,9.65,Friday,7,2,2025
Francesca Caso,30662,Oregon State,9.825,,,,Friday,7,2,2025
Grace Costello,30662,Alaska,,9.7,9.65,9.65,Friday,7,2,2025
Hannah Boyd,30662,Alaska,9.475,9.525,9.475,9.575,Friday,7,2,2025
Isabella Fitz-Gerald,30662,UC Davis,8.925,,,,Friday,7,2,2025
Jada Niles,30662,Alaska,9.475,,,,Friday,7,2,2025
Jade Carey,30662,Oregon State,9.85,9.975,9.95,9.9,Friday,7,2,2025
Jadyn Wakita,30662,UC Davis,9.15,,,9.575,Friday,7,2,2025
Jamilia Duffus,30662,Alaska,9.075,,,9.4,Friday,7,2,2025
Jennifer McMillan,30662,Oregon State,9.8,9.85,,,Friday,7,2,2025
Jordan Grindol,30662,Alaska,,,9.425,,Friday,7,2,2025
Kaitlin Garcia,30662,Oregon State,,,9.925,9.775,Friday,7,2,2025
Karlie Chavez,30662,Oregon State,,,9.825,9.7,Friday,7,2,2025
Keanna Abraham,30662,UC Davis,,8.8,9.9,9.85,Friday,7,2,2025
Lauren Letzsch,30662,Oregon State,,9.7,,,Friday,7,2,2025
Maribelle Albert,30662,Alaska,,,,9.5,Friday,7,2,2025
McKenna Knecht,30662,UC Davis,9.7,,,,Friday,7,2,2025
Megan Ray,30662,UC Davis,,9.7,9.4,9.825,Friday,7,2,2025
Montana Fairbairn,30662,Alaska,,9.65,9.8,9.65,Friday,7,2,2025
Natalie Briones,30662,Oregon State,9.775,,,9.75,Friday,7,2,2025
Olivia Buckner,30662,Oregon State,,9.75,,,Friday,7,2,2025
Sage Thompson,30662,Oregon State,9.9,,9.9,9.85,Friday,7,2,2025
Savannah Miller,30662,Oregon State,,,9.875,,Friday,7,2,2025
Sophia Esposito,30662,Oregon State,,9.875,9.9,9.825,Friday,7,2,2025
Sydney Gonzales,30662,Oregon State,,9.925,,,Friday,7,2,2025
Taylor DeVries,30662,Oregon State,9.7,,,,Friday,7,2,2025
Verena Wong,30662,Alaska,,,,9.7,Friday,7,2,2025
Abigayle Martin,30665,Arizona,9.8,9.775,9.825,9.85,Friday,7,2,2025
Alysen Fears,30665,Arizona,9.85,9.775,9.85,9.775,Friday,7,2,2025
Amelie Morgan,30665,Utah,9.9,9.875,,9.775,Friday,7,2,2025
Ana Padurariu,30665,Utah,9.775,9.8,,,Friday,7,2,2025
Ashley Glynn,30665,Utah,,,9.9,9.725,Friday,7,2,2025
Aubrey Krohnfeldt,30665,Arizona,9.1,,9.725,,Friday,7,2,2025
Avery Neff,30665,Utah,9.825,,,,Friday,7,2,2025
Camie Winger,30665,Utah,,9.85,9.875,9.825,Friday,7,2,2025
Elena Deets,30665,Arizona,9.825,9.8,,,Friday,7,2,2025
Elizabeth Gantner,30665,Utah,,9.9,,,Friday,7,2,2025
Elizabeth Larusso,30665,Arizona,,,9.775,9.775,Friday,7,2,2025
Ella Zirbes,30665,Utah,9.95,,9.875,9.8,Friday,7,2,2025
Emily Mueller,30665,Arizona,9.775,9.825,9.875,9.8,Friday,7,2,2025
Emma Strom,30665,Arizona,,,9.75,9.775,Friday,7,2,2025
Gianna Lenczner,30665,Arizona,,9.75,,,Friday,7,2,2025
Grace McCallum,30665,Utah,9.9,9.925,9.925,9.9,Friday,7,2,2025
Jaylene Gilstrap,30665,Utah,,,9.925,,Friday,7,2,2025
Jessa Janicke,30665,Arizona,,,,9.675,Friday,7,2,2025
Makenna Smith,30665,Utah,9.775,9.925,9.95,9.975,Friday,7,2,2025
Sophie Derr,30665,Arizona,9.9,,,,Friday,7,2,2025
Tirzah Wise,30665,Arizona,,8.45,,,Friday,7,2,2025
Angel Stuart,30667,Utah State,,,9.75,9.55,Friday,7,2,2025
Ava Johnson,30667,San Jose State,,,9.725,,Friday,7,2,2025
Avery Bibbey,30667,Utah State,9.85,,,,Friday,7,2,2025
Brianna Brooks,30667,Utah State,9.775,9.875,,,Friday,7,2,2025
Dani Kirstine,30667,Utah State,9.8,,,,Friday,7,2,2025
Devyn Valuch,30667,San Jose State,9.525,9.675,9.75,9.7,Friday,7,2,2025
Isabella Vater,30667,Utah State,,,9.625,,Friday,7,2,2025
Jaudai Lopes,30667,San Jose State,9.675,,9.825,9.7,Friday,7,2,2025
Jenna Eagles,30667,Utah State,,9.7,9.725,9.6,Friday,7,2,2025
Katherine Weyhmiller,30667,San Jose State,9.75,9.85,9.725,,Friday,7,2,2025
Kaviana Jurries,30667,San Jose State,9.65,,9.725,9.65,Friday,7,2,2025
Kaylie Medrano,30667,Utah State,,9.775,9.8,9.725,Friday,7,2,2025
Lundyn Vander Toolen,30667,Utah State,9.825,,,9.525,Friday,7,2,2025
Madison Gustitus,30667,San Jose State,,9.5,,,Friday,7,2,2025
Madison Kirsch,30667,San Jose State,,,,9.75,Friday,7,2,2025
Marissa Ashton,30667,San Jose State,,9.775,,,Friday,7,2,2025
Mya Witte,30667,Utah State,,9.825,,,Friday,7,2,2025
Nyla Morabito,30667,Utah State,,,9.85,9.775,Friday,7,2,2025
Olivia Orengo,30667,Utah State,9.7,9.675,9.75,,Friday,7,2,2025
Olivia Reardon,30667,San Jose State,9.6,,9.6,9.7,Friday,7,2,2025
Payton Gatzlaff,30667,Utah State,,,,9.725,Friday,7,2,2025
Samantha Macasu,30667,San Jose State,,9.725,,,Friday,7,2,2025
Sophia Konieczny,30667,San Jose State,9.775,8.9,,,Friday,7,2,2025
Sydney Jelen,30667,Utah State,9.7,9.75,,,Friday,7,2,2025
Addison Fatta,30669,Oklahoma,9.875,9.85,9.9,9.875,Friday,7,2,2025
Annie Reigert,30669,Kentucky,9.85,,,,Friday,7,2,2025
Audrey Davis,30669,Oklahoma,9.95,9.9,9.875,,Friday,7,2,2025
Cecily Rizo,30669,Kentucky,,,9.7,9.85,Friday,7,2,2025
Chesney Bennett,30669,Kentucky,,9.75,,,Friday,7,2,2025
Creslyn Brose,30669,Kentucky,,9.8,9.85,,Friday,7,2,2025
Danielle Sievers,30669,Oklahoma,9.85,,,,Friday,7,2,2025
Delaynee Rodriguez,30669,Kentucky,9.85,9.85,9.825,9.725,Friday,7,2,2025
Elle Mueller,30669,Oklahoma,,,9.8,9.825,Friday,7,2,2025
Faith Torrez,30669,Oklahoma,9.875,9.825,9.95,9.975,Friday,7,2,2025
Hailey Davis,30669,Kentucky,9.875,,9.95,,Friday,7,2,2025
Isabella Magnelli,30669,Kentucky,,9.95,9.825,9.95,Friday,7,2,2025
Isabella Rivelli,30669,Kentucky,9.825,,,,Friday,7,2,2025
Jordan Bowers,30669,Oklahoma,9.85,9.9,9.9,9.95,Friday,7,2,2025
Keira Wells,30669,Oklahoma,,9.8,,9.85,Friday,7,2,2025
Lily Pederson,30669,Oklahoma,9.925,9.725,9.9,9.9,Friday,7,2,2025
Makenzie Wilson,30669,Kentucky,,,,9.85,Friday,7,2,2025
Ryan Noonan,30669,Kentucky,9.8,,,9.775,Friday,7,2,2025
Sharon Lee,30669,Kentucky,,9.85,,,Friday,7,2,2025
Skylar Killough-Wilhelm,30669,Kentucky,9.875,9.875,9.825,9.925,Friday,7,2,2025
Aleah Finnegan,30671,LSU,9.825,9.875,9.675,9.825,Friday,7,2,2025
Alexis Jeffrey,30671,LSU,9.8,,,,Friday,7,2,2025
Amari Drayton,30671,LSU,,,9.9,9.9,Friday,7,2,2025
Ashley Cowan,30671,LSU,9.9,,,,Friday,7,2,2025
Chase Brock,30671,LSU,,,,9.775,Friday,7,2,2025
Chloe LaCoursiere,30671,Alabama,9.9,9.85,9.825,,Friday,7,2,2025
Corinne Bunagan,30671,Alabama,,9.7,,9.925,Friday,7,2,2025
Gabby Gladieux,30671,Alabama,9.8,9.875,9.975,9.775,Friday,7,2,2025
Gabby Ladanyi,30671,Alabama,,9.475,,,Friday,7,2,2025
Haleigh Bryant,30671,LSU,,9.85,9.875,9.925,Friday,7,2,2025
Jamison Sears,30671,Alabama,,,9.875,,Friday,7,2,2025
Jordyn Paradise,30671,Alabama,,,,9.7,Friday,7,2,2025
KJ Johnson,30671,LSU,,,,9.825,Friday,7,2,2025
Kailin Chio,30671,LSU,9.85,9.925,9.9,9.975,Friday,7,2,2025
Kaliya Lincoln,30671,LSU,,,9.875,,Friday,7,2,2025
Karis German,30671,Alabama,,,,9.85,Friday,7,2,2025
Konnor McClain,30671,LSU,9.9,9.775,,,Friday,7,2,2025
Kylie Coen,30671,LSU,,9.825,,,Friday,7,2,2025
Lexi Zeiss,30671,LSU,9.75,,,,Friday,7,2,2025
Lilly Hudson,30671,Alabama,9.9,9.9,9.9,9.875,Friday,7,2,2025
Natalia Pawlak,30671,Alabama,9.775,,,,Friday,7,2,2025
Paityn Walker,30671,Alabama,9.8,,,,Friday,7,2,2025
Rachel Rybicki,30671,Alabama,,9.8,9.875,,Friday,7,2,2025
Ryan Fuller,30671,Alabama,9.875,,,,Friday,7,2,2025
Shania Adams,30671,Alabama,,,9.875,9.75,Friday,7,2,2025
Sierra Ballard,30671,LSU,,9.55,9.775,,Friday,7,2,2025
Addison Dack,30673,Gustavus Adolphus,,9.475,,,Saturday,8,2,2025
Alayna Fern,30673,UW-Whitewater,,,,9.575,Saturday,8,2,2025
Ariana Goodwin,30673,UW-Whitewater,9.6,,,,Saturday,8,2,2025
Ashnaya Gupta,30673,UW-Whitewater,,9.575,,,Saturday,8,2,2025
Ava Pesch,30673,UW-Whitewater,9.6,,,9.475,Saturday,8,2,2025
Brianna Balian,30673,UW-Whitewater,,,,9.5,Saturday,8,2,2025
Cara Wong,30673,Gustavus Adolphus,7.6,8.75,9.175,9.425,Saturday,8,2,2025
Carleigh Moore,30673,UW-Whitewater,,,9.65,9.675,Saturday,8,2,2025
Carley Scott,30673,UW-Whitewater,8.775,,,,Saturday,8,2,2025
Chloe Hammond,30673,UW-Whitewater,,9.8,9.625,9.625,Saturday,8,2,2025
Danielle Dudziak,30673,UW-Whitewater,,,9.6,,Saturday,8,2,2025
Elaine Copeland,30673,UW-Whitewater,,,,9.65,Saturday,8,2,2025
Ella Binfet,30673,Gustavus Adolphus,,,9.475,,Saturday,8,2,2025
Gracie Talley,30673,UW-Whitewater,9.55,,,,Saturday,8,2,2025
Hayden Gough,30673,UW-Whitewater,9.65,,,,Saturday,8,2,2025
Jane Hefferman,30673,UW-Whitewater,9.525,,9.625,,Saturday,8,2,2025
Kate Clairmont,30673,Gustavus Adolphus,8.925,9.575,,9.4,Saturday,8,2,2025
Kelsey Kollhoff,30673,UW-Whitewater,,9.775,9.675,,Saturday,8,2,2025
Kristen Swiebocki,30673,UW-Whitewater,,9.75,,,Saturday,8,2,2025
Lili Guy,30673,Gustavus Adolphus,9.3,,9.675,9.625,Saturday,8,2,2025
Lily Horsch,30673,Gustavus Adolphus,7.15,,,9.575,Saturday,8,2,2025
Lily Tews,30673,Gustavus Adolphus,,,9.35,,Saturday,8,2,2025
Lindsay Bangs,30673,Gustavus Adolphus,,9.075,9.6,9.3,Saturday,8,2,2025
Malia Narciso,30673,Gustavus Adolphus,,,,9.425,Saturday,8,2,2025
Marley Michaud,30673,Gustavus Adolphus,9.0,,,,Saturday,8,2,2025
Megan Gille,30673,Gustavus Adolphus,,8.425,,,Saturday,8,2,2025
Olivia Jahnke,30673,Gustavus Adolphus,,9.15,9.625,,Saturday,8,2,2025
Paige Magel,30673,UW-Whitewater,,8.85,,,Saturday,8,2,2025
Rocio Madalena,30673,Gustavus Adolphus,8.375,,,,Saturday,8,2,2025
Tegan Haberstock,30673,UW-Whitewater,,8.925,9.275,,Saturday,8,2,2025
Alzachria Jackson,30675,Ursinus College,9.05,,,9.375,Saturday,8,2,2025
Arianna Ellis,30675,Ursinus College,,9.0,9.5,,Saturday,8,2,2025
Bridget Sullivan,30675,West Chester,,,,9.45,Saturday,8,2,2025
Caroline Cascadden,30675,West Chester,,9.7,9.625,,Saturday,8,2,2025
Catherine Keener,30675,West Chester,,9.15,9.825,,Saturday,8,2,2025
Corinne Gruber,30675,West Chester,,,9.45,9.475,Saturday,8,2,2025
EmmaGrace Kelly,30675,West Chester,,9.65,9.8,,Saturday,8,2,2025
Erin Roe,30675,Ursinus College,9.65,9.675,9.55,9.7,Saturday,8,2,2025
Erin Stubbs,30675,Ursinus College,,9.05,,9.4,Saturday,8,2,2025
Isabella Scarpetti,30675,Ursinus College,,,9.35,,Saturday,8,2,2025
Jordan Coleman,30675,West Chester,9.725,,,,Saturday,8,2,2025
Karah Vargo,30675,West Chester,9.35,,,9.4,Saturday,8,2,2025
Kylie Ruggiero,30675,Ursinus College,9.675,,,,Saturday,8,2,2025
Lauren Coleman,30675,Ursinus College,9.475,,,,Saturday,8,2,2025
Lily McFarland,30675,West Chester,,9.2,9.825,,Saturday,8,2,2025
Lucy Warburton,30675,Ursinus College,9.0,9.425,9.45,,Saturday,8,2,2025
Lydia Stoner,30675,West Chester,,,9.675,,Saturday,8,2,2025
Macarthy Keane,30675,West Chester,8.75,,,9.425,Saturday,8,2,2025
Madalyn Espinosa,30675,West Chester,,,,9.375,Saturday,8,2,2025
Madison Zimmerman,30675,Ursinus College,,9.825,,9.275,Saturday,8,2,2025
Megan Matteucci,30675,Ursinus College,9.075,,9.1,,Saturday,8,2,2025
Melina Ringas,30675,West Chester,9.275,,,,Saturday,8,2,2025
Michaela Duffy,30675,Ursinus College,,,,9.625,Saturday,8,2,2025
Natalie Marshall,30675,West Chester,,9.8,,,Saturday,8,2,2025
Rylee Harada,30675,West Chester,9.6,,,9.575,Saturday,8,2,2025
Sidney Schreiber,30675,Ursinus College,,8.65,9.725,9.425,Saturday,8,2,2025
Tatum McGuinn,30675,West Chester,8.75,9.65,,,Saturday,8,2,2025
Ashley Knight,30677,North Carolina State,,9.7,9.9,9.9,Saturday,8,2,2025
Ava Myers,30677,North Carolina State,9.775,,9.875,9.65,Saturday,8,2,2025
Caroline Volk,30677,North Carolina State,9.9,,,,Saturday,8,2,2025
Chloe Negrete,30677,North Carolina State,,9.825,9.875,9.75,Saturday,8,2,2025
Darbi Simcox,30677,Pittsburgh,,9.8,,,Saturday,8,2,2025
Elizabeth Cesarone,30677,Pittsburgh,,,9.6,9.775,Saturday,8,2,2025
Elle Hadrick,30677,North Carolina State,9.825,,9.825,,Saturday,8,2,2025
Emily Todd,30677,Pittsburgh,9.725,9.75,9.75,,Saturday,8,2,2025
Faith Lerro,30677,Pittsburgh,9.775,,,,Saturday,8,2,2025
Jah'Liyah Bedminster,30677,Pittsburgh,9.725,,9.55,9.65,Saturday,8,2,2025
Jaime Pratt,30677,Pittsburgh,9.85,9.025,9.5,9.7,Saturday,8,2,2025
Jordyn Ewing,30677,Pittsburgh,,,9.7,,Saturday,8,2,2025
Julie Madso,30677,Pittsburgh,9.15,9.85,,,Saturday,8,2,2025
Kailee Adomaites,30677,North Carolina State,9.8,,,,Saturday,8,2,2025
Katie Harper,30677,North Carolina State,9.875,9.8,,,Saturday,8,2,2025
Kennedy Duke,30677,Pittsburgh,9.725,8.9,,9.7,Saturday,8,2,2025
Krista Zultevicz,30677,North Carolina State,,,9.85,9.725,Saturday,8,2,2025
Lauren Wright,30677,North Carolina State,,,,9.75,Saturday,8,2,2025
Maddie Hall,30677,North Carolina State,,9.85,,,Saturday,8,2,2025
Meg Adler,30677,North Carolina State,,9.775,9.825,9.8,Saturday,8,2,2025
Meika Lee,30677,Pittsburgh,,9.675,9.6,9.65,Saturday,8,2,2025
Olivia Giunta,30677,Pittsburgh,,,,9.675,Saturday,8,2,2025
Peyton Childs,30677,North Carolina State,9.225,9.8,,,Saturday,8,2,2025
Alisha Werlen,30679,Pennsylvania,,9.775,9.625,,Saturday,8,2,2025
Aliyah Reed-Hammon,30679,Fisk,,9.8,,9.625,Saturday,8,2,2025
Allie Berkley,30679,Fisk,9.225,9.525,,9.775,Saturday,8,2,2025
Amelia Budd,30679,Temple,,,,9.75,Saturday,8,2,2025
Breanna Varano,30679,Temple,9.05,,,,Saturday,8,2,2025
Brooke Donabedian,30679,Temple,,9.925,9.8,,Saturday,8,2,2025
Carly Oniki,30679,Pennsylvania,9.7,9.15,,,Saturday,8,2,2025
Ciniah Rosby,30679,Fisk,9.575,9.75,9.6,9.6,Saturday,8,2,2025
Emma Davies,30679,Pennsylvania,,,9.65,,Saturday,8,2,2025
Hannah Weklar,30679,Temple,9.8,,9.45,9.7,Saturday,8,2,2025
Harmony Haro,30679,Temple,,,,9.55,Saturday,8,2,2025
Jada Reece,30679,Fisk,,,9.7,8.825,Saturday,8,2,2025
Jordan Barrow,30679,Pennsylvania,9.775,9.8,,9.75,Saturday,8,2,2025
Kaylei McDonald,30679,Fisk,,9.7,8.7,,Saturday,8,2,2025
Kendall Guy,30679,Fisk,,,,9.475,Saturday,8,2,2025
Kiara Richmon,30679,Fisk,9.425,,,,Saturday,8,2,2025
Krystin Johnson,30679,Temple,,,9.65,9.775,Saturday,8,2,2025
Laniyah Montgomery,30679,Fisk,,,9.575,,Saturday,8,2,2025
Liberty Mora,30679,Fisk,,9.9,9.675,,Saturday,8,2,2025
Madison Dorunda,30679,Temple,,9.65,9.65,,Saturday,8,2,2025
Manama Fofana,30679,Pennsylvania,,,9.725,9.8,Saturday,8,2,2025
Mariella Brueck,30679,Temple,9.775,,,,Saturday,8,2,2025
Marissa Lassiter,30679,Pennsylvania,9.7,9.375,9.775,9.375,Saturday,8,2,2025
Megan White,30679,Temple,9.775,9.7,,,Saturday,8,2,2025
Mimi Fletcher,30679,Pennsylvania,,9.85,,,Saturday,8,2,2025
Morgan Price,30679,Fisk,10.0,9.85,9.8,9.85,Saturday,8,2,2025
Nikk Rengifo,30679,Temple,,,,9.55,Saturday,8,2,2025
Olivia Vanhorn,30679,Pennsylvania,,,,9.7,Saturday,8,2,2025
Reese DeHaan,30679,Temple,9.5,,,,Saturday,8,2,2025
Renee Schugman,30679,Temple,,9.3,9.75,9.725,Saturday,8,2,2025
Robyn Dunn,30679,Temple,,9.85,,,Saturday,8,2,2025
Samantha Wu,30679,Pennsylvania,,9.875,,,Saturday,8,2,2025
Sarah Stallings,30679,Temple,9.8,,,,Saturday,8,2,2025
Sienna Zuccaro,30679,Pennsylvania,,,,9.625,Saturday,8,2,2025
Skyelar Kerico,30679,Pennsylvania,9.95,,9.75,9.8,Saturday,8,2,2025
Sophia Paris,30679,Pennsylvania,9.825,,,,Saturday,8,2,2025
Summer Ruskey,30679,Temple,,9.7,9.625,,Saturday,8,2,2025
Sydney Smith,30679,Fisk,9.3,,,,Saturday,8,2,2025
Zara Gazdak,30679,Pennsylvania,9.825,,9.65,,Saturday,8,2,2025
Zyia Coleman,30679,Fisk,9.675,,,,Saturday,8,2,2025
Abbie Thompson,30683,Denver,,9.825,,,Saturday,8,2,2025
Addison Glazier,30683,BYU,9.725,,,,Saturday,8,2,2025
Alilah Alvarado,30683,BYU,9.725,,,,Saturday,8,2,2025
Anna Bramblett-Wilde,30683,BYU,9.7,,,,Saturday,8,2,2025
Ava Jorgensen,30683,BYU,9.8,,,9.8,Saturday,8,2,2025
Bella Mabanta,30683,Denver,,8.9,,9.9,Saturday,8,2,2025
Brynlee Andersen,30683,BYU,,9.9,9.825,,Saturday,8,2,2025
Cecilia Cooley,30683,Denver,9.775,9.825,9.8,,Saturday,8,2,2025
Chloee Hoke,30683,BYU,,9.65,,,Saturday,8,2,2025
Deb Silva,30683,BYU,,,,9.8,Saturday,8,2,2025
Eliza Millar-Crossman,30683,BYU,,9.825,9.8,,Saturday,8,2,2025
Heidi Schooley-Meyers,30683,BYU,,9.75,9.8,,Saturday,8,2,2025
Jadyn Harsh,30683,BYU,,,,9.825,Saturday,8,2,2025
Kiley Rorich,30683,Denver,9.775,,9.65,,Saturday,8,2,2025
Kylie Eaquinto,30683,BYU,9.775,9.25,9.875,9.85,Saturday,8,2,2025
Maddison Reidenbach,30683,Denver,,,9.85,9.825,Saturday,8,2,2025
Madison Ulrich,30683,Denver,9.875,9.8,9.875,9.825,Saturday,8,2,2025
Melissa Earl,30683,BYU,,,,9.825,Saturday,8,2,2025
Mia Hebinck,30683,Denver,9.7,,,,Saturday,8,2,2025
Mila Brusch,30683,Denver,,,9.8,9.85,Saturday,8,2,2025
Mina Margraf-Benson,30683,BYU,,,9.5,,Saturday,8,2,2025
Momoko Iwai,30683,Denver,,9.825,,,Saturday,8,2,2025
Mya Kirkham,30683,BYU,9.625,,,,Saturday,8,2,2025
Rosie Casali,30683,Denver,9.85,,,9.85,Saturday,8,2,2025
Rylie Mundell,30683,Denver,9.8,9.825,9.85,9.85,Saturday,8,2,2025
Sophie Dudley,30683,BYU,,9.8,9.775,9.775,Saturday,8,2,2025
Amy Doyle,30685,Michigan State,9.875,,,9.875,Saturday,8,2,2025
Ava Stewart,30685,Minnesota,9.9,9.825,,9.675,Saturday,8,2,2025
Brooklyn Rowray,30685,Minnesota,,9.85,,,Saturday,8,2,2025
Cady Duplissis,30685,Michigan State,,9.75,,,Saturday,8,2,2025
Delanie Harkness,30685,Michigan State,9.85,,9.85,,Saturday,8,2,2025
Elle Beaufait,30685,Michigan State,,,9.825,,Saturday,8,2,2025
Emily Koch,30685,Minnesota,,9.85,9.825,,Saturday,8,2,2025
Gabrielle Stephen,30685,Michigan State,9.775,9.9,9.875,9.9,Saturday,8,2,2025
Giana Kalefe,30685,Michigan State,,9.825,,,Saturday,8,2,2025
Jordyn Lyden,30685,Minnesota,9.9,9.85,,,Saturday,8,2,2025
Lauren Pearl,30685,Minnesota,,9.2,9.85,9.775,Saturday,8,2,2025
Leah Gonsiorowski,30685,Minnesota,,,9.875,,Saturday,8,2,2025
MaKayla Tucker,30685,Michigan State,,8.7,9.775,9.8,Saturday,8,2,2025
Marissa Jencks,30685,Minnesota,9.725,,9.825,,Saturday,8,2,2025
McCauley Harrington,30685,Minnesota,9.725,,,,Saturday,8,2,2025
Megan Steensland,30685,Minnesota,,,9.825,9.8,Saturday,8,2,2025
Mya Hooten,30685,Minnesota,9.9,,9.925,9.85,Saturday,8,2,2025
Nikki Smith,30685,Michigan State,9.925,9.875,9.9,9.875,Saturday,8,2,2025
Olivia Zsarmani,30685,Michigan State,9.825,,,9.875,Saturday,8,2,2025
Sage Kellerman,30685,Michigan State,9.925,,,9.9,Saturday,8,2,2025
Sarah Moraw,30685,Minnesota,,9.825,,9.825,Saturday,8,2,2025
Seria Johnson,30685,Minnesota,9.825,,,,Saturday,8,2,2025
Skyla Schulte,30685,Michigan State,,9.925,9.925,,Saturday,8,2,2025
Teryn Crump,30685,Minnesota,,,,9.8,Saturday,8,2,2025
Adriana Hoffman,30687,Towson,,,9.725,9.625,Saturday,8,2,2025
Alana Laster,30687,Illinois State,8.925,9.775,9.875,9.925,Saturday,8,2,2025
Ally Lau,30687,Illinois State,,9.85,,,Saturday,8,2,2025
Ana Kenefick,30687,Towson,,9.75,,,Saturday,8,2,2025
Ava Harper,30687,Towson,,,,9.7,Saturday,8,2,2025
Brynn Vetrano,30687,William & Mary,9.1,,9.375,,Saturday,8,2,2025
Callie Gardner,30687,Towson,,,,9.725,Saturday,8,2,2025
Caroline Blatchford,30687,William & Mary,9.775,8.925,,9.325,Saturday,8,2,2025
Catherine Bare,30687,William & Mary,9.65,,,,Saturday,8,2,2025
Celia Trotter,30687,Towson,,9.125,,,Saturday,8,2,2025
Charniya Brown,30687,Bowling Green,,,,9.675,Saturday,8,2,2025
Chelsey Dennis,30687,Towson,9.9,9.85,,,Saturday,8,2,2025
Clara Hong,30687,Towson,9.8,9.775,8.9,,Saturday,8,2,2025
Elise Brzoska,30687,Bowling Green,,9.725,,,Saturday,8,2,2025
Emily Gianfrancesco,30687,Bowling Green,,9.8,,,Saturday,8,2,2025
Felicia Poblete,30687,Towson,,,9.6,,Saturday,8,2,2025
Hannah Burke,30687,William & Mary,,,9.6,8.85,Saturday,8,2,2025
Isabella DeCroo,30687,Towson,,,9.825,9.675,Saturday,8,2,2025
Isabella Minervini,30687,Towson,9.85,9.85,9.725,9.85,Saturday,8,2,2025
Jada Beswick,30687,Illinois State,9.675,,,,Saturday,8,2,2025
Jaly Jones,30687,Illinois State,,9.825,9.75,,Saturday,8,2,2025
Jaye Mack,30687,Illinois State,,9.85,9.775,9.725,Saturday,8,2,2025
Julia Heiner,30687,Illinois State,6.4,,,,Saturday,8,2,2025
Kaitlyn Donovan,30687,Illinois State,,,9.825,,Saturday,8,2,2025
Katrina Mendez Abolnik,30687,Bowling Green,,,,9.675,Saturday,8,2,2025
Kayla Shaw,30687,Bowling Green,9.175,9.65,9.6,,Saturday,8,2,2025
Keira Thornton,30687,Bowling Green,9.7,,9.7,9.675,Saturday,8,2,2025
Kennedy Krienbrink,30687,Bowling Green,8.2,,,,Saturday,8,2,2025
Landyn Williams,30687,Bowling Green,,,9.7,,Saturday,8,2,2025
Lauren Greene,30687,Towson,9.775,,,,Saturday,8,2,2025
Lauren Keener,30687,Towson,9.85,9.675,,,Saturday,8,2,2025
Love Akpan,30687,Bowling Green,8.85,,,,Saturday,8,2,2025
Madeline Frazier,30687,William & Mary,,9.825,,,Saturday,8,2,2025
Madison Coburn,30687,Bowling Green,,,9.725,9.7,Saturday,8,2,2025
Megan Bingham,30687,Bowling Green,9.65,9.7,9.425,9.725,Saturday,8,2,2025
Megan Dzialo,30687,Bowling Green,9.075,,9.525,9.625,Saturday,8,2,2025
Melanie Faulkner,30687,William & Mary,,9.55,9.3,,Saturday,8,2,2025
Melissa Gao,30687,William & Mary,9.525,9.65,,9.25,Saturday,8,2,2025
Mia Oh,30687,Illinois State,,,,9.7,Saturday,8,2,2025
Michelle Ngo,30687,William & Mary,9.6,9.775,9.7,,Saturday,8,2,2025
Mya Robinson,30687,Illinois State,9.0,9.175,9.8,9.775,Saturday,8,2,2025
Nadia Parente,30687,Bowling Green,,9.55,,,Saturday,8,2,2025
Polina Belanovski,30687,Towson,9.825,,9.825,9.8,Saturday,8,2,2025
Reese Grolla,30687,Illinois State,9.775,9.925,,,Saturday,8,2,2025
Sally Wood,30687,William & Mary,,,9.45,9.475,Saturday,8,2,2025
Samantha Burd,30687,William & Mary,,,,9.5,Saturday,8,2,2025
Sammie Wolff,30687,Illinois State,,,,9.75,Saturday,8,2,2025
Sara Wabi,30687,Illinois State,9.875,,9.875,9.875,Saturday,8,2,2025
Sarah Kuper,30687,William & Mary,,,,8.75,Saturday,8,2,2025
Sarah Wozniak,30687,William & Mary,9.725,,,,Saturday,8,2,2025
Summer Penzi,30687,William & Mary,,9.575,9.475,,Saturday,8,2,2025
Teegan Milligan,30687,Bowling Green,,9.4,,,Saturday,8,2,2025
Alauna Simms,30695,Ball State,,,9.775,,Sunday,9,2,2025
Ariana Light,30695,Central Michigan,,9.675,,,Sunday,9,2,2025
Ashley Szymanski,30695,Ball State,9.875,9.85,,,Sunday,9,2,2025
Ava Molina,30695,Ball State,9.75,9.75,9.775,,Sunday,9,2,2025
Ava Wellmeier,30695,Central Michigan,,,9.725,9.725,Sunday,9,2,2025
Avah Bootz,30695,Central Michigan,,,9.825,9.7,Sunday,9,2,2025
Cai Afalla,30695,Ball State,,,9.75,9.625,Sunday,9,2,2025
Carissa Martinez,30695,Ball State,,,9.85,9.6,Sunday,9,2,2025
Delaney McMahon,30695,Ball State,,9.825,,,Sunday,9,2,2025
Gabrielle Johnson,30695,Central Michigan,9.825,,,,Sunday,9,2,2025
Grace Sumner,30695,Ball State,9.775,9.625,,,Sunday,9,2,2025
Hannah Appleget,30695,Central Michigan,9.775,9.85,9.8,,Sunday,9,2,2025
Heather Parker,30695,Central Michigan,,,9.6,,Sunday,9,2,2025
Jordanna Phillis,30695,Ball State,9.375,,,,Sunday,9,2,2025
Kaitlyn Schwab,30695,Central Michigan,9.85,,,,Sunday,9,2,2025
Karli Mercer,30695,Ball State,,,,9.7,Sunday,9,2,2025
Lia Kmieciak,30695,Central Michigan,9.85,,,9.7,Sunday,9,2,2025
Lindsay Fuller,30695,Ball State,,8.925,,,Sunday,9,2,2025
Lindsay Girard,30695,Ball State,,,9.8,9.725,Sunday,9,2,2025
Luciana Alvarado-Reid,30695,Central Michigan,9.9,9.775,9.825,9.775,Sunday,9,2,2025
Mary Rose Bellan,30695,Ball State,9.725,,,,Sunday,9,2,2025
Quinn Skrupa,30695,Central Michigan,,8.975,,9.825,Sunday,9,2,2025
Samantha Shannon,30695,Central Michigan,9.8,9.775,,9.7,Sunday,9,2,2025
Suki Pfister,30695,Ball State,,,,9.875,Sunday,9,2,2025
Zoe Middleton,30695,Ball State,9.8,9.825,9.9,9.75,Sunday,9,2,2025
Zoe Zimmerman,30695,Central Michigan,,,9.75,,Sunday,9,2,2025
Zoie Pelfrey,30695,Central Michigan,,9.8,,,Sunday,9,2,2025
Aaliyah Krause,30697,Rhode Island College,9.425,9.525,9.65,9.65,Sunday,9,2,2025
Abigail Bunch,30697,Rhode Island College,9.3,8.85,,,Sunday,9,2,2025
Abigail Kenney,30697,Bridgeport,9.775,9.6,9.725,9.05,Sunday,9,2,2025
Alexa Graziano,30697,Rhode Island College,8.8,,,,Sunday,9,2,2025
Ava Kelly,30697,Springfield College,,9.55,,9.2,Sunday,9,2,2025
Ayako Maeda,30697,Springfield College,9.5,,,,Sunday,9,2,2025
Brenna Johnson,30697,Springfield College,,9.325,,,Sunday,9,2,2025
Carson Ann Whitt,30697,Rhode Island College,,,9.5,,Sunday,9,2,2025
Claire Geiger,30697,Springfield College,8.775,,9.1,9.275,Sunday,9,2,2025
Delaney LaViolette,30697,Springfield College,,,9.675,8.75,Sunday,9,2,2025
Diamond Cook,30697,Wilberforce,,9.375,9.625,9.275,Sunday,9,2,2025
Elsie Gardiner,30697,Springfield College,8.05,,9.625,,Sunday,9,2,2025
Emily Hernandez,30697,Bridgeport,9.7,9.475,,9.6,Sunday,9,2,2025
Emma Tucker,30697,Rhode Island College,,9.675,9.75,9.65,Sunday,9,2,2025
Gracie Walker,30697,Bridgeport,,,,9.4,Sunday,9,2,2025
Hannah Barry,30697,Bridgeport,,9.4,,,Sunday,9,2,2025
Ivy Jimenez,30697,Rhode Island College,,9.525,,9.55,Sunday,9,2,2025
Jaidyn Bryant,30697,Wilberforce,7.8,8.85,,,Sunday,9,2,2025
Jolie Carpino,30697,Rhode Island College,9.0,,,,Sunday,9,2,2025
Julia Reer,30697,Springfield College,,,9.625,,Sunday,9,2,2025
Kiora Peart-Williams,30697,Wilberforce,9.65,9.425,9.15,9.475,Sunday,9,2,2025
Lola Sepulveda,30697,Bridgeport,9.625,,9.65,9.625,Sunday,9,2,2025
Mackenzie Butler,30697,Wilberforce,,8.05,,8.075,Sunday,9,2,2025
Madeline Brandt,30697,Rhode Island College,,9.175,9.55,,Sunday,9,2,2025
Madelyn Viles,30697,Bridgeport,,9.375,9.5,,Sunday,9,2,2025
Madison Kelly,30697,Wilberforce,8.9,,,,Sunday,9,2,2025
Margaret Coyle,30697,Bridgeport,,,9.825,,Sunday,9,2,2025
Maya Belog,30697,Springfield College,,8.85,,,Sunday,9,2,2025
Mikayla Clements,30697,Wilberforce,,,,8.675,Sunday,9,2,2025
Molly Pompeii,30697,Rhode Island College,,,9.45,9.15,Sunday,9,2,2025
Nicole Pujals,30697,Bridgeport,9.575,,,,Sunday,9,2,2025
Nova Staruk,30697,Bridgeport,,,,9.775,Sunday,9,2,2025
Olivia Imbarlina,30697,Bridgeport,9.625,9.75,,,Sunday,9,2,2025
Olivia Keyes,30697,Rhode Island College,9.725,9.55,8.875,9.4,Sunday,9,2,2025
Payton Greene,30697,Rhode Island College,9.25,,,9.65,Sunday,9,2,2025
Promise Jean-Marie,30697,Wilberforce,7.775,8.625,9.375,9.075,Sunday,9,2,2025
Reagan Charlton,30697,Springfield College,8.9,8.675,,9.4,Sunday,9,2,2025
Sadara Mayhorn,30697,Wilberforce,,,8.05,,Sunday,9,2,2025
Sage Kaplan,30697,Springfield College,9.0,9.2,9.5,8.675,Sunday,9,2,2025
Samantha Krenzel,30697,Bridgeport,,9.375,9.375,,Sunday,9,2,2025
Samantha Nokes,30697,Bridgeport,9.7,,,,Sunday,9,2,2025
Saniah Smith,30697,Wilberforce,7.35,9.25,9.525,,Sunday,9,2,2025
Sarah Brownstein,30697,Springfield College,8.8,,,,Sunday,9,2,2025
Scarlette Ayakawa,30697,Springfield College,,9.175,,,Sunday,9,2,2025
Stacy Taylor,30697,Springfield College,,,9.65,9.5,Sunday,9,2,2025
Tamyra Singletary,30697,Bridgeport,,,9.475,9.575,Sunday,9,2,2025
Abby Chesshire,30701,Ithaca College,,,9.375,,Sunday,9,2,2025
Abigail Walters,30701,Utica,,,9.6,,Sunday,9,2,2025
Addy Rothstein,30701,Cornell,9.05,,9.775,9.7,Sunday,9,2,2025
Adisson Ferri,30701,Utica,,,9.65,,Sunday,9,2,2025
Aladiana Tosado,30701,Brockport,9.525,,,,Sunday,9,2,2025
Alexis Schulman,30701,Brockport,,9.575,,,Sunday,9,2,2025
Alina Danilchenko,30701,LIU,,9.675,9.775,,Sunday,9,2,2025
Alyssa Langston,30701,Utica,8.8,9.75,,,Sunday,9,2,2025
Amelia York,30701,Brockport,,9.8,,,Sunday,9,2,2025
Angelina Hogan,30701,LIU,9.575,9.525,,,Sunday,9,2,2025
Anne MacKenzie,30701,Cornell,,9.5,,,Sunday,9,2,2025
Autumn Adkins,30701,Cortland State,9.65,,9.775,,Sunday,9,2,2025
Ava Miranov,30701,Cortland State,8.75,,,9.45,Sunday,9,2,2025
Avery Byun,30701,Cornell,9.525,9.8,9.875,9.65,Sunday,9,2,2025
Brooke Burkhart,30701,LIU,,,,9.475,Sunday,9,2,2025
Caitlin Pellegrino,30701,Ithaca College,,9.6,9.575,,Sunday,9,2,2025
Cami Whitaker,30701,Cornell,,,9.575,9.625,Sunday,9,2,2025
Caroline Kliewer,30701,LIU,9.725,,,,Sunday,9,2,2025
Charlotte Raymond,30701,Brockport,9.6,,,,Sunday,9,2,2025
Christina Troche,30701,Utica,8.0,,,,Sunday,9,2,2025
Claire Wood,30701,Brockport,,,9.675,,Sunday,9,2,2025
Corey Foster,30701,Ithaca College,,9.725,9.75,,Sunday,9,2,2025
Dahlia Jhaveri,30701,Cornell,9.575,,,9.725,Sunday,9,2,2025
Danyella Holmes,30701,LIU,8.15,,9.825,9.45,Sunday,9,2,2025
Ellorie Cane,30701,LIU,,8.75,,,Sunday,9,2,2025
Emily Kobusky,30701,Ithaca College,,9.225,,,Sunday,9,2,2025
Emily Plone,30701,Utica,,,8.625,,Sunday,9,2,2025
Emma Brookins,30701,Brockport,9.65,9.65,9.85,,Sunday,9,2,2025
Emma Langdon,30701,Brockport,,,,9.4,Sunday,9,2,2025
Emmy Graff,30701,Utica,9.625,8.925,9.675,9.25,Sunday,9,2,2025
Gianna Mirigliano,30701,Cortland State,,9.675,9.6,9.55,Sunday,9,2,2025
Grace Marra,30701,Utica,8.6,9.625,9.775,9.525,Sunday,9,2,2025
Grace Murray,30701,Ithaca College,,,9.775,9.525,Sunday,9,2,2025
Gracie Weaver,30701,Brockport,,,,9.55,Sunday,9,2,2025
Haleigh Welch,30701,LIU,9.65,,,,Sunday,9,2,2025
Haley Miller,30701,Utica,,9.5,,9.375,Sunday,9,2,2025
Hana Miller,30701,Ithaca College,,,9.5,,Sunday,9,2,2025
Jamarie Saravia,30701,Brockport,8.825,,9.825,,Sunday,9,2,2025
Jenna DiPalo,30701,Utica,,8.925,,9.45,Sunday,9,2,2025
Jessica Schmitz,30701,Ithaca College,,,,9.45,Sunday,9,2,2025
Joscelyn Wabick,30701,Utica,,,,9.275,Sunday,9,2,2025
Josie Moylan,30701,Cornell,,,9.8,,Sunday,9,2,2025
Julia Klucinec,30701,Brockport,9.125,,,,Sunday,9,2,2025
Julia Pecora,30701,Utica,,,9.35,,Sunday,9,2,2025
Kady Bills-McCoy,30701,LIU,,9.6,,,Sunday,9,2,2025
Kaira Cartwright,30701,LIU,,9.825,9.75,9.75,Sunday,9,2,2025
Kathryn McSweeney,30701,Cortland State,9.5,,,,Sunday,9,2,2025
Kayla Toniolo,30701,LIU,9.6,,,,Sunday,9,2,2025
Kaylie Goodwin,30701,Ithaca College,9.45,9.0,,,Sunday,9,2,2025
Kiana Wong,30701,Cortland State,9.3,,,,Sunday,9,2,2025
Kiara Hockman,30701,Brockport,,9.725,9.9,9.775,Sunday,9,2,2025
Kira Sanchez,30701,LIU,9.55,,9.775,9.5,Sunday,9,2,2025
Kyleigh Brown,30701,Cortland State,,,,9.625,Sunday,9,2,2025
Laken Sooy,30701,Brockport,,9.45,,,Sunday,9,2,2025
Lauren Babineaux,30701,Ithaca College,9.775,,,9.525,Sunday,9,2,2025
Lienna Kay,30701,Brockport,,9.775,9.55,9.6,Sunday,9,2,2025
Madelyn Farragher,30701,Ithaca College,,,,9.425,Sunday,9,2,2025
Madison Villani,30701,Utica,,,,9.375,Sunday,9,2,2025
Maren Eramo,30701,Brockport,9.675,,,9.225,Sunday,9,2,2025
Marina DelVecchio,30701,Brockport,,,,8.85,Sunday,9,2,2025
Marlena Bailey,30701,Ithaca College,9.475,,,,Sunday,9,2,2025
Maya Pecoraro,30701,Brockport,,,9.4,,Sunday,9,2,2025
Melissa Ainsley Pinkard,30701,Utica,9.0,9.45,,,Sunday,9,2,2025
Michaela DeFranscisco,30701,Cornell,,,9.75,9.65,Sunday,9,2,2025
Mikayla Burton,30701,Cornell,,9.75,,,Sunday,9,2,2025
Morgen Shambo,30701,Cornell,9.75,9.7,,,Sunday,9,2,2025
Mya John,30701,Ithaca College,7.925,9.5,,9.55,Sunday,9,2,2025
Natalia Tehrani,30701,Cornell,9.7,9.55,,,Sunday,9,2,2025
Natalie Steed,30701,Ithaca College,,9.0,8.8,9.6,Sunday,9,2,2025
Nicole Lonski,30701,Ithaca College,9.45,,,,Sunday,9,2,2025
Ninabella English,30701,Cortland State,9.375,,,,Sunday,9,2,2025
Olivia Rosen,30701,Utica,7.25,,,,Sunday,9,2,2025
Raphaelle Perreault,30701,LIU,,,9.725,9.75,Sunday,9,2,2025
Renee Figueroa,30701,LIU,,9.725,,,Sunday,9,2,2025
Rianna Adams,30701,Cortland State,9.1,,,,Sunday,9,2,2025
Rylee Fishkin,30701,Cortland State,,9.575,9.325,,Sunday,9,2,2025
Samantha Meadows,30701,Cortland State,,9.85,9.625,9.5,Sunday,9,2,2025
Sienna Blake,30701,Ithaca College,9.425,,,,Sunday,9,2,2025
Sydney Beers,30701,Cornell,9.6,9.8,9.85,9.675,Sunday,9,2,2025
Tayah Graham,30701,Cortland State,,8.95,,9.575,Sunday,9,2,2025
Tessa Sutton,30701,Cortland State,,9.825,9.55,9.7,Sunday,9,2,2025
Victoria Cave,30701,Cortland State,,9.825,9.775,,Sunday,9,2,2025
Zoe Claiborne,30701,LIU,,,9.675,9.65,Sunday,9,2,2025
Abby Mueller,30707,Missouri,,,,9.775,Sunday,9,2,2025
Addison Lawrence,30707,Missouri,,9.8,,,Sunday,9,2,2025
Amari Celestine,30707,Missouri,9.925,9.85,9.925,9.8,Sunday,9,2,2025
Amelia Knight,30707,Illinois,9.725,9.9,,,Sunday,9,2,2025
Amy Wier,30707,Missouri,,9.9,,,Sunday,9,2,2025
Arielle Ward,30707,Illinois,9.8,,9.875,9.95,Sunday,9,2,2025
Chloe Cho,30707,Illinois,9.725,9.875,9.95,9.8,Sunday,9,2,2025
Destiny Denning,30707,Illinois,9.1,,,,Sunday,9,2,2025
Eden King,30707,Illinois,,9.825,9.85,9.825,Sunday,9,2,2025
Elise Tisler,30707,Missouri,,,9.875,9.775,Sunday,9,2,2025
Emmalise Nock,30707,Illinois,,,9.8,,Sunday,9,2,2025
Hannah Horton,30707,Missouri,9.9,,9.85,9.85,Sunday,9,2,2025
Helen Hu,30707,Missouri,,9.825,,,Sunday,9,2,2025
Jocelyn Moore,30707,Missouri,9.875,,9.95,9.775,Sunday,9,2,2025
Kennedy Brown,30707,Illinois,9.725,,,,Sunday,9,2,2025
Kennedy Griffin,30707,Missouri,,,9.875,,Sunday,9,2,2025
Kyra Burns,30707,Missouri,9.85,,,9.625,Sunday,9,2,2025
Makayla Green,30707,Illinois,9.85,,,,Sunday,9,2,2025
Mara Titarsolej,30707,Missouri,9.925,,,,Sunday,9,2,2025
Mareli Muller,30707,Illinois,,9.3,9.875,9.825,Sunday,9,2,2025
Megan Sapp,30707,Illinois,,9.775,,,Sunday,9,2,2025
Mya Gordon,30707,Illinois,,,,9.775,Sunday,9,2,2025
Olivia Coppola,30707,Illinois,,9.9,,9.8,Sunday,9,2,2025
Olivia Kelly,30707,Missouri,,9.85,,,Sunday,9,2,2025
Railey Jackson,30707,Missouri,,9.85,,,Sunday,9,2,2025
Rayna Light,30707,Missouri,9.775,,9.85,,Sunday,9,2,2025
Tali Joelson,30707,Illinois,,,9.825,,Sunday,9,2,2025
Aine Reade,30709,New Hampshire,8.975,9.65,9.9,9.75,Sunday,9,2,2025
Anne Challman,30709,New Hampshire,,9.75,9.95,,Sunday,9,2,2025
Avery Walters,30709,Brown,9.175,9.75,9.725,,Sunday,9,2,2025
Chloe DeJoy,30709,Yale,9.7,,9.825,,Sunday,9,2,2025
Daisy Fallon,30709,Brown,9.725,,9.675,,Sunday,9,2,2025
Ella Tashjian,30709,Yale,,9.65,9.725,9.675,Sunday,9,2,2025
Ellie Kearns,30709,Yale,9.7,9.625,9.9,,Sunday,9,2,2025
Emily Ford,30709,Brown,8.85,9.125,,,Sunday,9,2,2025
Gabby Mautner,30709,Brown,,,,9.6,Sunday,9,2,2025
Gianna Martoccia,30709,Brown,,,,9.325,Sunday,9,2,2025
Gigi Sabatini,30709,Yale,,9.625,9.8,9.7,Sunday,9,2,2025
Gracy Mowers,30709,New Hampshire,,,9.8,9.725,Sunday,9,2,2025
Gwen Ockerbloom,30709,New Hampshire,,9.725,,9.65,Sunday,9,2,2025
Hailey Kriz,30709,Yale,9.7,9.7,,9.775,Sunday,9,2,2025
Hana Strause,30709,Yale,,9.625,,9.55,Sunday,9,2,2025
Jessica Lin,30709,Brown,,9.7,,9.45,Sunday,9,2,2025
Julia Bedell,30709,Brown,,,9.9,9.75,Sunday,9,2,2025
Julia Before,30709,New Hampshire,9.7,,,,Sunday,9,2,2025
Lauren Burt,30709,Yale,,,,9.675,Sunday,9,2,2025
Lauren Holt,30709,Yale,9.7,,9.75,,Sunday,9,2,2025
Lauren Luu,30709,Yale,9.775,,,,Sunday,9,2,2025
Leah Moreno,30709,New Hampshire,9.775,,,9.775,Sunday,9,2,2025
Lily Aucoin,30709,Yale,8.0,,,,Sunday,9,2,2025
Lindsay Van Eyk,30709,Brown,,9.65,,,Sunday,9,2,2025
Liza Marcus,30709,Brown,9.775,9.6,9.775,,Sunday,9,2,2025
Mady Harvey,30709,New Hampshire,,9.8,,,Sunday,9,2,2025
Maya Davis,30709,Brown,9.8,9.1,9.85,,Sunday,9,2,2025
McCall McMullen,30709,New Hampshire,,9.6,9.9,9.725,Sunday,9,2,2025
Megan Brueck,30709,Yale,,9.65,9.85,8.975,Sunday,9,2,2025
Serena Mullin,30709,New Hampshire,9.125,9.825,9.85,9.675,Sunday,9,2,2025
Sophia Dewar,30709,Brown,8.525,,9.725,9.675,Sunday,9,2,2025
Stacy Boss,30709,New Hampshire,,,9.75,,Sunday,9,2,2025
Summer Simpkins,30709,New Hampshire,9.65,,,,Sunday,9,2,2025
Umi El Mammann,30709,Brown,,,,9.5,Sunday,9,2,2025
Zoe Arthur,30709,New Hampshire,9.65,,,,Sunday,9,2,2025
Abby Brushwood,30712,Eastern Michigan,,,9.85,9.65,Sunday,9,2,2025
Alana Fisher,30712,Eastern Michigan,,9.825,9.675,9.7,Sunday,9,2,2025
Ally Schaupp,30712,Western Michigan,,,9.8,,Sunday,9,2,2025
Analiah Solorio,30712,Eastern Michigan,9.025,9.15,,,Sunday,9,2,2025
Brooke Gelesko,30712,Western Michigan,,,,9.75,Sunday,9,2,2025
Cassie St. Clair,30712,Western Michigan,,,9.925,,Sunday,9,2,2025
DonnaKathryn Roy,30712,Western Michigan,,,9.825,9.675,Sunday,9,2,2025
Ella Chemotti,30712,Eastern Michigan,9.6,9.625,9.75,,Sunday,9,2,2025
Gwendelyn Cantu,30712,Eastern Michigan,,,,9.7,Sunday,9,2,2025
Halle Faulkner,30712,Western Michigan,,,,9.7,Sunday,9,2,2025
Hannah Milton,30712,Western Michigan,,,9.825,9.825,Sunday,9,2,2025
Julie Korfhage,30712,Western Michigan,9.825,9.75,,,Sunday,9,2,2025
Katin Childress,30712,Eastern Michigan,,9.775,,,Sunday,9,2,2025
Keeley Kohler,30712,Eastern Michigan,9.625,,,,Sunday,9,2,2025
Kennedy Cooper,30712,Western Michigan,,,9.825,9.775,Sunday,9,2,2025
Kyrie Lowe,30712,Eastern Michigan,9.825,9.675,9.725,9.7,Sunday,9,2,2025
Makenna King,30712,Western Michigan,9.1,9.025,,,Sunday,9,2,2025
Molly Freeman,30712,Western Michigan,9.8,,,,Sunday,9,2,2025
Priya Karle,30712,Eastern Michigan,,,9.725,,Sunday,9,2,2025
Raisa Boris,30712,Eastern Michigan,9.8,9.875,9.825,9.7,Sunday,9,2,2025
Reese Samuelson,30712,Western Michigan,9.75,9.025,,,Sunday,9,2,2025
Reilan Garvey,30712,Western Michigan,9.775,9.775,8.975,,Sunday,9,2,2025
Sanai Evans,30712,Eastern Michigan,8.85,,,,Sunday,9,2,2025
Sarah Moravansky,30712,Western Michigan,9.7,9.775,,9.7,Sunday,9,2,2025
Tricia Mills,30712,Western Michigan,,9.7,,,Sunday,9,2,2025
Adeline Kenlin,30714,Iowa,,9.825,,,Sunday,9,2,2025
Anna Pagliaro,30714,Rutgers,,9.7,,9.525,Sunday,9,2,2025
Aurelie Tran,30714,Iowa,9.825,9.8,9.875,9.75,Sunday,9,2,2025
Avery Chambers,30714,Iowa,,,,9.75,Sunday,9,2,2025
Cassie Lee,30714,Iowa,,9.725,,,Sunday,9,2,2025
Delaney Adrian,30714,Rutgers,9.85,9.7,9.8,9.5,Sunday,9,2,2025
Donna Uhlenberg,30714,Rutgers,,,9.7,,Sunday,9,2,2025
Elia Aird,30714,Rutgers,,9.275,9.75,9.725,Sunday,9,2,2025
Elliot Goldsmith,30714,Rutgers,9.7,,9.825,,Sunday,9,2,2025
Emily Erb,30714,Iowa,,,9.625,,Sunday,9,2,2025
Gabrielle Dildy,30714,Rutgers,,9.7,9.85,9.475,Sunday,9,2,2025
Gianna Masella,30714,Iowa,9.6,,9.8,9.725,Sunday,9,2,2025
Haley Tyson,30714,Iowa,,9.825,,,Sunday,9,2,2025
Hanna Castillo,30714,Iowa,,,9.875,9.775,Sunday,9,2,2025
Ilka Juk,30714,Iowa,9.825,9.8,,,Sunday,9,2,2025
Kaia Vanney,30714,Iowa,8.6,,,,Sunday,9,2,2025
Karina Munoz,30714,Iowa,9.8,9.85,9.9,9.8,Sunday,9,2,2025
Keeley Smith,30714,Rutgers,9.775,,,,Sunday,9,2,2025
Lisa Chevaire,30714,Rutgers,9.4,,,9.725,Sunday,9,2,2025
Matis Rains,30714,Rutgers,,9.625,,,Sunday,9,2,2025
Maya Jones,30714,Rutgers,,,7.9,,Sunday,9,2,2025
Olivia DiNovi,30714,Rutgers,9.725,,,,Sunday,9,2,2025
Rachael Riley,30714,Rutgers,,9.85,,9.65,Sunday,9,2,2025
Reagan Schenkel,30714,Rutgers,9.775,,,,Sunday,9,2,2025
Sydney Turner,30714,Iowa,9.925,,9.65,9.575,Sunday,9,2,2025
Amber Lowe,30716,West Virginia,,9.65,9.6,,Sunday,9,2,2025
Anna Leigh,30716,West Virginia,9.7,9.65,9.85,,Sunday,9,2,2025
Brooke Alban,30716,West Virginia,9.625,,9.8,9.65,Sunday,9,2,2025
Carlee Nelson,30716,West Virginia,,9.625,,9.7,Sunday,9,2,2025
Ella Schell,30716,Iowa State,,,9.725,,Sunday,9,2,2025
Emerson Smith,30716,West Virginia,,,9.825,9.775,Sunday,9,2,2025
Frederique Sgarbossa,30716,Iowa State,9.85,9.775,,9.75,Sunday,9,2,2025
Hannah Loyim,30716,Iowa State,9.675,9.65,9.725,9.775,Sunday,9,2,2025
Haylee Hardin,30716,Iowa State,,,9.925,9.825,Sunday,9,2,2025
Jayden McDonnell,30716,West Virginia,9.7,,,,Sunday,9,2,2025
Josie Bergstrom-Te Slaa,30716,Iowa State,9.625,9.8,,9.75,Sunday,9,2,2025
Julia Brown,30716,West Virginia,9.175,9.775,,,Sunday,9,2,2025
Kaelyn Skeel,30716,West Virginia,8.65,,,,Sunday,9,2,2025
Kaia Bochow,30716,Iowa State,9.775,,,,Sunday,9,2,2025
Karleigh DiCello,30716,West Virginia,,9.7,,9.85,Sunday,9,2,2025
Kaylei Adams,30716,West Virginia,,9.65,,,Sunday,9,2,2025
Lauren O'Brochta,30716,Iowa State,,9.75,,,Sunday,9,2,2025
Lauren Thomas,30716,Iowa State,9.825,9.8,,,Sunday,9,2,2025
Madelyn Manternach,30716,Iowa State,,,9.575,,Sunday,9,2,2025
Noelle Adams,30716,Iowa State,,9.625,9.825,,Sunday,9,2,2025
Paige Wills,30716,Iowa State,9.65,,,9.775,Sunday,9,2,2025
Rachel Wilke,30716,Iowa State,,,9.75,9.75,Sunday,9,2,2025
Riley Maness,30716,West Virginia,,,9.8,,Sunday,9,2,2025
Sophia Rice,30716,West Virginia,,,,9.8,Sunday,9,2,2025
Taylor Tuohy,30716,West Virginia,,,9.65,9.775,Sunday,9,2,2025
Trinity Macy,30716,West Virginia,9.725,,,,Sunday,9,2,2025
Ava Jordan,30718,Michigan,9.875,,,9.75,Sunday,9,2,2025
Ayzhia Hall,30718,Nebraska,,,,9.675,Sunday,9,2,2025
Carly Bauman,30718,Michigan,9.95,9.975,9.9,,Sunday,9,2,2025
Emalee Frost,30718,Nebraska,9.7,,,,Sunday,9,2,2025
Emma Simpton,30718,Nebraska,9.9,9.9,,,Sunday,9,2,2025
Emma Spence,30718,Nebraska,9.85,9.85,9.9,9.75,Sunday,9,2,2025
Halle Rourke,30718,Nebraska,,,9.875,,Sunday,9,2,2025
Haylen Zabrowski,30718,Michigan,9.75,,,,Sunday,9,2,2025
Isabel Sikon,30718,Nebraska,9.825,9.8,,9.825,Sunday,9,2,2025
Jacey Vore,30718,Michigan,9.85,9.825,,,Sunday,9,2,2025
Jahzara Ranger,30718,Michigan,,9.85,9.85,9.625,Sunday,9,2,2025
Jenna Mulligan,30718,Michigan,,9.85,,9.825,Sunday,9,2,2025
Katie Kuenemann,30718,Nebraska,,,,9.725,Sunday,9,2,2025
Kayli Boozer,30718,Michigan,,9.85,9.9,,Sunday,9,2,2025
Lauren Homecillo,30718,Nebraska,,8.525,9.85,,Sunday,9,2,2025
Paige Thaxton,30718,Michigan,,,,9.8,Sunday,9,2,2025
Peyton Davis,30718,Michigan,,,9.825,9.8,Sunday,9,2,2025
Reese Baechle,30718,Nebraska,,,9.725,,Sunday,9,2,2025
Sophia Diaz,30718,Michigan,9.9,,9.85,9.825,Sunday,9,2,2025
Sophia McClelland,30718,Nebraska,9.85,9.95,9.925,9.65,Sunday,9,2,2025
Sophie Parenti,30718,Michigan,9.825,9.775,9.85,,Sunday,9,2,2025
Whitney Jencks,30718,Nebraska,9.9,9.825,9.825,9.75,Sunday,9,2,2025
Bella Miller,30720,North Carolina,,,9.85,,Sunday,9,2,2025
Brie Clark,30720,Clemson,,9.825,9.95,,Sunday,9,2,2025
Danika Nielsen,30720,Clemson,,9.8,,,Sunday,9,2,2025
Eve Jackson,30720,Clemson,9.825,,9.175,9.725,Sunday,9,2,2025
Gwen Fink,30720,North Carolina,9.825,9.9,9.8,,Sunday,9,2,2025
Hannah Clark,30720,Clemson,9.875,,,,Sunday,9,2,2025
Isabelle Schaefer,30720,North Carolina,9.85,,,9.775,Sunday,9,2,2025
Jessica Naranjo,30720,North Carolina,,9.875,9.85,,Sunday,9,2,2025
JoJo Valahovic,30720,North Carolina,,9.85,9.9,9.7,Sunday,9,2,2025
Julia Knower,30720,North Carolina,9.875,9.75,9.9,9.75,Sunday,9,2,2025
Kate Bryant,30720,Clemson,,,,9.75,Sunday,9,2,2025
Kaya Forbes,30720,North Carolina,9.8,,9.925,9.825,Sunday,9,2,2025
Kielyn McCright,30720,Clemson,,9.35,,,Sunday,9,2,2025
Lali Dekanoidze,30720,North Carolina,9.825,,,9.8,Sunday,9,2,2025
Lauren Rutherford,30720,Clemson,9.85,,,,Sunday,9,2,2025
Lilly Lippeatt,30720,Clemson,9.85,9.825,9.825,,Sunday,9,2,2025
Madison Minner,30720,Clemson,,,9.8,9.85,Sunday,9,2,2025
Maggie Holman,30720,Clemson,,,9.825,9.725,Sunday,9,2,2025
Molly Arnold,30720,Clemson,,,9.675,,Sunday,9,2,2025
Neve King,30720,North Carolina,9.825,9.725,,9.7,Sunday,9,2,2025
Quinn Kuhl,30720,Clemson,9.85,9.5,,9.7,Sunday,9,2,2025
Regan McBride,30720,North Carolina,,9.125,,,Sunday,9,2,2025
Sierra Church,30720,Clemson,,9.775,,,Sunday,9,2,2025
Takoda Berry,30720,Clemson,9.8,,,,Sunday,9,2,2025
Tara Walsh,30720,Clemson,,,,9.7,Sunday,9,2,2025
Alyssa Manley,30722,Alaska,9.5,,,,Monday,10,2,2025
Ariana DeSouza,30722,Alaska,,8.05,9.8,,Monday,10,2,2025
Avery Tillmanns,30722,Alaska,9.675,,,,Monday,10,2,2025
Breeann Spain,30722,Alaska,,8.85,9.65,,Monday,10,2,2025
Caitlin McWilliams,30722,Washington,9.675,,9.85,9.7,Monday,10,2,2025
Chelsea Hallinan,30722,Washington,,9.725,,,Monday,10,2,2025
Claudia Lessig,30722,Alaska,9.625,,,9.375,Monday,10,2,2025
Emily Innes,30722,Washington,,9.75,9.925,9.775,Monday,10,2,2025
Francesca Caso,30722,Oregon State,9.875,,,,Monday,10,2,2025
Grace Costello,30722,Alaska,,9.65,9.7,9.625,Monday,10,2,2025
Hannah Boyd,30722,Alaska,8.825,9.45,9.7,9.525,Monday,10,2,2025
Jada Niles,30722,Alaska,9.7,,,,Monday,10,2,2025
Jade Carey,30722,Oregon State,9.9,9.9,9.9,9.875,Monday,10,2,2025
Jamilia Duffus,30722,Alaska,8.4,,,,Monday,10,2,2025
Jennifer McMillan,30722,Oregon State,9.85,9.875,,,Monday,10,2,2025
Jordan Grindol,30722,Alaska,,,9.7,,Monday,10,2,2025
Kaitlin Garcia,30722,Oregon State,,,9.9,9.9,Monday,10,2,2025
Karlie Chavez,30722,Oregon State,,,,9.025,Monday,10,2,2025
Kira Bolden,30722,Washington,9.825,,9.8,9.675,Monday,10,2,2025
Kristin Lin,30722,Washington,9.875,9.575,,9.775,Monday,10,2,2025
Lauren Letzsch,30722,Oregon State,,9.85,,,Monday,10,2,2025
Lex Mouyenga,30722,Washington,,,,9.6,Monday,10,2,2025
Maribelle Albert,30722,Alaska,,,,9.575,Monday,10,2,2025
Mary McDonough,30722,Washington,9.825,9.725,9.875,9.85,Monday,10,2,2025
Montana Fairbairn,30722,Alaska,,9.625,9.75,9.7,Monday,10,2,2025
Natalie Briones,30722,Oregon State,9.775,,,9.8,Monday,10,2,2025
Olivia Buckner,30722,Oregon State,,9.825,,,Monday,10,2,2025
Olivia Oppegard,30722,Washington,9.775,9.175,9.75,,Monday,10,2,2025
Sage Thompson,30722,Oregon State,9.925,,9.9,9.775,Monday,10,2,2025
Savannah Miller,30722,Oregon State,9.775,,9.9,,Monday,10,2,2025
Sophia Esposito,30722,Oregon State,,9.875,9.95,9.775,Monday,10,2,2025
Sydney Gonzales,30722,Oregon State,,9.75,,,Monday,10,2,2025
Taylor DeVries,30722,Oregon State,,,9.6,,Monday,10,2,2025
Taylor Russon,30722,Washington,9.825,9.775,9.8,,Monday,10,2,2025
Verena Wong,30722,Alaska,,9.175,,9.625,Monday,10,2,2025
Alyssa Fernandez,30725,Southern Utah,,,9.8,,Monday,10,2,2025
Angel Stuart,30725,Utah State,,,9.8,,Monday,10,2,2025
Avery Bibbey,30725,Utah State,9.85,,,,Monday,10,2,2025
Brianna Brooks,30725,Utah State,9.8,9.9,,9.725,Monday,10,2,2025
Brinlee Christensen,30725,Southern Utah,9.75,9.8,9.925,9.85,Monday,10,2,2025
Dani Kirstine,30725,Utah State,9.05,,,,Monday,10,2,2025
Ellie Cacciola,30725,Southern Utah,,9.85,9.8,9.875,Monday,10,2,2025
Elliot Bringhurst,30725,Southern Utah,,9.7,,,Monday,10,2,2025
Isabella Neff,30725,Southern Utah,9.725,,,,Monday,10,2,2025
Isabella Vater,30725,Utah State,,,9.8,,Monday,10,2,2025
Jenna Eagles,30725,Utah State,,9.775,9.8,,Monday,10,2,2025
Kaylie Medrano,30725,Utah State,,9.8,9.775,9.65,Monday,10,2,2025
Lundyn Vander Toolen,30725,Utah State,9.85,,,9.675,Monday,10,2,2025
Mackenzie Kelly,30725,Southern Utah,,,,9.825,Monday,10,2,2025
Maria Ferguson,30725,Southern Utah,9.875,9.35,,,Monday,10,2,2025
Mia Hampton,30725,Southern Utah,9.75,,9.875,9.775,Monday,10,2,2025
Mya Witte,30725,Utah State,,9.575,,9.7,Monday,10,2,2025
Niya Randolph,30725,Southern Utah,9.825,9.8,9.825,9.8,Monday,10,2,2025
Nyla Morabito,30725,Utah State,,,9.875,9.8,Monday,10,2,2025
Olivia Orengo,30725,Utah State,9.875,9.775,9.825,,Monday,10,2,2025
Payton Gatzlaff,30725,Utah State,,,,9.625,Monday,10,2,2025
Rylee Miller,30725,Southern Utah,,9.85,,,Monday,10,2,2025
Sydney Jelen,30725,Utah State,9.8,9.65,,,Monday,10,2,2025
Taylor Gull,30725,Southern Utah,,,9.9,,Monday,10,2,2025
Trista Goodman,30725,Southern Utah,9.825,,,9.75,Monday,10,2,2025
Abby Chesshire,30727,Ithaca College,,,9.725,,Wednesday,12,2,2025
Anya Kraenzel,30727,Ithaca College,9.275,,,,Wednesday,12,2,2025
Autumn Adkins,30727,Cortland State,9.7,,9.725,,Wednesday,12,2,2025
Caitlin Pellegrino,30727,Ithaca College,,9.5,9.6,,Wednesday,12,2,2025
Corey Foster,30727,Ithaca College,,9.525,9.825,,Wednesday,12,2,2025
Emily Kobusky,30727,Ithaca College,,9.675,,,Wednesday,12,2,2025
Gabrielle Nadler,30727,Cortland State,,,9.65,,Wednesday,12,2,2025
Gianna Mirigliano,30727,Cortland State,,9.75,9.7,9.7,Wednesday,12,2,2025
Grace Murray,30727,Ithaca College,,,9.775,9.7,Wednesday,12,2,2025
Hana Miller,30727,Ithaca College,,,9.55,,Wednesday,12,2,2025
Jessica Schmitz,30727,Ithaca College,,,,9.475,Wednesday,12,2,2025
Jillian Freyman,30727,Ithaca College,,,8.975,,Wednesday,12,2,2025
Kathryn McSweeney,30727,Cortland State,9.075,,,,Wednesday,12,2,2025
Kaylie Goodwin,30727,Ithaca College,8.45,9.5,,,Wednesday,12,2,2025
Kiana Wong,30727,Cortland State,9.625,,,,Wednesday,12,2,2025
Kyleigh Brown,30727,Cortland State,,,,9.65,Wednesday,12,2,2025
Lauren Babineaux,30727,Ithaca College,9.725,,,8.675,Wednesday,12,2,2025
Madelyn Farragher,30727,Ithaca College,,,,9.5,Wednesday,12,2,2025
Marlena Bailey,30727,Ithaca College,9.325,,,,Wednesday,12,2,2025
Mya John,30727,Ithaca College,9.8,9.35,,9.575,Wednesday,12,2,2025
Natalie Steed,30727,Ithaca College,,9.475,,9.525,Wednesday,12,2,2025
Nicole Lonski,30727,Ithaca College,9.65,,,,Wednesday,12,2,2025
Ninabella English,30727,Cortland State,9.275,,,,Wednesday,12,2,2025
Rianna Adams,30727,Cortland State,9.525,,,,Wednesday,12,2,2025
Rory Allan,30727,Cortland State,,,,9.525,Wednesday,12,2,2025
Rylee Fishkin,30727,Cortland State,,7.85,,,Wednesday,12,2,2025
Samantha Meadows,30727,Cortland State,,9.85,9.7,9.775,Wednesday,12,2,2025
Tayah Graham,30727,Cortland State,,9.725,,9.75,Wednesday,12,2,2025
Taylor Goldstein,30727,Cortland State,9.425,,,,Wednesday,12,2,2025
Tessa Sutton,30727,Cortland State,,9.75,8.825,9.65,Wednesday,12,2,2025
Victoria Cave,30727,Cortland State,,9.125,9.025,,Wednesday,12,2,2025
Abigail Kenney,30729,Bridgeport,9.725,9.775,9.8,9.775,Friday,14,2,2025
Angelina Hogan,30729,LIU,9.525,9.475,,,Friday,14,2,2025
Brooke Burkhart,30729,LIU,,,,9.675,Friday,14,2,2025
Caroline Kliewer,30729,LIU,9.6,,,,Friday,14,2,2025
Danyella Holmes,30729,LIU,9.175,,9.7,9.55,Friday,14,2,2025
Ella Barrington,30729,LIU,,,9.65,,Friday,14,2,2025
Ellorie Cane,30729,LIU,,9.8,,,Friday,14,2,2025
Emily Hernandez,30729,Bridgeport,9.525,9.725,,9.7,Friday,14,2,2025
Gracie Walker,30729,Bridgeport,,,,8.8,Friday,14,2,2025
Haleigh Welch,30729,LIU,9.65,,,,Friday,14,2,2025
Hannah Barry,30729,Bridgeport,,9.75,,,Friday,14,2,2025
Kady Bills-McCoy,30729,LIU,,9.6,,,Friday,14,2,2025
Kaira Cartwright,30729,LIU,,9.65,9.575,9.75,Friday,14,2,2025
Kayla Toniolo,30729,LIU,9.35,,,,Friday,14,2,2025
Kira Sanchez,30729,LIU,9.075,,9.7,9.425,Friday,14,2,2025
Madelyn Viles,30729,Bridgeport,,9.675,9.775,,Friday,14,2,2025
Margaret Coyle,30729,Bridgeport,,,9.775,,Friday,14,2,2025
Nicole Pujals,30729,Bridgeport,8.825,,,,Friday,14,2,2025
Nova Staruk,30729,Bridgeport,,,,9.65,Friday,14,2,2025
Olivia Imbarlina,30729,Bridgeport,9.475,9.7,,,Friday,14,2,2025
Rae Solis,30729,Bridgeport,9.55,,,9.475,Friday,14,2,2025
Raphaelle Perreault,30729,LIU,,9.625,9.675,9.75,Friday,14,2,2025
Renee Figueroa,30729,LIU,,9.75,,,Friday,14,2,2025
Samantha Krenzel,30729,Bridgeport,,9.575,9.45,,Friday,14,2,2025
Samantha Nokes,30729,Bridgeport,9.575,,,,Friday,14,2,2025
Skyler Vulchev,30729,Bridgeport,,,9.7,,Friday,14,2,2025
Tamyra Singletary,30729,Bridgeport,,,9.525,9.5,Friday,14,2,2025
Zoe Claiborne,30729,LIU,,,9.45,8.925,Friday,14,2,2025
Addison Dack,30731,Gustavus Adolphus,,8.45,,,Friday,14,2,2025
Anna Beaudry,30731,Hamline,,8.55,,,Friday,14,2,2025
Anna Johnson,30731,Hamline,,8.675,,9.15,Friday,14,2,2025
Annelise Smaby,30731,Hamline,,8.55,,,Friday,14,2,2025
Ashley Savell,30731,Hamline,,,,9.1,Friday,14,2,2025
Ava Walters,30731,Hamline,8.325,,,,Friday,14,2,2025
Brianna Weikel,30731,Hamline,9.05,9.65,9.575,,Friday,14,2,2025
Brooke Reardon,30731,Hamline,,7.9,,,Friday,14,2,2025
Cailey Price,30731,Hamline,,,9.275,9.2,Friday,14,2,2025
Cara Wong,30731,Gustavus Adolphus,9.125,9.575,9.525,9.55,Friday,14,2,2025
Catelyn Zack,30731,Hamline,,,9.225,,Friday,14,2,2025
Elena Bailey,30731,Hamline,8.875,,9.2,9.225,Friday,14,2,2025
Ella Binfet,30731,Gustavus Adolphus,,,9.55,,Friday,14,2,2025
Julia Cheely,30731,Hamline,9.55,9.5,,9.3,Friday,14,2,2025
Kate Clairmont,30731,Gustavus Adolphus,8.575,8.725,,9.325,Friday,14,2,2025
Katie Chai-Mulkerin,30731,Hamline,9.275,,,,Friday,14,2,2025
Lili Guy,30731,Gustavus Adolphus,9.275,,9.7,9.775,Friday,14,2,2025
Lily Horsch,30731,Gustavus Adolphus,8.4,,,9.575,Friday,14,2,2025
Lily Ramsdell,30731,Hamline,7.2,,,,Friday,14,2,2025
Lindsay Bangs,30731,Gustavus Adolphus,,8.675,9.575,,Friday,14,2,2025
Malia Narciso,30731,Gustavus Adolphus,,,,9.425,Friday,14,2,2025
Marley Michaud,30731,Gustavus Adolphus,8.575,9.45,9.625,9.425,Friday,14,2,2025
Maura Erickson,30731,Hamline,,,,9.2,Friday,14,2,2025
Olivia Jahnke,30731,Gustavus Adolphus,,8.825,9.65,,Friday,14,2,2025
Rocio Madalena,30731,Gustavus Adolphus,9.025,,,,Friday,14,2,2025
Sydney Stoenner,30731,Hamline,,,9.3,,Friday,14,2,2025
Zoey Danzinger,30731,Hamline,,,9.425,,Friday,14,2,2025
Amy Fridley,30733,UW-Eau Claire,,,9.175,8.55,Friday,14,2,2025
Anna Preussner,30733,UW-Eau Claire,,,9.5,,Friday,14,2,2025
Aspen Peters,30733,Winona State,,9.4,,9.425,Friday,14,2,2025
Ava Obermoller,30733,UW-Eau Claire,8.925,,,9.25,Friday,14,2,2025
Brooklynn Clapp,30733,Winona State,9.075,,,,Friday,14,2,2025
Brooklynn Einck,30733,UW-Eau Claire,8.575,,,,Friday,14,2,2025
Bryce Stoltz,30733,Winona State,,9.0,9.475,8.75,Friday,14,2,2025
Cadence Cordova,30733,UW-Eau Claire,9.325,,,9.2,Friday,14,2,2025
Camdyn McSweeney,30733,Winona State,,,9.325,,Friday,14,2,2025
Courtney Knutson,30733,Winona State,,,9.375,8.5,Friday,14,2,2025
Ella Denno,30733,Winona State,9.05,,,,Friday,14,2,2025
Ella Montgomery,30733,UW-Eau Claire,9.375,9.5,,,Friday,14,2,2025
Emily Leese,30733,UW-Eau Claire,,,9.5,8.7,Friday,14,2,2025
Gabby Kraft,30733,Winona State,,9.7,9.625,9.65,Friday,14,2,2025
Georgia Guynn,30733,UW-Eau Claire,,9.3,,,Friday,14,2,2025
Grace Gerster,30733,UW-Eau Claire,,,9.425,9.125,Friday,14,2,2025
Hanna Riha,30733,UW-Eau Claire,,,8.8,,Friday,14,2,2025
Hareet Gehlon,30733,UW-Eau Claire,,9.375,,,Friday,14,2,2025
Irene Kearney,30733,Winona State,7.825,,,,Friday,14,2,2025
Jessisca Miley,30733,Winona State,9.475,,9.5,9.25,Friday,14,2,2025
Kaelyn Duman,30733,Winona State,,9.45,,,Friday,14,2,2025
Kaylee Bateman,30733,Winona State,7.975,9.05,,,Friday,14,2,2025
Kelsey Donovan,30733,UW-Eau Claire,,,9.3,,Friday,14,2,2025
Kennedy O'Connor,30733,Winona State,,,,9.625,Friday,14,2,2025
Linnea Vasali,30733,UW-Eau Claire,,9.525,,,Friday,14,2,2025
Maddie Reiner,30733,Winona State,9.025,,,,Friday,14,2,2025
Madison Daly,30733,UW-Eau Claire,9.425,9.3,,,Friday,14,2,2025
Meghan Dahlin,30733,UW-Eau Claire,,9.425,,,Friday,14,2,2025
Rachel Hettiarachchy,30733,UW-Eau Claire,9.375,,,9.35,Friday,14,2,2025
Reagan Kelly,30733,Winona State,,9.225,,,Friday,14,2,2025
Taylor Magierka,30733,Winona State,,,8.925,,Friday,14,2,2025
Anna Mielke,30735,UW-Stout,,,9.6,9.4,Friday,14,2,2025
Annika Cole,30735,Simpson,8.275,,9.375,,Friday,14,2,2025
Bella Dix,30735,Simpson,,8.675,,9.35,Friday,14,2,2025
Brooklen Morgan,30735,Simpson,,8.85,9.45,,Friday,14,2,2025
Cassidy Lennard,30735,UW-Stout,,8.95,,,Friday,14,2,2025
Effie Ferguson,30735,UW-Stout,8.525,9.75,9.55,,Friday,14,2,2025
Emma Brittingham,30735,UW-Stout,6.85,,,,Friday,14,2,2025
Emma Tolbert,30735,Simpson,,,9.425,,Friday,14,2,2025
Emmie Barton,30735,Simpson,,,,9.475,Friday,14,2,2025
Evalyn Resnick,30735,Simpson,9.6,9.2,,,Friday,14,2,2025
Gabrielle Winstead,30735,UW-Stout,,,,9.575,Friday,14,2,2025
Gillian Cummins,30735,UW-Stout,9.525,8.7,,9.55,Friday,14,2,2025
Isabela Krulich,30735,UW-Stout,,9.6,9.775,,Friday,14,2,2025
Izzy Brown,30735,Simpson,8.225,9.55,9.175,,Friday,14,2,2025
Jaidyn Carroll,30735,UW-Stout,,,,9.375,Friday,14,2,2025
Jamie Beatty,30735,UW-Stout,9.75,9.35,9.675,9.625,Friday,14,2,2025
Kaelyn Tally,30735,Simpson,,,9.725,9.725,Friday,14,2,2025
Kaylee Paige,30735,Simpson,9.15,,,,Friday,14,2,2025
Kaylie Kassing,30735,UW-Stout,,,9.575,,Friday,14,2,2025
Liz Sisler,30735,Simpson,,,,9.4,Friday,14,2,2025
Olivia Hedary,30735,Simpson,8.15,8.85,9.6,9.4,Friday,14,2,2025
Olivia Short,30735,Simpson,,9.45,,,Friday,14,2,2025
Rachel Welch,30735,Simpson,,,,9.4,Friday,14,2,2025
Sarah Lutz,30735,UW-Stout,9.45,,,,Friday,14,2,2025
Taylar Schaefer,30735,UW-Stout,9.425,9.4,8.7,9.6,Friday,14,2,2025
Wynter Poolaw,30735,Simpson,8.85,,,,Friday,14,2,2025
Ailey Kuehn,30737,S.E. Missouri,,9.75,,9.7,Friday,14,2,2025
Alana Anderson,30737,Northern Illinois,,,9.825,,Friday,14,2,2025
Aliyah Kelly,30737,Northern Illinois,9.65,,,,Friday,14,2,2025
Amy Foret,30737,Centenary College,,9.05,9.55,9.5,Friday,14,2,2025
Anna Lee Phillips,30737,S.E. Missouri,,,9.8,,Friday,14,2,2025
Audrey Brenner,30737,Northern Illinois,,,,9.725,Friday,14,2,2025
Ava Johnston,30737,S.E. Missouri,9.5,,,,Friday,14,2,2025
Brooke Murdock,30737,Centenary College,,,9.625,,Friday,14,2,2025
Chloe Gilbert,30737,Centenary College,,8.875,,9.45,Friday,14,2,2025
Claire Flores,30737,Centenary College,9.325,,9.6,9.6,Friday,14,2,2025
Courtney Henry,30737,S.E. Missouri,9.1,,,,Friday,14,2,2025
Dawsyn Sallee,30737,Northern Illinois,,9.65,,,Friday,14,2,2025
Drake White,30737,Northern Illinois,9.5,,9.7,9.775,Friday,14,2,2025
Ellery Werner,30737,Northern Illinois,,9.675,,,Friday,14,2,2025
Emma Lavelle,30737,Centenary College,8.5,9.575,9.575,,Friday,14,2,2025
Erin Pinder,30737,Centenary College,9.15,,,,Friday,14,2,2025
Gracie Jones,30737,S.E. Missouri,9.65,,,,Friday,14,2,2025
Hayden Cagle,30737,Centenary College,,8.425,,9.4,Friday,14,2,2025
Isabella Ross,30737,Northern Illinois,,9.575,9.7,9.575,Friday,14,2,2025
Isabella Sissi,30737,Northern Illinois,9.375,,,,Friday,14,2,2025
Jaidan Kossuth,30737,S.E. Missouri,,9.75,,9.6,Friday,14,2,2025
Jocelyn Harbeck,30737,Northern Illinois,,,,9.725,Friday,14,2,2025
Jordan Napolitano,30737,S.E. Missouri,,9.775,,9.6,Friday,14,2,2025
Joselene Hernandez,30737,S.E. Missouri,,,9.675,9.65,Friday,14,2,2025
Kailyn Hamilton,30737,S.E. Missouri,9.65,,9.7,,Friday,14,2,2025
Kate Ferguson,30737,Northern Illinois,9.2,,,,Friday,14,2,2025
Kiera O'Shea,30737,Northern Illinois,9.475,9.7,9.8,9.85,Friday,14,2,2025
Leah Parton,30737,S.E. Missouri,,9.8,8.95,9.6,Friday,14,2,2025
Mikayla Brown,30737,Northern Illinois,,9.65,9.8,,Friday,14,2,2025
Molly English,30737,Centenary College,,,,9.425,Friday,14,2,2025
Mylia Vidtor,30737,Centenary College,,8.275,,,Friday,14,2,2025
Natalia Kraus,30737,Northern Illinois,9.65,,,,Friday,14,2,2025
Nyah Reader,30737,S.E. Missouri,,9.725,,,Friday,14,2,2025
Olivia Stratmann,30737,Centenary College,9.35,,,,Friday,14,2,2025
Olivia Williams,30737,Centenary College,9.1,,9.75,,Friday,14,2,2025
Samantha Nickle,30737,Northern Illinois,,9.525,9.775,9.675,Friday,14,2,2025
Sophie Schmitz,30737,Centenary College,8.525,9.525,9.45,9.55,Friday,14,2,2025
Sydney Crouch,30737,S.E. Missouri,9.55,,9.625,,Friday,14,2,2025
Taylor Ingle,30737,S.E. Missouri,9.725,9.725,9.85,9.8,Friday,14,2,2025
Alana Walker,30740,Stanford,,,9.875,9.825,Friday,14,2,2025
Alyssa Fernandez,30740,Southern Utah,,9.1,9.85,,Friday,14,2,2025
Anapaula Gutierrez,30740,Stanford,9.875,,,9.825,Friday,14,2,2025
Anna Roberts,30740,Stanford,9.05,,9.875,9.9,Friday,14,2,2025
Ashley Carter,30740,Stanford,,9.85,,,Friday,14,2,2025
Ava Sorrento,30740,Stanford,9.8,,,,Friday,14,2,2025
Brenna Neault,30740,Stanford,9.9,9.85,9.85,9.825,Friday,14,2,2025
Brinlee Christensen,30740,Southern Utah,9.05,,,9.825,Friday,14,2,2025
Claire Dean,30740,Stanford,,9.825,9.85,,Friday,14,2,2025
Ellie Cacciola,30740,Southern Utah,,9.45,9.875,9.875,Friday,14,2,2025
Elliot Bringhurst,30740,Southern Utah,,9.8,,,Friday,14,2,2025
Isabella Neff,30740,Southern Utah,9.825,,,,Friday,14,2,2025
Kendra Chang,30740,Stanford,9.825,,,9.775,Friday,14,2,2025
Mackenzie Kelly,30740,Southern Utah,,,,9.825,Friday,14,2,2025
Maria Ferguson,30740,Southern Utah,9.65,9.85,,,Friday,14,2,2025
Mia Hampton,30740,Southern Utah,9.8,,9.85,9.825,Friday,14,2,2025
Niya Randolph,30740,Southern Utah,9.825,9.775,9.875,9.825,Friday,14,2,2025
Rylee Miller,30740,Southern Utah,,9.875,9.85,,Friday,14,2,2025
Sienna Robinson,30740,Stanford,,9.85,9.825,,Friday,14,2,2025
Taralyn Nguyen,30740,Stanford,,,9.75,9.7,Friday,14,2,2025
Taylor Gull,30740,Southern Utah,,,9.85,,Friday,14,2,2025
Temple Landry,30740,Stanford,,9.75,,,Friday,14,2,2025
Trista Goodman,30740,Southern Utah,9.8,,,9.775,Friday,14,2,2025
Ui Soma,30740,Stanford,9.825,9.275,,,Friday,14,2,2025
Alexa Rothenbuescher,30742,Maryland,9.775,9.8,9.875,9.7,Friday,14,2,2025
Caitlin McWilliams,30742,Washington,9.675,,9.825,9.65,Friday,14,2,2025
Chelsea Hallinan,30742,Washington,,9.825,,,Friday,14,2,2025
Emily Innes,30742,Washington,,9.9,9.7,9.7,Friday,14,2,2025
Hailey Merchant,30742,Maryland,9.65,,,,Friday,14,2,2025
Kira Bolden,30742,Washington,9.725,,9.725,9.825,Friday,14,2,2025
Kristin Lin,30742,Washington,9.625,9.075,9.5,9.775,Friday,14,2,2025
Lauren Brendlinger,30742,Maryland,,9.7,9.775,,Friday,14,2,2025
Lex Mouyenga,30742,Washington,,,,9.825,Friday,14,2,2025
Logan Buckmon,30742,Maryland,,,,9.85,Friday,14,2,2025
Maddie Komoroski,30742,Maryland,,9.85,9.625,,Friday,14,2,2025
Mary McDonough,30742,Washington,9.8,8.975,,9.65,Friday,14,2,2025
Natalie Martin,30742,Maryland,,9.7,9.825,9.925,Friday,14,2,2025
Olivia Oppegard,30742,Washington,9.775,9.55,9.775,,Friday,14,2,2025
Rayna Engelmayer,30742,Maryland,,9.0,,9.825,Friday,14,2,2025
Rhea Leblanc,30742,Maryland,9.85,,9.7,9.75,Friday,14,2,2025
Sarah Saville,30742,Maryland,9.8,,,,Friday,14,2,2025
Sierra Kondo,30742,Maryland,8.5,,,,Friday,14,2,2025
Taylor Rech,30742,Maryland,,,9.8,9.775,Friday,14,2,2025
Taylor Russon,30742,Washington,9.85,9.95,9.725,,Friday,14,2,2025
Victoria Gatzendorfer,30742,Maryland,9.775,9.725,,,Friday,14,2,2025
Abby Mueller,30744,Missouri,,9.825,,,Friday,14,2,2025
Adeline Kenlin,30744,Iowa,,9.85,,,Friday,14,2,2025
Amari Celestine,30744,Missouri,9.95,9.875,9.95,9.85,Friday,14,2,2025
Amelia Knight,30744,Illinois,9.8,9.75,,,Friday,14,2,2025
Amy Wier,30744,Missouri,,9.875,,,Friday,14,2,2025
Arielle Ward,30744,Illinois,9.85,,9.775,9.875,Friday,14,2,2025
Aurelie Tran,30744,Iowa,9.875,9.8,9.775,9.825,Friday,14,2,2025
Avery Chambers,30744,Iowa,,,,9.775,Friday,14,2,2025
Cassie Lee,30744,Iowa,,9.9,,,Friday,14,2,2025
Chloe Cho,30744,Illinois,9.95,9.925,9.85,9.825,Friday,14,2,2025
Chloe LaCoursiere,30744,Alabama,9.9,9.875,9.8,,Friday,14,2,2025
Corinne Bunagan,30744,Alabama,,,,9.9,Friday,14,2,2025
Destiny Denning,30744,Illinois,9.7,,,,Friday,14,2,2025
Eden King,30744,Illinois,,9.775,9.8,9.775,Friday,14,2,2025
Elise Tisler,30744,Missouri,,,9.9,9.175,Friday,14,2,2025
Emily Erb,30744,Iowa,,,9.925,,Friday,14,2,2025
Emmalise Nock,30744,Illinois,,,9.9,,Friday,14,2,2025
Gabby Gladieux,30744,Alabama,9.8,9.225,9.95,9.85,Friday,14,2,2025
Gabby Ladanyi,30744,Alabama,,9.7,,,Friday,14,2,2025
Gianna Masella,30744,Iowa,9.75,,,9.675,Friday,14,2,2025
Haley Tyson,30744,Iowa,,8.925,9.875,,Friday,14,2,2025
Hanna Castillo,30744,Iowa,,,9.875,9.875,Friday,14,2,2025
Hannah Horton,30744,Missouri,9.25,,,9.675,Friday,14,2,2025
Helen Hu,30744,Missouri,,9.875,,,Friday,14,2,2025
Ilka Juk,30744,Iowa,9.775,9.6,,,Friday,14,2,2025
Jamison Sears,30744,Alabama,,,9.9,9.825,Friday,14,2,2025
Jocelyn Moore,30744,Missouri,9.8,,9.95,9.775,Friday,14,2,2025
Jordyn Paradise,30744,Alabama,,,,9.85,Friday,14,2,2025
Kaia Vanney,30744,Iowa,7.7,,,,Friday,14,2,2025
Karina Munoz,30744,Iowa,9.875,8.35,9.8,9.85,Friday,14,2,2025
Kennedy Brown,30744,Illinois,9.7,,,9.725,Friday,14,2,2025
Kennedy Griffin,30744,Missouri,,,10.0,9.8,Friday,14,2,2025
Kylee Kvamme,30744,Alabama,,9.85,,9.8,Friday,14,2,2025
Kyra Burns,30744,Missouri,9.825,,,,Friday,14,2,2025
Lilly Hudson,30744,Alabama,9.775,9.275,10.0,9.9,Friday,14,2,2025
Makayla Green,30744,Illinois,9.8,,,,Friday,14,2,2025
Mara Titarsolej,30744,Missouri,9.875,,,,Friday,14,2,2025
Megan Sapp,30744,Illinois,,9.675,,,Friday,14,2,2025
Mya Gordon,30744,Illinois,,,,9.6,Friday,14,2,2025
Olivia Coppola,30744,Illinois,,9.8,9.65,9.725,Friday,14,2,2025
Olivia Kelly,30744,Missouri,9.825,9.825,,9.75,Friday,14,2,2025
Paityn Walker,30744,Alabama,9.8,,,,Friday,14,2,2025
Rachel Rybicki,30744,Alabama,,9.85,9.9,,Friday,14,2,2025
Railey Jackson,30744,Missouri,,9.85,9.925,,Friday,14,2,2025
Rayna Light,30744,Missouri,,,9.85,,Friday,14,2,2025
Ruthuja Nataraj,30744,Illinois,,9.8,,,Friday,14,2,2025
Ryan Fuller,30744,Alabama,9.925,,,,Friday,14,2,2025
Shania Adams,30744,Alabama,9.8,,9.825,,Friday,14,2,2025
Sydney Turner,30744,Iowa,9.325,,9.8,9.725,Friday,14,2,2025
Tali Joelson,30744,Illinois,,,9.8,,Friday,14,2,2025
Abigayle Martin,30748,Arizona,9.8,9.85,9.725,9.675,Friday,14,2,2025
Alysen Fears,30748,Arizona,9.9,9.9,9.875,9.65,Friday,14,2,2025
Aubrey Krohnfeldt,30748,Arizona,9.825,,9.85,,Friday,14,2,2025
Elena Deets,30748,Arizona,9.725,9.85,,,Friday,14,2,2025
Elizabeth Larusso,30748,Arizona,,,9.85,9.75,Friday,14,2,2025
Ella Schell,30748,Iowa State,,,9.6,,Friday,14,2,2025
Emily Mueller,30748,Arizona,9.775,9.85,9.9,9.775,Friday,14,2,2025
Emma Strom,30748,Arizona,,9.25,9.9,9.775,Friday,14,2,2025
Frederique Sgarbossa,30748,Iowa State,9.85,,,,Friday,14,2,2025
Gianna Lenczner,30748,Arizona,,9.15,,,Friday,14,2,2025
Hannah Loyim,30748,Iowa State,9.775,9.625,9.475,9.675,Friday,14,2,2025
Haylee Hardin,30748,Iowa State,,,9.85,9.65,Friday,14,2,2025
Josie Bergstrom-Te Slaa,30748,Iowa State,9.7,9.9,9.65,9.8,Friday,14,2,2025
Kaia Bochow,30748,Iowa State,9.825,,,,Friday,14,2,2025
Lauren O'Brochta,30748,Iowa State,,8.6,,,Friday,14,2,2025
Lauren Thomas,30748,Iowa State,9.75,9.35,,,Friday,14,2,2025
Noelle Adams,30748,Iowa State,,9.7,9.675,9.7,Friday,14,2,2025
Paige Wills,30748,Iowa State,9.75,,,9.75,Friday,14,2,2025
Rachel Wilke,30748,Iowa State,,9.8,9.85,9.625,Friday,14,2,2025
Sophie Derr,30748,Arizona,9.75,,,9.8,Friday,14,2,2025
Amelie Morgan,30750,Utah,9.9,9.85,,9.775,Friday,14,2,2025
Ana Padurariu,30750,Utah,,8.9,,,Friday,14,2,2025
Ashley Glynn,30750,Utah,9.9,,9.725,9.95,Friday,14,2,2025
Avery Neff,30750,Utah,9.8,,,,Friday,14,2,2025
Camie Winger,30750,Utah,,9.4,9.875,9.8,Friday,14,2,2025
Caroline Lichtman,30750,Arizona State,,9.8,,9.725,Friday,14,2,2025
Elizabeth Gantner,30750,Utah,,9.7,,,Friday,14,2,2025
Ella Zirbes,30750,Utah,9.925,,9.925,9.875,Friday,14,2,2025
Emily White,30750,Arizona State,9.85,9.875,9.925,9.725,Friday,14,2,2025
Grace McCallum,30750,Utah,10.0,9.4,,9.8,Friday,14,2,2025
Halle Braaflat,30750,Arizona State,,,9.75,9.8,Friday,14,2,2025
Isabella Kowan,30750,Arizona State,,9.875,,,Friday,14,2,2025
Jada Mangahas,30750,Arizona State,9.875,,,9.9,Friday,14,2,2025
Jaylene Gilstrap,30750,Utah,,,9.9,,Friday,14,2,2025
Kayla Lee,30750,Arizona State,9.8,9.85,9.675,,Friday,14,2,2025
Kimberly Smith,30750,Arizona State,9.85,9.125,9.25,9.8,Friday,14,2,2025
Lilia Purler,30750,Arizona State,,,9.85,9.725,Friday,14,2,2025
Makenna Smith,30750,Utah,9.875,9.85,9.925,9.85,Friday,14,2,2025
Sarah Clark,30750,Arizona State,9.875,9.825,9.85,,Friday,14,2,2025
Tiara Platkin,30750,Arizona State,9.7,,,,Friday,14,2,2025
Zoe Johnson,30750,Utah,,,9.9,,Friday,14,2,2025
Addison Glazier,30752,BYU,9.75,,,,Friday,14,2,2025
Alilah Alvarado,30752,BYU,8.85,9.7,,,Friday,14,2,2025
Amber Lowe,30752,West Virginia,9.65,9.55,9.85,,Friday,14,2,2025
Anna Bramblett-Wilde,30752,BYU,9.9,,,,Friday,14,2,2025
Anna Leigh,30752,West Virginia,9.725,9.75,9.925,,Friday,14,2,2025
Ava Jorgensen,30752,BYU,9.125,,,9.65,Friday,14,2,2025
Brooke Alban,30752,West Virginia,9.8,,9.625,9.775,Friday,14,2,2025
Brynlee Andersen,30752,BYU,,9.9,9.9,,Friday,14,2,2025
Carlee Nelson,30752,West Virginia,,9.025,,9.8,Friday,14,2,2025
Chloee Hoke,30752,BYU,,9.6,,,Friday,14,2,2025
Deb Silva,30752,BYU,,,,9.775,Friday,14,2,2025
Eliza Millar-Crossman,30752,BYU,,9.775,9.825,,Friday,14,2,2025
Emerson Smith,30752,West Virginia,,,9.75,9.825,Friday,14,2,2025
Heidi Schooley-Meyers,30752,BYU,,,9.85,,Friday,14,2,2025
Jadyn Harsh,30752,BYU,,,,9.85,Friday,14,2,2025
Jayden McDonnell,30752,West Virginia,9.6,,,9.65,Friday,14,2,2025
Julia Brown,30752,West Virginia,9.425,9.675,,,Friday,14,2,2025
Karleigh DiCello,30752,West Virginia,,9.775,,9.7,Friday,14,2,2025
Kaylei Adams,30752,West Virginia,,9.8,,,Friday,14,2,2025
Kylie Eaquinto,30752,BYU,9.8,,9.875,9.85,Friday,14,2,2025
Melissa Earl,30752,BYU,,,,9.7,Friday,14,2,2025
Mina Margraf-Benson,30752,BYU,,9.825,,,Friday,14,2,2025
Mya Kirkham,30752,BYU,9.85,,,,Friday,14,2,2025
Olivia Matern,30752,BYU,,,9.8,,Friday,14,2,2025
Riley Maness,30752,West Virginia,,,9.8,,Friday,14,2,2025
Sophie Dudley,30752,BYU,,9.725,9.875,9.825,Friday,14,2,2025
Taylor Tuohy,30752,West Virginia,,,9.775,9.775,Friday,14,2,2025
Trinity Macy,30752,West Virginia,9.7,,,,Friday,14,2,2025
Alyssa Vulaj,30754,Boise State,,9.775,9.825,9.75,Friday,14,2,2025
Anna Ferguson,30754,Boise State,,,9.65,,Friday,14,2,2025
Ava Johnson,30754,San Jose State,,,9.625,,Friday,14,2,2025
Blake Pascal,30754,Boise State,,,9.85,,Friday,14,2,2025
Bridget Kemp,30754,Boise State,,,9.85,9.675,Friday,14,2,2025
Carly Buell,30754,Boise State,9.75,,,,Friday,14,2,2025
Dani Nakayma,30754,Boise State,,,,9.65,Friday,14,2,2025
Devyn Valuch,30754,San Jose State,9.775,9.775,9.75,9.675,Friday,14,2,2025
Elaina McGovern,30754,Boise State,,,9.775,,Friday,14,2,2025
Emily Lopez,30754,Boise State,9.95,9.85,,9.8,Friday,14,2,2025
Emma Loyim,30754,Boise State,,9.75,9.8,,Friday,14,2,2025
Jaudai Lopes,30754,San Jose State,9.65,,9.825,9.75,Friday,14,2,2025
Katherine Weyhmiller,30754,San Jose State,9.775,9.8,9.775,,Friday,14,2,2025
Kaviana Jurries,30754,San Jose State,9.7,,8.225,9.65,Friday,14,2,2025
Kristina Shchennikova,30754,Boise State,9.9,9.9,,,Friday,14,2,2025
Madison Gustitus,30754,San Jose State,,9.825,,,Friday,14,2,2025
Madison Kirsch,30754,San Jose State,,9.75,,9.775,Friday,14,2,2025
Mahleea Werline,30754,Boise State,9.825,,,,Friday,14,2,2025
Marissa Ashton,30754,San Jose State,,9.7,,,Friday,14,2,2025
Mikaela Pitts,30754,San Jose State,,,,9.7,Friday,14,2,2025
Noelle Ball,30754,Boise State,9.85,,,9.75,Friday,14,2,2025
Olivia Reardon,30754,San Jose State,9.75,,8.975,9.75,Friday,14,2,2025
Samantha Macasu,30754,San Jose State,,9.75,,,Friday,14,2,2025
Sophia Konieczny,30754,San Jose State,9.8,,,,Friday,14,2,2025
Sydney Kho,30754,Boise State,,9.825,,9.8,Friday,14,2,2025
Sydney Leitch,30754,Boise State,9.85,9.825,,,Friday,14,2,2025
Abby Brushwood,30756,Eastern Michigan,,,9.875,9.55,Friday,14,2,2025
Alana Fisher,30756,Eastern Michigan,,9.8,9.725,9.725,Friday,14,2,2025
Analiah Solorio,30756,Eastern Michigan,9.8,9.75,,,Friday,14,2,2025
Ariana Light,30756,Central Michigan,,9.775,,,Friday,14,2,2025
Ava Wellmeier,30756,Central Michigan,,,9.8,9.725,Friday,14,2,2025
Avah Bootz,30756,Central Michigan,,,9.825,9.7,Friday,14,2,2025
Brianna Lucas,30756,Eastern Michigan,,,,9.325,Friday,14,2,2025
Ella Chemotti,30756,Eastern Michigan,9.7,9.925,9.625,,Friday,14,2,2025
Gabrielle Johnson,30756,Central Michigan,9.825,,,,Friday,14,2,2025
Gwendelyn Cantu,30756,Eastern Michigan,9.5,,,9.65,Friday,14,2,2025
Hannah Appleget,30756,Central Michigan,9.85,9.75,9.875,,Friday,14,2,2025
Kaitlyn Schwab,30756,Central Michigan,8.7,,,,Friday,14,2,2025
Katin Childress,30756,Eastern Michigan,,9.7,,,Friday,14,2,2025
Kyrie Lowe,30756,Eastern Michigan,9.725,9.575,9.8,9.525,Friday,14,2,2025
Lia Kmieciak,30756,Central Michigan,9.775,,,9.025,Friday,14,2,2025
Luciana Alvarado-Reid,30756,Central Michigan,9.8,9.775,9.775,9.775,Friday,14,2,2025
Priya Karle,30756,Eastern Michigan,,,9.675,,Friday,14,2,2025
Quinn Skrupa,30756,Central Michigan,,9.825,9.8,9.675,Friday,14,2,2025
Raisa Boris,30756,Eastern Michigan,8.7,9.85,9.825,9.475,Friday,14,2,2025
Samantha Shannon,30756,Central Michigan,9.8,9.725,,9.725,Friday,14,2,2025
Sanai Evans,30756,Eastern Michigan,9.575,,,,Friday,14,2,2025
Zoe Zimmerman,30756,Central Michigan,,,9.825,,Friday,14,2,2025
Zoie Pelfrey,30756,Central Michigan,,9.45,,,Friday,14,2,2025
Aberdeen O'Driscoll,30758,Georgia,,9.8,,,Friday,14,2,2025
Ady Wahl,30758,Georgia,9.95,,9.825,9.775,Friday,14,2,2025
Anaya Smith,30758,Georgia,,,,9.85,Friday,14,2,2025
Anya Turner,30758,Georgia,,9.925,,,Friday,14,2,2025
Cally Swaney,30758,Arkansas,9.775,,,,Friday,14,2,2025
Cami Weaver,30758,Arkansas,,9.85,,9.75,Friday,14,2,2025
Csenge Bacskay,30758,Georgia,,,9.85,9.8,Friday,14,2,2025
Dakota Essenpries,30758,Arkansas,,,,9.7,Friday,14,2,2025
Eryn Williams,30758,Georgia,,,9.85,,Friday,14,2,2025
Frankie Price,30758,Arkansas,,,9.875,9.875,Friday,14,2,2025
Grace Dexler,30758,Arkansas,,,,9.075,Friday,14,2,2025
Hailey Klein,30758,Arkansas,,9.825,9.825,,Friday,14,2,2025
Holly Snyder,30758,Georgia,9.825,,9.85,,Friday,14,2,2025
Ja' Free Scott,30758,Georgia,9.825,9.7,,9.8,Friday,14,2,2025
Ja'Leigh Lang,30758,Arkansas,,,,9.85,Friday,14,2,2025
Joscelyn Roberson,30758,Arkansas,9.85,9.9,9.8,9.9,Friday,14,2,2025
Kaitlyn Ewald,30758,Arkansas,9.8,,,,Friday,14,2,2025
Kalyxta Gamiao,30758,Arkansas,,9.875,9.825,,Friday,14,2,2025
Kara Eaker,30758,Georgia,,9.875,,,Friday,14,2,2025
Lily Smith,30758,Georgia,9.95,9.8,9.95,,Friday,14,2,2025
Maddie Jones,30758,Arkansas,9.925,,9.175,,Friday,14,2,2025
Mati Waligora,30758,Arkansas,9.9,9.9,9.9,,Friday,14,2,2025
Naya Howard,30758,Georgia,9.875,9.85,,9.75,Friday,14,2,2025
Nyla Aquino,30758,Georgia,,,9.95,9.775,Friday,14,2,2025
Priscilla Park,30758,Arkansas,9.825,9.925,,,Friday,14,2,2025
Sidney Fitzgerald,30758,Georgia,9.825,,,,Friday,14,2,2025
Alana Laster,30760,Illinois State,9.775,,9.85,9.875,Friday,14,2,2025
Alessia Russo,30760,Greenville,9.55,9.7,,,Friday,14,2,2025
Ally Lau,30760,Illinois State,,9.075,,,Friday,14,2,2025
Amara Nelson,30760,Greenville,9.2,9.85,8.825,9.525,Friday,14,2,2025
Ashlie Leage,30760,Greenville,9.725,9.55,9.525,,Friday,14,2,2025
Ellery Gilmer,30760,Greenville,,,9.65,9.475,Friday,14,2,2025
Elli Schnieders,30760,Greenville,9.25,,,9.525,Friday,14,2,2025
Emma Brannon,30760,Greenville,8.0,,,,Friday,14,2,2025
Isabella Feltman,30760,Greenville,,,9.575,7.925,Friday,14,2,2025
Jada Beswick,30760,Illinois State,9.85,,,,Friday,14,2,2025
Jaly Jones,30760,Illinois State,,9.825,9.7,,Friday,14,2,2025
Jaye Mack,30760,Illinois State,,9.8,9.85,9.775,Friday,14,2,2025
Joy Ziegenfelder,30760,Illinois State,,9.75,,,Friday,14,2,2025
Kaitlyn Donovan,30760,Illinois State,,,9.75,9.625,Friday,14,2,2025
Madison Baucom,30760,Illinois State,9.1,,,,Friday,14,2,2025
Madison Carter,30760,Greenville,8.65,9.55,,,Friday,14,2,2025
Madison Ford,30760,Greenville,,9.075,,,Friday,14,2,2025
Mya Robinson,30760,Illinois State,9.7,,9.85,9.8,Friday,14,2,2025
Olivia Tocco,30760,Greenville,,9.55,,9.3,Friday,14,2,2025
Rachel Miller,30760,Greenville,,,9.8,8.9,Friday,14,2,2025
Reese Grolla,30760,Illinois State,9.8,9.8,,,Friday,14,2,2025
Sammie Wolff,30760,Illinois State,,,,9.725,Friday,14,2,2025
Sara Wabi,30760,Illinois State,9.85,9.1,9.8,9.75,Friday,14,2,2025
Taylor Templin,30760,Greenville,,,9.475,,Friday,14,2,2025
Amelia Budd,30762,Temple,,,,9.625,Friday,14,2,2025
Annie Reigert,30762,Kentucky,9.825,,,,Friday,14,2,2025
Breanna Varano,30762,Temple,9.075,,,,Friday,14,2,2025
Brooke Donabedian,30762,Temple,,9.8,9.775,,Friday,14,2,2025
Cecily Rizo,30762,Kentucky,,,,9.85,Friday,14,2,2025
Chesney Bennett,30762,Kentucky,,9.775,,,Friday,14,2,2025
Creslyn Brose,30762,Kentucky,,9.775,9.9,,Friday,14,2,2025
Delaynee Rodriguez,30762,Kentucky,9.825,9.875,9.875,9.775,Friday,14,2,2025
Hailey Davis,30762,Kentucky,9.8,,9.925,,Friday,14,2,2025
Hannah Weklar,30762,Temple,9.725,,8.85,9.75,Friday,14,2,2025
Harmony Haro,30762,Temple,,,,8.575,Friday,14,2,2025
Isabella Magnelli,30762,Kentucky,,9.925,9.875,9.85,Friday,14,2,2025
Isabella Rivelli,30762,Kentucky,9.85,,,,Friday,14,2,2025
Jillian Procasky,30762,Kentucky,9.55,,9.85,,Friday,14,2,2025
Krystin Johnson,30762,Temple,,,,9.75,Friday,14,2,2025
Madison Dorunda,30762,Temple,,9.7,9.675,,Friday,14,2,2025
Makenzie Wilson,30762,Kentucky,,,,9.9,Friday,14,2,2025
Mariella Brueck,30762,Temple,9.65,,,,Friday,14,2,2025
Megan White,30762,Temple,9.775,9.8,,,Friday,14,2,2025
Nikk Rengifo,30762,Temple,,,9.725,9.7,Friday,14,2,2025
Reese DeHaan,30762,Temple,9.725,,,,Friday,14,2,2025
Renee Schugman,30762,Temple,,9.65,9.475,9.7,Friday,14,2,2025
Robyn Dunn,30762,Temple,,8.85,,,Friday,14,2,2025
Ryan Noonan,30762,Kentucky,,,,9.8,Friday,14,2,2025
Sarah Stallings,30762,Temple,9.75,,,,Friday,14,2,2025
Sharon Lee,30762,Kentucky,,9.075,,,Friday,14,2,2025
Skylar Killough-Wilhelm,30762,Kentucky,9.925,9.85,9.9,9.875,Friday,14,2,2025
Summer Ruskey,30762,Temple,,9.675,9.775,,Friday,14,2,2025
Bella Miller,30764,North Carolina,9.675,,9.85,,Friday,14,2,2025
Camryn Chiu,30764,Pittsburgh,9.1,,,,Friday,14,2,2025
Claire Stippich,30764,North Carolina,,,9.8,,Friday,14,2,2025
Darbi Simcox,30764,Pittsburgh,,9.8,,,Friday,14,2,2025
Elizabeth Cesarone,30764,Pittsburgh,,,9.775,9.85,Friday,14,2,2025
Emily Todd,30764,Pittsburgh,9.775,9.775,9.65,,Friday,14,2,2025
Faith Lerro,30764,Pittsburgh,9.475,,,,Friday,14,2,2025
Gwen Fink,30764,North Carolina,9.725,9.85,9.575,9.825,Friday,14,2,2025
Isabelle Schaefer,30764,North Carolina,9.775,,,9.725,Friday,14,2,2025
Jah'Liyah Bedminster,30764,Pittsburgh,9.675,,9.075,9.85,Friday,14,2,2025
Jaime Pratt,30764,Pittsburgh,9.75,9.2,,9.725,Friday,14,2,2025
Jessica Naranjo,30764,North Carolina,,9.8,9.7,,Friday,14,2,2025
JoJo Valahovic,30764,North Carolina,,9.95,9.4,9.9,Friday,14,2,2025
Jordyn Ewing,30764,Pittsburgh,,,9.875,,Friday,14,2,2025
Julia Knower,30764,North Carolina,9.75,9.775,9.875,9.8,Friday,14,2,2025
Julie Madso,30764,Pittsburgh,,9.65,,,Friday,14,2,2025
Kaylee Larson,30764,Pittsburgh,,,9.725,,Friday,14,2,2025
Kennedy Duke,30764,Pittsburgh,9.75,9.675,,9.85,Friday,14,2,2025
Lali Dekanoidze,30764,North Carolina,9.875,,,9.8,Friday,14,2,2025
Lila Pileggi,30764,Pittsburgh,,,,9.675,Friday,14,2,2025
Meika Lee,30764,Pittsburgh,,9.85,9.875,,Friday,14,2,2025
Neve King,30764,North Carolina,9.6,9.85,,9.875,Friday,14,2,2025
Olivia Giunta,30764,Pittsburgh,,,,9.7,Friday,14,2,2025
Regan McBride,30764,North Carolina,,9.9,,,Friday,14,2,2025
Ashley Knight,30770,North Carolina State,,9.625,9.875,9.85,Friday,14,2,2025
Ava Myers,30770,North Carolina State,9.85,,9.0,,Friday,14,2,2025
Brie Clark,30770,Clemson,,9.675,9.925,,Friday,14,2,2025
Caroline Volk,30770,North Carolina State,9.275,,,,Friday,14,2,2025
Chloe Negrete,30770,North Carolina State,,9.85,9.925,9.775,Friday,14,2,2025
Danika Nielsen,30770,Clemson,,9.825,,,Friday,14,2,2025
Elle Hadrick,30770,North Carolina State,9.8,,9.8,,Friday,14,2,2025
Eve Jackson,30770,Clemson,9.825,,9.8,9.825,Friday,14,2,2025
Hannah Clark,30770,Clemson,9.825,,,,Friday,14,2,2025
Kailee Adomaites,30770,North Carolina State,9.725,,,,Friday,14,2,2025
Kate Bryant,30770,Clemson,,,,9.6,Friday,14,2,2025
Katie Harper,30770,North Carolina State,9.9,9.7,,,Friday,14,2,2025
Krista Zultevicz,30770,North Carolina State,,,9.725,9.775,Friday,14,2,2025
Lauren Rutherford,30770,Clemson,9.725,,,,Friday,14,2,2025
Lauren Wright,30770,North Carolina State,,,,9.8,Friday,14,2,2025
Lilly Lippeatt,30770,Clemson,9.775,9.7,9.8,,Friday,14,2,2025
Maddie Hall,30770,North Carolina State,,9.775,,9.75,Friday,14,2,2025
Madison Minner,30770,Clemson,,,9.8,9.825,Friday,14,2,2025
Maggie Holman,30770,Clemson,,,8.775,9.75,Friday,14,2,2025
Meg Adler,30770,North Carolina State,,9.8,9.85,9.8,Friday,14,2,2025
Molly Arnold,30770,Clemson,,,9.8,,Friday,14,2,2025
Peyton Childs,30770,North Carolina State,9.8,9.675,,,Friday,14,2,2025
Quinn Kuhl,30770,Clemson,9.8,9.45,,9.7,Friday,14,2,2025
Rebecca Wells,30770,Clemson,9.775,,,,Friday,14,2,2025
Sierra Church,30770,Clemson,,9.9,,,Friday,14,2,2025
Tara Walsh,30770,Clemson,,9.875,,9.75,Friday,14,2,2025
Addison Fatta,30772,Oklahoma,9.875,9.9,9.825,9.75,Friday,14,2,2025
Aleah Finnegan,30772,LSU,9.85,9.7,9.8,9.875,Friday,14,2,2025
Alexis Jeffrey,30772,LSU,9.8,,,,Friday,14,2,2025
Amari Drayton,30772,LSU,,,9.95,9.875,Friday,14,2,2025
Ashley Cowan,30772,LSU,9.825,,,,Friday,14,2,2025
Audrey Davis,30772,Oklahoma,9.875,9.825,9.9,,Friday,14,2,2025
Danielle Sievers,30772,Oklahoma,9.85,,,,Friday,14,2,2025
Elle Mueller,30772,Oklahoma,,,9.9,9.85,Friday,14,2,2025
Faith Torrez,30772,Oklahoma,9.85,9.9,9.95,9.975,Friday,14,2,2025
Haleigh Bryant,30772,LSU,,9.825,9.95,9.95,Friday,14,2,2025
Jordan Bowers,30772,Oklahoma,9.9,9.85,9.95,9.875,Friday,14,2,2025
KJ Johnson,30772,LSU,,,,9.875,Friday,14,2,2025
Kailin Chio,30772,LSU,9.9,9.925,9.95,9.95,Friday,14,2,2025
Kaliya Lincoln,30772,LSU,,,9.925,9.95,Friday,14,2,2025
Keira Wells,30772,Oklahoma,,9.575,,9.875,Friday,14,2,2025
Konnor McClain,30772,LSU,9.8,9.925,,,Friday,14,2,2025
Kylie Coen,30772,LSU,,9.875,,,Friday,14,2,2025
Lexi Zeiss,30772,LSU,9.875,,,,Friday,14,2,2025
Lily Pederson,30772,Oklahoma,9.925,9.775,9.875,9.85,Friday,14,2,2025
Sierra Ballard,30772,LSU,,9.95,9.925,,Friday,14,2,2025
Allison Kaempfer,30777,Penn State,,,9.7,9.725,Friday,14,2,2025
Alyssa Kramer,30777,Penn State,,,9.075,,Friday,14,2,2025
Ashley Maul,30777,Penn State,,9.8,9.775,,Friday,14,2,2025
Brooklyn Moors,30777,UCLA,,9.9,9.95,9.8,Friday,14,2,2025
Cassi Barbanente,30777,Penn State,9.525,,,,Friday,14,2,2025
Chae Campbell,30777,UCLA,9.875,9.9,9.85,9.825,Friday,14,2,2025
Ciena Alipio,30777,UCLA,,9.875,,,Friday,14,2,2025
Dani Latronica,30777,Penn State,9.8,9.8,,,Friday,14,2,2025
Elina Vihrova,30777,Penn State,,,9.775,9.675,Friday,14,2,2025
Elizabeth Leary,30777,Penn State,9.55,9.65,9.7,9.825,Friday,14,2,2025
Ellie Monahan,30777,Penn State,,9.75,,9.55,Friday,14,2,2025
Emily Lee,30777,UCLA,,9.925,,,Friday,14,2,2025
Emma Malabuyo,30777,UCLA,9.9,9.825,9.9,,Friday,14,2,2025
Frida Esparza,30777,UCLA,9.975,,,,Friday,14,2,2025
Gabrielle Gallentine,30777,Penn State,9.875,,,,Friday,14,2,2025
Jordan Chiles,30777,UCLA,9.975,9.85,9.95,9.825,Friday,14,2,2025
Kalea McElligott,30777,Penn State,9.75,9.875,9.875,9.775,Friday,14,2,2025
Macy McGowan,30777,UCLA,9.85,,9.825,9.8,Friday,14,2,2025
Maddie Johnston,30777,Penn State,9.85,9.725,,9.85,Friday,14,2,2025
Mika Webster-Longin,30777,UCLA,9.825,,9.9,9.85,Friday,14,2,2025
Riley Jenkins,30777,UCLA,,,,9.8,Friday,14,2,2025
Alex Irvine,30779,Auburn,9.9,,,,Friday,14,2,2025
Anya Pilgrim,30779,Florida,9.95,9.85,,9.825,Friday,14,2,2025
Bryn Bartman,30779,Auburn,9.45,,,,Friday,14,2,2025
Danie Ferris,30779,Florida,,,9.875,9.825,Friday,14,2,2025
Emma Grace Boyd,30779,Auburn,9.8,,,,Friday,14,2,2025
Gabby Disidore,30779,Florida,,,,9.85,Friday,14,2,2025
Gabby McLaughlin,30779,Auburn,,9.925,9.675,,Friday,14,2,2025
Julianne Huff,30779,Auburn,,,,9.85,Friday,14,2,2025
Katelyn Jong,30779,Auburn,9.875,9.775,9.825,9.875,Friday,14,2,2025
Leanne Wong,30779,Florida,9.975,10.0,9.875,9.9,Friday,14,2,2025
Ly Bui,30779,Florida,9.0,,,9.8,Friday,14,2,2025
Olivia Ahern,30779,Auburn,,9.85,,,Friday,14,2,2025
Olivia Greaves,30779,Auburn,9.125,9.825,9.875,,Friday,14,2,2025
Paige Zancan,30779,Auburn,,9.875,9.75,9.85,Friday,14,2,2025
Riley McCusker,30779,Florida,9.825,,,,Friday,14,2,2025
Sara Hubbard,30779,Auburn,,,,9.825,Friday,14,2,2025
Sarah Zois,30779,Auburn,,,,9.9,Friday,14,2,2025
Selena Harris-Miranda,30779,Florida,9.975,9.975,9.925,9.875,Friday,14,2,2025
Skye Blakely,30779,Florida,9.325,,,,Friday,14,2,2025
Skylar Draser,30779,Florida,,9.75,,,Friday,14,2,2025
Sloane Blakely,30779,Florida,,9.9,10.0,,Friday,14,2,2025
Sophia Bell,30779,Auburn,,,9.85,,Friday,14,2,2025
Sophia Groth,30779,Auburn,9.9,9.95,9.875,,Friday,14,2,2025
Sydney Schumaker,30779,Auburn,,,,9.775,Friday,14,2,2025
Taylor Clark,30779,Florida,,,9.675,,Friday,14,2,2025
Victoria Nguyen,30779,Florida,,9.975,9.925,,Friday,14,2,2025
Aaliyah Krause,30781,Rhode Island College,9.425,9.7,9.775,9.6,Saturday,15,2,2025
Abigail Bunch,30781,Rhode Island College,9.05,,,,Saturday,15,2,2025
Alexa Graziano,30781,Rhode Island College,9.55,,,,Saturday,15,2,2025
Anna Lee Dobson,30781,Cortland State,,9.425,,,Saturday,15,2,2025
Autumn Adkins,30781,Cortland State,9.75,,9.775,,Saturday,15,2,2025
Ava Kelly,30781,Springfield College,,7.8,,9.225,Saturday,15,2,2025
Ava Miranov,30781,Cortland State,,,,9.575,Saturday,15,2,2025
Ayako Maeda,30781,Springfield College,8.6,,,,Saturday,15,2,2025
Brenna Johnson,30781,Springfield College,,9.025,,,Saturday,15,2,2025
Brianna Cassin,30781,Springfield College,,,,9.25,Saturday,15,2,2025
Carson Ann Whitt,30781,Rhode Island College,,,9.725,,Saturday,15,2,2025
Claire Geiger,30781,Springfield College,8.85,,9.55,9.5,Saturday,15,2,2025
Delaney LaViolette,30781,Springfield College,,,9.675,,Saturday,15,2,2025
Dominique Harris,30781,Rhode Island College,,,9.55,,Saturday,15,2,2025
Elsie Gardiner,30781,Springfield College,8.35,,9.725,,Saturday,15,2,2025
Emma Tucker,30781,Rhode Island College,,9.575,9.75,9.25,Saturday,15,2,2025
Gabrielle Nadler,30781,Cortland State,,,9.575,,Saturday,15,2,2025
Gianna Mirigliano,30781,Cortland State,,9.325,9.1,9.625,Saturday,15,2,2025
Ivy Jimenez,30781,Rhode Island College,,9.575,,9.625,Saturday,15,2,2025
Jolie Carpino,30781,Rhode Island College,8.3,,,,Saturday,15,2,2025
Julia Reer,30781,Springfield College,,8.625,9.625,,Saturday,15,2,2025
Kathryn McSweeney,30781,Cortland State,8.75,,,,Saturday,15,2,2025
Kiana Wong,30781,Cortland State,9.475,,,,Saturday,15,2,2025
Kyleigh Brown,30781,Cortland State,,,,9.425,Saturday,15,2,2025
Madeline Brandt,30781,Rhode Island College,,9.4,9.7,,Saturday,15,2,2025
Marisa Frascatore,30781,Cortland State,,8.875,,,Saturday,15,2,2025
Molly Pompeii,30781,Rhode Island College,,,,9.675,Saturday,15,2,2025
Morgan Lunn,30781,Rhode Island College,,8.75,,,Saturday,15,2,2025
Ninabella English,30781,Cortland State,9.575,,,,Saturday,15,2,2025
Olivia Keyes,30781,Rhode Island College,9.65,9.775,9.775,9.525,Saturday,15,2,2025
Payton Greene,30781,Rhode Island College,9.3,,,9.725,Saturday,15,2,2025
Reagan Charlton,30781,Springfield College,9.1,8.95,,9.575,Saturday,15,2,2025
Rianna Adams,30781,Cortland State,9.45,,,,Saturday,15,2,2025
Rory Allan,30781,Cortland State,,,,9.575,Saturday,15,2,2025
Rylee Fishkin,30781,Cortland State,,,9.5,,Saturday,15,2,2025
Sage Kaplan,30781,Springfield College,9.4,8.975,9.65,9.4,Saturday,15,2,2025
Sarah Brownstein,30781,Springfield College,8.05,,,,Saturday,15,2,2025
Scarlette Ayakawa,30781,Springfield College,,9.375,,,Saturday,15,2,2025
Stacy Taylor,30781,Springfield College,,,9.7,9.625,Saturday,15,2,2025
Tayah Graham,30781,Cortland State,,9.225,,9.6,Saturday,15,2,2025
Taylor Goldstein,30781,Cortland State,9.4,,,,Saturday,15,2,2025
Tessa Sutton,30781,Cortland State,,9.625,9.675,8.775,Saturday,15,2,2025
Victoria Cave,30781,Cortland State,,9.0,8.975,,Saturday,15,2,2025
Abby Royer,30784,Southern Conn.,,,9.75,,Saturday,15,2,2025
Alexa Melanson,30784,Southern Conn.,,9.675,,,Saturday,15,2,2025
Alisha Werlen,30784,Pennsylvania,,9.8,9.775,,Saturday,15,2,2025
Angel Lee,30784,Southern Conn.,,9.45,,,Saturday,15,2,2025
Ava Kelly,30784,Southern Conn.,,,9.55,9.625,Saturday,15,2,2025
Brianna Dorr,30784,Southern Conn.,,,,9.7,Saturday,15,2,2025
Carly Oniki,30784,Pennsylvania,8.825,,,,Saturday,15,2,2025
Ciana Rios,30784,Southern Conn.,9.375,,,,Saturday,15,2,2025
Emiley Kahl,30784,Southern Conn.,,9.05,,,Saturday,15,2,2025
Erica Beyer,30784,Southern Conn.,,8.3,9.775,,Saturday,15,2,2025
Gabriela Dinisoe,30784,Southern Conn.,9.55,9.15,,,Saturday,15,2,2025
Grace Christensen,30784,Southern Conn.,9.575,,,,Saturday,15,2,2025
Hanna Zebdi,30784,Southern Conn.,,,9.675,9.675,Saturday,15,2,2025
Jordan Barrow,30784,Pennsylvania,9.8,9.775,,9.8,Saturday,15,2,2025
Kylie Sitty,30784,Southern Conn.,9.675,,,,Saturday,15,2,2025
Lexi Bracher,30784,Southern Conn.,,,,9.7,Saturday,15,2,2025
Libby Allen,30784,Southern Conn.,,9.45,9.75,9.6,Saturday,15,2,2025
Manama Fofana,30784,Pennsylvania,,,9.85,9.775,Saturday,15,2,2025
Marissa Lassiter,30784,Pennsylvania,9.7,9.575,9.675,9.725,Saturday,15,2,2025
Mimi Fletcher,30784,Pennsylvania,,9.65,,,Saturday,15,2,2025
Olivia Vanhorn,30784,Pennsylvania,,,,9.775,Saturday,15,2,2025
Samantha Wu,30784,Pennsylvania,,9.25,9.65,,Saturday,15,2,2025
Shreya Munshi,30784,Southern Conn.,9.575,,,,Saturday,15,2,2025
Sidney Wilson,30784,Southern Conn.,,,9.525,9.625,Saturday,15,2,2025
Sienna Zuccaro,30784,Pennsylvania,,,,9.7,Saturday,15,2,2025
Skyelar Kerico,30784,Pennsylvania,9.9,9.675,9.85,9.725,Saturday,15,2,2025
Sophia Paris,30784,Pennsylvania,9.725,,,,Saturday,15,2,2025
Zara Gazdak,30784,Pennsylvania,9.8,,9.8,,Saturday,15,2,2025
Zoe Axell,30784,Southern Conn.,9.325,,,,Saturday,15,2,2025
Alayna Fern,30786,UW-Whitewater,,,,9.475,Saturday,15,2,2025
Aleah Radojevich,30786,UW-Oshkosh,,,9.7,,Saturday,15,2,2025
Amaya McConkay,30786,UW-Oshkosh,8.65,,,9.6,Saturday,15,2,2025
Ariana Goodwin,30786,UW-Whitewater,9.15,,9.725,,Saturday,15,2,2025
Ashnaya Gupta,30786,UW-Whitewater,,9.675,,,Saturday,15,2,2025
Ava Pesch,30786,UW-Whitewater,9.675,,,9.675,Saturday,15,2,2025
Averie Evans,30786,UW-Oshkosh,,,,8.9,Saturday,15,2,2025
Brianna Balian,30786,UW-Whitewater,,,,9.65,Saturday,15,2,2025
Carleigh Moore,30786,UW-Whitewater,,,9.75,9.625,Saturday,15,2,2025
Chloe Hammond,30786,UW-Whitewater,,9.1,,9.725,Saturday,15,2,2025
Danielle Dudziak,30786,UW-Whitewater,,,9.675,,Saturday,15,2,2025
Delaney Cienkus,30786,UW-Oshkosh,,9.75,9.75,,Saturday,15,2,2025
Elaine Copeland,30786,UW-Whitewater,9.75,,,9.65,Saturday,15,2,2025
Emma Steele,30786,UW-Oshkosh,,9.725,,,Saturday,15,2,2025
Gracie Talley,30786,UW-Whitewater,9.65,,,,Saturday,15,2,2025
Hayden Gough,30786,UW-Whitewater,9.525,,,,Saturday,15,2,2025
Jay Ratkowski,30786,UW-Oshkosh,,8.55,9.775,,Saturday,15,2,2025
Jurnee Warkentien,30786,UW-Oshkosh,,9.55,9.55,,Saturday,15,2,2025
Kelsey Kollhoff,30786,UW-Whitewater,,9.675,9.8,,Saturday,15,2,2025
Kristen Swiebocki,30786,UW-Whitewater,,8.225,,,Saturday,15,2,2025
Liz Romano,30786,UW-Oshkosh,9.575,8.9,,,Saturday,15,2,2025
Lydia Hayden,30786,UW-Oshkosh,8.75,9.75,,,Saturday,15,2,2025
Mia Lucero,30786,UW-Oshkosh,,,8.975,9.725,Saturday,15,2,2025
Mia Passarella,30786,UW-Oshkosh,,,,8.6,Saturday,15,2,2025
Paige Magel,30786,UW-Whitewater,9.725,9.675,,,Saturday,15,2,2025
Reanna McGibboney,30786,UW-Oshkosh,9.675,,9.725,9.725,Saturday,15,2,2025
Samantha Zeilinger,30786,UW-Oshkosh,9.65,,,8.725,Saturday,15,2,2025
Tegan Haberstock,30786,UW-Whitewater,,9.55,8.95,,Saturday,15,2,2025
Zoe Jenks-Recker,30786,UW-Whitewater,,,9.7,,Saturday,15,2,2025
Zoe Krull,30786,UW-Oshkosh,9.775,,,,Saturday,15,2,2025
Alyssa Guns,30788,Kent State,,9.6,,,Saturday,15,2,2025
Anna Pagliaro,30788,Rutgers,,9.8,,9.775,Saturday,15,2,2025
Ashley Morgan,30788,Kent State,,9.75,,9.725,Saturday,15,2,2025
Audrey Sanger,30788,Michigan,9.825,,,,Saturday,15,2,2025
Ava Jordan,30788,Michigan,9.8,,,9.875,Saturday,15,2,2025
Brynne Tsipis,30788,Kent State,9.8,,,,Saturday,15,2,2025
Carly Bauman,30788,Michigan,9.85,9.2,9.9,,Saturday,15,2,2025
Charlie Behner,30788,Kent State,9.725,,9.75,9.625,Saturday,15,2,2025
Delaney Adrian,30788,Rutgers,9.8,9.625,9.775,9.575,Saturday,15,2,2025
Donna Uhlenberg,30788,Rutgers,9.7,,9.825,,Saturday,15,2,2025
Elia Aird,30788,Rutgers,,9.15,9.7,9.825,Saturday,15,2,2025
Elliot Goldsmith,30788,Rutgers,,,9.75,,Saturday,15,2,2025
Emma Masse,30788,Kent State,,,9.75,,Saturday,15,2,2025
Gabby Riley,30788,Kent State,,9.7,9.725,9.625,Saturday,15,2,2025
Gabrielle Dildy,30788,Rutgers,,9.8,9.85,9.775,Saturday,15,2,2025
Ginger Richards,30788,Rutgers,9.75,,,,Saturday,15,2,2025
Heidi Schultz,30788,Kent State,9.675,9.825,,,Saturday,15,2,2025
Jacey Vore,30788,Michigan,9.825,9.775,,,Saturday,15,2,2025
Jackie Manifold,30788,Rutgers,,9.8,,,Saturday,15,2,2025
Jahzara Ranger,30788,Michigan,,9.85,9.85,9.75,Saturday,15,2,2025
Jenna Mulligan,30788,Michigan,,9.9,,9.9,Saturday,15,2,2025
Jersey Bingman,30788,Kent State,,,9.75,,Saturday,15,2,2025
Kayli Boozer,30788,Michigan,,9.9,9.85,,Saturday,15,2,2025
Keeley Smith,30788,Rutgers,9.775,,,,Saturday,15,2,2025
Lisa Chevaire,30788,Rutgers,,,,9.6,Saturday,15,2,2025
Maya Jones,30788,Rutgers,,,9.825,,Saturday,15,2,2025
Mya Migliore,30788,Kent State,8.7,9.225,,9.8,Saturday,15,2,2025
Nastia Rudnitskaya,30788,Kent State,9.725,,,9.65,Saturday,15,2,2025
Nene Alvine,30788,Kent State,9.45,9.75,9.875,9.85,Saturday,15,2,2025
Olivia DiNovi,30788,Rutgers,9.6,,,,Saturday,15,2,2025
Paige Thaxton,30788,Michigan,,,,9.75,Saturday,15,2,2025
Peyton Davis,30788,Michigan,,,9.85,9.775,Saturday,15,2,2025
Rachael Riley,30788,Rutgers,,9.7,,9.8,Saturday,15,2,2025
Reagan Schenkel,30788,Rutgers,9.8,,,,Saturday,15,2,2025
Sophia Diaz,30788,Michigan,9.85,,9.9,9.825,Saturday,15,2,2025
Sophie Parenti,30788,Michigan,9.8,9.85,9.825,,Saturday,15,2,2025
Zoe Rankin,30788,Kent State,,,9.575,,Saturday,15,2,2025
Amy Doyle,30794,Michigan State,9.45,,,9.3,Saturday,15,2,2025
Ayzhia Hall,30794,Nebraska,,9.775,,9.625,Saturday,15,2,2025
Cady Duplissis,30794,Michigan State,,9.775,,,Saturday,15,2,2025
Delanie Harkness,30794,Michigan State,9.85,,9.85,,Saturday,15,2,2025
Elle Beaufait,30794,Michigan State,,,9.75,,Saturday,15,2,2025
Emalee Frost,30794,Nebraska,9.75,,,,Saturday,15,2,2025
Emma Misenheimer,30794,Michigan State,,,9.825,,Saturday,15,2,2025
Emma Simpton,30794,Nebraska,9.825,9.725,,,Saturday,15,2,2025
Emma Spence,30794,Nebraska,9.9,9.8,9.875,9.85,Saturday,15,2,2025
Gabrielle Stephen,30794,Michigan State,9.75,9.825,9.9,9.9,Saturday,15,2,2025
Giana Kalefe,30794,Michigan State,,8.925,,,Saturday,15,2,2025
Halle Rourke,30794,Nebraska,,,9.9,,Saturday,15,2,2025
Isabel Sikon,30794,Nebraska,9.8,9.85,,9.8,Saturday,15,2,2025
Katie Kuenemann,30794,Nebraska,,,,9.8,Saturday,15,2,2025
Lauren Homecillo,30794,Nebraska,,,9.9,,Saturday,15,2,2025
MaKayla Tucker,30794,Michigan State,,,,9.775,Saturday,15,2,2025
Nikki Smith,30794,Michigan State,9.825,9.8,9.9,9.9,Saturday,15,2,2025
Olivia Zsarmani,30794,Michigan State,9.775,9.7,,9.9,Saturday,15,2,2025
Reese Baechle,30794,Nebraska,,,9.675,,Saturday,15,2,2025
Sage Kellerman,30794,Michigan State,9.85,,,9.825,Saturday,15,2,2025
Skyla Schulte,30794,Michigan State,,9.875,9.925,,Saturday,15,2,2025
Sophia McClelland,30794,Nebraska,9.8,9.85,9.85,9.8,Saturday,15,2,2025
Whitney Jencks,30794,Nebraska,9.9,9.8,9.85,9.775,Saturday,15,2,2025
Adeline Kenlin,30796,Iowa,9.725,9.85,,,Sunday,16,2,2025
Alyse Karenbauer,30796,Iowa,,,,9.7,Sunday,16,2,2025
Amelia Knight,30796,Illinois,9.675,9.875,,,Sunday,16,2,2025
Arielle Ward,30796,Illinois,9.675,,9.05,9.275,Sunday,16,2,2025
Aurelie Tran,30796,Iowa,9.825,9.875,9.9,9.75,Sunday,16,2,2025
Avery Chambers,30796,Iowa,,,,9.825,Sunday,16,2,2025
Cassie Lee,30796,Iowa,,9.8,,,Sunday,16,2,2025
Chloe Cho,30796,Illinois,9.725,9.825,9.925,9.9,Sunday,16,2,2025
Destiny Denning,30796,Illinois,9.675,,,,Sunday,16,2,2025
Emily Erb,30796,Iowa,,,9.975,,Sunday,16,2,2025
Emmalise Nock,30796,Illinois,,,9.875,,Sunday,16,2,2025
Haley Tyson,30796,Iowa,,9.85,9.625,,Sunday,16,2,2025
Hanna Castillo,30796,Iowa,,,9.95,9.825,Sunday,16,2,2025
Ilka Juk,30796,Iowa,9.65,9.75,,,Sunday,16,2,2025
Kaia Vanney,30796,Iowa,9.65,,,,Sunday,16,2,2025
Karina Munoz,30796,Iowa,9.775,9.8,9.925,9.85,Sunday,16,2,2025
Kennedy Brown,30796,Illinois,9.45,,9.725,9.775,Sunday,16,2,2025
Lyden Saltness,30796,Illinois,,9.1,,,Sunday,16,2,2025
Makayla Green,30796,Illinois,9.825,,,,Sunday,16,2,2025
Marly Esteves,30796,Illinois,,,9.925,9.675,Sunday,16,2,2025
Megan Sapp,30796,Illinois,,9.775,,,Sunday,16,2,2025
Mya Gordon,30796,Illinois,,,,9.25,Sunday,16,2,2025
Olivia Coppola,30796,Illinois,,9.85,,9.825,Sunday,16,2,2025
Reese Wilson,30796,Iowa,,,,9.775,Sunday,16,2,2025
Ruthuja Nataraj,30796,Illinois,,9.4,,,Sunday,16,2,2025
Tali Joelson,30796,Illinois,,,9.775,,Sunday,16,2,2025
Addy Rothstein,30798,Cornell,9.65,,9.675,9.625,Sunday,16,2,2025
Adrenne Roth,30798,Ursinus College,,8.8,,,Sunday,16,2,2025
Alzachria Jackson,30798,Ursinus College,9.0,,,,Sunday,16,2,2025
Anne MacKenzie,30798,Cornell,,9.65,,,Sunday,16,2,2025
Arianna Ellis,30798,Ursinus College,,9.35,9.725,,Sunday,16,2,2025
Ashlyn Barker,30798,UW-La Crosse,9.6,,,,Sunday,16,2,2025
Avery Byun,30798,Cornell,9.675,9.7,2.8,,Sunday,16,2,2025
Brianna Duffy,30798,Ursinus College,9.3,,,,Sunday,16,2,2025
Brooke Izzo,30798,George Washington,,9.8,9.825,9.775,Sunday,16,2,2025
Cami Whitaker,30798,Cornell,,,9.525,9.675,Sunday,16,2,2025
Claire Robbins,30798,UW-La Crosse,9.675,9.75,9.725,,Sunday,16,2,2025
Dahlia Jhaveri,30798,Cornell,9.675,,,9.475,Sunday,16,2,2025
Deana Sheremeta,30798,George Washington,9.8,9.825,9.9,,Sunday,16,2,2025
Delaney DeHaan,30798,George Washington,9.8,9.85,9.925,9.9,Sunday,16,2,2025
Elizabeth Janssen,30798,UW-La Crosse,9.6,,,,Sunday,16,2,2025
Erin Roe,30798,Ursinus College,9.625,9.6,9.4,9.7,Sunday,16,2,2025
Erin Stubbs,30798,Ursinus College,,9.55,,9.475,Sunday,16,2,2025
Grace Edwards,30798,UW-La Crosse,,,9.7,,Sunday,16,2,2025
Grace Kehr,30798,UW-La Crosse,,,9.4,9.575,Sunday,16,2,2025
Hunter Matulka,30798,UW-La Crosse,,9.025,9.65,,Sunday,16,2,2025
Isabella Scarpetti,30798,Ursinus College,,,9.5,,Sunday,16,2,2025
Jessica Taylor,30798,UW-La Crosse,,,9.825,,Sunday,16,2,2025
Josie Moylan,30798,Cornell,,,9.775,,Sunday,16,2,2025
Kasey Burke,30798,George Washington,,,9.825,9.825,Sunday,16,2,2025
Kendall Whitman,30798,George Washington,,9.75,9.925,9.725,Sunday,16,2,2025
Kyla Dickson,30798,UW-La Crosse,,9.525,9.55,9.275,Sunday,16,2,2025
Kylie Kazmierski,30798,George Washington,,,9.775,,Sunday,16,2,2025
Lainey Vogt,30798,UW-La Crosse,,,,9.45,Sunday,16,2,2025
Lauren Coleman,30798,Ursinus College,9.35,,,,Sunday,16,2,2025
Lauren Main,30798,UW-La Crosse,9.4,9.775,,,Sunday,16,2,2025
Lola Montevago,30798,George Washington,9.85,9.85,,,Sunday,16,2,2025
Lucy Warburton,30798,Ursinus College,9.6,9.625,9.525,,Sunday,16,2,2025
Madalyn McCormick,30798,UW-La Crosse,8.625,9.575,,,Sunday,16,2,2025
Madison Zimmerman,30798,Ursinus College,,9.75,,9.35,Sunday,16,2,2025
Maya Peters,30798,George Washington,,9.9,,,Sunday,16,2,2025
Megan Matteucci,30798,Ursinus College,9.275,,9.7,9.225,Sunday,16,2,2025
Michaela DeFranscisco,30798,Cornell,,,9.6,9.625,Sunday,16,2,2025
Michaela Duffy,30798,Ursinus College,,,,9.575,Sunday,16,2,2025
Mikayla Burton,30798,Cornell,,9.3,,,Sunday,16,2,2025
Morgen Shambo,30798,Cornell,9.2,8.975,,,Sunday,16,2,2025
Natalia Tehrani,30798,Cornell,9.65,9.675,,,Sunday,16,2,2025
Paige Breckwoldt,30798,UW-La Crosse,,,,9.425,Sunday,16,2,2025
Rachel Katz,30798,George Washington,9.8,,,9.75,Sunday,16,2,2025
Raina Christenson,30798,UW-La Crosse,,8.925,,,Sunday,16,2,2025
Sarah Best,30798,UW-La Crosse,9.025,,,9.4,Sunday,16,2,2025
Sarah Goetter,30798,Cornell,,,,9.7,Sunday,16,2,2025
Sarah Pastore,30798,UW-La Crosse,,,,9.55,Sunday,16,2,2025
Sidney Schreiber,30798,Ursinus College,,,9.45,9.6,Sunday,16,2,2025
Sophia Tyeryar,30798,George Washington,9.7,,,,Sunday,16,2,2025
Sydney Beers,30798,Cornell,8.95,9.25,9.45,9.75,Sunday,16,2,2025
Zoe Safran,30798,George Washington,9.675,,,9.15,Sunday,16,2,2025
Adriana Hoffman,30802,Towson,,,9.8,9.725,Sunday,16,2,2025
Aine Reade,30802,New Hampshire,9.725,9.625,9.825,9.775,Sunday,16,2,2025
Ana Kenefick,30802,Towson,,9.4,,,Sunday,16,2,2025
Anne Challman,30802,New Hampshire,,9.65,9.825,,Sunday,16,2,2025
Ava Harper,30802,Towson,,,,9.775,Sunday,16,2,2025
Avery Walters,30802,Brown,9.0,9.6,9.775,,Sunday,16,2,2025
Carmella Calafati,30802,Towson,,,9.775,,Sunday,16,2,2025
Celia Trotter,30802,Towson,,9.8,,,Sunday,16,2,2025
Chelsey Dennis,30802,Towson,8.35,9.05,,,Sunday,16,2,2025
Chloe DeJoy,30802,Yale,9.85,,9.75,,Sunday,16,2,2025
Clara Hong,30802,Towson,9.875,9.85,9.825,,Sunday,16,2,2025
Daisy Fallon,30802,Brown,9.75,,9.7,,Sunday,16,2,2025
Ella Tashjian,30802,Yale,,9.35,9.9,9.725,Sunday,16,2,2025
Ellie Kearns,30802,Yale,9.7,9.0,9.85,,Sunday,16,2,2025
Emily Ford,30802,Brown,9.825,9.8,,,Sunday,16,2,2025
Gabby Mautner,30802,Brown,,8.4,,9.475,Sunday,16,2,2025
Gigi Sabatini,30802,Yale,9.65,9.625,9.75,9.65,Sunday,16,2,2025
Gracy Mowers,30802,New Hampshire,,,9.725,9.775,Sunday,16,2,2025
Gwen Ockerbloom,30802,New Hampshire,,8.925,,9.85,Sunday,16,2,2025
Hailey Kriz,30802,Yale,9.75,9.55,,9.75,Sunday,16,2,2025
Hana Strause,30802,Yale,,9.75,9.825,9.55,Sunday,16,2,2025
Isabella DeCroo,30802,Towson,,,9.75,9.8,Sunday,16,2,2025
Isabella Minervini,30802,Towson,9.925,9.65,9.725,9.725,Sunday,16,2,2025
Jessica Lin,30802,Brown,,9.725,,9.5,Sunday,16,2,2025
Julia Bedell,30802,Brown,,,8.925,9.7,Sunday,16,2,2025
Julia Before,30802,New Hampshire,9.65,,,,Sunday,16,2,2025
Lauren Burt,30802,Yale,,,,9.7,Sunday,16,2,2025
Lauren Greene,30802,Towson,9.775,,,,Sunday,16,2,2025
Lauren Holt,30802,Yale,8.875,,,,Sunday,16,2,2025
Lauren Keener,30802,Towson,9.8,9.7,,,Sunday,16,2,2025
Lauren Luu,30802,Yale,9.675,,,,Sunday,16,2,2025
Leah Moreno,30802,New Hampshire,9.7,,,9.8,Sunday,16,2,2025
Lindsay Van Eyk,30802,Brown,,9.775,,,Sunday,16,2,2025
Liza Marcus,30802,Brown,9.75,9.725,9.775,,Sunday,16,2,2025
Mady Harvey,30802,New Hampshire,,9.7,,,Sunday,16,2,2025
Maya Davis,30802,Brown,9.7,,9.85,,Sunday,16,2,2025
McCall McMullen,30802,New Hampshire,,9.15,9.825,9.725,Sunday,16,2,2025
Megan Brueck,30802,Yale,,9.325,9.75,9.125,Sunday,16,2,2025
Polina Belanovski,30802,Towson,9.8,,9.8,9.85,Sunday,16,2,2025
Reese Toland,30802,Towson,,,,9.725,Sunday,16,2,2025
Serena Mullin,30802,New Hampshire,9.725,9.775,9.825,9.675,Sunday,16,2,2025
Sophia Dewar,30802,Brown,8.45,,9.675,9.725,Sunday,16,2,2025
Stacy Boss,30802,New Hampshire,,,9.7,,Sunday,16,2,2025
Summer Simpkins,30802,New Hampshire,9.625,,,,Sunday,16,2,2025
Umi El Mammann,30802,Brown,,,,9.55,Sunday,16,2,2025
Zoe Arthur,30802,New Hampshire,9.85,,,,Sunday,16,2,2025
Ally Schaupp,30806,Western Michigan,,,9.775,,Sunday,16,2,2025
Brooke Gelesko,30806,Western Michigan,,,,9.8,Sunday,16,2,2025
Cassie St. Clair,30806,Western Michigan,,,9.65,,Sunday,16,2,2025
Charniya Brown,30806,Bowling Green,,,,9.7,Sunday,16,2,2025
DonnaKathryn Roy,30806,Western Michigan,,,9.75,9.75,Sunday,16,2,2025
Elise Brzoska,30806,Bowling Green,,9.275,,,Sunday,16,2,2025
Faye Dubin,30806,Bowling Green,,9.7,,,Sunday,16,2,2025
Halle Faulkner,30806,Western Michigan,,,,9.825,Sunday,16,2,2025
Hannah Milton,30806,Western Michigan,,9.75,9.75,9.8,Sunday,16,2,2025
Julie Korfhage,30806,Western Michigan,9.775,9.775,9.775,,Sunday,16,2,2025
Katrina Mendez Abolnik,30806,Bowling Green,,,,9.8,Sunday,16,2,2025
Kayla Shaw,30806,Bowling Green,9.075,8.8,9.725,,Sunday,16,2,2025
Keira Thornton,30806,Bowling Green,9.525,,9.775,9.6,Sunday,16,2,2025
Kennedy Krienbrink,30806,Bowling Green,8.325,,,,Sunday,16,2,2025
Landyn Williams,30806,Bowling Green,,,9.5,,Sunday,16,2,2025
Love Akpan,30806,Bowling Green,9.525,,,,Sunday,16,2,2025
Madison Coburn,30806,Bowling Green,,,9.375,9.675,Sunday,16,2,2025
Makenna King,30806,Western Michigan,9.475,,,,Sunday,16,2,2025
Megan Bingham,30806,Bowling Green,9.775,9.8,9.6,9.75,Sunday,16,2,2025
Megan Dzialo,30806,Bowling Green,9.525,,9.7,9.7,Sunday,16,2,2025
Molly Freeman,30806,Western Michigan,9.775,,,,Sunday,16,2,2025
Nadia Parente,30806,Bowling Green,,9.75,,,Sunday,16,2,2025
Reese Samuelson,30806,Western Michigan,9.85,9.875,,,Sunday,16,2,2025
Reilan Garvey,30806,Western Michigan,9.7,9.825,9.725,9.7,Sunday,16,2,2025
Sarah Moravansky,30806,Western Michigan,9.625,9.55,,9.825,Sunday,16,2,2025
Teegan Milligan,30806,Bowling Green,,9.45,,,Sunday,16,2,2025
Tricia Mills,30806,Western Michigan,,9.6,,,Sunday,16,2,2025
Abbie Thompson,30808,Denver,,9.875,,,Sunday,16,2,2025
Alaina Reid,30808,Texas Woman's,9.725,,,9.65,Sunday,16,2,2025
Alauna Simms,30808,Ball State,,,9.475,,Sunday,16,2,2025
Amanda Hargraves,30808,Denver,,,,9.85,Sunday,16,2,2025
Ashley Szymanski,30808,Ball State,9.875,9.825,,,Sunday,16,2,2025
Ava Molina,30808,Ball State,9.7,9.525,9.675,,Sunday,16,2,2025
Bailey Bourgeois,30808,Texas Woman's,9.8,,9.75,,Sunday,16,2,2025
Bailey Upton,30808,Texas Woman's,,9.525,9.075,9.675,Sunday,16,2,2025
Bella Mabanta,30808,Denver,,,9.875,9.825,Sunday,16,2,2025
Brooke Ferrari,30808,Texas Woman's,9.75,,,,Sunday,16,2,2025
Cai Afalla,30808,Ball State,,,9.525,9.7,Sunday,16,2,2025
Carissa Martinez,30808,Ball State,,,9.725,9.775,Sunday,16,2,2025
Cecilia Cooley,30808,Denver,9.925,9.875,9.8,,Sunday,16,2,2025
Delaney McMahon,30808,Ball State,,9.825,,,Sunday,16,2,2025
Emma Brkljacic,30808,Texas Woman's,,9.85,,,Sunday,16,2,2025
Francesca Caso,30808,Oregon State,9.825,,,,Sunday,16,2,2025
Grace Sumner,30808,Ball State,9.85,9.725,,,Sunday,16,2,2025
Jade Carey,30808,Oregon State,9.9,9.975,9.925,9.925,Sunday,16,2,2025
Jennifer McMillan,30808,Oregon State,9.8,9.85,,,Sunday,16,2,2025
Jordanna Phillis,30808,Ball State,9.75,,,,Sunday,16,2,2025
Kaitlin Garcia,30808,Oregon State,,,8.95,9.85,Sunday,16,2,2025
Kaitlyn Hoiland,30808,Texas Woman's,9.85,9.65,,9.8,Sunday,16,2,2025
Kami Zarlengo,30808,Texas Woman's,9.725,,9.65,,Sunday,16,2,2025
Karli Mercer,30808,Ball State,,,,9.75,Sunday,16,2,2025
Kiley Rorich,30808,Denver,9.9,,9.65,,Sunday,16,2,2025
Kyleigh Ghanbari,30808,Texas Woman's,,,9.625,,Sunday,16,2,2025
Lainey Hunt,30808,Texas Woman's,7.925,,,,Sunday,16,2,2025
Lauren Letzsch,30808,Oregon State,,9.825,,,Sunday,16,2,2025
Lindsay Fuller,30808,Ball State,,9.7,,,Sunday,16,2,2025
Lindsay Girard,30808,Ball State,,,9.575,9.775,Sunday,16,2,2025
Maddison Reidenbach,30808,Denver,,,,9.975,Sunday,16,2,2025
Maddy Murphy,30808,Texas Woman's,,,,9.65,Sunday,16,2,2025
Madison Ulrich,30808,Denver,9.875,9.875,9.875,9.825,Sunday,16,2,2025
Mary Rose Bellan,30808,Ball State,9.775,,,,Sunday,16,2,2025
Mia Hebinck,30808,Denver,9.9,9.15,,,Sunday,16,2,2025
Mila Brusch,30808,Denver,,,9.75,9.8,Sunday,16,2,2025
Momoko Iwai,30808,Denver,,9.85,9.8,,Sunday,16,2,2025
Natalie Briones,30808,Oregon State,9.875,,,9.8,Sunday,16,2,2025
Olivia Buckner,30808,Oregon State,,9.825,,9.75,Sunday,16,2,2025
Rosie Casali,30808,Denver,9.875,,,9.75,Sunday,16,2,2025
Rylie Mundell,30808,Denver,9.85,9.8,,,Sunday,16,2,2025
Sage Thompson,30808,Oregon State,9.85,,9.875,9.775,Sunday,16,2,2025
Savannah Miller,30808,Oregon State,,,9.825,,Sunday,16,2,2025
Sophia Esposito,30808,Oregon State,,9.85,9.85,9.775,Sunday,16,2,2025
Sophia Isbell,30808,Texas Woman's,,9.45,9.65,9.775,Sunday,16,2,2025
Sophie Hernandez,30808,Texas Woman's,,9.55,9.825,,Sunday,16,2,2025
Steelie King,30808,Texas Woman's,,9.7,,9.675,Sunday,16,2,2025
Suki Pfister,30808,Ball State,,,,9.75,Sunday,16,2,2025
Sydney Gonzales,30808,Oregon State,,9.85,,,Sunday,16,2,2025
Taylor DeVries,30808,Oregon State,9.825,,9.725,,Sunday,16,2,2025
Zoe Middleton,30808,Ball State,9.85,9.775,9.675,9.775,Sunday,16,2,2025
Abby Chesshire,30812,Ithaca College,,,9.7,,Sunday,16,2,2025
Aladiana Tosado,30812,Brockport,9.625,,,,Sunday,16,2,2025
Alexis Schulman,30812,Brockport,8.65,9.6,,,Sunday,16,2,2025
Amelia York,30812,Brockport,,9.625,,,Sunday,16,2,2025
Caitlin Pellegrino,30812,Ithaca College,,9.675,9.675,,Sunday,16,2,2025
Cali Czarcinski,30812,Brockport,,,9.65,,Sunday,16,2,2025
Claire Wood,30812,Brockport,,,8.725,,Sunday,16,2,2025
Corey Foster,30812,Ithaca College,,9.625,9.7,,Sunday,16,2,2025
Emily Kobusky,30812,Ithaca College,,9.775,,,Sunday,16,2,2025
Emma Brookins,30812,Brockport,9.575,9.675,9.8,,Sunday,16,2,2025
Emma Langdon,30812,Brockport,,,,9.65,Sunday,16,2,2025
Grace Murray,30812,Ithaca College,,,9.775,9.55,Sunday,16,2,2025
Gracie Weaver,30812,Brockport,,,,9.45,Sunday,16,2,2025
Hana Miller,30812,Ithaca College,,,9.55,8.8,Sunday,16,2,2025
Jamarie Saravia,30812,Brockport,,,9.775,,Sunday,16,2,2025
Jessica Schmitz,30812,Ithaca College,,,,9.35,Sunday,16,2,2025
Jillian Freyman,30812,Ithaca College,,,9.65,,Sunday,16,2,2025
Julia Klucinec,30812,Brockport,8.5,,,,Sunday,16,2,2025
Kaylie Goodwin,30812,Ithaca College,9.475,9.4,,,Sunday,16,2,2025
Kiara Hockman,30812,Brockport,,9.8,9.825,9.775,Sunday,16,2,2025
Lauren Babineaux,30812,Ithaca College,8.775,,,,Sunday,16,2,2025
Lienna Kay,30812,Brockport,9.425,9.725,,9.55,Sunday,16,2,2025
Madelyn Farragher,30812,Ithaca College,,,,9.45,Sunday,16,2,2025
Maren Eramo,30812,Brockport,9.675,,,9.8,Sunday,16,2,2025
Marlena Bailey,30812,Ithaca College,9.2,,,,Sunday,16,2,2025
Maya Pecoraro,30812,Brockport,,9.525,9.675,,Sunday,16,2,2025
Mya John,30812,Ithaca College,9.45,8.975,,9.475,Sunday,16,2,2025
Natalie Steed,30812,Ithaca College,,8.75,,9.675,Sunday,16,2,2025
Nicole Lonski,30812,Ithaca College,9.6,,,,Sunday,16,2,2025
Shannon Gibbs,30812,Brockport,,,,9.575,Sunday,16,2,2025
Sienna Blake,30812,Ithaca College,9.35,,,,Sunday,16,2,2025
Ava Stewart,30814,Minnesota,9.825,9.825,,9.9,Sunday,16,2,2025
Brooklyn Rowray,30814,Minnesota,,9.95,,,Sunday,16,2,2025
Cameron Smith,30814,Ohio State,,9.775,,9.85,Sunday,16,2,2025
Courtney McCann,30814,Ohio State,9.775,9.85,,,Sunday,16,2,2025
Emily Koch,30814,Minnesota,,9.15,9.9,,Sunday,16,2,2025
Grace Walker,30814,Ohio State,9.825,,,,Sunday,16,2,2025
JJ Coleman,30814,Ohio State,,9.725,9.9,9.8,Sunday,16,2,2025
Jojo Warga,30814,Ohio State,,9.7,,,Sunday,16,2,2025
Jordyn Lyden,30814,Minnesota,9.9,9.875,,,Sunday,16,2,2025
Kaitlyn Grimes,30814,Ohio State,,,9.8,9.775,Sunday,16,2,2025
Karleigh Reutzel,30814,Ohio State,,,,9.775,Sunday,16,2,2025
Kate Parks,30814,Ohio State,8.775,,,,Sunday,16,2,2025
Lauren Pearl,30814,Minnesota,,9.8,9.875,9.775,Sunday,16,2,2025
Leah Gonsiorowski,30814,Minnesota,,,9.9,,Sunday,16,2,2025
Maisyn Rader,30814,Ohio State,9.35,,,,Sunday,16,2,2025
Mallory Gregory,30814,Ohio State,,,9.775,,Sunday,16,2,2025
Marissa Jencks,30814,Minnesota,9.75,,9.8,,Sunday,16,2,2025
McCauley Harrington,30814,Minnesota,9.675,,,,Sunday,16,2,2025
Megan Steensland,30814,Minnesota,,,9.85,9.75,Sunday,16,2,2025
Mya Hooten,30814,Minnesota,9.9,,9.925,9.95,Sunday,16,2,2025
Rylee Guevara,30814,Ohio State,,9.775,9.875,,Sunday,16,2,2025
Sarah Moraw,30814,Minnesota,,9.925,,9.9,Sunday,16,2,2025
Sidney Washington,30814,Ohio State,9.825,,9.85,9.825,Sunday,16,2,2025
Teryn Crump,30814,Minnesota,9.8,,,9.85,Sunday,16,2,2025
Tory Vetter,30814,Ohio State,9.85,9.05,9.875,9.8,Sunday,16,2,2025
Alana Kim,30816,UC Davis,,,,9.725,Sunday,16,2,2025
Amelia Moneymaker,30816,UC Davis,9.75,9.8,9.925,9.8,Sunday,16,2,2025
Athena Jones,30816,Sacramento State,9.625,9.8,9.65,,Sunday,16,2,2025
Avah Reichow,30816,UC Davis,,,9.75,9.75,Sunday,16,2,2025
Ayumi Oshiro,30816,UC Davis,9.55,9.775,9.775,,Sunday,16,2,2025
Cady Chiu,30816,UC Davis,,9.8,,,Sunday,16,2,2025
Eleanor Wyly,30816,UC Davis,,9.75,9.725,9.675,Sunday,16,2,2025
Emma Morgenthaler,30816,Sacramento State,9.725,9.8,9.8,9.725,Sunday,16,2,2025
Grace Gilman,30816,Sacramento State,,9.875,9.725,9.45,Sunday,16,2,2025
Hannah Sitzman,30816,Sacramento State,9.775,,,,Sunday,16,2,2025
Isabella Fitz-Gerald,30816,UC Davis,9.7,,,,Sunday,16,2,2025
Jadyn Wakita,30816,UC Davis,9.55,9.525,,,Sunday,16,2,2025
Kaitlyn Driessen,30816,Sacramento State,,9.85,,9.675,Sunday,16,2,2025
Kara Houghton,30816,Sacramento State,9.775,9.7,9.725,,Sunday,16,2,2025
Keanna Abraham,30816,UC Davis,,,9.9,9.825,Sunday,16,2,2025
Lexi Frank,30816,Sacramento State,,,,9.7,Sunday,16,2,2025
Maliyah James,30816,Sacramento State,9.575,,,,Sunday,16,2,2025
McKenna Knecht,30816,UC Davis,8.75,,,,Sunday,16,2,2025
Megan Ray,30816,UC Davis,,9.675,9.875,9.85,Sunday,16,2,2025
Milla Gideon,30816,UC Davis,9.65,,,,Sunday,16,2,2025
Rose Wilson,30816,Sacramento State,7.9,,,,Sunday,16,2,2025
Rylin Zimmerman,30816,Sacramento State,,,,9.775,Sunday,16,2,2025
Sarah Lutrel,30816,Sacramento State,,9.7,8.8,9.8,Sunday,16,2,2025
Simone Dumas-Guzman,30816,Sacramento State,,,9.675,,Sunday,16,2,2025
Ashley Ruedy,30818,William & Mary,,,9.675,,Sunday,16,2,2025
Bridget Sullivan,30818,West Chester,,,9.675,9.625,Sunday,16,2,2025
Brynn Vetrano,30818,William & Mary,,,9.575,,Sunday,16,2,2025
Caroline Blatchford,30818,William & Mary,9.55,9.775,,9.65,Sunday,16,2,2025
Caroline Cascadden,30818,West Chester,,9.7,9.225,,Sunday,16,2,2025
Catherine Bare,30818,William & Mary,9.65,,,,Sunday,16,2,2025
Catherine Keener,30818,West Chester,,9.675,9.75,,Sunday,16,2,2025
Corinne Gruber,30818,West Chester,,,9.05,9.525,Sunday,16,2,2025
EmmaGrace Kelly,30818,West Chester,,9.8,9.5,,Sunday,16,2,2025
Hannah Burke,30818,William & Mary,,,9.775,9.75,Sunday,16,2,2025
Jordan Coleman,30818,West Chester,9.6,,,9.475,Sunday,16,2,2025
Karah Vargo,30818,West Chester,9.15,,,9.5,Sunday,16,2,2025
Kristina Rodriguez,30818,West Chester,8.425,,,,Sunday,16,2,2025
Lily McFarland,30818,West Chester,,9.3,9.425,9.525,Sunday,16,2,2025
Melanie Faulkner,30818,William & Mary,,9.775,,,Sunday,16,2,2025
Melina Ringas,30818,West Chester,9.625,,,,Sunday,16,2,2025
Melissa Gao,30818,William & Mary,9.45,9.55,,9.675,Sunday,16,2,2025
Michelle Ngo,30818,William & Mary,9.525,9.5,9.675,,Sunday,16,2,2025
Natalie Marshall,30818,West Chester,,9.175,,,Sunday,16,2,2025
Rylee Harada,30818,West Chester,8.6,,,9.6,Sunday,16,2,2025
Sally Wood,30818,William & Mary,,,9.725,9.7,Sunday,16,2,2025
Samantha Burd,30818,William & Mary,,,,9.525,Sunday,16,2,2025
Sarah Kuper,30818,William & Mary,9.475,9.6,,9.725,Sunday,16,2,2025
Sarah Wozniak,30818,William & Mary,9.75,,,,Sunday,16,2,2025
Summer Penzi,30818,William & Mary,,9.625,9.7,,Sunday,16,2,2025
Tatum McGuinn,30818,West Chester,9.375,9.775,,,Sunday,16,2,2025
Abby Royer,30820,Southern Conn.,,,9.65,,Monday,17,2,2025
Abigail Kenney,30820,Bridgeport,9.65,9.8,9.725,9.725,Monday,17,2,2025
Alexa Melanson,30820,Southern Conn.,,9.625,,,Monday,17,2,2025
Angel Lee,30820,Southern Conn.,,9.725,,,Monday,17,2,2025
Angelina Hogan,30820,LIU,9.65,9.325,,,Monday,17,2,2025
Angelina Stanfa,30820,Southern Conn.,,9.675,,,Monday,17,2,2025
Ava Kelly,30820,Southern Conn.,,,9.65,9.6,Monday,17,2,2025
Brianna Dorr,30820,Southern Conn.,,,,9.725,Monday,17,2,2025
Brooke Burkhart,30820,LIU,,,,9.7,Monday,17,2,2025
Caroline Kliewer,30820,LIU,9.7,,,,Monday,17,2,2025
Danyella Holmes,30820,LIU,9.575,,9.575,9.6,Monday,17,2,2025
Ella Barrington,30820,LIU,,,9.35,,Monday,17,2,2025
Ellorie Cane,30820,LIU,,9.75,,,Monday,17,2,2025
Emily Hernandez,30820,Bridgeport,9.65,9.375,,9.6,Monday,17,2,2025
Erica Beyer,30820,Southern Conn.,,,9.75,,Monday,17,2,2025
Gabriela Dinisoe,30820,Southern Conn.,9.6,9.075,,,Monday,17,2,2025
Grace Christensen,30820,Southern Conn.,8.95,,,,Monday,17,2,2025
Gracie Walker,30820,Bridgeport,,,,9.625,Monday,17,2,2025
Haleigh Welch,30820,LIU,9.05,,,,Monday,17,2,2025
Haley Fitzgerald,30820,Southern Conn.,8.9,,,,Monday,17,2,2025
Hanna Zebdi,30820,Southern Conn.,,,9.725,9.3,Monday,17,2,2025
Hannah Barry,30820,Bridgeport,,9.5,,,Monday,17,2,2025
Kady Bills-McCoy,30820,LIU,,9.7,,,Monday,17,2,2025
Kaira Cartwright,30820,LIU,,9.75,9.8,9.775,Monday,17,2,2025
Kira Sanchez,30820,LIU,8.6,,9.825,9.5,Monday,17,2,2025
Kylie Sitty,30820,Southern Conn.,9.075,,,,Monday,17,2,2025
Lexi Bracher,30820,Southern Conn.,,,,9.125,Monday,17,2,2025
Libby Allen,30820,Southern Conn.,,9.6,9.675,9.7,Monday,17,2,2025
Madelyn Viles,30820,Bridgeport,,9.7,9.475,,Monday,17,2,2025
Margaret Coyle,30820,Bridgeport,,,9.725,,Monday,17,2,2025
Nicole Pujals,30820,Bridgeport,9.075,,,,Monday,17,2,2025
Nova Staruk,30820,Bridgeport,,,,9.8,Monday,17,2,2025
Olivia Imbarlina,30820,Bridgeport,9.65,9.775,,,Monday,17,2,2025
Rae Solis,30820,Bridgeport,9.475,,,9.55,Monday,17,2,2025
Raphaelle Perreault,30820,LIU,,9.725,9.775,9.75,Monday,17,2,2025
Renee Figueroa,30820,LIU,,9.625,,,Monday,17,2,2025
Samantha Krenzel,30820,Bridgeport,,9.4,8.875,,Monday,17,2,2025
Samantha Nokes,30820,Bridgeport,9.775,,,,Monday,17,2,2025
Shreya Munshi,30820,Southern Conn.,9.4,,,,Monday,17,2,2025
Sidney Wilson,30820,Southern Conn.,,,9.425,9.525,Monday,17,2,2025
Skyler Vulchev,30820,Bridgeport,,,9.675,,Monday,17,2,2025
Tamyra Singletary,30820,Bridgeport,,,9.2,9.625,Monday,17,2,2025
Zoe Axell,30820,Southern Conn.,8.475,8.3,,,Monday,17,2,2025
Zoe Claiborne,30820,LIU,,,9.725,9.5,Monday,17,2,2025
Aleah Radojevich,30823,UW-Oshkosh,,,8.9,,Thursday,20,2,2025
Amaya McConkay,30823,UW-Oshkosh,9.8,,,9.675,Thursday,20,2,2025
Anna Mielke,30823,UW-Stout,,,9.65,9.575,Thursday,20,2,2025
Aspen Peters,30823,Winona State,,8.925,,9.5,Thursday,20,2,2025
Averie Evans,30823,UW-Oshkosh,,,,9.55,Thursday,20,2,2025
Brooklynn Clapp,30823,Winona State,9.3,,,,Thursday,20,2,2025
Bryce Stoltz,30823,Winona State,,9.55,9.475,9.625,Thursday,20,2,2025
Camdyn McSweeney,30823,Winona State,,,9.45,,Thursday,20,2,2025
Cassidy Lennard,30823,UW-Stout,,9.45,,,Thursday,20,2,2025
Courtney Knutson,30823,Winona State,,,9.45,9.525,Thursday,20,2,2025
Delaney Cienkus,30823,UW-Oshkosh,,8.875,9.575,,Thursday,20,2,2025
Effie Ferguson,30823,UW-Stout,9.75,9.7,9.725,,Thursday,20,2,2025
Ella Denno,30823,Winona State,8.825,,,,Thursday,20,2,2025
Emma Brittingham,30823,UW-Stout,9.825,,,,Thursday,20,2,2025
Emma Steele,30823,UW-Oshkosh,,9.575,,,Thursday,20,2,2025
Gabby Kraft,30823,Winona State,,9.6,9.6,9.725,Thursday,20,2,2025
Gabrielle Winstead,30823,UW-Stout,,,,9.375,Thursday,20,2,2025
Gillian Cummins,30823,UW-Stout,9.625,9.25,9.5,9.625,Thursday,20,2,2025
Irene Kearney,30823,Winona State,9.4,,,,Thursday,20,2,2025
Isabela Krulich,30823,UW-Stout,,9.25,9.725,,Thursday,20,2,2025
Jaidyn Carroll,30823,UW-Stout,,,,9.475,Thursday,20,2,2025
Jamie Beatty,30823,UW-Stout,9.75,8.6,9.65,9.55,Thursday,20,2,2025
Jay Ratkowski,30823,UW-Oshkosh,,9.625,9.675,,Thursday,20,2,2025
Jessisca Miley,30823,Winona State,9.5,,9.575,9.725,Thursday,20,2,2025
Jurnee Warkentien,30823,UW-Oshkosh,,9.35,9.0,,Thursday,20,2,2025
Kaelyn Duman,30823,Winona State,,9.525,,,Thursday,20,2,2025
Kaylee Bateman,30823,Winona State,9.7,9.35,,,Thursday,20,2,2025
Kaylie Kassing,30823,UW-Stout,,,9.575,,Thursday,20,2,2025
Kennedy O'Connor,30823,Winona State,,,,9.825,Thursday,20,2,2025
Liz Romano,30823,UW-Oshkosh,9.325,9.325,,,Thursday,20,2,2025
Lydia Hayden,30823,UW-Oshkosh,9.3,9.725,,,Thursday,20,2,2025
Maddie Reiner,30823,Winona State,6.75,,,,Thursday,20,2,2025
Mia Lucero,30823,UW-Oshkosh,,,9.6,9.55,Thursday,20,2,2025
Mia Passarella,30823,UW-Oshkosh,,,,9.625,Thursday,20,2,2025
Reagan Kelly,30823,Winona State,,9.05,,,Thursday,20,2,2025
Reanna McGibboney,30823,UW-Oshkosh,9.65,,9.575,9.75,Thursday,20,2,2025
Samantha Zeilinger,30823,UW-Oshkosh,9.625,,,9.3,Thursday,20,2,2025
Sarah Lutz,30823,UW-Stout,9.75,,,,Thursday,20,2,2025
Taylar Schaefer,30823,UW-Stout,9.6,9.3,,9.7,Thursday,20,2,2025
Taylor Magierka,30823,Winona State,,,9.575,,Thursday,20,2,2025
Zoe Krull,30823,UW-Oshkosh,9.575,,,,Thursday,20,2,2025
Alyssa Manley,30826,Alaska,9.7,,,,Friday,21,2,2025
Ariana DeSouza,30826,Alaska,,9.675,9.725,9.4,Friday,21,2,2025
Athena Jones,30826,Sacramento State,9.775,9.875,9.825,,Friday,21,2,2025
Avery Tillmanns,30826,Alaska,9.65,,,,Friday,21,2,2025
Breeann Spain,30826,Alaska,,9.725,9.6,,Friday,21,2,2025
Claudia Lessig,30826,Alaska,9.625,9.725,8.6,9.45,Friday,21,2,2025
Emma Morgenthaler,30826,Sacramento State,9.825,9.8,9.7,9.7,Friday,21,2,2025
Grace Gilman,30826,Sacramento State,,9.725,9.725,9.025,Friday,21,2,2025
Hannah Boyd,30826,Alaska,,9.5,9.55,9.625,Friday,21,2,2025
Hannah Sitzman,30826,Sacramento State,9.85,,,,Friday,21,2,2025
Jada Niles,30826,Alaska,9.05,,,,Friday,21,2,2025
Jamilia Duffus,30826,Alaska,9.825,,,9.675,Friday,21,2,2025
Kaitlyn Driessen,30826,Sacramento State,,9.775,,9.525,Friday,21,2,2025
Kara Houghton,30826,Sacramento State,9.85,9.725,9.65,,Friday,21,2,2025
Lexi Frank,30826,Sacramento State,,,,9.675,Friday,21,2,2025
Madelyn Gomez,30826,Alaska,9.65,,9.625,,Friday,21,2,2025
Maliyah James,30826,Sacramento State,9.675,,,,Friday,21,2,2025
Marcela Bonifasi,30826,Alaska,,8.55,,,Friday,21,2,2025
Maribelle Albert,30826,Alaska,,,,9.7,Friday,21,2,2025
Montana Fairbairn,30826,Alaska,,9.75,9.85,9.7,Friday,21,2,2025
Rylin Zimmerman,30826,Sacramento State,,,,9.775,Friday,21,2,2025
Sarah Lutrel,30826,Sacramento State,9.55,9.825,9.85,9.7,Friday,21,2,2025
Simone Dumas-Guzman,30826,Sacramento State,,,9.7,,Friday,21,2,2025
Abigail Walters,30828,Utica,,9.625,9.575,,Friday,21,2,2025
Adisson Ferri,30828,Utica,,,8.85,,Friday,21,2,2025
Aladiana Tosado,30828,Brockport,9.675,,9.775,,Friday,21,2,2025
Alexis Schulman,30828,Brockport,8.65,9.6,,,Friday,21,2,2025
Alyssa Langston,30828,Utica,9.5,9.375,,,Friday,21,2,2025
Amelia York,30828,Brockport,,9.75,,,Friday,21,2,2025
Aubrey Hughes,30828,Utica,,,,9.075,Friday,21,2,2025
Cali Czarcinski,30828,Brockport,,,9.675,,Friday,21,2,2025
Charlotte Raymond,30828,Brockport,9.5,,,,Friday,21,2,2025
Christina Troche,30828,Utica,9.125,,,,Friday,21,2,2025
Claire Wood,30828,Brockport,,,9.725,,Friday,21,2,2025
Emily Plone,30828,Utica,,,9.35,,Friday,21,2,2025
Emma Brookins,30828,Brockport,9.675,9.675,9.8,,Friday,21,2,2025
Emma Langdon,30828,Brockport,,,,9.4,Friday,21,2,2025
Emmy Graff,30828,Utica,9.425,9.475,8.9,9.45,Friday,21,2,2025
Grace Briles,30828,Brockport,,9.025,,,Friday,21,2,2025
Gracie Weaver,30828,Brockport,,,,9.35,Friday,21,2,2025
Haley Miller,30828,Utica,,8.8,,9.225,Friday,21,2,2025
Jamarie Saravia,30828,Brockport,,,9.55,,Friday,21,2,2025
Jenna DiPalo,30828,Utica,,9.15,,9.425,Friday,21,2,2025
Joscelyn Wabick,30828,Utica,,,,8.925,Friday,21,2,2025
Julia Pecora,30828,Utica,,,9.2,,Friday,21,2,2025
Kaitlyn Vaz,30828,Utica,8.925,,,,Friday,21,2,2025
Kiara Hockman,30828,Brockport,,9.65,9.875,9.725,Friday,21,2,2025
Lienna Kay,30828,Brockport,9.6,9.825,,9.425,Friday,21,2,2025
Madison Villani,30828,Utica,,,,9.35,Friday,21,2,2025
Maren Eramo,30828,Brockport,9.625,,,9.775,Friday,21,2,2025
Melissa Ainsley Pinkard,30828,Utica,8.425,8.975,,,Friday,21,2,2025
Olivia Rosen,30828,Utica,8.6,,9.3,,Friday,21,2,2025
Shannon Gibbs,30828,Brockport,,,,9.35,Friday,21,2,2025
Amelia Budd,30830,Temple,,,,9.725,Friday,21,2,2025
Brooke Donabedian,30830,Temple,,9.75,9.85,,Friday,21,2,2025
Charniya Brown,30830,Bowling Green,,,,9.6,Friday,21,2,2025
Elise Brzoska,30830,Bowling Green,,9.625,,,Friday,21,2,2025
Emily Gianfrancesco,30830,Bowling Green,,8.475,,,Friday,21,2,2025
Faye Dubin,30830,Bowling Green,,9.65,,,Friday,21,2,2025
Hannah Weklar,30830,Temple,9.825,,,9.8,Friday,21,2,2025
Katrina Mendez Abolnik,30830,Bowling Green,,,,9.7,Friday,21,2,2025
Kayla Shaw,30830,Bowling Green,9.725,8.85,9.85,,Friday,21,2,2025
Keira Thornton,30830,Bowling Green,9.625,,9.775,9.65,Friday,21,2,2025
Kennedy Krienbrink,30830,Bowling Green,8.4,,,,Friday,21,2,2025
Krystin Johnson,30830,Temple,,,9.8,9.8,Friday,21,2,2025
Landyn Williams,30830,Bowling Green,,,9.725,,Friday,21,2,2025
Love Akpan,30830,Bowling Green,8.9,,,,Friday,21,2,2025
Madison Coburn,30830,Bowling Green,,,9.8,9.7,Friday,21,2,2025
Madison Dorunda,30830,Temple,9.7,9.875,9.15,,Friday,21,2,2025
Mariella Brueck,30830,Temple,9.825,,9.8,,Friday,21,2,2025
Megan Bingham,30830,Bowling Green,9.7,9.775,9.7,9.6,Friday,21,2,2025
Megan Dzialo,30830,Bowling Green,8.8,,9.725,9.725,Friday,21,2,2025
Megan White,30830,Temple,9.625,9.75,,,Friday,21,2,2025
Nadia Parente,30830,Bowling Green,,9.675,,,Friday,21,2,2025
Nikk Rengifo,30830,Temple,,,9.75,9.575,Friday,21,2,2025
Reese DeHaan,30830,Temple,9.725,,,,Friday,21,2,2025
Renee Schugman,30830,Temple,,9.675,9.525,9.775,Friday,21,2,2025
Robyn Dunn,30830,Temple,,9.7,,,Friday,21,2,2025
Sarah Stallings,30830,Temple,9.8,,,,Friday,21,2,2025
Summer Ruskey,30830,Temple,,9.175,,9.675,Friday,21,2,2025
Adriana Hoffman,30832,Towson,,,9.9,9.775,Friday,21,2,2025
Alauna Simms,30832,Ball State,,,9.825,,Friday,21,2,2025
Ana Kenefick,30832,Towson,,9.75,,,Friday,21,2,2025
Ashley Szymanski,30832,Ball State,9.475,9.75,,,Friday,21,2,2025
Ava Harper,30832,Towson,,,,9.775,Friday,21,2,2025
Ava Molina,30832,Ball State,9.525,9.7,9.725,,Friday,21,2,2025
Cai Afalla,30832,Ball State,,,9.675,9.7,Friday,21,2,2025
Carissa Martinez,30832,Ball State,,,9.675,,Friday,21,2,2025
Carmella Calafati,30832,Towson,,,9.775,,Friday,21,2,2025
Celia Trotter,30832,Towson,,9.85,,,Friday,21,2,2025
Chelsey Dennis,30832,Towson,9.825,9.125,,,Friday,21,2,2025
Clara Hong,30832,Towson,9.775,9.75,9.875,,Friday,21,2,2025
Grace Sumner,30832,Ball State,9.75,9.8,,,Friday,21,2,2025
Hannah Ruthberg,30832,Ball State,,,,9.8,Friday,21,2,2025
Isabella DeCroo,30832,Towson,,,9.8,9.8,Friday,21,2,2025
Isabella Minervini,30832,Towson,9.9,9.775,9.75,9.875,Friday,21,2,2025
Jordanna Phillis,30832,Ball State,9.7,,,,Friday,21,2,2025
Karli Mercer,30832,Ball State,,9.725,,9.7,Friday,21,2,2025
Lauren Greene,30832,Towson,9.725,,,,Friday,21,2,2025
Lauren Keener,30832,Towson,9.75,9.75,,,Friday,21,2,2025
Lindsay Fuller,30832,Ball State,,9.7,,,Friday,21,2,2025
Lindsay Girard,30832,Ball State,,,9.775,9.725,Friday,21,2,2025
Mary Rose Bellan,30832,Ball State,9.725,,,,Friday,21,2,2025
Polina Belanovski,30832,Towson,9.725,,9.875,9.775,Friday,21,2,2025
Reese Toland,30832,Towson,,,,9.575,Friday,21,2,2025
Suki Pfister,30832,Ball State,,,,9.8,Friday,21,2,2025
Zoe Middleton,30832,Ball State,9.725,9.675,9.65,8.825,Friday,21,2,2025
Amy Fridley,30834,UW-Eau Claire,,,9.375,9.325,Friday,21,2,2025
Anna Beaudry,30834,Hamline,,8.325,8.425,,Friday,21,2,2025
Anna Johnson,30834,Hamline,,8.8,,8.825,Friday,21,2,2025
Anna Preussner,30834,UW-Eau Claire,,,9.6,,Friday,21,2,2025
Annelise Smaby,30834,Hamline,7.775,,,,Friday,21,2,2025
Ashley Savell,30834,Hamline,,,,9.075,Friday,21,2,2025
Ava Obermoller,30834,UW-Eau Claire,9.275,,,9.2,Friday,21,2,2025
Ava Walters,30834,Hamline,8.3,,,,Friday,21,2,2025
Brianna Weikel,30834,Hamline,9.375,9.2,9.4,,Friday,21,2,2025
Brooke Reardon,30834,Hamline,,8.9,,,Friday,21,2,2025
Brooklynn Einck,30834,UW-Eau Claire,9.6,,,,Friday,21,2,2025
Cadence Cordova,30834,UW-Eau Claire,9.6,,,9.55,Friday,21,2,2025
Cailey Price,30834,Hamline,,9.225,9.125,9.375,Friday,21,2,2025
Catelyn Zack,30834,Hamline,,,9.225,,Friday,21,2,2025
Elena Bailey,30834,Hamline,8.975,,,8.875,Friday,21,2,2025
Ella Montgomery,30834,UW-Eau Claire,9.475,9.475,,,Friday,21,2,2025
Emily Leese,30834,UW-Eau Claire,,,9.375,9.2,Friday,21,2,2025
Grace Gerster,30834,UW-Eau Claire,,,9.4,9.35,Friday,21,2,2025
Hanna Riha,30834,UW-Eau Claire,,,9.275,,Friday,21,2,2025
Hareet Gehlon,30834,UW-Eau Claire,,9.35,,,Friday,21,2,2025
Julia Cheely,30834,Hamline,9.7,9.425,,9.525,Friday,21,2,2025
Katie Chai-Mulkerin,30834,Hamline,9.375,,,,Friday,21,2,2025
Kelsey Donovan,30834,UW-Eau Claire,,,9.625,,Friday,21,2,2025
Linnea Vasali,30834,UW-Eau Claire,,9.625,,,Friday,21,2,2025
Madison Daly,30834,UW-Eau Claire,7.25,9.225,,,Friday,21,2,2025
Maura Erickson,30834,Hamline,,,,8.925,Friday,21,2,2025
Meghan Dahlin,30834,UW-Eau Claire,,9.55,,,Friday,21,2,2025
Rachel Hettiarachchy,30834,UW-Eau Claire,9.65,9.35,,9.2,Friday,21,2,2025
Sydney Stoenner,30834,Hamline,,,9.25,,Friday,21,2,2025
Zoey Danzinger,30834,Hamline,,,9.5,,Friday,21,2,2025
Amber Lowe,30836,West Virginia,9.85,9.85,9.8,,Friday,21,2,2025
Anna Leigh,30836,West Virginia,9.8,9.775,9.75,,Friday,21,2,2025
Brooke Alban,30836,West Virginia,9.8,,,9.8,Friday,21,2,2025
Carlee Nelson,30836,West Virginia,,,,9.725,Friday,21,2,2025
Caroline Lichtman,30836,Arizona State,,9.05,,9.75,Friday,21,2,2025
Emerson Smith,30836,West Virginia,,9.675,9.85,9.8,Friday,21,2,2025
Emily White,30836,Arizona State,9.95,9.825,9.95,9.85,Friday,21,2,2025
Halle Braaflat,30836,Arizona State,,,9.8,9.8,Friday,21,2,2025
Isabella Kowan,30836,Arizona State,,9.1,,,Friday,21,2,2025
Jada Mangahas,30836,Arizona State,9.9,,,9.875,Friday,21,2,2025
Jayden McDonnell,30836,West Virginia,9.775,,,,Friday,21,2,2025
Julia Brown,30836,West Virginia,9.7,9.775,,,Friday,21,2,2025
Karleigh DiCello,30836,West Virginia,,9.7,,9.85,Friday,21,2,2025
Kayla Lee,30836,Arizona State,9.8,9.775,9.8,,Friday,21,2,2025
Kaylei Adams,30836,West Virginia,,9.775,,,Friday,21,2,2025
Kimberly Smith,30836,Arizona State,9.875,9.775,9.9,9.8,Friday,21,2,2025
Lilia Purler,30836,Arizona State,,,9.825,9.775,Friday,21,2,2025
Riley Maness,30836,West Virginia,,,9.8,,Friday,21,2,2025
Sarah Clark,30836,Arizona State,9.925,9.85,9.875,,Friday,21,2,2025
Sophia Rice,30836,West Virginia,,,,9.775,Friday,21,2,2025
Taylor Tuohy,30836,West Virginia,,,9.675,9.725,Friday,21,2,2025
Tiara Platkin,30836,Arizona State,9.8,,,,Friday,21,2,2025
Trinity Macy,30836,West Virginia,9.825,,9.75,,Friday,21,2,2025
Addison Glazier,30838,BYU,9.875,,,,Friday,21,2,2025
Alilah Alvarado,30838,BYU,9.75,9.7,,,Friday,21,2,2025
Anna Bramblett-Wilde,30838,BYU,9.825,,,,Friday,21,2,2025
Ava Jorgensen,30838,BYU,9.575,,,9.775,Friday,21,2,2025
Brynlee Andersen,30838,BYU,,9.725,9.85,,Friday,21,2,2025
Chloee Hoke,30838,BYU,,9.8,,,Friday,21,2,2025
Deb Silva,30838,BYU,,,9.8,9.8,Friday,21,2,2025
Eliza Millar-Crossman,30838,BYU,,9.825,9.825,,Friday,21,2,2025
Ella Schell,30838,Iowa State,,,9.775,,Friday,21,2,2025
Frederique Sgarbossa,30838,Iowa State,9.875,9.1,,,Friday,21,2,2025
Hannah Loyim,30838,Iowa State,9.75,9.75,9.85,9.7,Friday,21,2,2025
Haylee Hardin,30838,Iowa State,,,9.875,9.775,Friday,21,2,2025
Heidi Schooley-Meyers,30838,BYU,,,9.85,,Friday,21,2,2025
Jadyn Harsh,30838,BYU,,,,9.675,Friday,21,2,2025
Josie Bergstrom-Te Slaa,30838,Iowa State,9.75,9.825,9.8,9.65,Friday,21,2,2025
Kaia Bochow,30838,Iowa State,9.8,,,,Friday,21,2,2025
Kylie Eaquinto,30838,BYU,9.8,,9.85,9.85,Friday,21,2,2025
Lauren Thomas,30838,Iowa State,9.525,9.15,,,Friday,21,2,2025
Melissa Earl,30838,BYU,,,,9.725,Friday,21,2,2025
Mina Margraf-Benson,30838,BYU,,9.7,,,Friday,21,2,2025
Mya Kirkham,30838,BYU,9.75,,,,Friday,21,2,2025
Noelle Adams,30838,Iowa State,,9.775,9.65,9.775,Friday,21,2,2025
Paige Wills,30838,Iowa State,9.7,,,9.75,Friday,21,2,2025
Rachel Wilke,30838,Iowa State,,9.0,9.2,9.75,Friday,21,2,2025
Sophie Dudley,30838,BYU,,9.7,9.85,9.775,Friday,21,2,2025
Alayna Fern,30840,UW-Whitewater,,,,9.7,Friday,21,2,2025
Ariana Goodwin,30840,UW-Whitewater,9.675,,9.575,,Friday,21,2,2025
Ashlyn Barker,30840,UW-La Crosse,8.525,,9.475,,Friday,21,2,2025
Ashnaya Gupta,30840,UW-Whitewater,,9.55,,,Friday,21,2,2025
Ava Pesch,30840,UW-Whitewater,9.55,,,9.625,Friday,21,2,2025
Brianna Balian,30840,UW-Whitewater,,,,9.575,Friday,21,2,2025
Carleigh Moore,30840,UW-Whitewater,,,9.625,9.725,Friday,21,2,2025
Chloe Hammond,30840,UW-Whitewater,,9.55,9.625,9.575,Friday,21,2,2025
Claire Robbins,30840,UW-La Crosse,9.55,9.475,9.65,,Friday,21,2,2025
Danielle Dudziak,30840,UW-Whitewater,,,9.475,,Friday,21,2,2025
Elaine Copeland,30840,UW-Whitewater,9.05,,,9.625,Friday,21,2,2025
Elizabeth Janssen,30840,UW-La Crosse,9.625,,,,Friday,21,2,2025
Grace Edwards,30840,UW-La Crosse,,,9.7,,Friday,21,2,2025
Grace Kehr,30840,UW-La Crosse,,,,9.75,Friday,21,2,2025
Gracie Talley,30840,UW-Whitewater,9.5,,,,Friday,21,2,2025
Hayden Gough,30840,UW-Whitewater,9.575,,,,Friday,21,2,2025
Hunter Matulka,30840,UW-La Crosse,,,9.75,,Friday,21,2,2025
Jessica Taylor,30840,UW-La Crosse,,,9.75,,Friday,21,2,2025
Kelsey Kollhoff,30840,UW-Whitewater,,9.675,9.775,,Friday,21,2,2025
Kyla Dickson,30840,UW-La Crosse,,9.5,9.575,9.55,Friday,21,2,2025
Lainey Vogt,30840,UW-La Crosse,,,,9.55,Friday,21,2,2025
Lauren Main,30840,UW-La Crosse,9.6,9.625,,,Friday,21,2,2025
Lucy Warren,30840,UW-La Crosse,,9.55,,,Friday,21,2,2025
Madalyn McCormick,30840,UW-La Crosse,,9.6,,,Friday,21,2,2025
Morgan Engels,30840,UW-La Crosse,9.65,,,,Friday,21,2,2025
Paige Breckwoldt,30840,UW-La Crosse,,,,9.8,Friday,21,2,2025
Paige Magel,30840,UW-Whitewater,9.6,9.675,,,Friday,21,2,2025
Raina Christenson,30840,UW-La Crosse,,9.775,,,Friday,21,2,2025
Sarah Best,30840,UW-La Crosse,9.5,,,9.45,Friday,21,2,2025
Sarah Pastore,30840,UW-La Crosse,,,,9.55,Friday,21,2,2025
Sophia Spadafora,30840,UW-Whitewater,,8.8,,,Friday,21,2,2025
Tegan Haberstock,30840,UW-Whitewater,,9.575,,,Friday,21,2,2025
Zoe Jenks-Recker,30840,UW-Whitewater,,,9.725,,Friday,21,2,2025
Aleah Finnegan,30842,LSU,,9.9,9.775,9.85,Friday,21,2,2025
Alexis Jeffrey,30842,LSU,9.825,,,,Friday,21,2,2025
Amari Drayton,30842,LSU,,,9.875,9.725,Friday,21,2,2025
Ashley Cowan,30842,LSU,9.875,,,,Friday,21,2,2025
Cecily Rizo,30842,Kentucky,9.775,,,9.725,Friday,21,2,2025
Chesney Bennett,30842,Kentucky,,9.75,,,Friday,21,2,2025
Creslyn Brose,30842,Kentucky,,9.925,9.95,,Friday,21,2,2025
Delaynee Rodriguez,30842,Kentucky,9.875,9.8,9.825,9.8,Friday,21,2,2025
Hailey Davis,30842,Kentucky,9.85,,9.925,,Friday,21,2,2025
Haleigh Bryant,30842,LSU,9.85,9.85,9.9,9.9,Friday,21,2,2025
Isabella Magnelli,30842,Kentucky,,9.95,9.875,9.925,Friday,21,2,2025
Isabella Rivelli,30842,Kentucky,9.75,,,,Friday,21,2,2025
Jillian Procasky,30842,Kentucky,9.8,,9.775,,Friday,21,2,2025
KJ Johnson,30842,LSU,,,,9.725,Friday,21,2,2025
Kailin Chio,30842,LSU,9.875,9.925,9.85,9.925,Friday,21,2,2025
Kaliya Lincoln,30842,LSU,,,9.875,9.8,Friday,21,2,2025
Konnor McClain,30842,LSU,9.85,9.825,,,Friday,21,2,2025
Kylie Coen,30842,LSU,,9.775,,,Friday,21,2,2025
Lexi Zeiss,30842,LSU,9.875,,,,Friday,21,2,2025
Makenzie Wilson,30842,Kentucky,,,,9.9,Friday,21,2,2025
Ryan Noonan,30842,Kentucky,,,,9.725,Friday,21,2,2025
Sharon Lee,30842,Kentucky,,9.75,,,Friday,21,2,2025
Sierra Ballard,30842,LSU,,9.85,9.825,,Friday,21,2,2025
Skylar Killough-Wilhelm,30842,Kentucky,9.85,9.9,9.85,9.825,Friday,21,2,2025
Adeline Kenlin,30844,Iowa,9.7,9.875,,,Friday,21,2,2025
Alexa Rothenbuescher,30844,Maryland,9.725,9.6,9.75,9.625,Friday,21,2,2025
Alyse Karenbauer,30844,Iowa,,,,9.775,Friday,21,2,2025
Aurelie Tran,30844,Iowa,9.85,8.675,9.775,9.8,Friday,21,2,2025
Avery Chambers,30844,Iowa,,,,9.725,Friday,21,2,2025
Cassie Lee,30844,Iowa,,9.5,,,Friday,21,2,2025
Emily Erb,30844,Iowa,,,9.775,,Friday,21,2,2025
Eva Volpe,30844,Iowa,,,,9.725,Friday,21,2,2025
Gianna Masella,30844,Iowa,9.7,,8.825,9.3,Friday,21,2,2025
Hailey Merchant,30844,Maryland,9.8,,,,Friday,21,2,2025
Haley Tyson,30844,Iowa,,9.55,9.325,,Friday,21,2,2025
Hanna Castillo,30844,Iowa,,,9.8,,Friday,21,2,2025
Ilka Juk,30844,Iowa,9.725,9.8,,,Friday,21,2,2025
Kaia Vanney,30844,Iowa,9.7,,,,Friday,21,2,2025
Karina Munoz,30844,Iowa,9.8,9.875,9.775,9.875,Friday,21,2,2025
Lauren Brendlinger,30844,Maryland,,9.725,9.775,,Friday,21,2,2025
Logan Buckmon,30844,Maryland,,,,9.725,Friday,21,2,2025
Maddie Komoroski,30844,Maryland,,9.9,9.875,,Friday,21,2,2025
Natalie Martin,30844,Maryland,,9.8,8.925,9.925,Friday,21,2,2025
Rayna Engelmayer,30844,Maryland,,9.45,,9.725,Friday,21,2,2025
Rhea Leblanc,30844,Maryland,9.775,,9.9,9.85,Friday,21,2,2025
Sarah Saville,30844,Maryland,9.775,,,,Friday,21,2,2025
Tasha Brozowski,30844,Maryland,9.675,,,,Friday,21,2,2025
Taylor Rech,30844,Maryland,,,9.85,9.85,Friday,21,2,2025
Victoria Gatzendorfer,30844,Maryland,9.65,9.75,,,Friday,21,2,2025
Abby Mueller,30846,Missouri,,9.85,,,Friday,21,2,2025
Addison Lawrence,30846,Missouri,9.9,9.875,,,Friday,21,2,2025
Ady Wahl,30846,Georgia,9.875,,9.75,9.9,Friday,21,2,2025
Amari Celestine,30846,Missouri,9.925,,9.95,9.9,Friday,21,2,2025
Amy Wier,30846,Missouri,,9.875,,,Friday,21,2,2025
Anaya Smith,30846,Georgia,,,,9.75,Friday,21,2,2025
Anya Turner,30846,Georgia,,9.975,,,Friday,21,2,2025
Brooke Gleichowski,30846,Georgia,,9.875,,,Friday,21,2,2025
Csenge Bacskay,30846,Georgia,9.85,,9.075,9.85,Friday,21,2,2025
Elise Tisler,30846,Missouri,,,9.925,,Friday,21,2,2025
Eryn Williams,30846,Georgia,,,9.85,,Friday,21,2,2025
Hannah Horton,30846,Missouri,9.85,,9.85,9.925,Friday,21,2,2025
Helen Hu,30846,Missouri,,9.975,,,Friday,21,2,2025
Holly Snyder,30846,Georgia,9.875,,9.9,,Friday,21,2,2025
Ja' Free Scott,30846,Georgia,9.925,9.875,,9.8,Friday,21,2,2025
Jocelyn Moore,30846,Missouri,,,,9.75,Friday,21,2,2025
Kaia Tanskanen,30846,Missouri,,,9.9,,Friday,21,2,2025
Kara Eaker,30846,Georgia,,9.925,,,Friday,21,2,2025
Kennedy Griffin,30846,Missouri,,,9.925,9.85,Friday,21,2,2025
Kyra Burns,30846,Missouri,9.775,,,,Friday,21,2,2025
Lily Smith,30846,Georgia,9.95,9.85,9.8,,Friday,21,2,2025
Mara Titarsolej,30846,Missouri,9.9,,,,Friday,21,2,2025
Naya Howard,30846,Georgia,,9.9,,9.75,Friday,21,2,2025
Nyla Aquino,30846,Georgia,,,9.925,9.8,Friday,21,2,2025
Olivia Kelly,30846,Missouri,9.85,9.7,,9.7,Friday,21,2,2025
Railey Jackson,30846,Missouri,,9.75,9.85,9.65,Friday,21,2,2025
Sadie Jane Berry,30846,Georgia,9.85,,,,Friday,21,2,2025
Ashley Knight,30848,North Carolina State,,9.825,9.85,9.825,Friday,21,2,2025
Ava Myers,30848,North Carolina State,9.825,,9.65,9.625,Friday,21,2,2025
Bella Miller,30848,North Carolina,,,9.6,,Friday,21,2,2025
Brooke Smead,30848,North Carolina State,,9.875,,,Friday,21,2,2025
Caroline Volk,30848,North Carolina State,9.85,,,,Friday,21,2,2025
Chloe Negrete,30848,North Carolina State,,9.975,9.9,9.85,Friday,21,2,2025
Claire Stippich,30848,North Carolina,9.85,,9.7,,Friday,21,2,2025
Elle Hadrick,30848,North Carolina State,9.875,,9.85,,Friday,21,2,2025
Gwen Fink,30848,North Carolina,9.8,9.075,,9.775,Friday,21,2,2025
Isabelle Schaefer,30848,North Carolina,9.825,,,,Friday,21,2,2025
Jessica Naranjo,30848,North Carolina,,9.875,9.825,,Friday,21,2,2025
JoJo Valahovic,30848,North Carolina,,9.95,9.875,9.875,Friday,21,2,2025
Julia Knower,30848,North Carolina,9.85,9.825,9.825,9.8,Friday,21,2,2025
Kailee Adomaites,30848,North Carolina State,9.75,,,,Friday,21,2,2025
Katie Harper,30848,North Carolina State,9.9,9.85,,,Friday,21,2,2025
Kaya Forbes,30848,North Carolina,,,9.825,9.9,Friday,21,2,2025
Krista Zultevicz,30848,North Carolina State,,,9.825,9.875,Friday,21,2,2025
Lali Dekanoidze,30848,North Carolina,9.925,,,9.825,Friday,21,2,2025
Lauren Wright,30848,North Carolina State,,,,9.775,Friday,21,2,2025
Meg Adler,30848,North Carolina State,,9.8,9.85,9.85,Friday,21,2,2025
Neve King,30848,North Carolina,9.75,9.25,,9.75,Friday,21,2,2025
Peyton Childs,30848,North Carolina State,9.8,9.75,,,Friday,21,2,2025
Regan McBride,30848,North Carolina,,9.125,,,Friday,21,2,2025
Abbie Thompson,30850,Denver,,9.85,,,Friday,21,2,2025
Amelie Morgan,30850,Utah,9.875,9.925,,,Friday,21,2,2025
Ashley Gallen,30850,Denver,,9.85,,,Friday,21,2,2025
Ashley Glynn,30850,Utah,9.95,,9.85,9.825,Friday,21,2,2025
Avery Neff,30850,Utah,9.85,9.9,,,Friday,21,2,2025
Bella Mabanta,30850,Denver,,,9.85,9.825,Friday,21,2,2025
Camie Winger,30850,Utah,,9.675,,9.875,Friday,21,2,2025
Cecilia Cooley,30850,Denver,9.925,9.875,9.875,,Friday,21,2,2025
Elizabeth Gantner,30850,Utah,,9.875,,,Friday,21,2,2025
Ella Zirbes,30850,Utah,9.775,,9.9,9.925,Friday,21,2,2025
Grace McCallum,30850,Utah,9.975,9.975,9.975,9.875,Friday,21,2,2025
Jaylene Gilstrap,30850,Utah,,,9.95,9.825,Friday,21,2,2025
Kiley Rorich,30850,Denver,9.875,,9.825,,Friday,21,2,2025
Maddison Reidenbach,30850,Denver,,,9.775,9.875,Friday,21,2,2025
Madison Ulrich,30850,Denver,9.95,9.875,9.875,9.85,Friday,21,2,2025
Makenna Smith,30850,Utah,9.9,9.9,9.925,9.85,Friday,21,2,2025
Mila Brusch,30850,Denver,,,9.825,9.8,Friday,21,2,2025
Momoko Iwai,30850,Denver,9.325,9.95,,,Friday,21,2,2025
Rosie Casali,30850,Denver,9.9,,,9.925,Friday,21,2,2025
Rylie Mundell,30850,Denver,9.875,9.725,,9.875,Friday,21,2,2025
Zoe Johnson,30850,Utah,,,9.525,,Friday,21,2,2025
Alyssa Vulaj,30852,Boise State,,9.85,9.8,9.825,Friday,21,2,2025
Angel Stuart,30852,Utah State,,,9.75,,Friday,21,2,2025
Avery Bibbey,30852,Utah State,9.8,,,,Friday,21,2,2025
Blake Pascal,30852,Boise State,,,9.85,,Friday,21,2,2025
Brianna Brooks,30852,Utah State,9.825,9.875,,9.75,Friday,21,2,2025
Bridget Kemp,30852,Boise State,,,9.825,9.75,Friday,21,2,2025
Carly Buell,30852,Boise State,9.725,,,,Friday,21,2,2025
Dani Kirstine,30852,Utah State,9.85,,,,Friday,21,2,2025
Dani Nakayma,30852,Boise State,,,,9.65,Friday,21,2,2025
Elaina McGovern,30852,Boise State,,,9.825,,Friday,21,2,2025
Emily Lopez,30852,Boise State,9.825,9.375,,9.8,Friday,21,2,2025
Emma Loyim,30852,Boise State,,9.825,9.85,,Friday,21,2,2025
Isabella Vater,30852,Utah State,,,9.875,,Friday,21,2,2025
Jenna Eagles,30852,Utah State,,9.8,9.875,,Friday,21,2,2025
Kaylie Medrano,30852,Utah State,,9.825,9.0,9.8,Friday,21,2,2025
Kristina Shchennikova,30852,Boise State,9.8,9.775,,,Friday,21,2,2025
Lundyn Vander Toolen,30852,Utah State,9.925,,,9.775,Friday,21,2,2025
Mahleea Werline,30852,Boise State,9.825,,,,Friday,21,2,2025
Mya Witte,30852,Utah State,,9.825,,9.7,Friday,21,2,2025
Noelle Ball,30852,Boise State,9.75,,,9.725,Friday,21,2,2025
Nyla Morabito,30852,Utah State,,,9.75,9.8,Friday,21,2,2025
Olivia Orengo,30852,Utah State,9.8,9.75,9.85,,Friday,21,2,2025
Payton Gatzlaff,30852,Utah State,,,,9.8,Friday,21,2,2025
Sydney Jelen,30852,Utah State,9.775,9.05,,,Friday,21,2,2025
Sydney Kho,30852,Boise State,,9.75,,9.75,Friday,21,2,2025
Sydney Leitch,30852,Boise State,8.45,9.775,8.9,,Friday,21,2,2025
Alex Irvine,30854,Auburn,9.925,,,,Friday,21,2,2025
Caroline Leonard,30854,Auburn,9.85,,,,Friday,21,2,2025
Chloe LaCoursiere,30854,Alabama,9.7,9.85,9.9,,Friday,21,2,2025
Corinne Bunagan,30854,Alabama,,9.875,,9.575,Friday,21,2,2025
Emma Grace Boyd,30854,Auburn,9.825,,,,Friday,21,2,2025
Gabby Gladieux,30854,Alabama,9.875,9.925,9.95,9.8,Friday,21,2,2025
Gabby McLaughlin,30854,Auburn,,9.85,9.875,,Friday,21,2,2025
Jamison Sears,30854,Alabama,,,,9.65,Friday,21,2,2025
Jordyn Paradise,30854,Alabama,,,,9.8,Friday,21,2,2025
Julianne Huff,30854,Auburn,,,,9.675,Friday,21,2,2025
Katelyn Jong,30854,Auburn,9.925,9.625,9.75,9.95,Friday,21,2,2025
Kylee Kvamme,30854,Alabama,,,,9.775,Friday,21,2,2025
Lilly Hudson,30854,Alabama,9.9,9.875,9.95,9.9,Friday,21,2,2025
Olivia Ahern,30854,Auburn,,9.9,,,Friday,21,2,2025
Olivia Greaves,30854,Auburn,9.725,9.85,9.875,,Friday,21,2,2025
Paige Zancan,30854,Auburn,,9.925,9.875,9.9,Friday,21,2,2025
Paityn Walker,30854,Alabama,9.875,,9.85,,Friday,21,2,2025
Rachel Rybicki,30854,Alabama,,9.85,9.9,,Friday,21,2,2025
Ryan Fuller,30854,Alabama,9.9,9.825,,,Friday,21,2,2025
Sara Hubbard,30854,Auburn,,,,9.875,Friday,21,2,2025
Sarah Zois,30854,Auburn,,,,9.875,Friday,21,2,2025
Shania Adams,30854,Alabama,9.9,,9.9,,Friday,21,2,2025
Sophia Bell,30854,Auburn,,,9.875,,Friday,21,2,2025
Sophia Groth,30854,Auburn,9.9,9.85,9.95,,Friday,21,2,2025
Sydney Schumaker,30854,Auburn,,,,9.9,Friday,21,2,2025
Abigayle Martin,30858,Arizona,9.8,9.825,9.825,9.825,Friday,21,2,2025
Ailey Kuehn,30858,S.E. Missouri,,9.0,,,Friday,21,2,2025
Alysen Fears,30858,Arizona,9.825,9.85,9.825,9.8,Friday,21,2,2025
Anna Lee Phillips,30858,S.E. Missouri,,,9.5,9.675,Friday,21,2,2025
Aubrey Krohnfeldt,30858,Arizona,9.775,,9.675,,Friday,21,2,2025
Ava Johnston,30858,S.E. Missouri,9.525,,,,Friday,21,2,2025
Cally Swaney,30858,Arkansas,9.825,,,,Friday,21,2,2025
Cami Weaver,30858,Arkansas,,9.225,,9.875,Friday,21,2,2025
Courtney Henry,30858,S.E. Missouri,8.9,,,,Friday,21,2,2025
Elena Deets,30858,Arizona,9.825,9.875,,,Friday,21,2,2025
Elizabeth Larusso,30858,Arizona,,,9.8,9.725,Friday,21,2,2025
Emily Mueller,30858,Arizona,9.75,9.875,8.9,9.8,Friday,21,2,2025
Emma Strom,30858,Arizona,,,9.825,9.85,Friday,21,2,2025
Francesca Caso,30858,Oregon State,9.775,,,,Friday,21,2,2025
Frankie Price,30858,Arkansas,,,9.825,9.9,Friday,21,2,2025
Gianna Lenczner,30858,Arizona,,9.725,,,Friday,21,2,2025
Grace Dexler,30858,Arkansas,,,,9.825,Friday,21,2,2025
Gracie Jones,30858,S.E. Missouri,9.6,,,,Friday,21,2,2025
Hailey Klein,30858,Arkansas,,,9.85,9.25,Friday,21,2,2025
Ja'Leigh Lang,30858,Arkansas,,,,9.875,Friday,21,2,2025
Jade Carey,30858,Oregon State,9.925,9.95,9.925,9.875,Friday,21,2,2025
Jaidan Kossuth,30858,S.E. Missouri,,9.65,,9.075,Friday,21,2,2025
Jennifer McMillan,30858,Oregon State,9.8,9.25,,,Friday,21,2,2025
Jordan Napolitano,30858,S.E. Missouri,,9.525,,9.6,Friday,21,2,2025
Joscelyn Roberson,30858,Arkansas,9.725,9.875,9.9,9.8,Friday,21,2,2025
Joselene Hernandez,30858,S.E. Missouri,,,,9.75,Friday,21,2,2025
Kailyn Hamilton,30858,S.E. Missouri,8.15,,9.65,,Friday,21,2,2025
Kaitlin Garcia,30858,Oregon State,,,9.8,9.925,Friday,21,2,2025
Kaitlyn Ewald,30858,Arkansas,9.825,,,,Friday,21,2,2025
Kalyxta Gamiao,30858,Arkansas,,9.875,9.875,,Friday,21,2,2025
Lauren Letzsch,30858,Oregon State,,9.775,,,Friday,21,2,2025
Leah Parton,30858,S.E. Missouri,,9.675,9.7,,Friday,21,2,2025
Maddie Jones,30858,Arkansas,9.9,9.0,9.825,,Friday,21,2,2025
Madison Greene,30858,S.E. Missouri,,,9.65,9.8,Friday,21,2,2025
Mati Waligora,30858,Arkansas,9.75,9.85,9.85,,Friday,21,2,2025
Natalie Briones,30858,Oregon State,9.85,,,9.825,Friday,21,2,2025
Nyah Reader,30858,S.E. Missouri,,9.725,,,Friday,21,2,2025
Olivia Buckner,30858,Oregon State,,9.8,,9.775,Friday,21,2,2025
Priscilla Park,30858,Arkansas,9.875,9.825,,,Friday,21,2,2025
Sage Thompson,30858,Oregon State,9.875,,9.825,9.825,Friday,21,2,2025
Savannah Miller,30858,Oregon State,,,9.575,,Friday,21,2,2025
Sophia Esposito,30858,Oregon State,,9.775,9.8,9.675,Friday,21,2,2025
Sophie Derr,30858,Arizona,9.75,,,9.775,Friday,21,2,2025
Sydney Crouch,30858,S.E. Missouri,9.35,,9.3,,Friday,21,2,2025
Sydney Gonzales,30858,Oregon State,,8.875,,,Friday,21,2,2025
Taylor DeVries,30858,Oregon State,9.725,,9.675,,Friday,21,2,2025
Taylor Ingle,30858,S.E. Missouri,9.775,9.7,9.8,9.8,Friday,21,2,2025
Tirzah Wise,30858,Arizona,,9.7,,,Friday,21,2,2025
Addison Fatta,30860,Oklahoma,9.875,9.875,9.925,,Friday,21,2,2025
Anya Pilgrim,30860,Florida,8.975,,,,Friday,21,2,2025
Audrey Davis,30860,Oklahoma,9.9,9.85,9.925,9.8,Friday,21,2,2025
Danie Ferris,30860,Florida,,,9.875,9.875,Friday,21,2,2025
Danielle Sievers,30860,Oklahoma,9.8,,,,Friday,21,2,2025
Elle Mueller,30860,Oklahoma,,,9.95,9.85,Friday,21,2,2025
Ellie Lazzari,30860,Florida,,,,9.8,Friday,21,2,2025
Faith Torrez,30860,Oklahoma,9.9,9.925,10.0,9.95,Friday,21,2,2025
Gabby Disidore,30860,Florida,,,,9.875,Friday,21,2,2025
Jordan Bowers,30860,Oklahoma,9.925,9.85,9.975,9.9,Friday,21,2,2025
Keira Wells,30860,Oklahoma,,9.875,,9.925,Friday,21,2,2025
Leanne Wong,30860,Florida,9.9,9.875,9.925,9.9,Friday,21,2,2025
Lily Pederson,30860,Oklahoma,9.825,9.875,9.925,9.85,Friday,21,2,2025
Ly Bui,30860,Florida,,9.25,,9.725,Friday,21,2,2025
Riley McCusker,30860,Florida,9.85,9.175,,,Friday,21,2,2025
Selena Harris-Miranda,30860,Florida,9.875,9.8,9.9,9.925,Friday,21,2,2025
Skye Blakely,30860,Florida,9.9,,,,Friday,21,2,2025
Skylar Draser,30860,Florida,9.75,9.825,,,Friday,21,2,2025
Sloane Blakely,30860,Florida,,,6.35,,Friday,21,2,2025
Taylor Clark,30860,Florida,,,9.775,,Friday,21,2,2025
Victoria Nguyen,30860,Florida,,9.875,9.875,,Friday,21,2,2025
Abby Chesshire,30862,Ithaca College,,,9.7,,Saturday,22,2,2025
Anna Lee Dobson,30862,Cortland State,,9.55,,9.525,Saturday,22,2,2025
Autumn Adkins,30862,Cortland State,9.675,,9.75,,Saturday,22,2,2025
Caitlin Pellegrino,30862,Ithaca College,,9.6,9.625,,Saturday,22,2,2025
Corey Foster,30862,Ithaca College,,8.875,9.8,,Saturday,22,2,2025
Emily Kobusky,30862,Ithaca College,,9.625,,,Saturday,22,2,2025
Gabrielle Nadler,30862,Cortland State,,,9.725,,Saturday,22,2,2025
Gianna Mirigliano,30862,Cortland State,,9.4,9.725,9.675,Saturday,22,2,2025
Grace Murray,30862,Ithaca College,,,9.65,9.7,Saturday,22,2,2025
Hana Miller,30862,Ithaca College,,,9.525,,Saturday,22,2,2025
Jessica Schmitz,30862,Ithaca College,,,,7.0,Saturday,22,2,2025
Jillian Freyman,30862,Ithaca College,,,9.65,,Saturday,22,2,2025
Kathryn McSweeney,30862,Cortland State,9.35,,9.775,,Saturday,22,2,2025
Kaylie Goodwin,30862,Ithaca College,9.4,9.25,,,Saturday,22,2,2025
Kiana Wong,30862,Cortland State,8.5,,,,Saturday,22,2,2025
Kyleigh Brown,30862,Cortland State,,,,9.575,Saturday,22,2,2025
Lauren Babineaux,30862,Ithaca College,9.675,,,9.25,Saturday,22,2,2025
Madelyn Farragher,30862,Ithaca College,,,,9.4,Saturday,22,2,2025
Marisa Frascatore,30862,Cortland State,,9.475,,,Saturday,22,2,2025
Marlena Bailey,30862,Ithaca College,9.325,,,,Saturday,22,2,2025
Mya John,30862,Ithaca College,9.475,9.625,,9.55,Saturday,22,2,2025
Natalie Steed,30862,Ithaca College,,9.525,,9.75,Saturday,22,2,2025
Nicole Lonski,30862,Ithaca College,9.65,,,,Saturday,22,2,2025
Ninabella English,30862,Cortland State,9.325,,,,Saturday,22,2,2025
Rianna Adams,30862,Cortland State,9.575,,,,Saturday,22,2,2025
Samantha Meadows,30862,Cortland State,,9.65,9.8,9.675,Saturday,22,2,2025
Sienna Blake,30862,Ithaca College,9.4,,,,Saturday,22,2,2025
Tayah Graham,30862,Cortland State,,8.8,,9.575,Saturday,22,2,2025
Taylor Goldstein,30862,Cortland State,9.375,,,,Saturday,22,2,2025
Tessa Sutton,30862,Cortland State,,8.85,9.7,9.5,Saturday,22,2,2025
Alana Laster,30864,Illinois State,,,9.875,9.825,Saturday,22,2,2025
Ally Lau,30864,Illinois State,,8.95,,,Saturday,22,2,2025
Amelia Knight,30864,Illinois,9.9,9.775,,,Saturday,22,2,2025
Arielle Ward,30864,Illinois,9.8,,,9.8,Saturday,22,2,2025
Caitlin McWilliams,30864,Washington,8.75,,9.825,9.75,Saturday,22,2,2025
Chelsea Hallinan,30864,Washington,,9.225,,,Saturday,22,2,2025
Chloe Cho,30864,Illinois,9.85,9.7,9.875,9.775,Saturday,22,2,2025
Eden King,30864,Illinois,,9.725,9.825,9.65,Saturday,22,2,2025
Emily Innes,30864,Washington,,9.7,9.925,9.8,Saturday,22,2,2025
Emmalise Nock,30864,Illinois,8.65,,9.9,,Saturday,22,2,2025
Jada Beswick,30864,Illinois State,8.8,,,,Saturday,22,2,2025
Jaly Jones,30864,Illinois State,9.55,9.725,9.775,,Saturday,22,2,2025
Jaye Mack,30864,Illinois State,,9.725,9.85,9.85,Saturday,22,2,2025
Kaitlyn Donovan,30864,Illinois State,,,9.75,9.625,Saturday,22,2,2025
Kennedy Brown,30864,Illinois,9.7,,9.775,,Saturday,22,2,2025
Kira Bolden,30864,Washington,9.45,,9.75,9.475,Saturday,22,2,2025
Kristin Lin,30864,Washington,9.675,9.75,,9.65,Saturday,22,2,2025
Leah Davis,30864,Illinois State,,9.625,,,Saturday,22,2,2025
Lex Mouyenga,30864,Washington,,,,9.675,Saturday,22,2,2025
Makayla Green,30864,Illinois,9.8,,,,Saturday,22,2,2025
Marly Esteves,30864,Illinois,,,9.3,,Saturday,22,2,2025
Mary McDonough,30864,Washington,9.85,9.6,9.925,9.8,Saturday,22,2,2025
Megan Sapp,30864,Illinois,,9.175,,,Saturday,22,2,2025
Micheala Gentry,30864,Illinois,,,,9.525,Saturday,22,2,2025
Mya Gordon,30864,Illinois,,,,9.65,Saturday,22,2,2025
Mya Robinson,30864,Illinois State,9.6,9.55,9.575,9.875,Saturday,22,2,2025
Olivia Coppola,30864,Illinois,,9.85,,9.775,Saturday,22,2,2025
Olivia Oppegard,30864,Washington,9.65,9.85,9.125,,Saturday,22,2,2025
Reese Grolla,30864,Illinois State,9.8,9.725,,,Saturday,22,2,2025
Ruthuja Nataraj,30864,Illinois,,9.875,,,Saturday,22,2,2025
Sammie Wolff,30864,Illinois State,,,,9.8,Saturday,22,2,2025
Sara Wabi,30864,Illinois State,9.7,,9.875,9.5,Saturday,22,2,2025
Savannah Ray,30864,Illinois State,9.675,,,,Saturday,22,2,2025
Tali Joelson,30864,Illinois,,,9.825,,Saturday,22,2,2025
Taylor Russon,30864,Washington,9.9,9.6,9.75,,Saturday,22,2,2025
Amy Doyle,30867,Michigan State,9.875,9.775,,9.85,Saturday,22,2,2025
Anna Pagliaro,30867,Rutgers,,9.75,,9.8,Saturday,22,2,2025
Avery Balser,30867,Rutgers,9.675,,,,Saturday,22,2,2025
Delaney Adrian,30867,Rutgers,9.85,9.3,9.875,9.75,Saturday,22,2,2025
Delanie Harkness,30867,Michigan State,9.85,,9.9,,Saturday,22,2,2025
Elia Aird,30867,Rutgers,,,9.8,9.8,Saturday,22,2,2025
Elliot Goldsmith,30867,Rutgers,9.775,,9.875,,Saturday,22,2,2025
Emma Misenheimer,30867,Michigan State,,,9.85,,Saturday,22,2,2025
Gabi Ortiz,30867,Michigan State,,,9.575,,Saturday,22,2,2025
Gabrielle Dildy,30867,Rutgers,,9.9,9.825,9.85,Saturday,22,2,2025
Gabrielle Stephen,30867,Michigan State,9.925,9.8,9.9,9.875,Saturday,22,2,2025
Giana Kalefe,30867,Michigan State,,9.95,,,Saturday,22,2,2025
Ginger Richards,30867,Rutgers,9.7,,,,Saturday,22,2,2025
Jackie Manifold,30867,Rutgers,,9.725,,,Saturday,22,2,2025
Keeley Smith,30867,Rutgers,9.8,,,,Saturday,22,2,2025
Lisa Chevaire,30867,Rutgers,,,9.725,9.775,Saturday,22,2,2025
MaKayla Tucker,30867,Michigan State,,,,9.85,Saturday,22,2,2025
Matis Rains,30867,Rutgers,,9.85,,,Saturday,22,2,2025
Maya Jones,30867,Rutgers,,,9.825,,Saturday,22,2,2025
Nikki Smith,30867,Michigan State,9.95,9.85,8.975,9.925,Saturday,22,2,2025
Olivia Zsarmani,30867,Michigan State,9.875,9.3,,9.95,Saturday,22,2,2025
Rachael Riley,30867,Rutgers,,9.875,,9.825,Saturday,22,2,2025
Reagan Schenkel,30867,Rutgers,9.8,,,,Saturday,22,2,2025
Sage Kellerman,30867,Michigan State,9.95,,,9.775,Saturday,22,2,2025
Skyla Schulte,30867,Michigan State,,9.925,9.925,,Saturday,22,2,2025
Allison Kaempfer,30869,Penn State,,,,9.825,Saturday,22,2,2025
Alyssa Kramer,30869,Penn State,,,9.875,,Saturday,22,2,2025
Ashley Maul,30869,Penn State,,9.8,9.725,,Saturday,22,2,2025
Cameron Smith,30869,Ohio State,,9.825,,9.85,Saturday,22,2,2025
Cassi Barbanente,30869,Penn State,9.875,,,,Saturday,22,2,2025
Dani Latronica,30869,Penn State,9.9,9.85,,,Saturday,22,2,2025
Elina Vihrova,30869,Penn State,,,9.475,9.85,Saturday,22,2,2025
Elizabeth Leary,30869,Penn State,9.775,9.7,9.775,9.85,Saturday,22,2,2025
Ellie Monahan,30869,Penn State,,,9.7,9.8,Saturday,22,2,2025
Gabrielle Gallentine,30869,Penn State,9.875,,,,Saturday,22,2,2025
Grace Walker,30869,Ohio State,9.675,9.625,,,Saturday,22,2,2025
Isabella Salcedo,30869,Penn State,,9.85,,,Saturday,22,2,2025
JJ Coleman,30869,Ohio State,9.275,9.85,9.925,9.875,Saturday,22,2,2025
Jojo Warga,30869,Ohio State,,9.725,,,Saturday,22,2,2025
Kaitlyn Grimes,30869,Ohio State,,,9.85,9.825,Saturday,22,2,2025
Kalea McElligott,30869,Penn State,9.225,9.8,9.825,9.75,Saturday,22,2,2025
Karleigh Reutzel,30869,Ohio State,9.825,,,9.85,Saturday,22,2,2025
Maddie Johnston,30869,Penn State,9.8,9.875,,9.9,Saturday,22,2,2025
Maisyn Rader,30869,Ohio State,9.6,,,,Saturday,22,2,2025
Mallory Gregory,30869,Ohio State,,,9.775,,Saturday,22,2,2025
Rylee Guevara,30869,Ohio State,,9.825,9.875,,Saturday,22,2,2025
Sidney Washington,30869,Ohio State,9.675,,9.8,9.775,Saturday,22,2,2025
Tory Vetter,30869,Ohio State,9.8,9.875,9.875,9.9,Saturday,22,2,2025
Aiyana Thomas,30871,Fisk,8.05,,,,Saturday,22,2,2025
Alessia Russo,30871,Greenville,9.4,9.625,,,Saturday,22,2,2025
Aliyah Reed-Hammon,30871,Fisk,,9.875,,9.65,Saturday,22,2,2025
Allie Berkley,30871,Fisk,,9.65,9.575,9.825,Saturday,22,2,2025
Amara Nelson,30871,Greenville,9.475,9.65,9.6,9.6,Saturday,22,2,2025
Ashlie Leage,30871,Greenville,9.8,9.6,9.65,9.375,Saturday,22,2,2025
Ciniah Rosby,30871,Fisk,9.575,9.75,9.6,9.55,Saturday,22,2,2025
Ellery Gilmer,30871,Greenville,,9.625,9.9,9.4,Saturday,22,2,2025
Elli Schnieders,30871,Greenville,8.65,,,9.075,Saturday,22,2,2025
Isabella Feltman,30871,Greenville,,9.525,9.475,9.625,Saturday,22,2,2025
Jada Reece,30871,Fisk,,,8.9,9.475,Saturday,22,2,2025
Kaylei McDonald,30871,Fisk,,8.65,9.65,,Saturday,22,2,2025
Kendall Guy,30871,Fisk,,,,9.4,Saturday,22,2,2025
Kiara Richmon,30871,Fisk,8.9,,,,Saturday,22,2,2025
Liberty Mora,30871,Fisk,,9.8,9.75,,Saturday,22,2,2025
Madison Carter,30871,Greenville,9.275,9.275,,,Saturday,22,2,2025
Morgan Price,30871,Fisk,9.825,9.85,9.925,9.9,Saturday,22,2,2025
Rachel Miller,30871,Greenville,,,9.825,9.625,Saturday,22,2,2025
Sydney Smith,30871,Fisk,9.525,,,,Saturday,22,2,2025
Taylor Templin,30871,Greenville,,,9.7,,Saturday,22,2,2025
Valeria Arraiz,30871,Greenville,7.45,,,,Saturday,22,2,2025
Zyia Coleman,30871,Fisk,9.275,,,,Saturday,22,2,2025
Ava Stewart,30873,Minnesota,9.925,9.9,,9.675,Saturday,22,2,2025
Ayzhia Hall,30873,Nebraska,,9.875,,,Saturday,22,2,2025
Brooklyn Rowray,30873,Minnesota,,9.65,,,Saturday,22,2,2025
Emalee Frost,30873,Nebraska,9.575,,,,Saturday,22,2,2025
Emily Koch,30873,Minnesota,,9.85,9.9,,Saturday,22,2,2025
Emma Simpton,30873,Nebraska,9.775,9.9,,,Saturday,22,2,2025
Emma Spence,30873,Nebraska,9.9,9.825,9.875,9.85,Saturday,22,2,2025
Halle Rourke,30873,Nebraska,,,9.85,,Saturday,22,2,2025
Isabel Sikon,30873,Nebraska,9.8,9.775,,9.875,Saturday,22,2,2025
Jenna Sartoretto,30873,Nebraska,,,,9.675,Saturday,22,2,2025
Jordyn Lyden,30873,Minnesota,9.875,9.9,,,Saturday,22,2,2025
Katie Kuenemann,30873,Nebraska,,,,9.675,Saturday,22,2,2025
Lauren Homecillo,30873,Nebraska,,,9.725,,Saturday,22,2,2025
Lauren Pearl,30873,Minnesota,,9.8,9.875,9.75,Saturday,22,2,2025
Leah Gonsiorowski,30873,Minnesota,,,9.8,,Saturday,22,2,2025
Marissa Jencks,30873,Minnesota,9.775,,9.825,,Saturday,22,2,2025
McCauley Harrington,30873,Minnesota,9.825,,,,Saturday,22,2,2025
Megan Steensland,30873,Minnesota,,,9.8,9.8,Saturday,22,2,2025
Mya Hooten,30873,Minnesota,9.95,,9.925,9.85,Saturday,22,2,2025
Reese Baechle,30873,Nebraska,,,9.75,,Saturday,22,2,2025
Sarah Moraw,30873,Minnesota,,9.875,,9.75,Saturday,22,2,2025
Sophia McClelland,30873,Nebraska,9.775,9.875,9.925,9.75,Saturday,22,2,2025
Teryn Crump,30873,Minnesota,9.85,,,9.85,Saturday,22,2,2025
Whitney Jencks,30873,Nebraska,9.875,9.775,9.775,9.8,Saturday,22,2,2025
Alaina Reid,30875,Texas Woman's,9.75,,,,Saturday,22,2,2025
Amy Foret,30875,Centenary College,,9.575,9.525,9.375,Saturday,22,2,2025
Anna Ichiba,30875,Centenary College,,8.725,,,Saturday,22,2,2025
Bailey Bourgeois,30875,Texas Woman's,9.675,,9.7,,Saturday,22,2,2025
Bailey Upton,30875,Texas Woman's,,9.775,9.7,9.675,Saturday,22,2,2025
Brooke Ferrari,30875,Texas Woman's,9.775,,,,Saturday,22,2,2025
Brooke Murdock,30875,Centenary College,,9.0,9.425,,Saturday,22,2,2025
Cecelia Paredes,30875,Centenary College,,,9.575,,Saturday,22,2,2025
Chloe Gilbert,30875,Centenary College,,9.55,,9.4,Saturday,22,2,2025
Claire Flores,30875,Centenary College,9.775,,9.3,9.55,Saturday,22,2,2025
Emma Brkljacic,30875,Texas Woman's,,9.6,,,Saturday,22,2,2025
Emma Lavelle,30875,Centenary College,9.5,9.6,9.325,,Saturday,22,2,2025
Erin Pinder,30875,Centenary College,9.6,,,,Saturday,22,2,2025
Hayden Cagle,30875,Centenary College,,,,9.375,Saturday,22,2,2025
Kaitlyn Hoiland,30875,Texas Woman's,9.85,9.8,,9.125,Saturday,22,2,2025
Kami Zarlengo,30875,Texas Woman's,9.2,,9.525,,Saturday,22,2,2025
Lainey Hunt,30875,Texas Woman's,8.425,,,,Saturday,22,2,2025
Maddy Murphy,30875,Texas Woman's,,,,9.6,Saturday,22,2,2025
Molly English,30875,Centenary College,,,,9.35,Saturday,22,2,2025
Olivia Stratmann,30875,Centenary College,7.85,,,,Saturday,22,2,2025
Olivia Williams,30875,Centenary College,9.25,,9.65,,Saturday,22,2,2025
Sophia Isbell,30875,Texas Woman's,,8.925,9.6,9.7,Saturday,22,2,2025
Sophie Hernandez,30875,Texas Woman's,,9.6,9.75,,Saturday,22,2,2025
Sophie Schmitz,30875,Centenary College,9.675,8.925,,8.975,Saturday,22,2,2025
Steelie King,30875,Texas Woman's,,9.825,8.75,9.6,Saturday,22,2,2025
Trinity Caffey,30875,Texas Woman's,,,,9.775,Saturday,22,2,2025
Addy Rothstein,30877,Cornell,9.6,,9.775,9.6,Sunday,23,2,2025
Alisha Werlen,30877,Pennsylvania,,9.75,9.775,,Sunday,23,2,2025
Ava Schenck-Davis,30877,Cornell,9.425,,,,Sunday,23,2,2025
Avery Walters,30877,Brown,9.75,9.875,9.85,,Sunday,23,2,2025
Cami Whitaker,30877,Cornell,,,9.775,9.525,Sunday,23,2,2025
Carly Oniki,30877,Pennsylvania,9.55,,,,Sunday,23,2,2025
Chloe DeJoy,30877,Yale,9.75,,9.85,,Sunday,23,2,2025
Dahlia Jhaveri,30877,Cornell,9.725,,,9.525,Sunday,23,2,2025
Daisy Fallon,30877,Brown,9.625,,9.625,,Sunday,23,2,2025
Ella Tashjian,30877,Yale,,9.85,9.775,9.6,Sunday,23,2,2025
Ellie Kearns,30877,Yale,9.675,9.75,9.75,,Sunday,23,2,2025
Emily Ford,30877,Brown,8.05,9.9,,,Sunday,23,2,2025
Emma Davies,30877,Pennsylvania,,,9.75,,Sunday,23,2,2025
Evangeline Chu,30877,Yale,,9.725,,,Sunday,23,2,2025
Gabby Mautner,30877,Brown,,,,9.675,Sunday,23,2,2025
Gianna Martoccia,30877,Brown,,9.175,,9.425,Sunday,23,2,2025
Gigi Sabatini,30877,Yale,,9.75,9.85,9.625,Sunday,23,2,2025
Hailey Kriz,30877,Yale,9.6,9.875,,,Sunday,23,2,2025
Hana Strause,30877,Yale,,9.725,9.775,9.5,Sunday,23,2,2025
Jessica Lin,30877,Brown,,9.8,,9.45,Sunday,23,2,2025
Jordan Barrow,30877,Pennsylvania,9.45,9.775,,9.875,Sunday,23,2,2025
Josie Moylan,30877,Cornell,,,9.8,,Sunday,23,2,2025
Julia Bedell,30877,Brown,,,9.775,9.65,Sunday,23,2,2025
Kate Michelini,30877,Cornell,,9.725,9.725,,Sunday,23,2,2025
Lauren Burt,30877,Yale,,,,9.725,Sunday,23,2,2025
Lauren Holt,30877,Yale,9.7,,,,Sunday,23,2,2025
Lauren Luu,30877,Yale,9.8,,,,Sunday,23,2,2025
Lily Aucoin,30877,Yale,9.775,,,9.325,Sunday,23,2,2025
Lindsay Van Eyk,30877,Brown,,9.825,,,Sunday,23,2,2025
Liza Marcus,30877,Brown,9.7,9.775,9.85,,Sunday,23,2,2025
Manama Fofana,30877,Pennsylvania,,,9.85,9.75,Sunday,23,2,2025
Marissa Lassiter,30877,Pennsylvania,9.725,9.675,9.8,9.5,Sunday,23,2,2025
Maya Davis,30877,Brown,9.7,,9.9,,Sunday,23,2,2025
Megan Brueck,30877,Yale,,,9.7,9.675,Sunday,23,2,2025
Michaela DeFranscisco,30877,Cornell,,,9.8,9.575,Sunday,23,2,2025
Mikayla Burton,30877,Cornell,,9.825,,,Sunday,23,2,2025
Mimi Fletcher,30877,Pennsylvania,,9.85,,,Sunday,23,2,2025
Morgen Shambo,30877,Cornell,8.8,9.275,,,Sunday,23,2,2025
Natalia Tehrani,30877,Cornell,9.45,9.7,,,Sunday,23,2,2025
Olivia Vanhorn,30877,Pennsylvania,,,,9.7,Sunday,23,2,2025
Samantha Wu,30877,Pennsylvania,,9.8,,,Sunday,23,2,2025
Sarah Goetter,30877,Cornell,,,,9.7,Sunday,23,2,2025
Savanna Kokaly,30877,Cornell,,9.65,,,Sunday,23,2,2025
Sienna Zuccaro,30877,Pennsylvania,,,,9.575,Sunday,23,2,2025
Skyelar Kerico,30877,Pennsylvania,9.875,9.75,9.825,9.825,Sunday,23,2,2025
Sophia Dewar,30877,Brown,9.725,,9.725,9.7,Sunday,23,2,2025
Sophia Paris,30877,Pennsylvania,9.7,,,,Sunday,23,2,2025
Sydney Beers,30877,Cornell,8.725,9.75,9.875,9.8,Sunday,23,2,2025
Umi El Mammann,30877,Brown,,,,9.55,Sunday,23,2,2025
Zara Gazdak,30877,Pennsylvania,9.75,,9.875,,Sunday,23,2,2025
Alyssa Guns,30881,Kent State,,9.8,9.825,,Sunday,23,2,2025
Ariana Light,30881,Central Michigan,,9.775,,,Sunday,23,2,2025
Ashley Morgan,30881,Kent State,,9.8,,,Sunday,23,2,2025
Ava Wellmeier,30881,Central Michigan,,,9.85,9.85,Sunday,23,2,2025
Avah Bootz,30881,Central Michigan,,,9.675,9.875,Sunday,23,2,2025
Avery Compson,30881,Kent State,,,,9.45,Sunday,23,2,2025
Brynne Tsipis,30881,Kent State,9.8,,,,Sunday,23,2,2025
Charlie Behner,30881,Kent State,9.725,,9.725,9.825,Sunday,23,2,2025
Emma Masse,30881,Kent State,,,9.775,,Sunday,23,2,2025
Gabby Riley,30881,Kent State,,9.775,9.775,9.775,Sunday,23,2,2025
Gabrielle Johnson,30881,Central Michigan,9.675,,,,Sunday,23,2,2025
Hannah Appleget,30881,Central Michigan,9.825,9.85,9.775,,Sunday,23,2,2025
Heidi Schultz,30881,Kent State,8.1,9.825,,,Sunday,23,2,2025
Isabella Marques,30881,Kent State,9.725,,,,Sunday,23,2,2025
Jersey Bingman,30881,Kent State,,,9.825,,Sunday,23,2,2025
Kaitlyn Schwab,30881,Central Michigan,9.225,,,,Sunday,23,2,2025
Lia Kmieciak,30881,Central Michigan,9.775,,,9.775,Sunday,23,2,2025
Luciana Alvarado-Reid,30881,Central Michigan,9.825,9.85,9.85,9.675,Sunday,23,2,2025
Mya Migliore,30881,Kent State,,,,9.75,Sunday,23,2,2025
Nastia Rudnitskaya,30881,Kent State,9.825,,,9.75,Sunday,23,2,2025
Nene Alvine,30881,Kent State,9.1,9.875,9.875,9.925,Sunday,23,2,2025
Quinn Skrupa,30881,Central Michigan,,9.0,9.8,9.575,Sunday,23,2,2025
Samantha Shannon,30881,Central Michigan,8.675,9.825,,9.6,Sunday,23,2,2025
Zoe Rankin,30881,Kent State,,9.2,,,Sunday,23,2,2025
Zoe Zimmerman,30881,Central Michigan,,,9.825,,Sunday,23,2,2025
Zoie Pelfrey,30881,Central Michigan,,9.8,,,Sunday,23,2,2025
Aine Reade,30883,New Hampshire,8.975,9.775,9.8,9.8,Sunday,23,2,2025
Anne Challman,30883,New Hampshire,,9.825,9.825,,Sunday,23,2,2025
Brooke Izzo,30883,George Washington,,9.85,9.75,9.75,Sunday,23,2,2025
Deana Sheremeta,30883,George Washington,9.825,9.675,,,Sunday,23,2,2025
Delaney DeHaan,30883,George Washington,9.725,9.1,9.85,9.875,Sunday,23,2,2025
Gracy Mowers,30883,New Hampshire,,,9.775,9.8,Sunday,23,2,2025
Gwen Ockerbloom,30883,New Hampshire,,9.825,,9.6,Sunday,23,2,2025
Julia Before,30883,New Hampshire,9.65,,,,Sunday,23,2,2025
Kasey Burke,30883,George Washington,,,9.675,9.7,Sunday,23,2,2025
Kendall Whitman,30883,George Washington,,9.875,9.875,9.75,Sunday,23,2,2025
Kylie Kazmierski,30883,George Washington,,,9.725,,Sunday,23,2,2025
Leah Moreno,30883,New Hampshire,9.625,,,9.775,Sunday,23,2,2025
Lola Montevago,30883,George Washington,9.825,9.85,9.45,,Sunday,23,2,2025
Mady Harvey,30883,New Hampshire,,9.6,,,Sunday,23,2,2025
Maya Peters,30883,George Washington,,9.6,,,Sunday,23,2,2025
McCall McMullen,30883,New Hampshire,,9.025,9.65,9.725,Sunday,23,2,2025
Rachel Katz,30883,George Washington,9.725,,,9.775,Sunday,23,2,2025
Serena Mullin,30883,New Hampshire,9.75,9.85,9.8,9.55,Sunday,23,2,2025
Sophia Tyeryar,30883,George Washington,9.65,,,,Sunday,23,2,2025
Stacy Boss,30883,New Hampshire,,,9.65,,Sunday,23,2,2025
Summer Simpkins,30883,New Hampshire,8.875,,,,Sunday,23,2,2025
Zoe Arthur,30883,New Hampshire,9.775,,,,Sunday,23,2,2025
Zoe Safran,30883,George Washington,9.075,,,9.575,Sunday,23,2,2025
Aaliyah Krause,30885,Rhode Island College,9.475,9.725,9.75,9.625,Sunday,23,2,2025
Abby Royer,30885,Southern Conn.,,,9.65,,Sunday,23,2,2025
Abigail Bunch,30885,Rhode Island College,9.375,9.55,,,Sunday,23,2,2025
Alexa Graziano,30885,Rhode Island College,9.35,,,,Sunday,23,2,2025
Alexa Melanson,30885,Southern Conn.,,9.775,,,Sunday,23,2,2025
Angel Lee,30885,Southern Conn.,,9.675,,,Sunday,23,2,2025
Angelina Stanfa,30885,Southern Conn.,,9.775,,,Sunday,23,2,2025
Ava Kelly,30885,Southern Conn.,,,9.7,9.75,Sunday,23,2,2025
Ava Kelly,30885,Springfield College,,9.0,,,Sunday,23,2,2025
Ayako Maeda,30885,Springfield College,9.15,,,,Sunday,23,2,2025
Brenna Johnson,30885,Springfield College,,9.2,,,Sunday,23,2,2025
Brianna Cassin,30885,Springfield College,,,,9.25,Sunday,23,2,2025
Brianna Dorr,30885,Southern Conn.,,,,9.675,Sunday,23,2,2025
Carson Ann Whitt,30885,Rhode Island College,,,9.7,,Sunday,23,2,2025
Claire Geiger,30885,Springfield College,8.55,,9.45,9.35,Sunday,23,2,2025
Delaney LaViolette,30885,Springfield College,,,9.6,9.25,Sunday,23,2,2025
Dominique Harris,30885,Rhode Island College,,,9.7,,Sunday,23,2,2025
Elsie Gardiner,30885,Springfield College,8.4,,9.675,,Sunday,23,2,2025
Emiley Kahl,30885,Southern Conn.,,9.05,,,Sunday,23,2,2025
Emma Tucker,30885,Rhode Island College,,9.8,9.8,9.65,Sunday,23,2,2025
Erica Beyer,30885,Southern Conn.,,,9.6,,Sunday,23,2,2025
Gabriela Dinisoe,30885,Southern Conn.,9.375,9.2,,,Sunday,23,2,2025
Grace Christensen,30885,Southern Conn.,9.025,,,,Sunday,23,2,2025
Haley Fitzgerald,30885,Southern Conn.,,,9.525,9.55,Sunday,23,2,2025
Hanna Zebdi,30885,Southern Conn.,,,9.525,9.55,Sunday,23,2,2025
Ivy Jimenez,30885,Rhode Island College,,9.675,,9.525,Sunday,23,2,2025
Julia Reer,30885,Springfield College,,,9.675,,Sunday,23,2,2025
Kylie Sitty,30885,Southern Conn.,9.0,,,,Sunday,23,2,2025
Lexi Bracher,30885,Southern Conn.,,,,9.675,Sunday,23,2,2025
Libby Allen,30885,Southern Conn.,,9.675,9.8,9.7,Sunday,23,2,2025
Madeline Brandt,30885,Rhode Island College,,9.775,9.55,,Sunday,23,2,2025
Maya Belog,30885,Springfield College,,9.475,,,Sunday,23,2,2025
Molly Pompeii,30885,Rhode Island College,,,,9.65,Sunday,23,2,2025
Olivia Keyes,30885,Rhode Island College,9.6,9.65,9.825,9.45,Sunday,23,2,2025
Payton Greene,30885,Rhode Island College,9.15,,,9.675,Sunday,23,2,2025
Payton Smith,30885,Rhode Island College,9.4,,,,Sunday,23,2,2025
Reagan Charlton,30885,Springfield College,8.85,9.675,,9.475,Sunday,23,2,2025
Sage Kaplan,30885,Springfield College,7.5,9.775,9.55,9.475,Sunday,23,2,2025
Sarah Brownstein,30885,Springfield College,9.25,,,,Sunday,23,2,2025
Sarah Ortiz,30885,Southern Conn.,8.8,,,,Sunday,23,2,2025
Scarlette Ayakawa,30885,Springfield College,,9.6,,,Sunday,23,2,2025
Shreya Munshi,30885,Southern Conn.,9.225,,,,Sunday,23,2,2025
Stacy Taylor,30885,Springfield College,,,9.575,9.55,Sunday,23,2,2025
Zoe Axell,30885,Southern Conn.,9.25,,,,Sunday,23,2,2025
Abigail Kenney,30888,Bridgeport,9.7,9.75,9.725,9.65,Sunday,23,2,2025
Adrenne Roth,30888,Ursinus College,,8.875,,,Sunday,23,2,2025
Arianna Ellis,30888,Ursinus College,,9.55,9.625,,Sunday,23,2,2025
Ashley Ruedy,30888,William & Mary,,,9.425,,Sunday,23,2,2025
Brianna Duffy,30888,Ursinus College,9.0,,,,Sunday,23,2,2025
Bridget Sullivan,30888,West Chester,,,9.6,9.6,Sunday,23,2,2025
Brynn Vetrano,30888,William & Mary,,,9.225,,Sunday,23,2,2025
Caroline Blatchford,30888,William & Mary,9.75,9.725,,8.6,Sunday,23,2,2025
Caroline Cascadden,30888,West Chester,,9.775,,,Sunday,23,2,2025
Catherine Bare,30888,William & Mary,9.55,,,,Sunday,23,2,2025
Catherine Keener,30888,West Chester,,9.0,9.45,,Sunday,23,2,2025
Corinne Gruber,30888,West Chester,,,9.525,9.55,Sunday,23,2,2025
Emily Hernandez,30888,Bridgeport,9.55,8.75,,9.725,Sunday,23,2,2025
Erin Roe,30888,Ursinus College,8.725,9.725,9.425,9.75,Sunday,23,2,2025
Erin Stubbs,30888,Ursinus College,,9.725,,9.575,Sunday,23,2,2025
Gracie Walker,30888,Bridgeport,,,,9.7,Sunday,23,2,2025
Hannah Barry,30888,Bridgeport,,9.5,,,Sunday,23,2,2025
Hannah Burke,30888,William & Mary,,,9.6,9.475,Sunday,23,2,2025
Isabella Scarpetti,30888,Ursinus College,,,9.4,,Sunday,23,2,2025
Jordan Coleman,30888,West Chester,8.95,,,9.575,Sunday,23,2,2025
Karah Vargo,30888,West Chester,9.05,,,9.5,Sunday,23,2,2025
Kylie Ruggiero,30888,Ursinus College,9.55,,,,Sunday,23,2,2025
Lauren Coleman,30888,Ursinus College,9.45,,,,Sunday,23,2,2025
LeeLee Sanders,30888,Ursinus College,8.75,,,,Sunday,23,2,2025
Lily McFarland,30888,West Chester,,9.825,9.7,,Sunday,23,2,2025
Lola Sepulveda,30888,Bridgeport,,,9.65,9.7,Sunday,23,2,2025
Lucy Warburton,30888,Ursinus College,8.725,9.625,9.5,,Sunday,23,2,2025
Lydia Stoner,30888,West Chester,,9.5,9.55,,Sunday,23,2,2025
Macarthy Keane,30888,West Chester,9.2,,,9.625,Sunday,23,2,2025
Madeline Frazier,30888,William & Mary,,9.7,,,Sunday,23,2,2025
Madelyn Viles,30888,Bridgeport,,8.6,9.725,,Sunday,23,2,2025
Madison Zimmerman,30888,Ursinus College,,9.725,,9.45,Sunday,23,2,2025
Margaret Coyle,30888,Bridgeport,,,9.7,,Sunday,23,2,2025
Megan Matteucci,30888,Ursinus College,,,9.6,9.375,Sunday,23,2,2025
Melanie Faulkner,30888,William & Mary,,9.7,,,Sunday,23,2,2025
Melina Ringas,30888,West Chester,9.575,,,,Sunday,23,2,2025
Melissa Gao,30888,William & Mary,9.4,9.75,,9.65,Sunday,23,2,2025
Michaela Duffy,30888,Ursinus College,,,,9.625,Sunday,23,2,2025
Michelle Ngo,30888,William & Mary,9.325,9.775,9.75,,Sunday,23,2,2025
Natalie Marshall,30888,West Chester,,9.8,9.425,,Sunday,23,2,2025
Nicole Pujals,30888,Bridgeport,9.325,,,,Sunday,23,2,2025
Nova Staruk,30888,Bridgeport,,,9.7,9.825,Sunday,23,2,2025
Olivia Imbarlina,30888,Bridgeport,9.425,9.725,,,Sunday,23,2,2025
Rae Solis,30888,Bridgeport,9.25,,,,Sunday,23,2,2025
Rylee Harada,30888,West Chester,9.2,,,9.575,Sunday,23,2,2025
Sally Wood,30888,William & Mary,,,9.45,9.575,Sunday,23,2,2025
Samantha Burd,30888,William & Mary,,,,9.675,Sunday,23,2,2025
Samantha Krenzel,30888,Bridgeport,,9.6,,,Sunday,23,2,2025
Samantha Nokes,30888,Bridgeport,9.55,,,,Sunday,23,2,2025
Sarah Kuper,30888,William & Mary,9.525,9.625,,9.675,Sunday,23,2,2025
Sarah Wozniak,30888,William & Mary,9.45,,,,Sunday,23,2,2025
Sidney Schreiber,30888,Ursinus College,,,9.45,9.75,Sunday,23,2,2025
Skyler Vulchev,30888,Bridgeport,,,9.625,,Sunday,23,2,2025
Summer Penzi,30888,William & Mary,,,9.475,,Sunday,23,2,2025
Tamyra Singletary,30888,Bridgeport,,,,9.725,Sunday,23,2,2025
Tatum McGuinn,30888,West Chester,8.5,9.55,,,Sunday,23,2,2025
Alana Anderson,30892,Northern Illinois,9.5,,9.675,,Sunday,23,2,2025
Alayna Fern,30892,UW-Whitewater,,,,9.75,Sunday,23,2,2025
Aliyah Kelly,30892,Northern Illinois,9.8,9.675,,,Sunday,23,2,2025
Ally Schaupp,30892,Western Michigan,,,9.85,,Sunday,23,2,2025
Ariana Goodwin,30892,UW-Whitewater,9.8,,9.55,,Sunday,23,2,2025
Ashnaya Gupta,30892,UW-Whitewater,,9.625,,,Sunday,23,2,2025
Audrey Brenner,30892,Northern Illinois,,,,9.7,Sunday,23,2,2025
Ava Pesch,30892,UW-Whitewater,9.675,,,9.675,Sunday,23,2,2025
Brianna Balian,30892,UW-Whitewater,,,,9.7,Sunday,23,2,2025
Brooke Gelesko,30892,Western Michigan,,,,9.775,Sunday,23,2,2025
Cassie St. Clair,30892,Western Michigan,,,9.9,9.85,Sunday,23,2,2025
Chloe Hammond,30892,UW-Whitewater,,9.125,,,Sunday,23,2,2025
Dawsyn Sallee,30892,Northern Illinois,,9.725,9.725,9.775,Sunday,23,2,2025
DonnaKathryn Roy,30892,Western Michigan,9.825,,9.85,9.7,Sunday,23,2,2025
Drake White,30892,Northern Illinois,9.7,,9.4,9.85,Sunday,23,2,2025
Elaine Copeland,30892,UW-Whitewater,9.0,,9.775,9.7,Sunday,23,2,2025
Ellery Werner,30892,Northern Illinois,,9.775,,,Sunday,23,2,2025
Gigi Singh,30892,Western Michigan,,9.525,,,Sunday,23,2,2025
Gracie Talley,30892,UW-Whitewater,9.75,,,,Sunday,23,2,2025
Halle Faulkner,30892,Western Michigan,,,,9.85,Sunday,23,2,2025
Hannah Milton,30892,Western Michigan,,9.4,9.875,9.775,Sunday,23,2,2025
Isabella Ross,30892,Northern Illinois,,9.725,9.75,,Sunday,23,2,2025
Jocelyn Harbeck,30892,Northern Illinois,,,,9.75,Sunday,23,2,2025
Julie Korfhage,30892,Western Michigan,9.875,9.075,,,Sunday,23,2,2025
Kate Ferguson,30892,Northern Illinois,9.8,,,,Sunday,23,2,2025
Kelsey Kollhoff,30892,UW-Whitewater,9.85,9.75,9.775,,Sunday,23,2,2025
Kennedy Cooper,30892,Western Michigan,,,9.825,,Sunday,23,2,2025
Kiera O'Shea,30892,Northern Illinois,9.725,9.45,9.725,9.9,Sunday,23,2,2025
Makenna King,30892,Western Michigan,9.8,,,,Sunday,23,2,2025
Maliyah Pound,30892,UW-Whitewater,,,,9.65,Sunday,23,2,2025
Molly Freeman,30892,Western Michigan,9.85,,,,Sunday,23,2,2025
Natalia Kraus,30892,Northern Illinois,8.9,,,,Sunday,23,2,2025
Paige Magel,30892,UW-Whitewater,9.8,8.45,9.55,,Sunday,23,2,2025
Reese Samuelson,30892,Western Michigan,9.85,9.75,,,Sunday,23,2,2025
Reilan Garvey,30892,Western Michigan,9.875,9.825,9.8,9.7,Sunday,23,2,2025
Samantha Nickle,30892,Northern Illinois,,9.25,9.7,9.725,Sunday,23,2,2025
Sophia Spadafora,30892,UW-Whitewater,,9.6,,9.575,Sunday,23,2,2025
Tegan Haberstock,30892,UW-Whitewater,,9.55,9.65,,Sunday,23,2,2025
Tricia Mills,30892,Western Michigan,,9.275,,,Sunday,23,2,2025
Zoe Jenks-Recker,30892,UW-Whitewater,,,9.65,,Sunday,23,2,2025
Alyssa Manley,30894,Alaska,9.1,,,,Sunday,23,2,2025
Ariana DeSouza,30894,Alaska,,,9.85,,Sunday,23,2,2025
Athena Jones,30894,Sacramento State,9.75,9.775,9.9,,Sunday,23,2,2025
Avery Tillmanns,30894,Alaska,9.525,,,,Sunday,23,2,2025
Breeann Spain,30894,Alaska,,9.2,9.65,,Sunday,23,2,2025
Claudia Lessig,30894,Alaska,9.725,9.8,,9.325,Sunday,23,2,2025
Emma Morgenthaler,30894,Sacramento State,9.75,9.8,9.875,9.725,Sunday,23,2,2025
Grace Costello,30894,Alaska,,9.725,9.8,9.5,Sunday,23,2,2025
Grace Gilman,30894,Sacramento State,,9.625,9.75,9.65,Sunday,23,2,2025
Hannah Boyd,30894,Alaska,,9.6,9.8,9.7,Sunday,23,2,2025
Hannah Sitzman,30894,Sacramento State,9.8,,,,Sunday,23,2,2025
Jada Niles,30894,Alaska,9.65,,,,Sunday,23,2,2025
Jamilia Duffus,30894,Alaska,9.3,,,9.7,Sunday,23,2,2025
Kaitlyn Driessen,30894,Sacramento State,,9.775,,9.625,Sunday,23,2,2025
Kara Houghton,30894,Sacramento State,8.925,9.75,9.725,,Sunday,23,2,2025
Madelyn Gomez,30894,Alaska,9.75,,9.675,,Sunday,23,2,2025
Maliyah James,30894,Sacramento State,9.125,,,,Sunday,23,2,2025
Marcela Bonifasi,30894,Alaska,,9.25,,,Sunday,23,2,2025
Maribelle Albert,30894,Alaska,,,,9.65,Sunday,23,2,2025
Montana Fairbairn,30894,Alaska,,9.675,9.9,9.725,Sunday,23,2,2025
Rylin Zimmerman,30894,Sacramento State,,,,9.775,Sunday,23,2,2025
Sarah Lutrel,30894,Sacramento State,9.6,9.775,9.8,9.8,Sunday,23,2,2025
Simone Dumas-Guzman,30894,Sacramento State,,,9.8,,Sunday,23,2,2025
Abbey Scanlon,30896,California,,9.8,,,Sunday,23,2,2025
Annalise Newman-Achee,30896,California,9.85,,,,Sunday,23,2,2025
CJ Keuneke,30896,California,,,9.825,,Sunday,23,2,2025
Darbi Simcox,30896,Pittsburgh,,9.85,,,Sunday,23,2,2025
Elizabeth Cesarone,30896,Pittsburgh,,9.85,9.675,9.775,Sunday,23,2,2025
Ella Cesario,30896,California,9.825,9.85,9.95,9.8,Sunday,23,2,2025
Emily Todd,30896,Pittsburgh,9.8,9.8,9.875,,Sunday,23,2,2025
Jah'Liyah Bedminster,30896,Pittsburgh,9.725,,9.875,9.8,Sunday,23,2,2025
Jaime Pratt,30896,Pittsburgh,9.8,,,9.825,Sunday,23,2,2025
Jordyn Ewing,30896,Pittsburgh,8.975,,9.9,,Sunday,23,2,2025
Julie Madso,30896,Pittsburgh,9.675,9.7,,,Sunday,23,2,2025
Kaylee Larson,30896,Pittsburgh,,,9.675,,Sunday,23,2,2025
Kennedy Duke,30896,Pittsburgh,9.0,9.725,,9.8,Sunday,23,2,2025
Kyen Mayhew,30896,California,,,9.9,9.925,Sunday,23,2,2025
Lila Pileggi,30896,Pittsburgh,,,,9.75,Sunday,23,2,2025
Madelyn Williams,30896,California,9.875,9.95,9.925,9.85,Sunday,23,2,2025
Meika Lee,30896,Pittsburgh,,9.8,9.825,,Sunday,23,2,2025
Miki Aderinto,30896,California,9.775,,,,Sunday,23,2,2025
Mya Lauzon,30896,California,9.925,9.925,9.95,9.9,Sunday,23,2,2025
Mya Wiley,30896,California,,,,9.85,Sunday,23,2,2025
Olivia Giunta,30896,Pittsburgh,,,,9.725,Sunday,23,2,2025
Ondine Achampong,30896,California,,9.775,,,Sunday,23,2,2025
eMjae Frazier,30896,California,9.925,9.875,9.0,9.9,Sunday,23,2,2025
Alana Kim,30898,UC Davis,,,,9.725,Sunday,23,2,2025
Allie Misenheimer,30898,Air Force,9.275,9.75,,,Sunday,23,2,2025
Amelia Moneymaker,30898,UC Davis,9.9,9.9,9.9,9.7,Sunday,23,2,2025
Anna Bacott,30898,Air Force,,9.75,,,Sunday,23,2,2025
Anna Kristianson,30898,Air Force,9.775,,,,Sunday,23,2,2025
Ava East,30898,San Jose State,,,9.75,,Sunday,23,2,2025
Ava Johnson,30898,San Jose State,,,9.775,,Sunday,23,2,2025
Avah Reichow,30898,UC Davis,,,9.65,9.675,Sunday,23,2,2025
Ayumi Oshiro,30898,UC Davis,9.8,9.575,9.725,,Sunday,23,2,2025
Cady Chiu,30898,UC Davis,,9.75,,,Sunday,23,2,2025
Chelsea Boyer,30898,Air Force,9.725,,,,Sunday,23,2,2025
Devyn Valuch,30898,San Jose State,9.8,9.8,9.775,9.675,Sunday,23,2,2025
Eleanor Wyly,30898,UC Davis,,9.75,8.525,9.575,Sunday,23,2,2025
Gabriella Hartley,30898,Air Force,9.575,,,,Sunday,23,2,2025
Gabriella Meccia,30898,Air Force,,,9.7,9.55,Sunday,23,2,2025
Gianna Martyna,30898,Air Force,,,9.575,,Sunday,23,2,2025
Hailey Santana,30898,Air Force,,,,8.85,Sunday,23,2,2025
Isabella Fitz-Gerald,30898,UC Davis,9.875,,,,Sunday,23,2,2025
Jadyn Wakita,30898,UC Davis,9.85,9.875,,,Sunday,23,2,2025
Jaudai Lopes,30898,San Jose State,9.325,,9.65,9.75,Sunday,23,2,2025
Katherine Weyhmiller,30898,San Jose State,9.85,9.8,9.7,,Sunday,23,2,2025
Kaviana Jurries,30898,San Jose State,9.775,,,9.7,Sunday,23,2,2025
Keanna Abraham,30898,UC Davis,,,9.8,9.825,Sunday,23,2,2025
Kylee Greene,30898,Air Force,,9.8,9.675,9.775,Sunday,23,2,2025
Madison Gustitus,30898,San Jose State,,9.8,,,Sunday,23,2,2025
Madison Kirsch,30898,San Jose State,,9.8,,9.75,Sunday,23,2,2025
Maggie Slife,30898,Air Force,9.85,9.85,9.875,9.75,Sunday,23,2,2025
Marissa Ashton,30898,San Jose State,,9.9,,,Sunday,23,2,2025
McKenna Knecht,30898,UC Davis,9.75,,,,Sunday,23,2,2025
Megan Ray,30898,UC Davis,,9.875,9.775,9.75,Sunday,23,2,2025
Mikaela Pitts,30898,San Jose State,,,,9.75,Sunday,23,2,2025
Milla Gideon,30898,UC Davis,9.825,,,,Sunday,23,2,2025
Nhi Nguyen,30898,Air Force,,9.675,,,Sunday,23,2,2025
Olivia Raife,30898,Air Force,,,,9.725,Sunday,23,2,2025
Olivia Reardon,30898,San Jose State,9.8,,9.725,9.725,Sunday,23,2,2025
Samantha Macasu,30898,San Jose State,,9.75,,,Sunday,23,2,2025
Sarah Willis,30898,Air Force,,,9.325,9.625,Sunday,23,2,2025
Sophia Konieczny,30898,San Jose State,9.7,,,,Sunday,23,2,2025
Velandra Brochi,30898,Air Force,9.7,9.2,9.7,,Sunday,23,2,2025
Addison Dack,30901,Gustavus Adolphus,,8.825,,,Sunday,23,2,2025
Annika Cole,30901,Simpson,8.925,,9.45,,Sunday,23,2,2025
Bella Dix,30901,Simpson,,,9.6,,Sunday,23,2,2025
Brooklen Morgan,30901,Simpson,,9.425,9.55,,Sunday,23,2,2025
Cara Wong,30901,Gustavus Adolphus,9.125,9.625,9.45,9.55,Sunday,23,2,2025
Emma Tolbert,30901,Simpson,,,9.825,9.625,Sunday,23,2,2025
Emmie Barton,30901,Simpson,,9.525,,9.475,Sunday,23,2,2025
Erin Baugh,30901,Simpson,9.35,,,,Sunday,23,2,2025
Evalyn Resnick,30901,Simpson,9.625,,,,Sunday,23,2,2025
Izzy Brown,30901,Simpson,,9.025,9.675,,Sunday,23,2,2025
Kaelyn Tally,30901,Simpson,,,9.65,9.8,Sunday,23,2,2025
Kate Clairmont,30901,Gustavus Adolphus,,9.475,,,Sunday,23,2,2025
Kaylee Paige,30901,Simpson,8.75,,,,Sunday,23,2,2025
Lili Guy,30901,Gustavus Adolphus,9.15,,9.775,9.7,Sunday,23,2,2025
Lily Horsch,30901,Gustavus Adolphus,9.05,,,9.575,Sunday,23,2,2025
Lily Tews,30901,Gustavus Adolphus,,,9.4,,Sunday,23,2,2025
Lindsay Bangs,30901,Gustavus Adolphus,,,9.7,9.45,Sunday,23,2,2025
Liz Sisler,30901,Simpson,8.325,,,,Sunday,23,2,2025
Maddox Lee,30901,Gustavus Adolphus,9.55,9.775,,,Sunday,23,2,2025
Malia Narciso,30901,Gustavus Adolphus,,,,9.5,Sunday,23,2,2025
Marley Michaud,30901,Gustavus Adolphus,9.05,9.7,9.65,9.475,Sunday,23,2,2025
Olivia Hedary,30901,Simpson,,9.55,,9.575,Sunday,23,2,2025
Olivia Jahnke,30901,Gustavus Adolphus,,9.725,9.675,,Sunday,23,2,2025
Olivia Short,30901,Simpson,,8.9,,,Sunday,23,2,2025
Rachel Welch,30901,Simpson,,9.55,,9.45,Sunday,23,2,2025
Rocio Madalena,30901,Gustavus Adolphus,8.8,,,,Sunday,23,2,2025
Wynter Poolaw,30901,Simpson,8.6,,,9.55,Sunday,23,2,2025
Addison Fatta,30903,Oklahoma,9.925,9.85,9.9,,Sunday,23,2,2025
Audrey Davis,30903,Oklahoma,9.9,9.925,9.875,9.875,Sunday,23,2,2025
Bella Miller,30903,North Carolina,,,9.65,,Sunday,23,2,2025
Claire Stippich,30903,North Carolina,9.825,,9.75,,Sunday,23,2,2025
Danielle Sievers,30903,Oklahoma,9.9,,,,Sunday,23,2,2025
Elle Mueller,30903,Oklahoma,,,9.825,9.85,Sunday,23,2,2025
Faith Torrez,30903,Oklahoma,9.8,9.975,9.925,9.675,Sunday,23,2,2025
Gwen Fink,30903,North Carolina,9.825,9.875,,,Sunday,23,2,2025
Isabelle Schaefer,30903,North Carolina,9.825,,,,Sunday,23,2,2025
Jessica Naranjo,30903,North Carolina,,9.625,9.75,,Sunday,23,2,2025
JoJo Valahovic,30903,North Carolina,,9.65,9.825,9.825,Sunday,23,2,2025
Jordan Bowers,30903,Oklahoma,9.875,9.9,9.975,9.9,Sunday,23,2,2025
Julia Knower,30903,North Carolina,9.8,9.825,9.825,9.775,Sunday,23,2,2025
Kaya Forbes,30903,North Carolina,,,9.825,9.875,Sunday,23,2,2025
Keira Wells,30903,Oklahoma,,9.9,,9.925,Sunday,23,2,2025
Lali Dekanoidze,30903,North Carolina,9.95,,,9.875,Sunday,23,2,2025
Lily Pederson,30903,Oklahoma,9.825,9.95,9.9,9.85,Sunday,23,2,2025
Neve King,30903,North Carolina,9.775,9.775,,9.775,Sunday,23,2,2025
Paige Prejean,30903,North Carolina,,,,9.8,Sunday,23,2,2025
Regan McBride,30903,North Carolina,,9.725,,,Sunday,23,2,2025
Audrey Sanger,30905,Michigan,8.9,,,,Sunday,23,2,2025
Ava Jordan,30905,Michigan,9.8,,,9.825,Sunday,23,2,2025
Brooklyn Moors,30905,UCLA,,9.675,9.975,9.8,Sunday,23,2,2025
Carly Bauman,30905,Michigan,9.975,9.9,9.925,,Sunday,23,2,2025
Chae Campbell,30905,UCLA,9.875,9.875,,,Sunday,23,2,2025
Ciena Alipio,30905,UCLA,,9.9,,,Sunday,23,2,2025
Emily Lee,30905,UCLA,,9.9,9.85,9.775,Sunday,23,2,2025
Emma Malabuyo,30905,UCLA,9.925,9.9,9.85,,Sunday,23,2,2025
Frida Esparza,30905,UCLA,9.8,,,,Sunday,23,2,2025
Jacey Vore,30905,Michigan,9.85,9.325,,,Sunday,23,2,2025
Jahzara Ranger,30905,Michigan,,9.875,9.9,9.85,Sunday,23,2,2025
Jenna Mulligan,30905,Michigan,,9.775,,9.95,Sunday,23,2,2025
Jordan Chiles,30905,UCLA,9.15,9.85,9.975,9.95,Sunday,23,2,2025
Kayli Boozer,30905,Michigan,,9.425,9.875,,Sunday,23,2,2025
Macy McGowan,30905,UCLA,9.875,,9.9,9.8,Sunday,23,2,2025
Mika Webster-Longin,30905,UCLA,9.85,,9.625,9.925,Sunday,23,2,2025
Paige Thaxton,30905,Michigan,,,,9.675,Sunday,23,2,2025
Peyton Davis,30905,Michigan,,,9.85,9.825,Sunday,23,2,2025
Riley Jenkins,30905,UCLA,,,,9.625,Sunday,23,2,2025
Sophia Diaz,30905,Michigan,9.9,,9.8,9.85,Sunday,23,2,2025
Sophie Parenti,30905,Michigan,9.825,9.825,9.85,,Sunday,23,2,2025
Alana Walker,30907,Stanford,,,9.85,9.7,Sunday,23,2,2025
Anapaula Gutierrez,30907,Stanford,9.875,,,9.55,Sunday,23,2,2025
Anna Roberts,30907,Stanford,9.9,,9.925,9.925,Sunday,23,2,2025
Ashley Carter,30907,Stanford,,9.8,,,Sunday,23,2,2025
Ava Sorrento,30907,Stanford,9.775,,,,Sunday,23,2,2025
Brenna Neault,30907,Stanford,9.85,9.725,9.875,9.8,Sunday,23,2,2025
Brie Clark,30907,Clemson,,9.825,9.925,,Sunday,23,2,2025
Claire Dean,30907,Stanford,9.75,9.825,9.875,,Sunday,23,2,2025
Danika Nielsen,30907,Clemson,,8.925,,,Sunday,23,2,2025
Eve Jackson,30907,Clemson,9.775,,9.95,9.8,Sunday,23,2,2025
Hannah Clark,30907,Clemson,9.875,,,,Sunday,23,2,2025
Kate Bryant,30907,Clemson,,,,9.7,Sunday,23,2,2025
Kendra Chang,30907,Stanford,,,,9.725,Sunday,23,2,2025
Lauren Rutherford,30907,Clemson,9.825,,,,Sunday,23,2,2025
Lilly Lippeatt,30907,Clemson,9.8,9.8,9.675,,Sunday,23,2,2025
Madison Minner,30907,Clemson,,,9.85,9.825,Sunday,23,2,2025
Maggie Holman,30907,Clemson,,,9.625,9.85,Sunday,23,2,2025
Molly Arnold,30907,Clemson,,,9.9,,Sunday,23,2,2025
Quinn Kuhl,30907,Clemson,,9.875,,9.725,Sunday,23,2,2025
Rebecca Wells,30907,Clemson,9.875,,,,Sunday,23,2,2025
Sienna Robinson,30907,Stanford,,9.925,9.875,,Sunday,23,2,2025
Sierra Church,30907,Clemson,,9.725,,,Sunday,23,2,2025
Takoda Berry,30907,Clemson,9.875,,,,Sunday,23,2,2025
Tara Walsh,30907,Clemson,,9.75,,9.85,Sunday,23,2,2025
Taralyn Nguyen,30907,Stanford,,,8.95,,Sunday,23,2,2025
Temple Landry,30907,Stanford,,9.875,,,Sunday,23,2,2025
Ui Soma,30907,Stanford,9.95,9.75,,9.85,Sunday,23,2,2025
Abby Brushwood,30909,Eastern Michigan,,,9.9,9.8,Thursday,27,2,2025
Alana Fisher,30909,Eastern Michigan,,9.875,9.775,9.75,Thursday,27,2,2025
Ally Schaupp,30909,Western Michigan,,,9.85,,Thursday,27,2,2025
Analiah Solorio,30909,Eastern Michigan,9.8,9.775,,,Thursday,27,2,2025
Brianna Lucas,30909,Eastern Michigan,,,,9.675,Thursday,27,2,2025
Brooke Gelesko,30909,Western Michigan,,,,9.85,Thursday,27,2,2025
Cassie St. Clair,30909,Western Michigan,,,9.85,,Thursday,27,2,2025
Danielle Johnson,30909,Wilberforce,6.75,,,8.375,Thursday,27,2,2025
Diamond Cook,30909,Wilberforce,,9.1,9.625,9.375,Thursday,27,2,2025
DonnaKathryn Roy,30909,Western Michigan,9.7,,9.675,9.875,Thursday,27,2,2025
Ella Chemotti,30909,Eastern Michigan,9.8,9.9,9.6,,Thursday,27,2,2025
Gwendelyn Cantu,30909,Eastern Michigan,,,,9.725,Thursday,27,2,2025
Halle Faulkner,30909,Western Michigan,,,,9.85,Thursday,27,2,2025
Hannah Milton,30909,Western Michigan,,9.85,9.8,9.775,Thursday,27,2,2025
Jaidyn Bryant,30909,Wilberforce,8.85,8.275,,,Thursday,27,2,2025
Julie Korfhage,30909,Western Michigan,9.775,9.775,,,Thursday,27,2,2025
Katin Childress,30909,Eastern Michigan,,9.775,,,Thursday,27,2,2025
Keeley Kohler,30909,Eastern Michigan,9.775,,,,Thursday,27,2,2025
Kennedy Cooper,30909,Western Michigan,,,9.775,9.85,Thursday,27,2,2025
Kiora Peart-Williams,30909,Wilberforce,9.5,9.45,8.8,9.65,Thursday,27,2,2025
Kyrie Lowe,30909,Eastern Michigan,9.175,9.5,9.775,9.75,Thursday,27,2,2025
Mackenzie Butler,30909,Wilberforce,,7.1,,,Thursday,27,2,2025
Madison Kelly,30909,Wilberforce,8.35,,8.25,,Thursday,27,2,2025
Makenna King,30909,Western Michigan,9.775,,,,Thursday,27,2,2025
Mikayla Clements,30909,Wilberforce,,,7.0,8.975,Thursday,27,2,2025
Molly Freeman,30909,Western Michigan,9.85,,,,Thursday,27,2,2025
Priya Karle,30909,Eastern Michigan,,,9.7,,Thursday,27,2,2025
Promise Jean-Marie,30909,Wilberforce,7.75,8.025,8.5,8.975,Thursday,27,2,2025
Raisa Boris,30909,Eastern Michigan,9.75,9.875,9.875,9.8,Thursday,27,2,2025
Reese Samuelson,30909,Western Michigan,9.875,9.825,,,Thursday,27,2,2025
Reilan Garvey,30909,Western Michigan,9.875,9.8,9.8,9.775,Thursday,27,2,2025
Sanai Evans,30909,Eastern Michigan,9.6,,,,Thursday,27,2,2025
Sarah Moravansky,30909,Western Michigan,,9.825,,,Thursday,27,2,2025
Tricia Mills,30909,Western Michigan,,9.65,,,Thursday,27,2,2025
Aleah Radojevich,30912,UW-Oshkosh,,,9.775,,Thursday,27,2,2025
Alessia Russo,30912,Greenville,9.525,8.825,,,Thursday,27,2,2025
Amara Nelson,30912,Greenville,9.35,9.675,8.825,9.7,Thursday,27,2,2025
Amaya McConkay,30912,UW-Oshkosh,9.675,,,9.75,Thursday,27,2,2025
Ashley Phillips,30912,Winona State,9.125,,,,Thursday,27,2,2025
Ashlie Leage,30912,Greenville,9.75,,,,Thursday,27,2,2025
Ashlyn Barker,30912,UW-La Crosse,,,9.65,,Thursday,27,2,2025
Aspen Peters,30912,Winona State,,9.675,,9.45,Thursday,27,2,2025
Averie Evans,30912,UW-Oshkosh,9.675,,,9.85,Thursday,27,2,2025
Brooklynn Clapp,30912,Winona State,9.15,9.325,,,Thursday,27,2,2025
Bryce Stoltz,30912,Winona State,,9.725,9.6,9.525,Thursday,27,2,2025
Camdyn McSweeney,30912,Winona State,,,9.6,,Thursday,27,2,2025
Claire Robbins,30912,UW-La Crosse,9.65,9.75,9.725,,Thursday,27,2,2025
Courtney Knutson,30912,Winona State,,,9.5,9.375,Thursday,27,2,2025
Darby Savage,30912,UW-La Crosse,,,,9.7,Thursday,27,2,2025
Delaney Cienkus,30912,UW-Oshkosh,,9.775,9.75,,Thursday,27,2,2025
Elizabeth Janssen,30912,UW-La Crosse,9.675,,,,Thursday,27,2,2025
Ella Denno,30912,Winona State,9.4,,,,Thursday,27,2,2025
Ellery Gilmer,30912,Greenville,,9.65,9.7,9.475,Thursday,27,2,2025
Elli Schnieders,30912,Greenville,9.0,,,9.525,Thursday,27,2,2025
Emma Brannon,30912,Greenville,9.1,,,,Thursday,27,2,2025
Emma Steele,30912,UW-Oshkosh,,9.8,,,Thursday,27,2,2025
Faye Jones,30912,Greenville,,,8.625,,Thursday,27,2,2025
Gabby Kraft,30912,Winona State,,9.75,9.6,9.625,Thursday,27,2,2025
Grace Kehr,30912,UW-La Crosse,,,9.65,9.45,Thursday,27,2,2025
Hunter Matulka,30912,UW-La Crosse,,,9.7,,Thursday,27,2,2025
Irene Kearney,30912,Winona State,9.35,,,,Thursday,27,2,2025
Isabella Feltman,30912,Greenville,,9.625,9.275,9.6,Thursday,27,2,2025
Jay Ratkowski,30912,UW-Oshkosh,,9.725,9.625,,Thursday,27,2,2025
Jessica Taylor,30912,UW-La Crosse,,,9.675,,Thursday,27,2,2025
Jessisca Miley,30912,Winona State,9.45,,9.575,9.3,Thursday,27,2,2025
Jordan Halcom,30912,UW-La Crosse,9.5,,,,Thursday,27,2,2025
Jurnee Warkentien,30912,UW-Oshkosh,,9.6,9.55,,Thursday,27,2,2025
Kaelyn Duman,30912,Winona State,,9.6,,,Thursday,27,2,2025
Kaylee Bateman,30912,Winona State,9.6,9.775,,,Thursday,27,2,2025
Kennedy O'Connor,30912,Winona State,,,,9.65,Thursday,27,2,2025
Kyla Dickson,30912,UW-La Crosse,,8.75,9.7,9.525,Thursday,27,2,2025
Lauren Main,30912,UW-La Crosse,9.7,9.8,,,Thursday,27,2,2025
Lilly Millington,30912,UW-La Crosse,,,,9.6,Thursday,27,2,2025
Liz Romano,30912,UW-Oshkosh,,9.725,,,Thursday,27,2,2025
Lucy Warren,30912,UW-La Crosse,,9.6,,,Thursday,27,2,2025
Lydia Hayden,30912,UW-Oshkosh,9.7,9.825,,,Thursday,27,2,2025
Madalyn McCormick,30912,UW-La Crosse,,9.0,,,Thursday,27,2,2025
Madison Carter,30912,Greenville,9.475,9.425,,,Thursday,27,2,2025
Madison Ford,30912,Greenville,,9.675,,9.2,Thursday,27,2,2025
Mia Lucero,30912,UW-Oshkosh,,,9.6,9.75,Thursday,27,2,2025
Mia Passarella,30912,UW-Oshkosh,,,,9.625,Thursday,27,2,2025
Morgan Engels,30912,UW-La Crosse,9.725,,,,Thursday,27,2,2025
Paige Breckwoldt,30912,UW-La Crosse,,,,9.7,Thursday,27,2,2025
Rachel Miller,30912,Greenville,,,9.7,9.625,Thursday,27,2,2025
Raina Christenson,30912,UW-La Crosse,,9.725,,,Thursday,27,2,2025
Reanna McGibboney,30912,UW-Oshkosh,9.7,,9.475,9.75,Thursday,27,2,2025
Samantha Zeilinger,30912,UW-Oshkosh,9.725,,,8.975,Thursday,27,2,2025
Sarah Best,30912,UW-La Crosse,9.575,,,,Thursday,27,2,2025
Sarah Pastore,30912,UW-La Crosse,,,,9.275,Thursday,27,2,2025
Taylor Magierka,30912,Winona State,,,9.525,,Thursday,27,2,2025
Taylor Templin,30912,Greenville,,,9.525,,Thursday,27,2,2025
Zoe Krull,30912,UW-Oshkosh,9.6,,,,Thursday,27,2,2025
Addison Lawrence,30916,Missouri,,9.9,,,Friday,28,2,2025
Alyssa Arana,30916,Florida,9.875,9.825,,,Friday,28,2,2025
Amari Celestine,30916,Missouri,9.9,9.875,9.9,9.9,Friday,28,2,2025
Amy Wier,30916,Missouri,,9.775,,,Friday,28,2,2025
Anya Pilgrim,30916,Florida,9.9,9.85,,,Friday,28,2,2025
Danie Ferris,30916,Florida,,,9.9,9.85,Friday,28,2,2025
Elise Tisler,30916,Missouri,,,9.875,,Friday,28,2,2025
Gabby Disidore,30916,Florida,,,9.9,9.875,Friday,28,2,2025
Hannah Horton,30916,Missouri,9.85,,9.925,9.9,Friday,28,2,2025
Helen Hu,30916,Missouri,,9.9,,,Friday,28,2,2025
Jocelyn Moore,30916,Missouri,,,9.9,9.9,Friday,28,2,2025
Kaia Tanskanen,30916,Missouri,,,,9.825,Friday,28,2,2025
Kennedy Griffin,30916,Missouri,,,9.925,9.85,Friday,28,2,2025
Kyra Burns,30916,Missouri,9.85,,,,Friday,28,2,2025
Leanne Wong,30916,Florida,9.975,9.925,9.925,9.925,Friday,28,2,2025
Ly Bui,30916,Florida,,,,9.775,Friday,28,2,2025
Mara Titarsolej,30916,Missouri,9.95,,,,Friday,28,2,2025
Olivia Kelly,30916,Missouri,9.8,9.875,,9.8,Friday,28,2,2025
Railey Jackson,30916,Missouri,,9.85,,,Friday,28,2,2025
Rayna Light,30916,Missouri,9.85,,9.9,,Friday,28,2,2025
Riley McCusker,30916,Florida,9.85,,,,Friday,28,2,2025
Selena Harris-Miranda,30916,Florida,9.925,9.825,9.975,10.0,Friday,28,2,2025
Skye Blakely,30916,Florida,9.9,,,,Friday,28,2,2025
Skylar Draser,30916,Florida,,9.75,,,Friday,28,2,2025
Taylor Clark,30916,Florida,,,9.925,,Friday,28,2,2025
Victoria Nguyen,30916,Florida,,9.875,9.9,9.975,Friday,28,2,2025
Addison Dack,30918,Gustavus Adolphus,,8.7,,,Friday,28,2,2025
Anna Mielke,30918,UW-Stout,,,9.125,9.425,Friday,28,2,2025
Cara Wong,30918,Gustavus Adolphus,6.85,9.025,8.55,9.275,Friday,28,2,2025
Cassidy Lennard,30918,UW-Stout,,9.0,,,Friday,28,2,2025
Effie Ferguson,30918,UW-Stout,9.675,9.775,9.65,,Friday,28,2,2025
Emma Brittingham,30918,UW-Stout,9.725,,,,Friday,28,2,2025
Gabrielle Winstead,30918,UW-Stout,,,,9.5,Friday,28,2,2025
Gillian Cummins,30918,UW-Stout,9.3,8.8,9.6,9.575,Friday,28,2,2025
Isabela Krulich,30918,UW-Stout,,9.7,9.025,,Friday,28,2,2025
Jaidyn Carroll,30918,UW-Stout,,,,9.425,Friday,28,2,2025
Jamie Beatty,30918,UW-Stout,9.6,9.65,9.6,9.025,Friday,28,2,2025
Kate Clairmont,30918,Gustavus Adolphus,,9.575,,,Friday,28,2,2025
Kaylie Kassing,30918,UW-Stout,,,8.7,,Friday,28,2,2025
Lili Guy,30918,Gustavus Adolphus,9.175,,9.775,9.7,Friday,28,2,2025
Lily Horsch,30918,Gustavus Adolphus,9.0,,,9.35,Friday,28,2,2025
Lindsay Bangs,30918,Gustavus Adolphus,,,9.525,9.375,Friday,28,2,2025
Maddox Lee,30918,Gustavus Adolphus,9.5,8.7,8.75,,Friday,28,2,2025
Malia Narciso,30918,Gustavus Adolphus,,,,9.375,Friday,28,2,2025
Marley Michaud,30918,Gustavus Adolphus,7.6,8.8,9.65,9.125,Friday,28,2,2025
Olivia Jahnke,30918,Gustavus Adolphus,,8.775,9.675,,Friday,28,2,2025
Rocio Madalena,30918,Gustavus Adolphus,8.85,,,,Friday,28,2,2025
Sarah Lutz,30918,UW-Stout,9.725,,,,Friday,28,2,2025
Taylar Schaefer,30918,UW-Stout,9.425,9.65,,9.65,Friday,28,2,2025
Aleah Finnegan,30921,LSU,9.85,9.925,,9.825,Friday,28,2,2025
Amari Drayton,30921,LSU,,,9.875,9.85,Friday,28,2,2025
Ashley Cowan,30921,LSU,9.925,,,,Friday,28,2,2025
Brooke Izzo,30921,George Washington,,9.75,9.825,9.775,Friday,28,2,2025
Deana Sheremeta,30921,George Washington,9.75,9.9,9.875,,Friday,28,2,2025
Delaney DeHaan,30921,George Washington,9.775,9.8,9.875,9.125,Friday,28,2,2025
Haleigh Bryant,30921,LSU,9.925,9.925,9.925,9.95,Friday,28,2,2025
Kailin Chio,30921,LSU,9.95,9.95,9.9,9.875,Friday,28,2,2025
Kasey Burke,30921,George Washington,,,9.75,9.725,Friday,28,2,2025
Kendall Whitman,30921,George Washington,,9.7,9.675,9.675,Friday,28,2,2025
Konnor McClain,30921,LSU,9.95,9.925,,,Friday,28,2,2025
Kylie Coen,30921,LSU,,9.8,9.9,,Friday,28,2,2025
Kylie Kazmierski,30921,George Washington,,,9.75,,Friday,28,2,2025
Leah Miller,30921,LSU,,,9.875,9.775,Friday,28,2,2025
Lexi Zeiss,30921,LSU,9.925,,,9.825,Friday,28,2,2025
Lola Montevago,30921,George Washington,9.9,9.725,,9.775,Friday,28,2,2025
Maya Peters,30921,George Washington,,9.775,,,Friday,28,2,2025
Rachel Katz,30921,George Washington,9.7,,,9.775,Friday,28,2,2025
Sierra Ballard,30921,LSU,,9.85,9.95,,Friday,28,2,2025
Sophia Tyeryar,30921,George Washington,9.6,,,,Friday,28,2,2025
Zoe Safran,30921,George Washington,8.725,,,,Friday,28,2,2025
Cally Swaney,30922,Arkansas,9.725,9.825,,,Friday,28,2,2025
Cami Weaver,30922,Arkansas,,9.85,,9.8,Friday,28,2,2025
Chloe LaCoursiere,30922,Alabama,9.95,9.825,9.825,,Friday,28,2,2025
Corinne Bunagan,30922,Alabama,,9.725,,9.85,Friday,28,2,2025
Dakota Essenpries,30922,Arkansas,,,,9.775,Friday,28,2,2025
Frankie Price,30922,Arkansas,,,9.9,9.825,Friday,28,2,2025
Gabby Gladieux,30922,Alabama,9.825,9.9,9.975,9.825,Friday,28,2,2025
Grace Dexler,30922,Arkansas,,,,9.15,Friday,28,2,2025
Hailey Klein,30922,Arkansas,,,9.9,9.9,Friday,28,2,2025
Ja'Leigh Lang,30922,Arkansas,,,,9.9,Friday,28,2,2025
Jamison Sears,30922,Alabama,,,9.9,,Friday,28,2,2025
Jordyn Paradise,30922,Alabama,,,,9.825,Friday,28,2,2025
Joscelyn Roberson,30922,Arkansas,9.75,9.925,9.975,,Friday,28,2,2025
Kaitlyn Ewald,30922,Arkansas,9.875,,,,Friday,28,2,2025
Kalyxta Gamiao,30922,Arkansas,,9.9,9.85,,Friday,28,2,2025
Karis German,30922,Alabama,,,,9.925,Friday,28,2,2025
Kylee Kvamme,30922,Alabama,,,,9.8,Friday,28,2,2025
Lilly Hudson,30922,Alabama,9.8,9.85,9.95,9.825,Friday,28,2,2025
Maddie Jones,30922,Arkansas,9.925,,9.95,,Friday,28,2,2025
Mati Waligora,30922,Arkansas,9.875,9.875,9.925,,Friday,28,2,2025
Paityn Walker,30922,Alabama,9.85,,,,Friday,28,2,2025
Priscilla Park,30922,Arkansas,9.775,9.8,,,Friday,28,2,2025
Rachel Rybicki,30922,Alabama,,9.9,9.925,,Friday,28,2,2025
Ryan Fuller,30922,Alabama,9.9,9.775,,,Friday,28,2,2025
Shania Adams,30922,Alabama,9.95,,9.925,,Friday,28,2,2025
Alexa Denton,30924,Simpson,,,,9.275,Friday,28,2,2025
Anna Beaudry,30924,Hamline,,9.05,,,Friday,28,2,2025
Anna Johnson,30924,Hamline,,8.625,,9.175,Friday,28,2,2025
Ashley Savell,30924,Hamline,,,,8.5,Friday,28,2,2025
Bella Dix,30924,Simpson,,,9.375,,Friday,28,2,2025
Brianna Weikel,30924,Hamline,9.45,9.625,9.725,,Friday,28,2,2025
Brooke Reardon,30924,Hamline,,9.05,,,Friday,28,2,2025
Brooklen Morgan,30924,Simpson,,9.575,9.35,,Friday,28,2,2025
Cailey Price,30924,Hamline,,9.15,9.05,9.175,Friday,28,2,2025
Catelyn Zack,30924,Hamline,,,9.3,,Friday,28,2,2025
Elena Bailey,30924,Hamline,8.725,,,9.3,Friday,28,2,2025
Erin Baugh,30924,Simpson,8.2,,,,Friday,28,2,2025
Evalyn Resnick,30924,Simpson,9.45,8.875,,,Friday,28,2,2025
Izzy Brown,30924,Simpson,8.575,9.425,9.475,,Friday,28,2,2025
Julia Cheely,30924,Hamline,7.95,8.675,,9.3,Friday,28,2,2025
Kaelyn Tally,30924,Simpson,,,9.625,9.625,Friday,28,2,2025
Kaley Bristow,30924,Simpson,,8.525,9.35,,Friday,28,2,2025
Katie Chai-Mulkerin,30924,Hamline,9.05,,,,Friday,28,2,2025
Kaylee Paige,30924,Simpson,8.425,,,,Friday,28,2,2025
Lily Ramsdell,30924,Hamline,8.9,,,,Friday,28,2,2025
Maura Erickson,30924,Hamline,,,,9.375,Friday,28,2,2025
Meighan White,30924,Hamline,,,8.6,,Friday,28,2,2025
Morgan Svec,30924,Simpson,,,,9.425,Friday,28,2,2025
Olivia Hedary,30924,Simpson,9.15,9.625,8.35,9.35,Friday,28,2,2025
Rachel Welch,30924,Simpson,,8.95,,9.275,Friday,28,2,2025
Riley Gianotti,30924,Hamline,7.95,,,,Friday,28,2,2025
Sydney Stoenner,30924,Hamline,,,9.425,,Friday,28,2,2025
Wynter Poolaw,30924,Simpson,9.025,,,9.45,Friday,28,2,2025
Zoey Danzinger,30924,Hamline,,,9.525,,Friday,28,2,2025
Abbie Thompson,30926,Denver,,9.825,,,Friday,28,2,2025
Amanda Hargraves,30926,Denver,,,,9.8,Friday,28,2,2025
Ashley Gallen,30926,Denver,,9.825,,,Friday,28,2,2025
Ashley Knight,30926,North Carolina State,,9.65,9.2,9.875,Friday,28,2,2025
Ava Myers,30926,North Carolina State,9.75,,9.5,9.775,Friday,28,2,2025
Bella Mabanta,30926,Denver,,,9.85,9.925,Friday,28,2,2025
Caroline Volk,30926,North Carolina State,9.75,9.325,,,Friday,28,2,2025
Cecilia Cooley,30926,Denver,9.85,9.8,9.8,,Friday,28,2,2025
Chloe Negrete,30926,North Carolina State,,9.825,9.825,9.85,Friday,28,2,2025
Ella Schell,30926,Iowa State,,,9.8,,Friday,28,2,2025
Elle Hadrick,30926,North Carolina State,9.7,,9.725,,Friday,28,2,2025
Emma Ricks,30926,Iowa State,9.825,,,,Friday,28,2,2025
Frederique Sgarbossa,30926,Iowa State,9.825,9.7,,,Friday,28,2,2025
Hannah Loyim,30926,Iowa State,9.675,9.675,9.75,9.85,Friday,28,2,2025
Haylee Hardin,30926,Iowa State,,,9.85,9.825,Friday,28,2,2025
Josie Bergstrom-Te Slaa,30926,Iowa State,9.725,9.825,9.725,9.85,Friday,28,2,2025
Kaia Bochow,30926,Iowa State,9.8,,,,Friday,28,2,2025
Kailee Adomaites,30926,North Carolina State,9.625,,,,Friday,28,2,2025
Katie Harper,30926,North Carolina State,9.8,9.7,,,Friday,28,2,2025
Kiley Rorich,30926,Denver,9.875,,9.825,,Friday,28,2,2025
Krista Zultevicz,30926,North Carolina State,,,9.725,9.825,Friday,28,2,2025
Lauren O'Brochta,30926,Iowa State,,9.725,,,Friday,28,2,2025
Lauren Wright,30926,North Carolina State,,,,9.8,Friday,28,2,2025
Maddison Reidenbach,30926,Denver,,,9.75,9.8,Friday,28,2,2025
Madeline Reid,30926,North Carolina State,9.775,,,,Friday,28,2,2025
Madison Ulrich,30926,Denver,9.85,9.875,9.875,9.85,Friday,28,2,2025
Meg Adler,30926,North Carolina State,,9.7,9.775,9.675,Friday,28,2,2025
Mia Hebinck,30926,Denver,9.85,,,,Friday,28,2,2025
Mila Brusch,30926,Denver,,,,9.775,Friday,28,2,2025
Momoko Iwai,30926,Denver,,9.775,9.75,,Friday,28,2,2025
Noelle Adams,30926,Iowa State,,9.075,9.875,9.9,Friday,28,2,2025
Paige Wills,30926,Iowa State,9.675,,,9.775,Friday,28,2,2025
Peyton Childs,30926,North Carolina State,,9.675,,,Friday,28,2,2025
Rachel Wilke,30926,Iowa State,,9.75,9.775,9.675,Friday,28,2,2025
Rosie Casali,30926,Denver,9.875,,,9.825,Friday,28,2,2025
Rylie Mundell,30926,Denver,9.9,9.725,,,Friday,28,2,2025
Ailey Kuehn,30929,S.E. Missouri,,9.25,,9.7,Friday,28,2,2025
Aliyah Reed-Hammon,30929,Fisk,,9.85,,9.825,Friday,28,2,2025
Allie Berkley,30929,Fisk,9.65,9.7,9.8,9.8,Friday,28,2,2025
Anna Lee Phillips,30929,S.E. Missouri,,,9.775,9.25,Friday,28,2,2025
Ava Johnston,30929,S.E. Missouri,9.625,,,,Friday,28,2,2025
Ciniah Rosby,30929,Fisk,9.55,9.55,9.775,9.625,Friday,28,2,2025
Courtney Henry,30929,S.E. Missouri,9.725,,,,Friday,28,2,2025
Emily Hernandez,30929,Bridgeport,9.75,9.7,,9.775,Friday,28,2,2025
Gracie Jones,30929,S.E. Missouri,9.725,,,,Friday,28,2,2025
Gracie Walker,30929,Bridgeport,,,,9.525,Friday,28,2,2025
Hannah Barry,30929,Bridgeport,,9.65,,,Friday,28,2,2025
Jada Reece,30929,Fisk,,,9.7,9.55,Friday,28,2,2025
Jaidan Kossuth,30929,S.E. Missouri,,9.7,,9.65,Friday,28,2,2025
Jordan Napolitano,30929,S.E. Missouri,,8.925,,,Friday,28,2,2025
Joselene Hernandez,30929,S.E. Missouri,,,,9.65,Friday,28,2,2025
Kailyn Hamilton,30929,S.E. Missouri,9.65,,9.8,,Friday,28,2,2025
Kaylei McDonald,30929,Fisk,,9.7,8.85,,Friday,28,2,2025
Kendall Guy,30929,Fisk,,,,9.65,Friday,28,2,2025
Kiara Richmon,30929,Fisk,9.625,,,,Friday,28,2,2025
Leah Parton,30929,S.E. Missouri,,9.775,9.875,,Friday,28,2,2025
Liberty Mora,30929,Fisk,,9.65,9.775,,Friday,28,2,2025
Lola Sepulveda,30929,Bridgeport,9.525,9.6,9.8,9.825,Friday,28,2,2025
Madelyn Viles,30929,Bridgeport,,9.55,9.725,,Friday,28,2,2025
Madison Greene,30929,S.E. Missouri,,,9.85,9.575,Friday,28,2,2025
Margaret Coyle,30929,Bridgeport,,,9.8,,Friday,28,2,2025
Morgan Price,30929,Fisk,9.85,9.75,9.875,9.875,Friday,28,2,2025
Nicole Pujals,30929,Bridgeport,8.75,,,,Friday,28,2,2025
Nova Staruk,30929,Bridgeport,,,9.4,9.85,Friday,28,2,2025
Nyah Reader,30929,S.E. Missouri,,9.775,,,Friday,28,2,2025
Olivia Imbarlina,30929,Bridgeport,9.65,9.725,,,Friday,28,2,2025
Rae Solis,30929,Bridgeport,9.575,,,9.45,Friday,28,2,2025
Samantha Krenzel,30929,Bridgeport,,9.4,,,Friday,28,2,2025
Samantha Nokes,30929,Bridgeport,9.65,,,,Friday,28,2,2025
Skyler Vulchev,30929,Bridgeport,,,9.775,,Friday,28,2,2025
Sydney Crouch,30929,S.E. Missouri,8.4,,9.725,,Friday,28,2,2025
Sydney Smith,30929,Fisk,9.375,,,,Friday,28,2,2025
Tamyra Singletary,30929,Bridgeport,,,9.725,9.675,Friday,28,2,2025
Taylor Ingle,30929,S.E. Missouri,9.8,9.825,9.85,9.825,Friday,28,2,2025
Zyia Coleman,30929,Fisk,9.575,,,,Friday,28,2,2025
Addison Fatta,30932,Oklahoma,9.9,9.9,9.65,9.875,Friday,28,2,2025
Alex Irvine,30932,Auburn,9.9,,,,Friday,28,2,2025
Audrey Davis,30932,Oklahoma,9.925,9.825,9.875,,Friday,28,2,2025
Bryn Bartman,30932,Auburn,9.8,,,,Friday,28,2,2025
Caroline Leonard,30932,Auburn,9.775,,,,Friday,28,2,2025
Danielle Sievers,30932,Oklahoma,9.9,,,,Friday,28,2,2025
Elle Mueller,30932,Oklahoma,,,9.875,9.975,Friday,28,2,2025
Emma Grace Boyd,30932,Auburn,9.775,,,,Friday,28,2,2025
Faith Torrez,30932,Oklahoma,9.95,9.85,9.95,9.875,Friday,28,2,2025
Gabby McLaughlin,30932,Auburn,,9.925,9.875,,Friday,28,2,2025
Jordan Bowers,30932,Oklahoma,9.9,9.95,9.925,9.9,Friday,28,2,2025
Julianne Huff,30932,Auburn,,,,9.8,Friday,28,2,2025
Keira Wells,30932,Oklahoma,,9.9,,9.85,Friday,28,2,2025
Lily Pederson,30932,Oklahoma,9.9,9.9,9.75,9.85,Friday,28,2,2025
Olivia Ahern,30932,Auburn,,9.85,,,Friday,28,2,2025
Olivia Greaves,30932,Auburn,9.9,9.475,9.85,,Friday,28,2,2025
Paige Zancan,30932,Auburn,,9.725,9.8,9.85,Friday,28,2,2025
Sara Hubbard,30932,Auburn,,,,9.875,Friday,28,2,2025
Sarah Zois,30932,Auburn,,9.875,9.825,9.775,Friday,28,2,2025
Sophia Bell,30932,Auburn,,,9.8,9.9,Friday,28,2,2025
Sophia Groth,30932,Auburn,9.825,9.9,9.875,,Friday,28,2,2025
Sydney Schumaker,30932,Auburn,,,,9.675,Friday,28,2,2025
Addison Glazier,30934,BYU,9.825,,,,Friday,28,2,2025
Alilah Alvarado,30934,BYU,9.775,9.8,,,Friday,28,2,2025
Anna Bramblett-Wilde,30934,BYU,9.9,,,,Friday,28,2,2025
Ava Jorgensen,30934,BYU,9.825,,,9.825,Friday,28,2,2025
Brynlee Andersen,30934,BYU,,9.925,9.825,,Friday,28,2,2025
Caroline Lichtman,30934,Arizona State,,9.8,,9.825,Friday,28,2,2025
Chloee Hoke,30934,BYU,,9.75,,,Friday,28,2,2025
Deb Silva,30934,BYU,,,,9.875,Friday,28,2,2025
Eliza Millar-Crossman,30934,BYU,,9.775,9.85,,Friday,28,2,2025
Emily White,30934,Arizona State,9.775,9.875,9.9,9.825,Friday,28,2,2025
Halle Braaflat,30934,Arizona State,,,9.8,9.65,Friday,28,2,2025
Heidi Schooley-Meyers,30934,BYU,,,9.875,,Friday,28,2,2025
Isabella Kowan,30934,Arizona State,,9.65,,,Friday,28,2,2025
Jada Mangahas,30934,Arizona State,9.85,,,9.7,Friday,28,2,2025
Kayla Lee,30934,Arizona State,9.75,9.85,9.725,,Friday,28,2,2025
Kimberly Smith,30934,Arizona State,9.75,9.825,9.85,9.8,Friday,28,2,2025
Kylie Eaquinto,30934,BYU,9.85,,9.925,9.825,Friday,28,2,2025
Lilia Purler,30934,Arizona State,,,9.75,9.1,Friday,28,2,2025
Melissa Earl,30934,BYU,,,,9.825,Friday,28,2,2025
Mina Margraf-Benson,30934,BYU,,9.825,,,Friday,28,2,2025
Mya Kirkham,30934,BYU,9.775,,,9.825,Friday,28,2,2025
Olivia Matern,30934,BYU,,,9.8,,Friday,28,2,2025
Sarah Clark,30934,Arizona State,9.825,9.875,9.675,,Friday,28,2,2025
Sophie Dudley,30934,BYU,,9.775,9.85,9.675,Friday,28,2,2025
Tiara Platkin,30934,Arizona State,9.6,,,,Friday,28,2,2025
Alyssa Bigler,30936,Air Force,,9.625,9.725,,Friday,28,2,2025
Alyssa Vulaj,30936,Boise State,,9.875,9.75,9.85,Friday,28,2,2025
Anna Bacott,30936,Air Force,,8.475,,,Friday,28,2,2025
Anna Ferguson,30936,Boise State,,,9.775,,Friday,28,2,2025
Blake Pascal,30936,Boise State,,,9.65,,Friday,28,2,2025
Bridget Kemp,30936,Boise State,,,9.8,9.825,Friday,28,2,2025
Carly Buell,30936,Boise State,9.85,,,,Friday,28,2,2025
Chelsea Boyer,30936,Air Force,9.625,,,,Friday,28,2,2025
Dani Nakayma,30936,Boise State,,,,9.65,Friday,28,2,2025
Elaina McGovern,30936,Boise State,9.775,,9.75,,Friday,28,2,2025
Emily Lopez,30936,Boise State,9.925,9.85,,9.9,Friday,28,2,2025
Emma Loyim,30936,Boise State,,9.925,9.8,,Friday,28,2,2025
Gabriella Hartley,30936,Air Force,9.725,9.8,,,Friday,28,2,2025
Gabriella Meccia,30936,Air Force,,,9.7,9.775,Friday,28,2,2025
Hailey Santana,30936,Air Force,9.45,,,,Friday,28,2,2025
Julia Kryzwanski,30936,Boise State,,,,9.85,Friday,28,2,2025
Kristina Shchennikova,30936,Boise State,9.875,8.775,,,Friday,28,2,2025
Kylee Greene,30936,Air Force,,9.75,9.7,9.85,Friday,28,2,2025
Maggie Slife,30936,Air Force,9.875,9.85,9.825,9.8,Friday,28,2,2025
Mahleea Werline,30936,Boise State,9.8,,,,Friday,28,2,2025
Olivia Raife,30936,Air Force,,,,9.725,Friday,28,2,2025
Patience Miyashiro,30936,Air Force,8.75,,,,Friday,28,2,2025
Rosa Juarez Baez,30936,Air Force,,,,9.725,Friday,28,2,2025
Sarah Willis,30936,Air Force,,,9.7,9.475,Friday,28,2,2025
Sydney Kho,30936,Boise State,,9.775,,9.775,Friday,28,2,2025
Sydney Leitch,30936,Boise State,8.275,9.075,,,Friday,28,2,2025
Velandra Brochi,30936,Air Force,9.575,9.7,9.675,,Friday,28,2,2025
Addy Rothstein,30938,Cornell,9.65,,9.675,9.6,Friday,28,2,2025
Aladiana Tosado,30938,Brockport,9.75,,9.85,,Friday,28,2,2025
Alexis Schulman,30938,Brockport,,9.7,,,Friday,28,2,2025
Amelia York,30938,Brockport,,9.75,,,Friday,28,2,2025
Anne MacKenzie,30938,Cornell,,8.975,,,Friday,28,2,2025
Ava Schenck-Davis,30938,Cornell,8.55,,,,Friday,28,2,2025
Cali Czarcinski,30938,Brockport,,9.6,9.775,,Friday,28,2,2025
Cami Whitaker,30938,Cornell,,,9.675,9.575,Friday,28,2,2025
Charlotte Raymond,30938,Brockport,9.625,,,,Friday,28,2,2025
Claire Wood,30938,Brockport,,,9.6,,Friday,28,2,2025
Dahlia Jhaveri,30938,Cornell,9.65,,,9.55,Friday,28,2,2025
Emma Brookins,30938,Brockport,8.9,,9.025,,Friday,28,2,2025
Emma Langdon,30938,Brockport,,,,9.275,Friday,28,2,2025
Gracie Weaver,30938,Brockport,,,,9.4,Friday,28,2,2025
Jamarie Saravia,30938,Brockport,,,9.75,,Friday,28,2,2025
Josie Moylan,30938,Cornell,,,9.825,,Friday,28,2,2025
Julia Klucinec,30938,Brockport,9.425,,,,Friday,28,2,2025
Kate Michelini,30938,Cornell,,9.65,9.55,,Friday,28,2,2025
Kiara Hockman,30938,Brockport,,9.825,9.775,9.7,Friday,28,2,2025
Lienna Kay,30938,Brockport,9.6,8.925,,9.55,Friday,28,2,2025
Maren Eramo,30938,Brockport,9.7,,,9.525,Friday,28,2,2025
Maya Pecoraro,30938,Brockport,,9.525,,,Friday,28,2,2025
Michaela DeFranscisco,30938,Cornell,,,9.675,9.75,Friday,28,2,2025
Morgen Shambo,30938,Cornell,9.675,9.6,,,Friday,28,2,2025
Natalia Tehrani,30938,Cornell,9.575,9.65,,,Friday,28,2,2025
Sarah Goetter,30938,Cornell,,,,8.975,Friday,28,2,2025
Savanna Kokaly,30938,Cornell,,9.075,,,Friday,28,2,2025
Shannon Gibbs,30938,Brockport,,,,9.475,Friday,28,2,2025
Sydney Beers,30938,Cornell,9.625,9.75,9.725,9.775,Friday,28,2,2025
Alana Laster,30940,Illinois State,,,9.875,9.825,Friday,28,2,2025
Ally Lau,30940,Illinois State,,9.85,,,Friday,28,2,2025
Amy Foret,30940,Centenary College,,9.725,9.65,9.5,Friday,28,2,2025
Ariana Light,30940,Central Michigan,,9.75,,,Friday,28,2,2025
Ava Wellmeier,30940,Central Michigan,,,9.8,9.775,Friday,28,2,2025
Avah Bootz,30940,Central Michigan,,,9.525,9.8,Friday,28,2,2025
Brooke Murdock,30940,Centenary College,,9.425,,,Friday,28,2,2025
Cecelia Paredes,30940,Centenary College,,,9.375,,Friday,28,2,2025
Charniya Brown,30940,Bowling Green,,,,9.65,Friday,28,2,2025
Chloe Gilbert,30940,Centenary College,,9.75,,9.275,Friday,28,2,2025
Claire Flores,30940,Centenary College,9.7,,9.575,9.5,Friday,28,2,2025
Elise Brzoska,30940,Bowling Green,,9.775,,,Friday,28,2,2025
Emma Lavelle,30940,Centenary College,8.475,9.8,9.55,,Friday,28,2,2025
Erin Pinder,30940,Centenary College,8.25,,,,Friday,28,2,2025
Faye Dubin,30940,Bowling Green,,8.475,,,Friday,28,2,2025
Gabrielle Johnson,30940,Central Michigan,9.875,,,,Friday,28,2,2025
Hannah Appleget,30940,Central Michigan,9.775,9.8,9.825,9.625,Friday,28,2,2025
Jada Beswick,30940,Illinois State,9.75,,,,Friday,28,2,2025
Jaly Jones,30940,Illinois State,9.85,9.8,9.775,,Friday,28,2,2025
Jaye Mack,30940,Illinois State,,9.825,9.175,9.8,Friday,28,2,2025
Joy Ziegenfelder,30940,Illinois State,,9.65,,,Friday,28,2,2025
Kaitlyn Donovan,30940,Illinois State,,,9.775,9.55,Friday,28,2,2025
Kaitlyn Schwab,30940,Central Michigan,9.725,,,,Friday,28,2,2025
Katrina Mendez Abolnik,30940,Bowling Green,,,,9.8,Friday,28,2,2025
Kayla Shaw,30940,Bowling Green,9.8,,9.35,,Friday,28,2,2025
Keira Thornton,30940,Bowling Green,9.675,,9.775,9.475,Friday,28,2,2025
Kennedy Krienbrink,30940,Bowling Green,8.725,,,,Friday,28,2,2025
Landyn Williams,30940,Bowling Green,,,9.5,,Friday,28,2,2025
Leah Davis,30940,Illinois State,,9.75,,,Friday,28,2,2025
Lia Kmieciak,30940,Central Michigan,9.625,,,9.825,Friday,28,2,2025
Love Akpan,30940,Bowling Green,9.725,9.575,,,Friday,28,2,2025
Luciana Alvarado-Reid,30940,Central Michigan,9.8,9.775,9.875,9.75,Friday,28,2,2025
Madison Coburn,30940,Bowling Green,,,9.7,9.675,Friday,28,2,2025
Megan Bingham,30940,Bowling Green,9.75,9.775,,9.65,Friday,28,2,2025
Megan Dzialo,30940,Bowling Green,9.7,,9.725,9.7,Friday,28,2,2025
Molly English,30940,Centenary College,,,,9.375,Friday,28,2,2025
Mya Robinson,30940,Illinois State,9.7,,9.8,9.75,Friday,28,2,2025
Nadia Parente,30940,Bowling Green,,9.45,9.525,,Friday,28,2,2025
Olivia Stratmann,30940,Centenary College,8.95,,,,Friday,28,2,2025
Olivia Williams,30940,Centenary College,,,9.6,,Friday,28,2,2025
Peyton Burford,30940,Centenary College,9.05,,,9.475,Friday,28,2,2025
Quinn Skrupa,30940,Central Michigan,,9.6,9.675,,Friday,28,2,2025
Reese Grolla,30940,Illinois State,9.825,9.525,,,Friday,28,2,2025
Samantha Shannon,30940,Central Michigan,9.825,9.825,,9.675,Friday,28,2,2025
Sammie Wolff,30940,Illinois State,,,,9.675,Friday,28,2,2025
Sara Wabi,30940,Illinois State,9.9,,9.85,9.625,Friday,28,2,2025
Savannah Ray,30940,Illinois State,9.775,,,,Friday,28,2,2025
Sophie Schmitz,30940,Centenary College,9.75,9.65,9.475,8.875,Friday,28,2,2025
Teegan Milligan,30940,Bowling Green,,9.65,,,Friday,28,2,2025
Zoe Zimmerman,30940,Central Michigan,,,9.75,,Friday,28,2,2025
Zoie Pelfrey,30940,Central Michigan,,9.525,,,Friday,28,2,2025
Alyssa Guns,30944,Kent State,,9.75,9.9,,Friday,28,2,2025
Ashley Morgan,30944,Kent State,,9.725,,9.775,Friday,28,2,2025
Brynne Tsipis,30944,Kent State,9.875,,,,Friday,28,2,2025
Camryn Chiu,30944,Pittsburgh,9.85,,,,Friday,28,2,2025
Charlie Behner,30944,Kent State,9.85,,9.775,9.8,Friday,28,2,2025
Darbi Simcox,30944,Pittsburgh,,9.775,,,Friday,28,2,2025
Elizabeth Cesarone,30944,Pittsburgh,,9.9,,9.75,Friday,28,2,2025
Emily Todd,30944,Pittsburgh,9.875,9.175,9.8,,Friday,28,2,2025
Emma Masse,30944,Kent State,,,9.775,,Friday,28,2,2025
Gabby Riley,30944,Kent State,,9.775,9.825,9.675,Friday,28,2,2025
Heidi Schultz,30944,Kent State,9.775,9.75,,,Friday,28,2,2025
Isabella Marques,30944,Kent State,9.7,,,,Friday,28,2,2025
Jah'Liyah Bedminster,30944,Pittsburgh,9.75,,9.825,9.775,Friday,28,2,2025
Jaime Pratt,30944,Pittsburgh,9.875,,9.825,9.65,Friday,28,2,2025
Jersey Bingman,30944,Kent State,,,9.75,,Friday,28,2,2025
Jordyn Ewing,30944,Pittsburgh,9.85,,9.775,,Friday,28,2,2025
Kennedy Duke,30944,Pittsburgh,9.55,9.65,,9.775,Friday,28,2,2025
Lila Pileggi,30944,Pittsburgh,,,,9.725,Friday,28,2,2025
Meika Lee,30944,Pittsburgh,,9.85,9.8,,Friday,28,2,2025
Mya Migliore,30944,Kent State,,,,9.7,Friday,28,2,2025
Nastia Rudnitskaya,30944,Kent State,9.825,,,9.725,Friday,28,2,2025
Nene Alvine,30944,Kent State,9.8,9.85,9.875,9.8,Friday,28,2,2025
Olivia Giunta,30944,Pittsburgh,,9.575,9.675,9.65,Friday,28,2,2025
Zoe Rankin,30944,Kent State,,8.85,,,Friday,28,2,2025
Alisha Werlen,30946,Pennsylvania,,9.6,9.3,9.725,Friday,28,2,2025
Amelia Budd,30946,Temple,,,,9.775,Friday,28,2,2025
Bella Miller,30946,North Carolina,,,9.8,,Friday,28,2,2025
Brooke Donabedian,30946,Temple,,9.85,9.825,,Friday,28,2,2025
Chloe DeJoy,30946,Yale,8.35,,9.575,,Friday,28,2,2025
Claire Stippich,30946,North Carolina,9.875,,9.625,,Friday,28,2,2025
Ella Tashjian,30946,Yale,,9.75,9.8,9.65,Friday,28,2,2025
Ellie Kearns,30946,Yale,9.775,9.025,9.7,,Friday,28,2,2025
Emma Davies,30946,Pennsylvania,,,9.675,,Friday,28,2,2025
Evangeline Chu,30946,Yale,,9.625,,,Friday,28,2,2025
Gigi Sabatini,30946,Yale,9.1,9.05,9.75,9.625,Friday,28,2,2025
Gwen Fink,30946,North Carolina,9.825,9.9,,,Friday,28,2,2025
Hailey Kriz,30946,Yale,9.775,9.875,,9.75,Friday,28,2,2025
Hana Strause,30946,Yale,,9.8,9.725,9.5,Friday,28,2,2025
Hannah Weklar,30946,Temple,9.85,,,9.75,Friday,28,2,2025
Isabelle Schaefer,30946,North Carolina,9.875,,,,Friday,28,2,2025
Jessica Naranjo,30946,North Carolina,,9.825,9.85,,Friday,28,2,2025
JoJo Valahovic,30946,North Carolina,,9.825,9.75,9.8,Friday,28,2,2025
Jordan Barrow,30946,Pennsylvania,9.8,9.725,,9.85,Friday,28,2,2025
Julia Knower,30946,North Carolina,9.875,9.85,9.85,9.75,Friday,28,2,2025
Kaya Forbes,30946,North Carolina,,,9.825,9.825,Friday,28,2,2025
Krystin Johnson,30946,Temple,,,9.8,9.25,Friday,28,2,2025
Lali Dekanoidze,30946,North Carolina,9.95,,,9.825,Friday,28,2,2025
Lauren Burt,30946,Yale,,,,9.725,Friday,28,2,2025
Lauren Holt,30946,Yale,9.7,,,,Friday,28,2,2025
Lauren Luu,30946,Yale,9.725,,,,Friday,28,2,2025
Madison Dorunda,30946,Temple,9.625,9.7,,,Friday,28,2,2025
Manama Fofana,30946,Pennsylvania,,,9.65,9.85,Friday,28,2,2025
Mariella Brueck,30946,Temple,9.75,9.5,8.95,,Friday,28,2,2025
Marissa Lassiter,30946,Pennsylvania,9.75,8.9,9.675,9.75,Friday,28,2,2025
Megan Brueck,30946,Yale,,,9.65,9.175,Friday,28,2,2025
Megan White,30946,Temple,9.825,9.8,,,Friday,28,2,2025
Mimi Fletcher,30946,Pennsylvania,9.825,9.85,,,Friday,28,2,2025
Neve King,30946,North Carolina,9.725,9.8,,9.75,Friday,28,2,2025
Nikk Rengifo,30946,Temple,,,9.775,9.85,Friday,28,2,2025
Olivia Vanhorn,30946,Pennsylvania,,,,9.7,Friday,28,2,2025
Paige Prejean,30946,North Carolina,,,,9.75,Friday,28,2,2025
Reese DeHaan,30946,Temple,9.775,,9.3,,Friday,28,2,2025
Regan McBride,30946,North Carolina,,9.85,,,Friday,28,2,2025
Renee Schugman,30946,Temple,,9.725,9.825,9.75,Friday,28,2,2025
Robyn Dunn,30946,Temple,,9.9,,,Friday,28,2,2025
Samantha Wu,30946,Pennsylvania,,9.8,,,Friday,28,2,2025
Sarah Stallings,30946,Temple,9.825,,,,Friday,28,2,2025
Skyelar Kerico,30946,Pennsylvania,9.175,9.725,9.775,9.8,Friday,28,2,2025
Sophia Paris,30946,Pennsylvania,9.85,,,,Friday,28,2,2025
Summer Ruskey,30946,Temple,,,,9.725,Friday,28,2,2025
Zara Gazdak,30946,Pennsylvania,9.825,,9.575,,Friday,28,2,2025
Alex Routsis,30950,Southern Utah,9.7,,,,Friday,28,2,2025
Alyssa Fernandez,30950,Southern Utah,,,9.775,,Friday,28,2,2025
Athena Jones,30950,Sacramento State,9.625,9.55,9.825,,Friday,28,2,2025
Brinlee Christensen,30950,Southern Utah,9.75,9.7,9.725,9.725,Friday,28,2,2025
Ellie Cacciola,30950,Southern Utah,,9.85,9.85,9.875,Friday,28,2,2025
Elliot Bringhurst,30950,Southern Utah,,9.475,,,Friday,28,2,2025
Emma Morgenthaler,30950,Sacramento State,9.7,9.75,9.825,9.725,Friday,28,2,2025
Grace Gilman,30950,Sacramento State,,9.725,9.625,9.7,Friday,28,2,2025
Hannah Sitzman,30950,Sacramento State,9.6,,,,Friday,28,2,2025
Isabella Neff,30950,Southern Utah,9.725,,,,Friday,28,2,2025
Kaitlyn Driessen,30950,Sacramento State,,9.525,,9.125,Friday,28,2,2025
Kara Houghton,30950,Sacramento State,9.3,9.65,9.75,,Friday,28,2,2025
Lexi Frank,30950,Sacramento State,,,,9.425,Friday,28,2,2025
Mackenzie Kelly,30950,Southern Utah,,,,9.75,Friday,28,2,2025
Maliyah James,30950,Sacramento State,9.375,,,,Friday,28,2,2025
Maria Ferguson,30950,Southern Utah,9.85,9.8,,,Friday,28,2,2025
Mia Hampton,30950,Southern Utah,9.8,,9.825,9.825,Friday,28,2,2025
Niya Randolph,30950,Southern Utah,9.9,9.775,9.875,9.8,Friday,28,2,2025
Rylee Miller,30950,Southern Utah,,9.825,,,Friday,28,2,2025
Rylin Zimmerman,30950,Sacramento State,,,,9.75,Friday,28,2,2025
Sarah Lutrel,30950,Sacramento State,9.55,9.7,9.775,9.825,Friday,28,2,2025
Simone Dumas-Guzman,30950,Sacramento State,,,9.75,,Friday,28,2,2025
Taylor Gull,30950,Southern Utah,,,9.825,9.675,Friday,28,2,2025
Abbey Scanlon,30952,California,,9.9,,,Friday,28,2,2025
Alana Walker,30952,Stanford,,,9.875,9.7,Friday,28,2,2025
Amelia Moneymaker,30952,UC Davis,9.8,9.55,9.85,9.8,Friday,28,2,2025
Anapaula Gutierrez,30952,Stanford,9.8,,,9.8,Friday,28,2,2025
Anna Roberts,30952,Stanford,9.875,9.85,9.9,9.9,Friday,28,2,2025
Annalise Newman-Achee,30952,California,9.85,,,,Friday,28,2,2025
Ashley Carter,30952,Stanford,,9.8,9.875,,Friday,28,2,2025
Ava Sorrento,30952,Stanford,9.875,,,,Friday,28,2,2025
Avah Reichow,30952,UC Davis,,,9.7,9.675,Friday,28,2,2025
Ayumi Oshiro,30952,UC Davis,9.675,9.45,9.725,,Friday,28,2,2025
Brenna Neault,30952,Stanford,9.9,9.925,9.85,9.8,Friday,28,2,2025
Cady Chiu,30952,UC Davis,,9.775,,,Friday,28,2,2025
Casey Brown,30952,California,9.9,,,,Friday,28,2,2025
Claire Dean,30952,Stanford,,9.825,9.85,,Friday,28,2,2025
Eleanor Wyly,30952,UC Davis,,9.8,9.75,9.75,Friday,28,2,2025
Ella Cesario,30952,California,9.875,9.875,9.825,9.8,Friday,28,2,2025
Francesca Caso,30952,Oregon State,9.875,,,,Friday,28,2,2025
Isabella Fitz-Gerald,30952,UC Davis,9.725,,,,Friday,28,2,2025
Jadyn Wakita,30952,UC Davis,9.625,9.7,,9.8,Friday,28,2,2025
Jennifer McMillan,30952,Oregon State,9.8,9.825,9.775,9.675,Friday,28,2,2025
Jordan Kane,30952,California,,,9.825,,Friday,28,2,2025
Kaitlin Garcia,30952,Oregon State,,,9.875,9.875,Friday,28,2,2025
Keanna Abraham,30952,UC Davis,,,9.825,9.95,Friday,28,2,2025
Kendra Chang,30952,Stanford,9.75,,,9.8,Friday,28,2,2025
Kyen Mayhew,30952,California,,,9.875,9.3,Friday,28,2,2025
Lauren Letzsch,30952,Oregon State,,9.85,,,Friday,28,2,2025
Madelyn Williams,30952,California,9.95,9.875,9.9,9.8,Friday,28,2,2025
McKenna Knecht,30952,UC Davis,9.075,,,,Friday,28,2,2025
Megan Ray,30952,UC Davis,,9.725,9.825,9.9,Friday,28,2,2025
Mia Heather,30952,Oregon State,,9.825,,,Friday,28,2,2025
Milla Gideon,30952,UC Davis,9.75,,,,Friday,28,2,2025
Mya Lauzon,30952,California,9.9,9.925,9.95,9.9,Friday,28,2,2025
Mya Wiley,30952,California,,,,9.9,Friday,28,2,2025
Natalie Briones,30952,Oregon State,9.825,,,9.775,Friday,28,2,2025
Olivia Buckner,30952,Oregon State,,9.6,9.8,9.675,Friday,28,2,2025
Ondine Achampong,30952,California,,9.25,,,Friday,28,2,2025
Sage Thompson,30952,Oregon State,9.925,,9.85,9.825,Friday,28,2,2025
Savannah Miller,30952,Oregon State,9.8,,9.875,,Friday,28,2,2025
Sienna Robinson,30952,Stanford,,9.775,9.9,,Friday,28,2,2025
Sophia Esposito,30952,Oregon State,,9.875,9.825,9.775,Friday,28,2,2025
Sydney Gonzales,30952,Oregon State,,9.8,,,Friday,28,2,2025
Taylor DeVries,30952,Oregon State,9.875,,,,Friday,28,2,2025
Temple Landry,30952,Stanford,,9.875,,,Friday,28,2,2025
Ui Soma,30952,Stanford,9.875,,,9.725,Friday,28,2,2025
eMjae Frazier,30952,California,9.9,9.875,9.875,9.875,Friday,28,2,2025
Abigayle Martin,30956,Arizona,9.7,9.875,9.1,9.825,Friday,28,2,2025
Alysen Fears,30956,Arizona,9.575,9.175,9.8,9.775,Friday,28,2,2025
Amber Lowe,30956,West Virginia,9.875,9.775,9.775,,Friday,28,2,2025
Amelia Rock,30956,Arizona,,9.775,,,Friday,28,2,2025
Anna Leigh,30956,West Virginia,9.75,9.575,9.9,,Friday,28,2,2025
Aubrey Krohnfeldt,30956,Arizona,9.8,,,,Friday,28,2,2025
Brooke Alban,30956,West Virginia,9.8,,9.725,9.75,Friday,28,2,2025
Carlee Nelson,30956,West Virginia,,,,9.65,Friday,28,2,2025
Eden Webster,30956,West Virginia,,9.4,,,Friday,28,2,2025
Elena Deets,30956,Arizona,9.775,9.9,,,Friday,28,2,2025
Elizabeth Larusso,30956,Arizona,,,9.8,9.725,Friday,28,2,2025
Emerson Smith,30956,West Virginia,,,9.775,9.725,Friday,28,2,2025
Emily Mueller,30956,Arizona,9.8,8.925,9.825,9.75,Friday,28,2,2025
Emma Strom,30956,Arizona,,,9.85,9.75,Friday,28,2,2025
Gianna Lenczner,30956,Arizona,,9.75,,,Friday,28,2,2025
Jayden McDonnell,30956,West Virginia,9.7,,,,Friday,28,2,2025
Julia Brown,30956,West Virginia,9.7,9.825,,,Friday,28,2,2025
Karleigh DiCello,30956,West Virginia,,9.725,,9.825,Friday,28,2,2025
Kaylei Adams,30956,West Virginia,,9.125,,,Friday,28,2,2025
Riley Maness,30956,West Virginia,,,9.9,,Friday,28,2,2025
Sophia Rice,30956,West Virginia,,,,9.675,Friday,28,2,2025
Sophie Derr,30956,Arizona,9.8,,9.775,9.8,Friday,28,2,2025
Taylor Tuohy,30956,West Virginia,,,9.775,9.7,Friday,28,2,2025
Trinity Macy,30956,West Virginia,9.7,,,,Friday,28,2,2025
Aine Reade,30958,New Hampshire,9.775,9.425,9.75,9.025,Friday,28,2,2025
Alaina Reid,30958,Texas Woman's,9.475,8.7,,9.8,Friday,28,2,2025
Anne Challman,30958,New Hampshire,,9.375,9.825,,Friday,28,2,2025
Bailey Bourgeois,30958,Texas Woman's,9.675,,,,Friday,28,2,2025
Bailey Upton,30958,Texas Woman's,,9.775,9.825,9.775,Friday,28,2,2025
Brie Clark,30958,Clemson,,9.875,9.8,,Friday,28,2,2025
Brooke Ferrari,30958,Texas Woman's,9.675,,,,Friday,28,2,2025
Danika Nielsen,30958,Clemson,,8.95,,,Friday,28,2,2025
Emma Brkljacic,30958,Texas Woman's,,9.125,,,Friday,28,2,2025
Eve Jackson,30958,Clemson,9.825,,9.875,9.825,Friday,28,2,2025
Gracy Mowers,30958,New Hampshire,,,9.175,9.725,Friday,28,2,2025
Gwen Ockerbloom,30958,New Hampshire,,9.175,,9.825,Friday,28,2,2025
Hannah Clark,30958,Clemson,9.875,,,,Friday,28,2,2025
Julia Before,30958,New Hampshire,9.425,,,,Friday,28,2,2025
Kaitlyn Hoiland,30958,Texas Woman's,9.775,9.5,,9.85,Friday,28,2,2025
Kami Zarlengo,30958,Texas Woman's,9.675,,9.775,,Friday,28,2,2025
Kyleigh Ghanbari,30958,Texas Woman's,,,9.8,,Friday,28,2,2025
Lainey Hunt,30958,Texas Woman's,9.525,,,,Friday,28,2,2025
Lauren Rutherford,30958,Clemson,9.825,,,,Friday,28,2,2025
Leah Moreno,30958,New Hampshire,9.7,,,9.725,Friday,28,2,2025
Lilly Lippeatt,30958,Clemson,9.85,9.8,9.75,,Friday,28,2,2025
Madison Minner,30958,Clemson,,,9.825,9.875,Friday,28,2,2025
Mady Harvey,30958,New Hampshire,,9.7,,,Friday,28,2,2025
Maggie Holman,30958,Clemson,,,9.825,9.85,Friday,28,2,2025
McCall McMullen,30958,New Hampshire,,9.475,9.425,9.775,Friday,28,2,2025
Molly Arnold,30958,Clemson,,,9.7,9.725,Friday,28,2,2025
Quinn Kuhl,30958,Clemson,,9.775,,9.725,Friday,28,2,2025
Rebecca Wells,30958,Clemson,9.75,,,,Friday,28,2,2025
Serena Mullin,30958,New Hampshire,9.475,9.775,8.975,9.7,Friday,28,2,2025
Sierra Church,30958,Clemson,,9.425,,,Friday,28,2,2025
Sophia Isbell,30958,Texas Woman's,,,9.825,9.8,Friday,28,2,2025
Sophie Hernandez,30958,Texas Woman's,,9.325,9.875,,Friday,28,2,2025
Stacy Boss,30958,New Hampshire,,,9.55,,Friday,28,2,2025
Steelie King,30958,Texas Woman's,,9.775,,9.7,Friday,28,2,2025
Summer Simpkins,30958,New Hampshire,9.45,,,,Friday,28,2,2025
Takoda Berry,30958,Clemson,9.725,,,,Friday,28,2,2025
Tara Walsh,30958,Clemson,,9.6,,9.875,Friday,28,2,2025
Trinity Caffey,30958,Texas Woman's,,,9.85,9.75,Friday,28,2,2025
Zoe Arthur,30958,New Hampshire,9.7,,,,Friday,28,2,2025
Alayna Fern,30961,UW-Whitewater,,,,9.675,Saturday,1,3,2025
Amy Fridley,30961,UW-Eau Claire,,,9.525,9.6,Saturday,1,3,2025
Anna Preussner,30961,UW-Eau Claire,,,9.575,,Saturday,1,3,2025
Ariana Goodwin,30961,UW-Whitewater,9.8,,9.1,,Saturday,1,3,2025
Ashnaya Gupta,30961,UW-Whitewater,,9.6,,,Saturday,1,3,2025
Ava Obermoller,30961,UW-Eau Claire,9.275,,,9.375,Saturday,1,3,2025
Ava Pesch,30961,UW-Whitewater,,,,9.675,Saturday,1,3,2025
Brianna Balian,30961,UW-Whitewater,,,,9.7,Saturday,1,3,2025
Brooklynn Einck,30961,UW-Eau Claire,8.95,,,,Saturday,1,3,2025
Cadence Cordova,30961,UW-Eau Claire,9.525,,,9.6,Saturday,1,3,2025
Carleigh Moore,30961,UW-Whitewater,,,9.85,9.75,Saturday,1,3,2025
Chloe Hammond,30961,UW-Whitewater,,9.7,9.775,9.7,Saturday,1,3,2025
Elaine Copeland,30961,UW-Whitewater,9.65,,9.625,9.725,Saturday,1,3,2025
Ella Montgomery,30961,UW-Eau Claire,9.25,9.55,,,Saturday,1,3,2025
Emily Leese,30961,UW-Eau Claire,,,9.05,9.0,Saturday,1,3,2025
Grace Gerster,30961,UW-Eau Claire,,,9.25,9.35,Saturday,1,3,2025
Gracie Talley,30961,UW-Whitewater,9.55,,,,Saturday,1,3,2025
Hanna Riha,30961,UW-Eau Claire,,,8.95,,Saturday,1,3,2025
Hareet Gehlon,30961,UW-Eau Claire,,9.7,,,Saturday,1,3,2025
Hayden Gough,30961,UW-Whitewater,9.65,,,,Saturday,1,3,2025
Kelsey Donovan,30961,UW-Eau Claire,,,9.675,,Saturday,1,3,2025
Kelsey Kollhoff,30961,UW-Whitewater,9.675,9.575,9.85,,Saturday,1,3,2025
Kristen Swiebocki,30961,UW-Whitewater,,9.7,,,Saturday,1,3,2025
Linnea Vasali,30961,UW-Eau Claire,,9.725,,,Saturday,1,3,2025
Madison Daly,30961,UW-Eau Claire,9.475,9.55,,,Saturday,1,3,2025
Meghan Dahlin,30961,UW-Eau Claire,,9.55,,,Saturday,1,3,2025
Paige Magel,30961,UW-Whitewater,9.625,9.3,,,Saturday,1,3,2025
Rachel Hettiarachchy,30961,UW-Eau Claire,9.5,9.25,,9.475,Saturday,1,3,2025
Tegan Haberstock,30961,UW-Whitewater,,9.125,,,Saturday,1,3,2025
Zoe Jenks-Recker,30961,UW-Whitewater,,,9.825,,Saturday,1,3,2025
Alexa Rothenbuescher,30963,Maryland,9.825,9.725,9.8,9.825,Saturday,1,3,2025
Amelia Knight,30963,Illinois,9.825,9.775,9.8,,Saturday,1,3,2025
Audrey Sanger,30963,Michigan,8.225,,9.75,,Saturday,1,3,2025
Ava Jordan,30963,Michigan,9.8,,,9.75,Saturday,1,3,2025
Ava Stewart,30963,Minnesota,9.7,9.8,,9.85,Saturday,1,3,2025
Brooklyn Rowray,30963,Minnesota,,9.8,,,Saturday,1,3,2025
Carly Bauman,30963,Michigan,9.875,9.725,9.925,,Saturday,1,3,2025
Chloe Cho,30963,Illinois,9.85,9.7,8.575,9.9,Saturday,1,3,2025
Destiny Denning,30963,Illinois,9.85,,,,Saturday,1,3,2025
Eden King,30963,Illinois,,9.45,9.875,9.8,Saturday,1,3,2025
Emily Koch,30963,Minnesota,,9.825,9.9,,Saturday,1,3,2025
Emmalise Nock,30963,Illinois,,,9.725,,Saturday,1,3,2025
Hailey Merchant,30963,Maryland,9.875,,,,Saturday,1,3,2025
Jacey Vore,30963,Michigan,9.825,,,,Saturday,1,3,2025
Jahzara Ranger,30963,Michigan,,9.775,9.9,9.9,Saturday,1,3,2025
Jenna Mulligan,30963,Michigan,,9.65,,9.275,Saturday,1,3,2025
Jordyn Lyden,30963,Minnesota,9.95,9.7,,,Saturday,1,3,2025
Kayli Boozer,30963,Michigan,,9.825,,9.85,Saturday,1,3,2025
Kennedy Brown,30963,Illinois,9.75,,9.625,9.875,Saturday,1,3,2025
Lauren Brendlinger,30963,Maryland,,9.625,9.85,,Saturday,1,3,2025
Lauren Pearl,30963,Minnesota,,9.725,9.875,9.725,Saturday,1,3,2025
Leah Gonsiorowski,30963,Minnesota,,,9.85,,Saturday,1,3,2025
Logan Buckmon,30963,Maryland,,,,9.8,Saturday,1,3,2025
Lyden Saltness,30963,Illinois,,9.6,,,Saturday,1,3,2025
Maddie Komoroski,30963,Maryland,,9.85,9.85,,Saturday,1,3,2025
Makayla Green,30963,Illinois,9.85,,,,Saturday,1,3,2025
Marissa Jencks,30963,Minnesota,9.8,,9.725,,Saturday,1,3,2025
Marly Esteves,30963,Illinois,8.8,,,,Saturday,1,3,2025
McCauley Harrington,30963,Minnesota,9.8,,,,Saturday,1,3,2025
Megan Steensland,30963,Minnesota,,,9.8,9.825,Saturday,1,3,2025
Mya Gordon,30963,Illinois,,,,9.575,Saturday,1,3,2025
Mya Hooten,30963,Minnesota,9.85,,9.925,9.825,Saturday,1,3,2025
Natalie Martin,30963,Maryland,,8.95,9.825,9.9,Saturday,1,3,2025
Olivia Coppola,30963,Illinois,,8.9,,9.875,Saturday,1,3,2025
Peyton Davis,30963,Michigan,,9.675,9.85,9.825,Saturday,1,3,2025
Rayna Engelmayer,30963,Maryland,,9.625,,9.85,Saturday,1,3,2025
Rhea Leblanc,30963,Maryland,9.875,,9.875,9.775,Saturday,1,3,2025
Ruthuja Nataraj,30963,Illinois,,9.7,,,Saturday,1,3,2025
Sarah Moraw,30963,Minnesota,,9.7,,9.9,Saturday,1,3,2025
Sarah Saville,30963,Maryland,9.85,,,,Saturday,1,3,2025
Sophia Diaz,30963,Michigan,9.85,,9.675,9.775,Saturday,1,3,2025
Sophie Parenti,30963,Michigan,9.8,9.775,9.85,,Saturday,1,3,2025
Tali Joelson,30963,Illinois,,,9.8,9.65,Saturday,1,3,2025
Tasha Brozowski,30963,Maryland,9.85,,,,Saturday,1,3,2025
Taylor Rech,30963,Maryland,,,9.675,9.875,Saturday,1,3,2025
Teryn Crump,30963,Minnesota,9.75,,,9.875,Saturday,1,3,2025
Victoria Gatzendorfer,30963,Maryland,9.825,9.575,,,Saturday,1,3,2025
Alauna Simms,30967,Ball State,,,9.9,,Sunday,2,3,2025
Aliyah Kelly,30967,Northern Illinois,9.0,,,,Sunday,2,3,2025
Ashley Szymanski,30967,Ball State,9.9,9.825,,,Sunday,2,3,2025
Audrey Brenner,30967,Northern Illinois,,,,9.8,Sunday,2,3,2025
Ava Molina,30967,Ball State,9.65,9.7,9.15,,Sunday,2,3,2025
Cai Afalla,30967,Ball State,,,9.725,9.8,Sunday,2,3,2025
Carissa Martinez,30967,Ball State,,,9.875,,Sunday,2,3,2025
Dawsyn Sallee,30967,Northern Illinois,,9.4,9.7,9.8,Sunday,2,3,2025
Delaney McMahon,30967,Ball State,,9.925,,,Sunday,2,3,2025
Drake White,30967,Northern Illinois,9.725,,9.75,9.75,Sunday,2,3,2025
Ellery Werner,30967,Northern Illinois,,9.725,,,Sunday,2,3,2025
Grace Sumner,30967,Ball State,9.8,9.85,,,Sunday,2,3,2025
Hannah Ruthberg,30967,Ball State,9.825,,,9.775,Sunday,2,3,2025
Isabella Ross,30967,Northern Illinois,9.725,9.55,9.65,,Sunday,2,3,2025
Jocelyn Harbeck,30967,Northern Illinois,,,9.65,9.775,Sunday,2,3,2025
Karli Mercer,30967,Ball State,,,,9.825,Sunday,2,3,2025
Kate Ferguson,30967,Northern Illinois,9.825,,,,Sunday,2,3,2025
Kiera O'Shea,30967,Northern Illinois,9.725,9.1,,9.8,Sunday,2,3,2025
Lindsay Fuller,30967,Ball State,,9.85,,,Sunday,2,3,2025
Lindsay Girard,30967,Ball State,,,9.825,9.8,Sunday,2,3,2025
Mary Rose Bellan,30967,Ball State,9.85,,,,Sunday,2,3,2025
Mikayla Brown,30967,Northern Illinois,,9.85,9.8,,Sunday,2,3,2025
Natalia Kraus,30967,Northern Illinois,9.7,,,,Sunday,2,3,2025
Samantha Nickle,30967,Northern Illinois,,9.175,9.75,8.95,Sunday,2,3,2025
Suki Pfister,30967,Ball State,,,,9.825,Sunday,2,3,2025
Zoe Middleton,30967,Ball State,9.8,9.9,9.9,9.9,Sunday,2,3,2025
Abigail Walters,30969,Utica,,9.725,9.45,,Sunday,2,3,2025
Alyssa Langston,30969,Utica,9.825,9.25,,,Sunday,2,3,2025
Anna Lee Dobson,30969,Cortland State,,9.475,,9.45,Sunday,2,3,2025
Autumn Adkins,30969,Cortland State,9.725,,9.675,,Sunday,2,3,2025
Ava Miranov,30969,Cortland State,9.45,,,,Sunday,2,3,2025
Christina Troche,30969,Utica,9.25,,8.35,,Sunday,2,3,2025
Emily Plone,30969,Utica,,,9.475,,Sunday,2,3,2025
Emmy Graff,30969,Utica,9.75,9.65,9.6,9.625,Sunday,2,3,2025
Gabrielle Nadler,30969,Cortland State,,,9.675,,Sunday,2,3,2025
Gianna Mirigliano,30969,Cortland State,,9.45,9.675,9.6,Sunday,2,3,2025
Grace Marra,30969,Utica,,9.675,9.775,,Sunday,2,3,2025
Haley Miller,30969,Utica,,,,9.175,Sunday,2,3,2025
Jenna DiPalo,30969,Utica,,9.325,,9.45,Sunday,2,3,2025
Joscelyn Wabick,30969,Utica,,,,9.05,Sunday,2,3,2025
Julia Pecora,30969,Utica,,,8.875,,Sunday,2,3,2025
Kaitlyn Vaz,30969,Utica,9.55,,,,Sunday,2,3,2025
Kathryn McSweeney,30969,Cortland State,9.625,,9.425,,Sunday,2,3,2025
Kiana Wong,30969,Cortland State,8.625,,,,Sunday,2,3,2025
Kyleigh Brown,30969,Cortland State,,,,9.35,Sunday,2,3,2025
Madison Villani,30969,Utica,,,,9.5,Sunday,2,3,2025
Marisa Frascatore,30969,Cortland State,,9.375,,,Sunday,2,3,2025
Melissa Ainsley Pinkard,30969,Utica,8.75,9.7,,9.2,Sunday,2,3,2025
Ninabella English,30969,Cortland State,9.275,,,,Sunday,2,3,2025
Olivia Rosen,30969,Utica,8.6,,,,Sunday,2,3,2025
Rianna Adams,30969,Cortland State,9.45,,,,Sunday,2,3,2025
Rory Allan,30969,Cortland State,,,,9.4,Sunday,2,3,2025
Samantha Meadows,30969,Cortland State,,9.15,9.725,9.05,Sunday,2,3,2025
Tayah Graham,30969,Cortland State,,,,9.6,Sunday,2,3,2025
Taylor Goldstein,30969,Cortland State,,8.95,,,Sunday,2,3,2025
Tessa Sutton,30969,Cortland State,,9.425,9.75,,Sunday,2,3,2025
Abby Chesshire,30971,Ithaca College,,,9.125,,Sunday,2,3,2025
Ava Kelly,30971,Springfield College,,9.6,,9.3,Sunday,2,3,2025
Ayako Maeda,30971,Springfield College,9.175,,,,Sunday,2,3,2025
Brenna Johnson,30971,Springfield College,,8.575,,,Sunday,2,3,2025
Brianna Cassin,30971,Springfield College,,8.525,,9.225,Sunday,2,3,2025
Caitlin Pellegrino,30971,Ithaca College,,9.5,9.675,,Sunday,2,3,2025
Claire Geiger,30971,Springfield College,8.55,,9.45,9.375,Sunday,2,3,2025
Corey Foster,30971,Ithaca College,,9.775,9.75,,Sunday,2,3,2025
Delaney LaViolette,30971,Springfield College,,,9.3,8.9,Sunday,2,3,2025
Elsie Gardiner,30971,Springfield College,7.925,,9.5,,Sunday,2,3,2025
Emily Kobusky,30971,Ithaca College,,9.6,,,Sunday,2,3,2025
Grace Murray,30971,Ithaca College,,,9.825,9.5,Sunday,2,3,2025
Hana Miller,30971,Ithaca College,,,9.55,,Sunday,2,3,2025
Jessica Schmitz,30971,Ithaca College,,,,9.35,Sunday,2,3,2025
Jillian Freyman,30971,Ithaca College,,,9.625,,Sunday,2,3,2025
Julia Reer,30971,Springfield College,,,9.475,,Sunday,2,3,2025
Kaylie Goodwin,30971,Ithaca College,9.3,9.625,,,Sunday,2,3,2025
Lauren Babineaux,30971,Ithaca College,8.85,,,9.5,Sunday,2,3,2025
Madelyn Farragher,30971,Ithaca College,,,,9.275,Sunday,2,3,2025
Marlena Bailey,30971,Ithaca College,8.95,,,,Sunday,2,3,2025
Maya Belog,30971,Springfield College,,8.975,,,Sunday,2,3,2025
Mya John,30971,Ithaca College,9.525,9.475,,9.475,Sunday,2,3,2025
Natalie Steed,30971,Ithaca College,,9.475,,9.5,Sunday,2,3,2025
Nicole Lonski,30971,Ithaca College,9.575,,,,Sunday,2,3,2025
Reagan Charlton,30971,Springfield College,8.375,9.6,,,Sunday,2,3,2025
Sage Kaplan,30971,Springfield College,8.925,9.75,9.5,9.375,Sunday,2,3,2025
Sarah Brownstein,30971,Springfield College,7.6,,,,Sunday,2,3,2025
Sienna Blake,30971,Ithaca College,8.475,,,,Sunday,2,3,2025
Stacy Taylor,30971,Springfield College,,,9.5,9.6,Sunday,2,3,2025
Alyssa Guns,30973,Kent State,,9.85,9.65,,Sunday,2,3,2025
Ashley Morgan,30973,Kent State,,9.75,,9.625,Sunday,2,3,2025
Brynne Tsipis,30973,Kent State,9.875,,,9.65,Sunday,2,3,2025
Charlie Behner,30973,Kent State,9.875,,9.775,9.85,Sunday,2,3,2025
Charniya Brown,30973,Bowling Green,,,,9.675,Sunday,2,3,2025
Danielle Johnson,30973,Wilberforce,7.425,,,8.4,Sunday,2,3,2025
Diamond Cook,30973,Wilberforce,,8.875,8.95,8.725,Sunday,2,3,2025
Elise Brzoska,30973,Bowling Green,,9.05,,,Sunday,2,3,2025
Emma Masse,30973,Kent State,,,9.725,,Sunday,2,3,2025
Faye Dubin,30973,Bowling Green,,9.75,,,Sunday,2,3,2025
Gabby Riley,30973,Kent State,,9.55,9.675,9.7,Sunday,2,3,2025
Heidi Schultz,30973,Kent State,9.85,9.825,,,Sunday,2,3,2025
Isabella Marques,30973,Kent State,9.775,,,,Sunday,2,3,2025
Jaidyn Bryant,30973,Wilberforce,8.95,9.2,,,Sunday,2,3,2025
Jersey Bingman,30973,Kent State,,,9.825,,Sunday,2,3,2025
Katrina Mendez Abolnik,30973,Bowling Green,,,,9.75,Sunday,2,3,2025
Kayla Shaw,30973,Bowling Green,9.825,,9.85,,Sunday,2,3,2025
Keira Thornton,30973,Bowling Green,9.8,,9.725,9.7,Sunday,2,3,2025
Kennedy Krienbrink,30973,Bowling Green,9.675,,,,Sunday,2,3,2025
Kiora Peart-Williams,30973,Wilberforce,9.6,9.5,8.85,9.525,Sunday,2,3,2025
Landyn Williams,30973,Bowling Green,,,9.75,,Sunday,2,3,2025
Love Akpan,30973,Bowling Green,9.75,9.775,,,Sunday,2,3,2025
Mackenzie Butler,30973,Wilberforce,,8.825,,,Sunday,2,3,2025
Madison Coburn,30973,Bowling Green,,,9.875,9.5,Sunday,2,3,2025
Madison Kelly,30973,Wilberforce,8.3,8.975,9.025,9.2,Sunday,2,3,2025
Megan Bingham,30973,Bowling Green,9.775,9.65,9.8,9.85,Sunday,2,3,2025
Megan Dzialo,30973,Bowling Green,9.675,,9.775,9.775,Sunday,2,3,2025
Mikayla Clements,30973,Wilberforce,,,6.825,9.0,Sunday,2,3,2025
Mya Migliore,30973,Kent State,,,,9.825,Sunday,2,3,2025
Nadia Parente,30973,Bowling Green,,9.75,,,Sunday,2,3,2025
Nastia Rudnitskaya,30973,Kent State,9.875,,,9.7,Sunday,2,3,2025
Nene Alvine,30973,Kent State,9.8,9.55,9.2,,Sunday,2,3,2025
Promise Jean-Marie,30973,Wilberforce,9.2,8.425,6.7,,Sunday,2,3,2025
Teegan Milligan,30973,Bowling Green,,9.4,,,Sunday,2,3,2025
Zoe Rankin,30973,Kent State,,9.5,,,Sunday,2,3,2025
Aaliyah Krause,30976,Rhode Island College,9.3,9.65,9.725,9.525,Sunday,2,3,2025
Abby Royer,30976,Southern Conn.,,,9.425,,Sunday,2,3,2025
Abigail Bunch,30976,Rhode Island College,9.325,9.4,,,Sunday,2,3,2025
Alexa Graziano,30976,Rhode Island College,8.45,,,,Sunday,2,3,2025
Alexa Melanson,30976,Southern Conn.,,9.725,8.725,,Sunday,2,3,2025
Anabella Mills,30976,Southern Conn.,8.95,,,,Sunday,2,3,2025
Angel Lee,30976,Southern Conn.,,9.575,,,Sunday,2,3,2025
Angelina Stanfa,30976,Southern Conn.,,9.6,,,Sunday,2,3,2025
Ava Kelly,30976,Southern Conn.,,,9.625,9.3,Sunday,2,3,2025
Avery Walters,30976,Brown,9.825,9.675,9.825,,Sunday,2,3,2025
Brianna Dorr,30976,Southern Conn.,,,,9.675,Sunday,2,3,2025
Carson Ann Whitt,30976,Rhode Island College,,,9.575,,Sunday,2,3,2025
Daisy Fallon,30976,Brown,9.7,,9.675,,Sunday,2,3,2025
Emily Ford,30976,Brown,9.625,9.75,,,Sunday,2,3,2025
Emma Tucker,30976,Rhode Island College,,9.75,9.6,9.625,Sunday,2,3,2025
Erica Beyer,30976,Southern Conn.,,,9.725,,Sunday,2,3,2025
Gabby Mautner,30976,Brown,,,,9.25,Sunday,2,3,2025
Grace Christensen,30976,Southern Conn.,8.125,,,,Sunday,2,3,2025
Haley Fitzgerald,30976,Southern Conn.,,9.425,,,Sunday,2,3,2025
Hanna Zebdi,30976,Southern Conn.,,,9.7,9.525,Sunday,2,3,2025
Hannah Fitzgerald,30976,Southern Conn.,8.875,,,,Sunday,2,3,2025
Ivy Jimenez,30976,Rhode Island College,,9.7,,9.475,Sunday,2,3,2025
Jessica Lin,30976,Brown,,9.85,,9.45,Sunday,2,3,2025
Julia Bedell,30976,Brown,,,,9.775,Sunday,2,3,2025
Kylie Sitty,30976,Southern Conn.,9.55,,,9.6,Sunday,2,3,2025
Libby Allen,30976,Southern Conn.,,9.6,9.8,9.125,Sunday,2,3,2025
Lindsay Van Eyk,30976,Brown,,9.825,,,Sunday,2,3,2025
Lindsey Yang,30976,Brown,,9.85,9.8,9.475,Sunday,2,3,2025
Liza Marcus,30976,Brown,9.825,9.05,9.725,,Sunday,2,3,2025
Madeline Brandt,30976,Rhode Island College,,9.65,9.525,,Sunday,2,3,2025
Maya Davis,30976,Brown,9.775,,9.875,,Sunday,2,3,2025
Morgan Lunn,30976,Rhode Island College,,,9.525,,Sunday,2,3,2025
Olivia Keyes,30976,Rhode Island College,9.55,9.625,9.775,9.475,Sunday,2,3,2025
Payton Greene,30976,Rhode Island College,8.1,,,9.475,Sunday,2,3,2025
Payton Smith,30976,Rhode Island College,8.25,,,,Sunday,2,3,2025
Shreya Munshi,30976,Southern Conn.,9.475,,,,Sunday,2,3,2025
Sidney Wilson,30976,Southern Conn.,,,,9.425,Sunday,2,3,2025
Sophia Damiano,30976,Rhode Island College,,,,9.525,Sunday,2,3,2025
Sophia Dewar,30976,Brown,9.55,,9.675,9.675,Sunday,2,3,2025
Umi El Mammann,30976,Brown,,,,9.6,Sunday,2,3,2025
Zoe Axell,30976,Southern Conn.,8.725,8.775,,,Sunday,2,3,2025
Angel Stuart,30979,Utah State,,,9.775,9.55,Sunday,2,3,2025
Ava East,30979,San Jose State,,,9.6,,Sunday,2,3,2025
Ava Johnson,30979,San Jose State,,,9.775,,Sunday,2,3,2025
Avery Bibbey,30979,Utah State,9.8,,,,Sunday,2,3,2025
Brianna Brooks,30979,Utah State,9.875,9.825,,9.675,Sunday,2,3,2025
Dani Kirstine,30979,Utah State,9.625,,,,Sunday,2,3,2025
Devyn Valuch,30979,San Jose State,9.75,9.9,9.725,9.7,Sunday,2,3,2025
Isabella Vater,30979,Utah State,,9.725,9.825,,Sunday,2,3,2025
Jaudai Lopes,30979,San Jose State,9.7,,9.775,9.775,Sunday,2,3,2025
Jenna Eagles,30979,Utah State,,9.75,9.75,,Sunday,2,3,2025
Katherine Weyhmiller,30979,San Jose State,9.65,9.725,9.0,,Sunday,2,3,2025
Kaviana Jurries,30979,San Jose State,9.725,,,9.75,Sunday,2,3,2025
Kaylie Medrano,30979,Utah State,,9.7,9.45,9.75,Sunday,2,3,2025
Lundyn Vander Toolen,30979,Utah State,9.775,,,9.75,Sunday,2,3,2025
Madison Gustitus,30979,San Jose State,,9.85,,,Sunday,2,3,2025
Madison Kirsch,30979,San Jose State,,9.75,,9.8,Sunday,2,3,2025
Marissa Ashton,30979,San Jose State,,9.825,,,Sunday,2,3,2025
Mikaela Pitts,30979,San Jose State,,,,9.725,Sunday,2,3,2025
Nyla Morabito,30979,Utah State,,,9.85,9.8,Sunday,2,3,2025
Olivia Orengo,30979,Utah State,9.625,9.65,9.725,,Sunday,2,3,2025
Olivia Reardon,30979,San Jose State,9.85,,9.8,9.825,Sunday,2,3,2025
Payton Gatzlaff,30979,Utah State,,,,9.75,Sunday,2,3,2025
Samantha Macasu,30979,San Jose State,,9.725,,,Sunday,2,3,2025
Sophia Konieczny,30979,San Jose State,9.775,,,,Sunday,2,3,2025
Sydney Jelen,30979,Utah State,9.525,9.825,,,Sunday,2,3,2025
Alex Routsis,30981,Southern Utah,9.825,,,,Sunday,2,3,2025
Alyssa Fernandez,30981,Southern Utah,,,9.775,,Sunday,2,3,2025
Amelia Moneymaker,30981,UC Davis,9.825,9.875,9.85,9.75,Sunday,2,3,2025
Avah Reichow,30981,UC Davis,,,9.725,9.7,Sunday,2,3,2025
Ayumi Oshiro,30981,UC Davis,9.8,9.825,9.85,,Sunday,2,3,2025
Brinlee Christensen,30981,Southern Utah,,,9.8,9.8,Sunday,2,3,2025
Cady Chiu,30981,UC Davis,,9.75,,,Sunday,2,3,2025
Eleanor Wyly,30981,UC Davis,,9.85,9.85,9.725,Sunday,2,3,2025
Ellie Cacciola,30981,Southern Utah,,9.85,9.85,9.9,Sunday,2,3,2025
Elliot Bringhurst,30981,Southern Utah,,9.725,,,Sunday,2,3,2025
Isabella Fitz-Gerald,30981,UC Davis,9.825,,,,Sunday,2,3,2025
Isabella Neff,30981,Southern Utah,9.8,,,,Sunday,2,3,2025
Jadyn Wakita,30981,UC Davis,,,,8.875,Sunday,2,3,2025
Jehaan Poonja,30981,UC Davis,9.525,9.725,,,Sunday,2,3,2025
Keanna Abraham,30981,UC Davis,,,9.9,9.85,Sunday,2,3,2025
Kendall McGuire,30981,Southern Utah,9.8,,,,Sunday,2,3,2025
Mackenzie Kelly,30981,Southern Utah,,,,9.8,Sunday,2,3,2025
Maria Ferguson,30981,Southern Utah,9.9,9.125,,,Sunday,2,3,2025
McKenna Knecht,30981,UC Davis,9.75,,,,Sunday,2,3,2025
Megan Ray,30981,UC Davis,,9.775,9.875,9.825,Sunday,2,3,2025
Mia Hampton,30981,Southern Utah,9.825,9.775,9.85,9.8,Sunday,2,3,2025
Milla Gideon,30981,UC Davis,9.85,,,,Sunday,2,3,2025
Niya Randolph,30981,Southern Utah,9.925,9.825,9.875,9.825,Sunday,2,3,2025
Rylee Miller,30981,Southern Utah,,9.825,,,Sunday,2,3,2025
Taylor Gull,30981,Southern Utah,,,9.875,9.725,Sunday,2,3,2025
Adriana Hoffman,30983,Towson,,,9.7,9.7,Sunday,2,3,2025
Alina Danilchenko,30983,LIU,,8.625,9.8,,Sunday,2,3,2025
Ana Kenefick,30983,Towson,,9.725,9.85,,Sunday,2,3,2025
Angelina Hogan,30983,LIU,9.675,,,,Sunday,2,3,2025
Ava Harper,30983,Towson,,,,9.8,Sunday,2,3,2025
Brisa Carraro,30983,LIU,9.6,,,,Sunday,2,3,2025
Brissa Portillo,30983,Towson,9.825,9.75,,,Sunday,2,3,2025
Brooke Burkhart,30983,LIU,,,,9.625,Sunday,2,3,2025
Carmella Calafati,30983,Towson,,,9.775,,Sunday,2,3,2025
Caroline Kliewer,30983,LIU,9.75,,,,Sunday,2,3,2025
Celia Trotter,30983,Towson,8.8,9.8,,,Sunday,2,3,2025
Clara Hong,30983,Towson,9.825,9.85,9.875,,Sunday,2,3,2025
Danyella Holmes,30983,LIU,9.7,,9.65,9.45,Sunday,2,3,2025
Ella Barrington,30983,LIU,,,9.775,,Sunday,2,3,2025
Ellorie Cane,30983,LIU,,9.775,,,Sunday,2,3,2025
Felicia Poblete,30983,Towson,,,,9.5,Sunday,2,3,2025
Haleigh Welch,30983,LIU,9.175,,,,Sunday,2,3,2025
Isabella DeCroo,30983,Towson,,,9.8,9.825,Sunday,2,3,2025
Isabella Minervini,30983,Towson,9.9,9.825,,9.475,Sunday,2,3,2025
Kady Bills-McCoy,30983,LIU,,9.75,,,Sunday,2,3,2025
Kaira Cartwright,30983,LIU,,9.8,9.75,9.775,Sunday,2,3,2025
Kira Sanchez,30983,LIU,9.625,,9.775,9.3,Sunday,2,3,2025
Lauren Greene,30983,Towson,9.8,,,,Sunday,2,3,2025
Lauren Keener,30983,Towson,9.725,9.825,,,Sunday,2,3,2025
Raphaelle Perreault,30983,LIU,,9.85,9.625,9.675,Sunday,2,3,2025
Reese Toland,30983,Towson,,,9.775,9.625,Sunday,2,3,2025
Renee Figueroa,30983,LIU,,9.0,,,Sunday,2,3,2025
Zoe Claiborne,30983,LIU,,,,9.2,Sunday,2,3,2025
Anna Pagliaro,30985,Rutgers,,9.875,,9.8,Sunday,2,3,2025
Avery Balser,30985,Rutgers,9.75,,,,Sunday,2,3,2025
Ayzhia Hall,30985,Nebraska,,9.9,,9.775,Sunday,2,3,2025
Brooklyn Moors,30985,UCLA,,9.7,9.95,9.825,Sunday,2,3,2025
Cameron Smith,30985,Ohio State,,9.825,,9.875,Sunday,2,3,2025
Chae Campbell,30985,UCLA,9.875,9.825,9.85,9.875,Sunday,2,3,2025
Ciena Alipio,30985,UCLA,,9.8,,,Sunday,2,3,2025
Delaney Adrian,30985,Rutgers,9.775,9.75,9.875,9.7,Sunday,2,3,2025
Donna Uhlenberg,30985,Rutgers,9.775,,,,Sunday,2,3,2025
Elia Aird,30985,Rutgers,,,9.775,9.625,Sunday,2,3,2025
Elliot Goldsmith,30985,Rutgers,,,9.85,,Sunday,2,3,2025
Emily Lee,30985,UCLA,,9.875,9.8,9.825,Sunday,2,3,2025
Emma Malabuyo,30985,UCLA,9.725,9.8,9.875,,Sunday,2,3,2025
Emma Simpton,30985,Nebraska,9.8,9.9,,,Sunday,2,3,2025
Emma Spence,30985,Nebraska,9.925,9.725,9.85,9.9,Sunday,2,3,2025
Frida Esparza,30985,UCLA,9.825,,,,Sunday,2,3,2025
Gabrielle Dildy,30985,Rutgers,,9.9,9.85,9.75,Sunday,2,3,2025
Ginger Richards,30985,Rutgers,9.75,,,,Sunday,2,3,2025
Grace Walker,30985,Ohio State,9.825,9.825,,,Sunday,2,3,2025
Halle Rourke,30985,Nebraska,,,7.925,,Sunday,2,3,2025
Isabel Sikon,30985,Nebraska,9.775,9.925,,9.75,Sunday,2,3,2025
Jackie Manifold,30985,Rutgers,,9.725,,,Sunday,2,3,2025
Jojo Warga,30985,Ohio State,,9.125,,,Sunday,2,3,2025
Jordan Chiles,30985,UCLA,9.95,9.825,9.95,9.825,Sunday,2,3,2025
Kaitlyn Grimes,30985,Ohio State,,,9.9,9.825,Sunday,2,3,2025
Karleigh Reutzel,30985,Ohio State,9.85,,,9.65,Sunday,2,3,2025
Kate Parks,30985,Ohio State,9.775,,,,Sunday,2,3,2025
Katie Kuenemann,30985,Nebraska,,,,9.75,Sunday,2,3,2025
Keeley Smith,30985,Rutgers,8.625,,,,Sunday,2,3,2025
Lauren Hollifield,30985,Nebraska,9.775,,,,Sunday,2,3,2025
Lauren Homecillo,30985,Nebraska,,,9.85,,Sunday,2,3,2025
Lisa Chevaire,30985,Rutgers,,,9.725,9.625,Sunday,2,3,2025
Macy McGowan,30985,UCLA,9.8,,9.875,9.875,Sunday,2,3,2025
Maisyn Rader,30985,Ohio State,9.75,9.875,9.825,,Sunday,2,3,2025
Mallory Gregory,30985,Ohio State,,,9.825,,Sunday,2,3,2025
Matis Rains,30985,Rutgers,,9.85,,,Sunday,2,3,2025
Maya Jones,30985,Rutgers,,,9.675,,Sunday,2,3,2025
Mika Webster-Longin,30985,UCLA,9.85,,,9.875,Sunday,2,3,2025
Rachael Riley,30985,Rutgers,,9.95,,9.775,Sunday,2,3,2025
Reagan Schenkel,30985,Rutgers,9.775,,,,Sunday,2,3,2025
Reese Baechle,30985,Nebraska,,,9.775,,Sunday,2,3,2025
Rylee Guevara,30985,Ohio State,,9.725,9.85,9.775,Sunday,2,3,2025
Sidney Washington,30985,Ohio State,9.775,,9.7,9.8,Sunday,2,3,2025
Sophia McClelland,30985,Nebraska,9.825,9.85,9.825,9.7,Sunday,2,3,2025
Tory Vetter,30985,Ohio State,9.875,9.875,9.9,9.85,Sunday,2,3,2025
Whitney Jencks,30985,Nebraska,9.875,9.8,9.85,9.775,Sunday,2,3,2025
Ady Wahl,30989,Georgia,9.8,,9.875,9.85,Sunday,2,3,2025
Anaya Smith,30989,Georgia,,,,9.8,Sunday,2,3,2025
Anya Turner,30989,Georgia,,9.875,,,Sunday,2,3,2025
Cecily Rizo,30989,Kentucky,,,,9.8,Sunday,2,3,2025
Creslyn Brose,30989,Kentucky,,9.9,9.95,,Sunday,2,3,2025
Csenge Bacskay,30989,Georgia,9.725,,9.475,9.8,Sunday,2,3,2025
Delaynee Rodriguez,30989,Kentucky,9.875,9.85,9.925,9.775,Sunday,2,3,2025
Eryn Williams,30989,Georgia,,,9.85,,Sunday,2,3,2025
Hailey Davis,30989,Kentucky,9.925,,9.8,,Sunday,2,3,2025
Harley Tomlin,30989,Georgia,,9.8,,,Sunday,2,3,2025
Holly Snyder,30989,Georgia,9.925,,9.875,,Sunday,2,3,2025
Isabella Magnelli,30989,Kentucky,,9.925,9.825,9.9,Sunday,2,3,2025
Isabella Rivelli,30989,Kentucky,9.775,,,,Sunday,2,3,2025
Ja' Free Scott,30989,Georgia,9.85,9.9,,9.8,Sunday,2,3,2025
Jillian Procasky,30989,Kentucky,9.825,9.75,9.85,9.85,Sunday,2,3,2025
Kara Eaker,30989,Georgia,,9.875,,,Sunday,2,3,2025
Lily Smith,30989,Georgia,9.8,9.95,9.925,,Sunday,2,3,2025
Makenzie Wilson,30989,Kentucky,,,,9.825,Sunday,2,3,2025
Naya Howard,30989,Georgia,,9.875,,9.725,Sunday,2,3,2025
Nyla Aquino,30989,Georgia,,,9.925,9.85,Sunday,2,3,2025
Ryan Noonan,30989,Kentucky,9.7,,,,Sunday,2,3,2025
Sadie Jane Berry,30989,Georgia,9.8,,,,Sunday,2,3,2025
Sharon Lee,30989,Kentucky,,9.875,,,Sunday,2,3,2025
Skylar Killough-Wilhelm,30989,Kentucky,9.825,8.85,9.85,9.85,Sunday,2,3,2025
Adeline Kenlin,30991,Iowa,,9.85,,,Sunday,2,3,2025
Allison Kaempfer,30991,Penn State,,,9.75,9.65,Sunday,2,3,2025
Alyssa Kramer,30991,Penn State,,,9.875,,Sunday,2,3,2025
Amy Doyle,30991,Michigan State,9.85,9.55,,9.825,Sunday,2,3,2025
Ashley Maul,30991,Penn State,,9.875,9.725,,Sunday,2,3,2025
Aurelie Tran,30991,Iowa,9.875,9.75,9.8,9.775,Sunday,2,3,2025
Avery Chambers,30991,Iowa,,,,9.775,Sunday,2,3,2025
Caitlin McWilliams,30991,Washington,9.675,,9.75,9.725,Sunday,2,3,2025
Cassi Barbanente,30991,Penn State,9.75,,,,Sunday,2,3,2025
Cassie Lee,30991,Iowa,,9.675,,,Sunday,2,3,2025
Chelsea Hallinan,30991,Washington,,9.85,,,Sunday,2,3,2025
Dani Latronica,30991,Penn State,9.8,9.825,,,Sunday,2,3,2025
Delanie Harkness,30991,Michigan State,9.9,,9.875,,Sunday,2,3,2025
Elina Vihrova,30991,Penn State,9.775,,9.45,9.775,Sunday,2,3,2025
Elizabeth Leary,30991,Penn State,9.85,9.7,9.775,9.775,Sunday,2,3,2025
Elle Beaufait,30991,Michigan State,,,9.4,,Sunday,2,3,2025
Ellie Monahan,30991,Penn State,,9.75,9.05,9.65,Sunday,2,3,2025
Emily Erb,30991,Iowa,,,9.9,,Sunday,2,3,2025
Emily Innes,30991,Washington,,9.1,9.9,9.8,Sunday,2,3,2025
Emma Misenheimer,30991,Michigan State,,9.775,,,Sunday,2,3,2025
Eva Volpe,30991,Iowa,,,,9.725,Sunday,2,3,2025
Gabrielle Gallentine,30991,Penn State,9.2,,,,Sunday,2,3,2025
Gabrielle Stephen,30991,Michigan State,9.925,9.275,9.85,9.8,Sunday,2,3,2025
Giana Kalefe,30991,Michigan State,,9.875,,,Sunday,2,3,2025
Gianna Masella,30991,Iowa,9.8,,9.775,9.7,Sunday,2,3,2025
Haley Tyson,30991,Iowa,,9.85,9.725,,Sunday,2,3,2025
Hanna Castillo,30991,Iowa,,,9.825,9.7,Sunday,2,3,2025
Ilka Juk,30991,Iowa,9.75,9.85,,,Sunday,2,3,2025
Isabella Salcedo,30991,Penn State,,9.8,,9.875,Sunday,2,3,2025
Kaia Vanney,30991,Iowa,9.6,,,,Sunday,2,3,2025
Karina Munoz,30991,Iowa,9.85,9.825,9.75,9.8,Sunday,2,3,2025
Kira Bolden,30991,Washington,9.7,,9.6,9.775,Sunday,2,3,2025
Kristin Lin,30991,Washington,9.7,9.725,,9.725,Sunday,2,3,2025
Lex Mouyenga,30991,Washington,,,,9.7,Sunday,2,3,2025
MaKayla Tucker,30991,Michigan State,,,9.825,9.825,Sunday,2,3,2025
Maddie Johnston,30991,Penn State,9.8,9.775,,9.825,Sunday,2,3,2025
Mary McDonough,30991,Washington,9.9,9.775,9.55,9.8,Sunday,2,3,2025
Nikki Smith,30991,Michigan State,9.175,9.925,9.9,9.85,Sunday,2,3,2025
Olivia Oppegard,30991,Washington,9.85,9.775,9.775,,Sunday,2,3,2025
Olivia Zsarmani,30991,Michigan State,9.875,,,9.875,Sunday,2,3,2025
Sage Kellerman,30991,Michigan State,9.925,,,9.925,Sunday,2,3,2025
Skyla Schulte,30991,Michigan State,,9.9,9.9,,Sunday,2,3,2025
Sydney Turner,30991,Iowa,9.9,,,,Sunday,2,3,2025
Taylor Russon,30991,Washington,9.9,9.9,9.725,,Sunday,2,3,2025
Adriana Hoffman,30995,Towson,,,9.875,9.825,Tuesday,4,3,2025
Alisha Werlen,30995,Pennsylvania,,9.6,9.6,9.775,Tuesday,4,3,2025
Amber Lowe,30995,West Virginia,9.825,9.825,9.725,,Tuesday,4,3,2025
Ana Kenefick,30995,Towson,,9.8,9.725,,Tuesday,4,3,2025
Anna Leigh,30995,West Virginia,9.8,9.825,9.875,,Tuesday,4,3,2025
Ava Harper,30995,Towson,,,,9.8,Tuesday,4,3,2025
Brissa Portillo,30995,Towson,9.6,9.8,,,Tuesday,4,3,2025
Brooke Alban,30995,West Virginia,9.775,,,9.8,Tuesday,4,3,2025
Carlee Nelson,30995,West Virginia,,,,9.775,Tuesday,4,3,2025
Carmella Calafati,30995,Towson,,,9.75,,Tuesday,4,3,2025
Celia Trotter,30995,Towson,,9.825,,,Tuesday,4,3,2025
Clara Hong,30995,Towson,9.8,9.9,9.875,,Tuesday,4,3,2025
Deana Sheremeta,30995,George Washington,9.825,9.775,9.8,,Tuesday,4,3,2025
Delaney DeHaan,30995,George Washington,9.725,9.775,9.9,9.85,Tuesday,4,3,2025
Eden Webster,30995,West Virginia,,9.85,,,Tuesday,4,3,2025
Emerson Smith,30995,West Virginia,,,9.85,9.75,Tuesday,4,3,2025
Emma Davies,30995,Pennsylvania,,,9.75,,Tuesday,4,3,2025
Felicia Poblete,30995,Towson,,,9.725,,Tuesday,4,3,2025
Isabella DeCroo,30995,Towson,,,9.825,9.925,Tuesday,4,3,2025
Isabella Minervini,30995,Towson,9.9,9.85,,9.8,Tuesday,4,3,2025
Jayden McDonnell,30995,West Virginia,9.75,,,,Tuesday,4,3,2025
Jordan Barrow,30995,Pennsylvania,9.825,9.825,,9.675,Tuesday,4,3,2025
Julia Brown,30995,West Virginia,,9.875,,,Tuesday,4,3,2025
Kaelyn Skeel,30995,West Virginia,9.775,,,,Tuesday,4,3,2025
Karleigh DiCello,30995,West Virginia,,9.925,,9.8,Tuesday,4,3,2025
Kasey Burke,30995,George Washington,,,9.675,9.7,Tuesday,4,3,2025
Kaylei Adams,30995,West Virginia,,9.625,,,Tuesday,4,3,2025
Kendall Whitman,30995,George Washington,,9.8,9.9,9.725,Tuesday,4,3,2025
Kylie Kazmierski,30995,George Washington,,,9.775,,Tuesday,4,3,2025
Lauren Greene,30995,Towson,9.8,,,,Tuesday,4,3,2025
Lauren Keener,30995,Towson,9.85,9.9,,,Tuesday,4,3,2025
Lola Montevago,30995,George Washington,9.85,9.85,,9.825,Tuesday,4,3,2025
Madi McMullen,30995,George Washington,9.05,,9.75,,Tuesday,4,3,2025
Manama Fofana,30995,Pennsylvania,,9.8,9.775,9.775,Tuesday,4,3,2025
Marissa Lassiter,30995,Pennsylvania,9.725,,9.775,9.8,Tuesday,4,3,2025
Maya Peters,30995,George Washington,,9.8,,,Tuesday,4,3,2025
Mimi Fletcher,30995,Pennsylvania,9.825,9.925,,,Tuesday,4,3,2025
Nancy Kiner,30995,George Washington,,9.65,,,Tuesday,4,3,2025
Olivia Vanhorn,30995,Pennsylvania,,,,9.725,Tuesday,4,3,2025
Polina Belanovski,30995,Towson,6.45,,,9.775,Tuesday,4,3,2025
Rachel Katz,30995,George Washington,9.775,,,9.675,Tuesday,4,3,2025
Reese Toland,30995,Towson,,,,9.75,Tuesday,4,3,2025
Riley Maness,30995,West Virginia,,,9.775,,Tuesday,4,3,2025
Samantha Wu,30995,Pennsylvania,,9.75,,,Tuesday,4,3,2025
Skyelar Kerico,30995,Pennsylvania,9.875,9.925,9.825,9.7,Tuesday,4,3,2025
Sophia Paris,30995,Pennsylvania,9.875,,,,Tuesday,4,3,2025
Sophia Rice,30995,West Virginia,,,,9.8,Tuesday,4,3,2025
Sophia Tyeryar,30995,George Washington,9.725,,,,Tuesday,4,3,2025
Taylor Tuohy,30995,West Virginia,,,9.75,9.575,Tuesday,4,3,2025
Trinity Macy,30995,West Virginia,9.3,,9.675,,Tuesday,4,3,2025
Zara Gazdak,30995,Pennsylvania,9.875,,9.8,,Tuesday,4,3,2025
Zoe Safran,30995,George Washington,,,,9.675,Tuesday,4,3,2025
Alexa Rothenbuescher,30999,Maryland,9.8,9.775,9.9,9.675,Wednesday,5,3,2025
Amelia Budd,30999,Temple,,,,9.725,Wednesday,5,3,2025
Brooke Donabedian,30999,Temple,,9.8,9.875,,Wednesday,5,3,2025
Hailey Merchant,30999,Maryland,9.775,,,,Wednesday,5,3,2025
Hannah Weklar,30999,Temple,9.875,,9.7,9.775,Wednesday,5,3,2025
Krystin Johnson,30999,Temple,,,9.9,9.825,Wednesday,5,3,2025
Lauren Brendlinger,30999,Maryland,,9.8,9.875,,Wednesday,5,3,2025
Logan Buckmon,30999,Maryland,,,,9.775,Wednesday,5,3,2025
Maddie Komoroski,30999,Maryland,,9.9,9.9,,Wednesday,5,3,2025
Madison Dorunda,30999,Temple,8.45,9.85,,,Wednesday,5,3,2025
Mariella Brueck,30999,Temple,8.925,,,,Wednesday,5,3,2025
Megan White,30999,Temple,9.725,9.5,,,Wednesday,5,3,2025
Natalie Martin,30999,Maryland,,9.875,9.85,9.85,Wednesday,5,3,2025
Nikk Rengifo,30999,Temple,,,9.775,9.775,Wednesday,5,3,2025
Rayna Engelmayer,30999,Maryland,,9.75,,9.65,Wednesday,5,3,2025
Reese DeHaan,30999,Temple,9.75,,,,Wednesday,5,3,2025
Renee Schugman,30999,Temple,,9.775,9.85,9.8,Wednesday,5,3,2025
Rhea Leblanc,30999,Maryland,9.825,,9.825,9.725,Wednesday,5,3,2025
Robyn Dunn,30999,Temple,,9.55,,,Wednesday,5,3,2025
Sarah Saville,30999,Maryland,9.8,,,,Wednesday,5,3,2025
Sarah Stallings,30999,Temple,9.825,,,,Wednesday,5,3,2025
Summer Ruskey,30999,Temple,,9.8,9.775,9.625,Wednesday,5,3,2025
Tasha Brozowski,30999,Maryland,9.1,,,,Wednesday,5,3,2025
Taylor Rech,30999,Maryland,,,9.8,9.8,Wednesday,5,3,2025
Victoria Gatzendorfer,30999,Maryland,9.775,9.825,,,Wednesday,5,3,2025
Adeline Kenlin,31001,Iowa,,9.925,,,Friday,7,3,2025
Aubree Guinee,31001,Iowa State,,,9.8,,Friday,7,3,2025
Aurelie Tran,31001,Iowa,9.95,9.85,9.875,9.525,Friday,7,3,2025
Avery Chambers,31001,Iowa,,,,9.775,Friday,7,3,2025
Cassie Lee,31001,Iowa,,9.175,,,Friday,7,3,2025
Ella Schell,31001,Iowa State,,,9.85,,Friday,7,3,2025
Emily Erb,31001,Iowa,,,9.925,,Friday,7,3,2025
Eva Volpe,31001,Iowa,,,9.8,9.75,Friday,7,3,2025
Frederique Sgarbossa,31001,Iowa State,9.875,,,,Friday,7,3,2025
Gianna Masella,31001,Iowa,9.85,,,9.75,Friday,7,3,2025
Haley Tyson,31001,Iowa,,9.9,9.85,,Friday,7,3,2025
Hanna Castillo,31001,Iowa,,,9.825,9.825,Friday,7,3,2025
Hannah Loyim,31001,Iowa State,9.725,9.7,9.75,9.7,Friday,7,3,2025
Haylee Hardin,31001,Iowa State,,,9.875,9.8,Friday,7,3,2025
Ilka Juk,31001,Iowa,9.825,9.85,,,Friday,7,3,2025
Josie Bergstrom-Te Slaa,31001,Iowa State,9.7,9.825,,9.85,Friday,7,3,2025
Kaia Bochow,31001,Iowa State,9.775,,,,Friday,7,3,2025
Kaia Vanney,31001,Iowa,9.825,,,,Friday,7,3,2025
Karina Munoz,31001,Iowa,9.825,9.9,9.85,9.9,Friday,7,3,2025
Lauren O'Brochta,31001,Iowa State,,9.7,,,Friday,7,3,2025
Lauren Thomas,31001,Iowa State,9.725,9.675,,,Friday,7,3,2025
Noelle Adams,31001,Iowa State,,9.725,9.875,9.775,Friday,7,3,2025
Paige Wills,31001,Iowa State,9.7,,,9.75,Friday,7,3,2025
Rachel Wilke,31001,Iowa State,,9.875,9.725,9.65,Friday,7,3,2025
Sydney Turner,31001,Iowa,9.825,,,,Friday,7,3,2025
Alex Routsis,31003,Southern Utah,8.925,,,,Friday,7,3,2025
Alyssa Fernandez,31003,Southern Utah,,,9.8,,Friday,7,3,2025
Alyssa Vulaj,31003,Boise State,,9.8,9.85,9.875,Friday,7,3,2025
Anna Ferguson,31003,Boise State,,,9.7,,Friday,7,3,2025
Blake Pascal,31003,Boise State,,,9.825,,Friday,7,3,2025
Bridget Kemp,31003,Boise State,,,9.8,9.75,Friday,7,3,2025
Brinlee Christensen,31003,Southern Utah,9.85,9.775,9.85,9.825,Friday,7,3,2025
Carly Buell,31003,Boise State,9.85,,,,Friday,7,3,2025
Elaina McGovern,31003,Boise State,,,9.85,,Friday,7,3,2025
Ellie Cacciola,31003,Southern Utah,,9.825,9.9,9.875,Friday,7,3,2025
Elliot Bringhurst,31003,Southern Utah,,9.85,,,Friday,7,3,2025
Emily Lopez,31003,Boise State,9.825,9.9,,9.675,Friday,7,3,2025
Emma Loyim,31003,Boise State,,9.7,9.55,,Friday,7,3,2025
Isabella Neff,31003,Southern Utah,9.825,,,,Friday,7,3,2025
Julia Kryzwanski,31003,Boise State,,,,9.75,Friday,7,3,2025
Kristina Shchennikova,31003,Boise State,9.85,9.85,,,Friday,7,3,2025
Mackenzie Kelly,31003,Southern Utah,,,,9.85,Friday,7,3,2025
Mahleea Werline,31003,Boise State,9.825,,,,Friday,7,3,2025
Maria Ferguson,31003,Southern Utah,9.9,9.8,,,Friday,7,3,2025
Mia Hampton,31003,Southern Utah,9.8,,9.825,9.8,Friday,7,3,2025
Niya Randolph,31003,Southern Utah,9.875,9.8,9.925,9.85,Friday,7,3,2025
Noelle Ball,31003,Boise State,9.75,,,9.825,Friday,7,3,2025
Rylee Miller,31003,Southern Utah,,9.825,,,Friday,7,3,2025
Sydney Kho,31003,Boise State,,9.825,,9.575,Friday,7,3,2025
Sydney Leitch,31003,Boise State,9.875,9.8,,,Friday,7,3,2025
Taylor Gull,31003,Southern Utah,,,9.85,9.65,Friday,7,3,2025
Alyssa Arana,31005,Florida,9.875,9.925,,,Friday,7,3,2025
Anya Pilgrim,31005,Florida,9.875,9.875,,,Friday,7,3,2025
Chloe LaCoursiere,31005,Alabama,9.925,9.825,9.85,,Friday,7,3,2025
Corinne Bunagan,31005,Alabama,,9.075,,9.825,Friday,7,3,2025
Danie Ferris,31005,Florida,,,9.7,9.85,Friday,7,3,2025
Ellie Lazzari,31005,Florida,,,,9.825,Friday,7,3,2025
Gabby Disidore,31005,Florida,,,9.875,9.85,Friday,7,3,2025
Gabby Gladieux,31005,Alabama,9.825,9.9,9.95,9.9,Friday,7,3,2025
Jamison Sears,31005,Alabama,,,9.8,,Friday,7,3,2025
Jordyn Paradise,31005,Alabama,,,,9.825,Friday,7,3,2025
Karis German,31005,Alabama,,,,9.825,Friday,7,3,2025
Kylee Kvamme,31005,Alabama,,,,9.925,Friday,7,3,2025
Leanne Wong,31005,Florida,9.875,9.95,9.925,9.975,Friday,7,3,2025
Lilly Hudson,31005,Alabama,9.9,9.9,9.975,9.875,Friday,7,3,2025
Paityn Walker,31005,Alabama,9.925,,,,Friday,7,3,2025
Rachel Rybicki,31005,Alabama,,9.575,9.9,,Friday,7,3,2025
Riley McCusker,31005,Florida,9.9,,,,Friday,7,3,2025
Ryan Fuller,31005,Alabama,9.9,9.8,,,Friday,7,3,2025
Selena Harris-Miranda,31005,Florida,9.95,9.95,9.925,9.825,Friday,7,3,2025
Shania Adams,31005,Alabama,9.875,,9.9,,Friday,7,3,2025
Skye Blakely,31005,Florida,9.875,,,,Friday,7,3,2025
Skylar Draser,31005,Florida,,9.9,,,Friday,7,3,2025
Taylor Clark,31005,Florida,,,9.9,,Friday,7,3,2025
Victoria Nguyen,31005,Florida,,9.9,9.9,9.9,Friday,7,3,2025
Annie Reigert,31007,Kentucky,9.75,,,,Friday,7,3,2025
Cally Swaney,31007,Arkansas,9.825,9.9,,,Friday,7,3,2025
Cami Weaver,31007,Arkansas,,9.825,,9.85,Friday,7,3,2025
Cecily Rizo,31007,Kentucky,,,,9.8,Friday,7,3,2025
Chesney Bennett,31007,Kentucky,,9.9,,,Friday,7,3,2025
Creslyn Brose,31007,Kentucky,,9.825,10.0,,Friday,7,3,2025
Dakota Essenpries,31007,Arkansas,,,,9.85,Friday,7,3,2025
Delaynee Rodriguez,31007,Kentucky,9.9,9.875,9.925,,Friday,7,3,2025
Frankie Price,31007,Arkansas,,,9.925,9.85,Friday,7,3,2025
Hailey Davis,31007,Kentucky,9.8,,9.975,,Friday,7,3,2025
Hailey Klein,31007,Arkansas,,,9.85,9.85,Friday,7,3,2025
Isabella Magnelli,31007,Kentucky,,9.975,9.9,9.95,Friday,7,3,2025
Isabella Rivelli,31007,Kentucky,9.25,,,,Friday,7,3,2025
Ja'Leigh Lang,31007,Arkansas,,,,9.85,Friday,7,3,2025
Jillian Procasky,31007,Kentucky,9.85,,9.85,9.875,Friday,7,3,2025
Joscelyn Roberson,31007,Arkansas,9.85,9.9,9.925,9.85,Friday,7,3,2025
Kaitlyn Ewald,31007,Arkansas,9.85,,,,Friday,7,3,2025
Kalyxta Gamiao,31007,Arkansas,,9.925,9.775,,Friday,7,3,2025
Maddie Jones,31007,Arkansas,9.9,,9.875,,Friday,7,3,2025
Makenzie Wilson,31007,Kentucky,,,,9.925,Friday,7,3,2025
Mati Waligora,31007,Arkansas,9.925,9.925,9.95,,Friday,7,3,2025
Priscilla Park,31007,Arkansas,9.85,9.925,,,Friday,7,3,2025
Ryan Noonan,31007,Kentucky,,,,9.675,Friday,7,3,2025
Sharon Lee,31007,Kentucky,,9.9,,,Friday,7,3,2025
Skylar Killough-Wilhelm,31007,Kentucky,9.95,9.875,9.925,9.875,Friday,7,3,2025
Ashley Knight,31009,North Carolina State,,,9.9,9.9,Friday,7,3,2025
Ava Myers,31009,North Carolina State,9.8,,,9.8,Friday,7,3,2025
Brooke Smead,31009,North Carolina State,,9.85,,,Friday,7,3,2025
Cameron Smith,31009,Ohio State,,9.6,,9.85,Friday,7,3,2025
Caroline Volk,31009,North Carolina State,9.925,9.9,,,Friday,7,3,2025
Chloe Negrete,31009,North Carolina State,,9.975,9.975,9.85,Friday,7,3,2025
Elle Hadrick,31009,North Carolina State,9.775,,9.9,,Friday,7,3,2025
Grace Walker,31009,Ohio State,9.825,9.85,,,Friday,7,3,2025
Jojo Warga,31009,Ohio State,,9.85,,,Friday,7,3,2025
Kailee Adomaites,31009,North Carolina State,9.75,,,,Friday,7,3,2025
Kaitlyn Grimes,31009,Ohio State,,,9.825,9.75,Friday,7,3,2025
Karleigh Reutzel,31009,Ohio State,9.825,,,9.75,Friday,7,3,2025
Kate Parks,31009,Ohio State,9.9,,,,Friday,7,3,2025
Katie Harper,31009,North Carolina State,9.45,9.825,9.8,,Friday,7,3,2025
Krista Zultevicz,31009,North Carolina State,,,9.775,9.825,Friday,7,3,2025
Lauren Wright,31009,North Carolina State,,,,9.725,Friday,7,3,2025
Madeline Reid,31009,North Carolina State,9.85,,,,Friday,7,3,2025
Maisyn Rader,31009,Ohio State,9.75,9.8,9.575,,Friday,7,3,2025
Mallory Gregory,31009,Ohio State,,,9.8,,Friday,7,3,2025
Meg Adler,31009,North Carolina State,,9.8,9.85,9.75,Friday,7,3,2025
Peyton Childs,31009,North Carolina State,,9.775,,,Friday,7,3,2025
Rylee Guevara,31009,Ohio State,,9.8,9.875,9.825,Friday,7,3,2025
Sidney Washington,31009,Ohio State,9.85,,9.425,9.8,Friday,7,3,2025
Tory Vetter,31009,Ohio State,9.875,9.8,9.8,9.85,Friday,7,3,2025
Abby Royer,31011,Southern Conn.,,,9.8,,Friday,7,3,2025
Addy Rothstein,31011,Cornell,9.575,,9.8,9.7,Friday,7,3,2025
Alexa Melanson,31011,Southern Conn.,,9.45,,,Friday,7,3,2025
Amelia Budd,31011,Temple,,,,9.85,Friday,7,3,2025
Angel Lee,31011,Southern Conn.,,9.4,,,Friday,7,3,2025
Angelina Stanfa,31011,Southern Conn.,,9.6,,,Friday,7,3,2025
Anna Pagliaro,31011,Rutgers,,9.7,,9.725,Friday,7,3,2025
Ava Kelly,31011,Southern Conn.,,,9.725,9.675,Friday,7,3,2025
Avery Balser,31011,Rutgers,9.875,,,,Friday,7,3,2025
Avery Byun,31011,Cornell,9.6,9.75,,,Friday,7,3,2025
Brianna Dorr,31011,Southern Conn.,,,,9.65,Friday,7,3,2025
Brooke Donabedian,31011,Temple,,9.5,9.925,,Friday,7,3,2025
Cami Whitaker,31011,Cornell,,,9.775,9.725,Friday,7,3,2025
Dahlia Jhaveri,31011,Cornell,9.75,,,9.625,Friday,7,3,2025
Delaney Adrian,31011,Rutgers,9.9,9.85,9.8,9.6,Friday,7,3,2025
Donna Uhlenberg,31011,Rutgers,9.8,,,,Friday,7,3,2025
Elia Aird,31011,Rutgers,,,9.375,9.8,Friday,7,3,2025
Elliot Goldsmith,31011,Rutgers,,,9.85,,Friday,7,3,2025
Erica Beyer,31011,Southern Conn.,,,9.75,,Friday,7,3,2025
Gabriela Dinisoe,31011,Southern Conn.,9.675,9.55,,,Friday,7,3,2025
Gabrielle Dildy,31011,Rutgers,,9.75,9.825,9.775,Friday,7,3,2025
Ginger Richards,31011,Rutgers,9.75,,,,Friday,7,3,2025
Grace Christensen,31011,Southern Conn.,9.525,,,,Friday,7,3,2025
Haley Fitzgerald,31011,Southern Conn.,,,9.675,,Friday,7,3,2025
Hanna Zebdi,31011,Southern Conn.,,9.325,9.8,9.425,Friday,7,3,2025
Hannah Fitzgerald,31011,Southern Conn.,8.95,,,,Friday,7,3,2025
Hannah Weklar,31011,Temple,9.85,,,9.675,Friday,7,3,2025
Jackie Manifold,31011,Rutgers,,9.75,,,Friday,7,3,2025
Josie Moylan,31011,Cornell,,,8.2,,Friday,7,3,2025
Kate Michelini,31011,Cornell,,,9.75,,Friday,7,3,2025
Keeley Smith,31011,Rutgers,9.775,,,,Friday,7,3,2025
Krystin Johnson,31011,Temple,9.7,,9.85,9.75,Friday,7,3,2025
Kylie Sitty,31011,Southern Conn.,9.625,,,9.625,Friday,7,3,2025
Lexi Bracher,31011,Southern Conn.,,,,8.85,Friday,7,3,2025
Lisa Chevaire,31011,Rutgers,,,9.725,9.575,Friday,7,3,2025
Madison Dorunda,31011,Temple,,9.65,9.775,,Friday,7,3,2025
Maria Damiano,31011,Southern Conn.,,9.525,,,Friday,7,3,2025
Mariella Brueck,31011,Temple,8.875,,,,Friday,7,3,2025
Matis Rains,31011,Rutgers,,9.725,,,Friday,7,3,2025
Maya Jones,31011,Rutgers,,,9.8,,Friday,7,3,2025
Megan White,31011,Temple,9.425,9.775,,,Friday,7,3,2025
Michaela DeFranscisco,31011,Cornell,,,9.65,9.65,Friday,7,3,2025
Mikayla Burton,31011,Cornell,,9.275,,,Friday,7,3,2025
Morgen Shambo,31011,Cornell,9.6,9.5,,,Friday,7,3,2025
Natalia Tehrani,31011,Cornell,9.675,9.55,,,Friday,7,3,2025
Nikk Rengifo,31011,Temple,,,9.675,9.75,Friday,7,3,2025
Rachael Riley,31011,Rutgers,,9.8,,9.775,Friday,7,3,2025
Reagan Schenkel,31011,Rutgers,9.825,,,,Friday,7,3,2025
Reese DeHaan,31011,Temple,9.1,,,,Friday,7,3,2025
Renee Schugman,31011,Temple,,9.8,9.875,9.75,Friday,7,3,2025
Robyn Dunn,31011,Temple,,9.825,,,Friday,7,3,2025
Sarah Goetter,31011,Cornell,,,,8.975,Friday,7,3,2025
Sarah Stallings,31011,Temple,9.775,,,,Friday,7,3,2025
Savanna Kokaly,31011,Cornell,,8.95,,,Friday,7,3,2025
Shreya Munshi,31011,Southern Conn.,9.55,,,,Friday,7,3,2025
Sidney Wilson,31011,Southern Conn.,,,9.7,9.65,Friday,7,3,2025
Summer Ruskey,31011,Temple,,9.575,9.775,9.675,Friday,7,3,2025
Sydney Beers,31011,Cornell,8.65,9.5,9.775,9.85,Friday,7,3,2025
Zoe Axell,31011,Southern Conn.,9.1,,,,Friday,7,3,2025
Abby Brushwood,31015,Eastern Michigan,,,9.8,9.7,Friday,7,3,2025
Alana Fisher,31015,Eastern Michigan,,9.85,9.775,9.825,Friday,7,3,2025
Alana Kim,31015,UC Davis,,,,9.7,Friday,7,3,2025
Amelia Moneymaker,31015,UC Davis,9.85,9.875,9.9,9.775,Friday,7,3,2025
Analiah Solorio,31015,Eastern Michigan,9.8,8.5,,,Friday,7,3,2025
Ava East,31015,San Jose State,,,9.825,,Friday,7,3,2025
Ava Johnson,31015,San Jose State,,,9.75,,Friday,7,3,2025
Avah Reichow,31015,UC Davis,,,9.75,9.725,Friday,7,3,2025
Ayumi Oshiro,31015,UC Davis,9.8,9.85,9.8,,Friday,7,3,2025
Brianna Lucas,31015,Eastern Michigan,,,,9.575,Friday,7,3,2025
Cady Chiu,31015,UC Davis,,9.7,,,Friday,7,3,2025
Devyn Valuch,31015,San Jose State,9.275,9.625,9.775,9.65,Friday,7,3,2025
Eleanor Wyly,31015,UC Davis,,9.775,9.775,9.725,Friday,7,3,2025
Ella Chemotti,31015,Eastern Michigan,9.675,9.1,,,Friday,7,3,2025
Gianna Antonio,31015,Eastern Michigan,,,9.55,,Friday,7,3,2025
Gwendelyn Cantu,31015,Eastern Michigan,,,,9.675,Friday,7,3,2025
Isabella Fitz-Gerald,31015,UC Davis,9.5,,,,Friday,7,3,2025
Jaudai Lopes,31015,San Jose State,9.725,,9.8,9.75,Friday,7,3,2025
Jehaan Poonja,31015,UC Davis,9.725,9.75,,,Friday,7,3,2025
Katherine Weyhmiller,31015,San Jose State,8.925,9.875,,,Friday,7,3,2025
Katin Childress,31015,Eastern Michigan,,9.875,,,Friday,7,3,2025
Kaviana Jurries,31015,San Jose State,9.8,,,9.7,Friday,7,3,2025
Keanna Abraham,31015,UC Davis,,,9.9,9.85,Friday,7,3,2025
Keeley Kohler,31015,Eastern Michigan,9.425,,,,Friday,7,3,2025
Kyrie Lowe,31015,Eastern Michigan,9.85,9.25,9.675,9.4,Friday,7,3,2025
Madison Gustitus,31015,San Jose State,,9.775,9.0,,Friday,7,3,2025
Madison Kirsch,31015,San Jose State,,9.775,,9.8,Friday,7,3,2025
Marissa Ashton,31015,San Jose State,,9.85,,,Friday,7,3,2025
McKenna Knecht,31015,UC Davis,9.7,,,,Friday,7,3,2025
Megan Ray,31015,UC Davis,,9.825,9.85,9.775,Friday,7,3,2025
Mikaela Pitts,31015,San Jose State,,,,9.375,Friday,7,3,2025
Milla Gideon,31015,UC Davis,9.8,,,,Friday,7,3,2025
Olivia Reardon,31015,San Jose State,9.65,,9.75,9.725,Friday,7,3,2025
Priya Karle,31015,Eastern Michigan,,,8.825,,Friday,7,3,2025
Raisa Boris,31015,Eastern Michigan,9.7,9.075,9.8,9.75,Friday,7,3,2025
Samantha Macasu,31015,San Jose State,,9.7,,,Friday,7,3,2025
Sanai Evans,31015,Eastern Michigan,9.65,,,,Friday,7,3,2025
Sophia Konieczny,31015,San Jose State,9.85,,,,Friday,7,3,2025
Alyssa Bigler,31018,Air Force,9.6,9.825,9.35,9.825,Friday,7,3,2025
Angel Stuart,31018,Utah State,,,9.75,9.675,Friday,7,3,2025
Anna Bacott,31018,Air Force,,8.85,,,Friday,7,3,2025
Avery Bibbey,31018,Utah State,9.7,,,,Friday,7,3,2025
Brianna Brooks,31018,Utah State,9.075,9.875,,9.65,Friday,7,3,2025
Chelsea Boyer,31018,Air Force,9.55,,,,Friday,7,3,2025
Dani Kirstine,31018,Utah State,9.75,,,,Friday,7,3,2025
Gabriella Hartley,31018,Air Force,9.6,9.725,,,Friday,7,3,2025
Gabriella Meccia,31018,Air Force,,,9.725,9.825,Friday,7,3,2025
Hailey Santana,31018,Air Force,4.4,,,,Friday,7,3,2025
Isabella Vater,31018,Utah State,,9.7,9.7,,Friday,7,3,2025
Jenna Eagles,31018,Utah State,,9.75,9.55,,Friday,7,3,2025
Kaylie Medrano,31018,Utah State,,9.775,9.75,9.825,Friday,7,3,2025
Kylee Greene,31018,Air Force,,9.8,9.675,9.725,Friday,7,3,2025
Lundyn Vander Toolen,31018,Utah State,9.75,,,9.675,Friday,7,3,2025
Maggie Slife,31018,Air Force,9.85,9.75,9.85,9.85,Friday,7,3,2025
Nyla Morabito,31018,Utah State,,,9.875,9.85,Friday,7,3,2025
Olivia Orengo,31018,Utah State,9.75,9.675,9.825,,Friday,7,3,2025
Olivia Raife,31018,Air Force,,,,9.75,Friday,7,3,2025
Payton Gatzlaff,31018,Utah State,,,,9.85,Friday,7,3,2025
Rosa Juarez Baez,31018,Air Force,,,,9.575,Friday,7,3,2025
Sarah Willis,31018,Air Force,,,9.8,,Friday,7,3,2025
Sydney Jelen,31018,Utah State,9.725,9.775,,,Friday,7,3,2025
Velandra Brochi,31018,Air Force,8.725,9.775,9.25,,Friday,7,3,2025
Ariana DeSouza,31020,Alaska,,9.65,9.725,,Friday,7,3,2025
Avery Tillmanns,31020,Alaska,9.6,,,,Friday,7,3,2025
Breeann Spain,31020,Alaska,,9.675,9.55,,Friday,7,3,2025
Bridget Sullivan,31020,West Chester,,,9.325,9.45,Friday,7,3,2025
Caroline Cascadden,31020,West Chester,,9.7,9.75,,Friday,7,3,2025
Catherine Keener,31020,West Chester,,9.6,9.75,,Friday,7,3,2025
Claudia Lessig,31020,Alaska,9.725,9.75,,,Friday,7,3,2025
Corinne Gruber,31020,West Chester,,,,9.5,Friday,7,3,2025
EmmaGrace Kelly,31020,West Chester,,9.75,9.8,,Friday,7,3,2025
Grace Costello,31020,Alaska,,9.25,9.725,9.55,Friday,7,3,2025
Hannah Boyd,31020,Alaska,9.675,,8.8,8.975,Friday,7,3,2025
Jada Niles,31020,Alaska,9.1,,,,Friday,7,3,2025
Jamilia Duffus,31020,Alaska,9.7,,,8.875,Friday,7,3,2025
Jordan Coleman,31020,West Chester,9.625,,,,Friday,7,3,2025
Karah Vargo,31020,West Chester,9.3,,,9.5,Friday,7,3,2025
Lily McFarland,31020,West Chester,,9.8,9.8,9.45,Friday,7,3,2025
Lydia Stoner,31020,West Chester,,,9.675,,Friday,7,3,2025
Macarthy Keane,31020,West Chester,8.7,,,9.45,Friday,7,3,2025
Madelyn Gomez,31020,Alaska,9.55,,9.475,,Friday,7,3,2025
Maribelle Albert,31020,Alaska,,,,9.675,Friday,7,3,2025
Melina Ringas,31020,West Chester,9.175,,,,Friday,7,3,2025
Montana Fairbairn,31020,Alaska,,9.5,9.775,9.65,Friday,7,3,2025
Natalie Marshall,31020,West Chester,,9.675,,,Friday,7,3,2025
Rylee Harada,31020,West Chester,8.875,,,9.675,Friday,7,3,2025
Tatum McGuinn,31020,West Chester,8.725,9.6,,,Friday,7,3,2025
Verena Wong,31020,Alaska,,9.75,,9.575,Friday,7,3,2025
Addison Fatta,31022,Oklahoma,9.875,9.925,9.9,9.825,Friday,7,3,2025
Audrey Davis,31022,Oklahoma,9.975,9.9,9.9,,Friday,7,3,2025
Audrey Sanger,31022,Michigan,,,9.85,,Friday,7,3,2025
Ava Jordan,31022,Michigan,9.775,,,9.125,Friday,7,3,2025
Ava Siegfeldt,31022,Oklahoma,,9.8,,,Friday,7,3,2025
Carly Bauman,31022,Michigan,9.875,9.9,9.9,,Friday,7,3,2025
Danielle Sievers,31022,Oklahoma,9.925,,9.925,,Friday,7,3,2025
Elle Mueller,31022,Oklahoma,,,9.9,9.825,Friday,7,3,2025
Faith Torrez,31022,Oklahoma,9.9,9.975,9.975,9.85,Friday,7,3,2025
Haylen Zabrowski,31022,Michigan,9.8,,,,Friday,7,3,2025
Jacey Vore,31022,Michigan,9.825,9.8,,,Friday,7,3,2025
Jahzara Ranger,31022,Michigan,,9.825,9.925,9.725,Friday,7,3,2025
Jenna Mulligan,31022,Michigan,,9.775,,9.9,Friday,7,3,2025
Jordan Bowers,31022,Oklahoma,9.975,9.975,9.95,9.875,Friday,7,3,2025
Kayli Boozer,31022,Michigan,,9.8,,9.9,Friday,7,3,2025
Keira Wells,31022,Oklahoma,,,,9.825,Friday,7,3,2025
Lily Pederson,31022,Oklahoma,9.325,9.65,,9.95,Friday,7,3,2025
Peyton Davis,31022,Michigan,,,9.85,9.8,Friday,7,3,2025
Sophia Diaz,31022,Michigan,9.85,,9.875,9.85,Friday,7,3,2025
Sophie Parenti,31022,Michigan,9.825,9.825,9.8,,Friday,7,3,2025
Ady Wahl,31024,Georgia,9.875,,9.875,9.9,Friday,7,3,2025
Aleah Finnegan,31024,LSU,9.9,10.0,9.875,9.95,Friday,7,3,2025
Amari Drayton,31024,LSU,,,9.95,9.95,Friday,7,3,2025
Anaya Smith,31024,Georgia,,,,9.85,Friday,7,3,2025
Anya Turner,31024,Georgia,,9.875,,,Friday,7,3,2025
Ashley Cowan,31024,LSU,9.85,,,,Friday,7,3,2025
Csenge Bacskay,31024,Georgia,,,9.875,9.825,Friday,7,3,2025
Eryn Williams,31024,Georgia,,,9.85,,Friday,7,3,2025
Haleigh Bryant,31024,LSU,9.925,9.95,9.975,9.9,Friday,7,3,2025
Harley Tomlin,31024,Georgia,,9.8,,,Friday,7,3,2025
Holly Snyder,31024,Georgia,9.875,,,,Friday,7,3,2025
Ja' Free Scott,31024,Georgia,9.85,9.925,,9.75,Friday,7,3,2025
KJ Johnson,31024,LSU,,,,9.85,Friday,7,3,2025
Kailin Chio,31024,LSU,9.925,9.95,9.975,9.95,Friday,7,3,2025
Kaliya Lincoln,31024,LSU,,,,9.8,Friday,7,3,2025
Kara Eaker,31024,Georgia,,9.775,,,Friday,7,3,2025
Konnor McClain,31024,LSU,9.975,9.9,,,Friday,7,3,2025
Kylie Coen,31024,LSU,,9.875,9.875,,Friday,7,3,2025
Lexi Zeiss,31024,LSU,9.9,,,,Friday,7,3,2025
Lily Smith,31024,Georgia,9.925,9.45,9.975,9.775,Friday,7,3,2025
Naya Howard,31024,Georgia,8.625,9.825,,,Friday,7,3,2025
Nyla Aquino,31024,Georgia,,,9.925,9.85,Friday,7,3,2025
Sadie Jane Berry,31024,Georgia,9.75,,,,Friday,7,3,2025
Sidney Fitzgerald,31024,Georgia,,,9.725,,Friday,7,3,2025
Sierra Ballard,31024,LSU,,9.85,9.9,,Friday,7,3,2025
Addison Dack,31026,Gustavus Adolphus,,9.05,,,Saturday,8,3,2025
Alayna Fern,31026,UW-Whitewater,,,,9.7,Saturday,8,3,2025
Aleah Radojevich,31026,UW-Oshkosh,,,9.775,,Saturday,8,3,2025
Amaya McConkay,31026,UW-Oshkosh,9.8,,,9.775,Saturday,8,3,2025
Amy Fridley,31026,UW-Eau Claire,,,9.075,9.725,Saturday,8,3,2025
Anna Johnson,31026,Hamline,,,,8.325,Saturday,8,3,2025
Anna Mielke,31026,UW-Stout,,,9.625,9.4,Saturday,8,3,2025
Anna Preussner,31026,UW-Eau Claire,,,9.6,,Saturday,8,3,2025
Annelise Smaby,31026,Hamline,,8.425,,,Saturday,8,3,2025
Ariana Goodwin,31026,UW-Whitewater,9.525,,9.7,,Saturday,8,3,2025
Ashley Phillips,31026,Winona State,9.225,,,,Saturday,8,3,2025
Ashley Savell,31026,Hamline,,,,9.025,Saturday,8,3,2025
Ashnaya Gupta,31026,UW-Whitewater,,9.15,,,Saturday,8,3,2025
Aspen Peters,31026,Winona State,,9.4,,9.525,Saturday,8,3,2025
Ava Obermoller,31026,UW-Eau Claire,9.325,,,9.325,Saturday,8,3,2025
Ava Pesch,31026,UW-Whitewater,9.65,,,9.8,Saturday,8,3,2025
Averie Evans,31026,UW-Oshkosh,9.45,,,9.675,Saturday,8,3,2025
Bella Dix,31026,Simpson,,,9.425,,Saturday,8,3,2025
Brianna Balian,31026,UW-Whitewater,,,,9.45,Saturday,8,3,2025
Brianna Weikel,31026,Hamline,9.275,8.975,9.675,,Saturday,8,3,2025
Brooke Reardon,31026,Hamline,,9.25,,,Saturday,8,3,2025
Brooklen Morgan,31026,Simpson,,9.65,9.7,,Saturday,8,3,2025
Brooklynn Clapp,31026,Winona State,9.35,,,,Saturday,8,3,2025
Brooklynn Einck,31026,UW-Eau Claire,9.125,,,,Saturday,8,3,2025
Bryce Stoltz,31026,Winona State,,9.75,9.45,9.725,Saturday,8,3,2025
Cadence Cordova,31026,UW-Eau Claire,9.25,,,9.75,Saturday,8,3,2025
Cailey Price,31026,Hamline,,8.95,,9.4,Saturday,8,3,2025
Camdyn McSweeney,31026,Winona State,,,9.725,,Saturday,8,3,2025
Cara Wong,31026,Gustavus Adolphus,9.225,9.375,9.05,9.45,Saturday,8,3,2025
Carleigh Moore,31026,UW-Whitewater,,,9.7,9.5,Saturday,8,3,2025
Cassidy Lennard,31026,UW-Stout,,9.475,,,Saturday,8,3,2025
Catelyn Zack,31026,Hamline,,,9.375,,Saturday,8,3,2025
Chloe Hammond,31026,UW-Whitewater,,9.675,9.75,9.7,Saturday,8,3,2025
Claire Robbins,31026,UW-La Crosse,9.55,9.65,9.75,,Saturday,8,3,2025
Courtney Knutson,31026,Winona State,,,9.65,9.6,Saturday,8,3,2025
Darby Savage,31026,UW-La Crosse,,,,9.675,Saturday,8,3,2025
Delaney Cienkus,31026,UW-Oshkosh,,9.675,9.7,,Saturday,8,3,2025
Effie Ferguson,31026,UW-Stout,8.85,9.725,9.75,,Saturday,8,3,2025
Elaine Copeland,31026,UW-Whitewater,,,9.625,9.75,Saturday,8,3,2025
Elena Bailey,31026,Hamline,8.425,,9.175,9.45,Saturday,8,3,2025
Ella Denno,31026,Winona State,9.1,,,,Saturday,8,3,2025
Ella Montgomery,31026,UW-Eau Claire,9.25,9.775,,,Saturday,8,3,2025
Emily Leese,31026,UW-Eau Claire,,,9.65,9.5,Saturday,8,3,2025
Emma Brittingham,31026,UW-Stout,7.95,,,,Saturday,8,3,2025
Emma Steele,31026,UW-Oshkosh,,9.35,,,Saturday,8,3,2025
Emma Tolbert,31026,Simpson,,9.5,9.7,9.175,Saturday,8,3,2025
Emmie Barton,31026,Simpson,,9.425,,9.575,Saturday,8,3,2025
Erin Baugh,31026,Simpson,9.3,,,,Saturday,8,3,2025
Evalyn Resnick,31026,Simpson,9.075,,,,Saturday,8,3,2025
Gabby Kraft,31026,Winona State,,9.65,9.75,9.725,Saturday,8,3,2025
Gabrielle Winstead,31026,UW-Stout,,,,9.65,Saturday,8,3,2025
Georgia Guynn,31026,UW-Eau Claire,,9.55,,,Saturday,8,3,2025
Gillian Cummins,31026,UW-Stout,9.675,9.625,9.575,9.75,Saturday,8,3,2025
Grace Edwards,31026,UW-La Crosse,,,9.625,,Saturday,8,3,2025
Grace Gerster,31026,UW-Eau Claire,,,9.5,9.7,Saturday,8,3,2025
Grace Kehr,31026,UW-La Crosse,,,9.525,9.625,Saturday,8,3,2025
Gracie Talley,31026,UW-Whitewater,9.375,,,,Saturday,8,3,2025
Hanna Riha,31026,UW-Eau Claire,,,9.0,,Saturday,8,3,2025
Hareet Gehlon,31026,UW-Eau Claire,,9.4,,,Saturday,8,3,2025
Hayden Gough,31026,UW-Whitewater,9.7,,,,Saturday,8,3,2025
Hunter Matulka,31026,UW-La Crosse,,,9.65,,Saturday,8,3,2025
Irene Kearney,31026,Winona State,9.2,,,,Saturday,8,3,2025
Isabela Krulich,31026,UW-Stout,,9.525,9.8,,Saturday,8,3,2025
Izzy Brown,31026,Simpson,8.1,8.55,9.625,,Saturday,8,3,2025
Jamie Beatty,31026,UW-Stout,9.725,9.575,9.75,9.55,Saturday,8,3,2025
Jay Ratkowski,31026,UW-Oshkosh,,9.6,9.825,,Saturday,8,3,2025
Jessica Qualich,31026,UW-Stout,,,,9.725,Saturday,8,3,2025
Jessica Taylor,31026,UW-La Crosse,,,8.525,,Saturday,8,3,2025
Jessisca Miley,31026,Winona State,9.6,,8.95,9.775,Saturday,8,3,2025
Jordan Halcom,31026,UW-La Crosse,9.425,,,,Saturday,8,3,2025
Julia Cheely,31026,Hamline,9.3,8.925,,8.8,Saturday,8,3,2025
Jurnee Warkentien,31026,UW-Oshkosh,,9.475,9.775,,Saturday,8,3,2025
Kaelyn Duman,31026,Winona State,,9.55,,,Saturday,8,3,2025
Kaelyn Tally,31026,Simpson,,,9.725,9.775,Saturday,8,3,2025
Kate Clairmont,31026,Gustavus Adolphus,,9.55,,,Saturday,8,3,2025
Katie Chai-Mulkerin,31026,Hamline,8.55,,,,Saturday,8,3,2025
Kaylee Bateman,31026,Winona State,9.575,9.2,,,Saturday,8,3,2025
Kaylee Paige,31026,Simpson,9.05,,,,Saturday,8,3,2025
Kaylie Kassing,31026,UW-Stout,,,9.75,,Saturday,8,3,2025
Kelsey Donovan,31026,UW-Eau Claire,,,9.65,,Saturday,8,3,2025
Kelsey Kollhoff,31026,UW-Whitewater,9.7,9.425,9.775,,Saturday,8,3,2025
Kennedy O'Connor,31026,Winona State,,,,9.825,Saturday,8,3,2025
Kristen Swiebocki,31026,UW-Whitewater,,9.375,,,Saturday,8,3,2025
Kyla Dickson,31026,UW-La Crosse,,9.675,9.75,9.725,Saturday,8,3,2025
Lauren Main,31026,UW-La Crosse,8.825,8.9,,,Saturday,8,3,2025
Lili Guy,31026,Gustavus Adolphus,9.125,,9.775,9.725,Saturday,8,3,2025
Lilly Millington,31026,UW-La Crosse,,,,9.6,Saturday,8,3,2025
Lily Horsch,31026,Gustavus Adolphus,8.875,,9.05,9.725,Saturday,8,3,2025
Lily Ramsdell,31026,Hamline,8.725,,,,Saturday,8,3,2025
Lindsay Bangs,31026,Gustavus Adolphus,,,9.65,9.5,Saturday,8,3,2025
Linnea Vasali,31026,UW-Eau Claire,,9.0,,,Saturday,8,3,2025
Liz Romano,31026,UW-Oshkosh,,9.7,,,Saturday,8,3,2025
Lucy Warren,31026,UW-La Crosse,,9.825,,,Saturday,8,3,2025
Lydia Hayden,31026,UW-Oshkosh,9.7,9.725,,,Saturday,8,3,2025
Madalyn McCormick,31026,UW-La Crosse,9.525,9.625,,,Saturday,8,3,2025
Maddox Lee,31026,Gustavus Adolphus,9.475,9.5,,,Saturday,8,3,2025
Madison Daly,31026,UW-Eau Claire,8.95,9.15,,,Saturday,8,3,2025
Malia Narciso,31026,Gustavus Adolphus,,,,9.55,Saturday,8,3,2025
Marley Michaud,31026,Gustavus Adolphus,8.825,8.75,9.75,9.525,Saturday,8,3,2025
Maura Erickson,31026,Hamline,,,,9.175,Saturday,8,3,2025
Meghan Dahlin,31026,UW-Eau Claire,,9.625,,,Saturday,8,3,2025
Meighan White,31026,Hamline,,,9.175,,Saturday,8,3,2025
Mia Lucero,31026,UW-Oshkosh,,,9.8,9.75,Saturday,8,3,2025
Mia Passarella,31026,UW-Oshkosh,,,,9.575,Saturday,8,3,2025
Mia Schafer,31026,Hamline,,8.675,,,Saturday,8,3,2025
Morgan Engels,31026,UW-La Crosse,9.45,,,,Saturday,8,3,2025
Olivia Hedary,31026,Simpson,8.575,9.2,9.3,9.65,Saturday,8,3,2025
Olivia Jahnke,31026,Gustavus Adolphus,,9.525,9.725,,Saturday,8,3,2025
Paige Breckwoldt,31026,UW-La Crosse,,,,9.7,Saturday,8,3,2025
Paige Magel,31026,UW-Whitewater,9.65,,,,Saturday,8,3,2025
Rachel Hettiarachchy,31026,UW-Eau Claire,9.25,,,9.4,Saturday,8,3,2025
Rachel Welch,31026,Simpson,,9.4,,9.525,Saturday,8,3,2025
Raina Christenson,31026,UW-La Crosse,,9.825,,,Saturday,8,3,2025
Reagan Kelly,31026,Winona State,,9.6,,,Saturday,8,3,2025
Reanna McGibboney,31026,UW-Oshkosh,9.75,,9.7,9.7,Saturday,8,3,2025
Riley Gianotti,31026,Hamline,7.25,,,,Saturday,8,3,2025
Rocio Madalena,31026,Gustavus Adolphus,7.7,,,,Saturday,8,3,2025
Samantha Zeilinger,31026,UW-Oshkosh,9.55,,,9.55,Saturday,8,3,2025
Sarah Best,31026,UW-La Crosse,9.6,,,,Saturday,8,3,2025
Sarah Lutz,31026,UW-Stout,9.45,,,,Saturday,8,3,2025
Sarah Pastore,31026,UW-La Crosse,,,,9.8,Saturday,8,3,2025
Sophia Spadafora,31026,UW-Whitewater,,9.575,,,Saturday,8,3,2025
Sydney Stoenner,31026,Hamline,,,9.125,,Saturday,8,3,2025
Taylar Schaefer,31026,UW-Stout,8.3,9.65,,9.8,Saturday,8,3,2025
Taylor Magierka,31026,Winona State,,,9.775,,Saturday,8,3,2025
Tegan Haberstock,31026,UW-Whitewater,,9.575,,,Saturday,8,3,2025
Wynter Poolaw,31026,Simpson,8.45,,,9.575,Saturday,8,3,2025
Zoe Jenks-Recker,31026,UW-Whitewater,,,9.625,,Saturday,8,3,2025
Zoe Krull,31026,UW-Oshkosh,9.6,,,,Saturday,8,3,2025
Zoey Danzinger,31026,Hamline,,,9.575,,Saturday,8,3,2025
Abigayle Martin,31028,Arizona,9.875,9.875,9.875,9.825,Saturday,8,3,2025
Addison Glazier,31028,BYU,9.175,,,,Saturday,8,3,2025
Alilah Alvarado,31028,BYU,9.8,9.6,,,Saturday,8,3,2025
Alysen Fears,31028,Arizona,9.9,9.8,9.775,9.825,Saturday,8,3,2025
Anna Bramblett-Wilde,31028,BYU,9.8,,,,Saturday,8,3,2025
Aubrey Krohnfeldt,31028,Arizona,9.825,,9.85,,Saturday,8,3,2025
Brynlee Andersen,31028,BYU,,9.85,9.8,,Saturday,8,3,2025
Chloee Hoke,31028,BYU,,9.85,,9.775,Saturday,8,3,2025
Deb Silva,31028,BYU,,,,9.725,Saturday,8,3,2025
Elena Deets,31028,Arizona,9.9,9.85,,,Saturday,8,3,2025
Eliza Millar-Crossman,31028,BYU,,9.45,9.8,,Saturday,8,3,2025
Elizabeth Larusso,31028,Arizona,,,9.825,9.75,Saturday,8,3,2025
Emily Mueller,31028,Arizona,9.825,9.85,9.9,9.675,Saturday,8,3,2025
Emma Strom,31028,Arizona,,,9.85,9.8,Saturday,8,3,2025
Gianna Lenczner,31028,Arizona,,9.775,,,Saturday,8,3,2025
Heidi Schooley-Meyers,31028,BYU,,,9.825,,Saturday,8,3,2025
Kylie Eaquinto,31028,BYU,9.8,,9.8,9.85,Saturday,8,3,2025
Melissa Earl,31028,BYU,9.675,,,9.75,Saturday,8,3,2025
Mina Margraf-Benson,31028,BYU,,9.8,,,Saturday,8,3,2025
Mya Kirkham,31028,BYU,9.825,,,9.85,Saturday,8,3,2025
Olivia Matern,31028,BYU,,,9.725,,Saturday,8,3,2025
Sophie Derr,31028,Arizona,9.025,,,9.75,Saturday,8,3,2025
Sophie Dudley,31028,BYU,,9.75,9.85,9.75,Saturday,8,3,2025
Tirzah Wise,31028,Arizona,,9.825,,,Saturday,8,3,2025
Aaliyah Krause,31030,Rhode Island College,9.125,8.825,9.85,9.675,Saturday,8,3,2025
Abby Chesshire,31030,Ithaca College,,,9.75,,Saturday,8,3,2025
Abigail Bunch,31030,Rhode Island College,9.4,9.3,,,Saturday,8,3,2025
Abigail Walters,31030,Utica,,9.6,7.95,,Saturday,8,3,2025
Adisson Ferri,31030,Utica,,,9.45,,Saturday,8,3,2025
Adrenne Roth,31030,Ursinus College,,9.425,,,Saturday,8,3,2025
Aladiana Tosado,31030,Brockport,9.525,,9.0,,Saturday,8,3,2025
Alexa Graziano,31030,Rhode Island College,9.4,,,,Saturday,8,3,2025
Alexis Schulman,31030,Brockport,,9.65,,,Saturday,8,3,2025
Alyssa Langston,31030,Utica,8.475,9.725,,,Saturday,8,3,2025
Amelia York,31030,Brockport,,9.825,,,Saturday,8,3,2025
Anna Lee Dobson,31030,Cortland State,,9.75,,,Saturday,8,3,2025
Arianna Ellis,31030,Ursinus College,,9.325,9.7,,Saturday,8,3,2025
Autumn Adkins,31030,Cortland State,9.55,,8.75,,Saturday,8,3,2025
Ava Kelly,31030,Springfield College,,9.6,,,Saturday,8,3,2025
Ava Miranov,31030,Cortland State,8.5,,,9.525,Saturday,8,3,2025
Ayako Maeda,31030,Springfield College,9.425,,,,Saturday,8,3,2025
Brenna Johnson,31030,Springfield College,,9.0,,,Saturday,8,3,2025
Brianna Cassin,31030,Springfield College,,,,9.325,Saturday,8,3,2025
Brianna Duffy,31030,Ursinus College,9.1,,,,Saturday,8,3,2025
Caitlin Pellegrino,31030,Ithaca College,,9.2,9.575,,Saturday,8,3,2025
Cali Czarcinski,31030,Brockport,,,9.725,,Saturday,8,3,2025
Carson Ann Whitt,31030,Rhode Island College,,,9.0,,Saturday,8,3,2025
Charlotte Raymond,31030,Brockport,9.5,,,,Saturday,8,3,2025
Christina Troche,31030,Utica,8.175,,,,Saturday,8,3,2025
Claire Geiger,31030,Springfield College,8.425,,9.7,9.175,Saturday,8,3,2025
Claire Wood,31030,Brockport,,,8.85,,Saturday,8,3,2025
Corey Foster,31030,Ithaca College,,9.625,9.65,,Saturday,8,3,2025
Delaney LaViolette,31030,Springfield College,,,9.625,9.4,Saturday,8,3,2025
Elsie Gardiner,31030,Springfield College,8.875,,9.8,,Saturday,8,3,2025
Emily Kobusky,31030,Ithaca College,,9.775,,,Saturday,8,3,2025
Emily Plone,31030,Utica,,,9.625,,Saturday,8,3,2025
Emma Brookins,31030,Brockport,9.5,9.75,9.8,,Saturday,8,3,2025
Emma Langdon,31030,Brockport,,,,9.7,Saturday,8,3,2025
Emma Tucker,31030,Rhode Island College,,9.0,9.825,9.625,Saturday,8,3,2025
Emmy Graff,31030,Utica,9.05,9.65,9.75,9.675,Saturday,8,3,2025
Erin Roe,31030,Ursinus College,9.575,8.45,9.775,9.8,Saturday,8,3,2025
Erin Stubbs,31030,Ursinus College,,9.625,,9.575,Saturday,8,3,2025
Gianna Mirigliano,31030,Cortland State,,9.65,9.725,9.65,Saturday,8,3,2025
Grace Marra,31030,Utica,8.35,9.7,9.85,9.5,Saturday,8,3,2025
Grace Murray,31030,Ithaca College,,,9.65,9.75,Saturday,8,3,2025
Gracie Weaver,31030,Brockport,,,,9.475,Saturday,8,3,2025
Haley Miller,31030,Utica,,9.125,,9.475,Saturday,8,3,2025
Hana Miller,31030,Ithaca College,,,9.55,,Saturday,8,3,2025
Isabella Scarpetti,31030,Ursinus College,,,9.625,,Saturday,8,3,2025
Ivy Jimenez,31030,Rhode Island College,,9.75,,9.575,Saturday,8,3,2025
Jamarie Saravia,31030,Brockport,,,9.75,,Saturday,8,3,2025
Jenna DiPalo,31030,Utica,,9.3,,9.275,Saturday,8,3,2025
Jessica Schmitz,31030,Ithaca College,,,,8.45,Saturday,8,3,2025
Jillian Freyman,31030,Ithaca College,,,8.7,,Saturday,8,3,2025
Julia Klucinec,31030,Brockport,8.6,,,,Saturday,8,3,2025
Julia Reer,31030,Springfield College,,,9.65,,Saturday,8,3,2025
Kaitlyn Vaz,31030,Utica,9.45,,,,Saturday,8,3,2025
Kathryn McSweeney,31030,Cortland State,9.775,,9.75,,Saturday,8,3,2025
Kaylie Goodwin,31030,Ithaca College,9.4,9.775,,,Saturday,8,3,2025
Kiana Wong,31030,Cortland State,9.275,,,,Saturday,8,3,2025
Kiara Hockman,31030,Brockport,,9.1,9.725,9.85,Saturday,8,3,2025
Kyleigh Brown,31030,Cortland State,,,,9.35,Saturday,8,3,2025
Kylie Ruggiero,31030,Ursinus College,9.55,,,,Saturday,8,3,2025
Lauren Babineaux,31030,Ithaca College,9.7,,,9.55,Saturday,8,3,2025
Lauren Coleman,31030,Ursinus College,9.4,,,,Saturday,8,3,2025
LeeLee Sanders,31030,Ursinus College,8.65,,,,Saturday,8,3,2025
Lienna Kay,31030,Brockport,9.75,9.875,,9.575,Saturday,8,3,2025
Lillian Thibeault,31030,Springfield College,,7.7,,,Saturday,8,3,2025
Lucy Warburton,31030,Ursinus College,8.55,9.7,9.725,,Saturday,8,3,2025
Madeline Brandt,31030,Rhode Island College,,9.625,9.65,,Saturday,8,3,2025
Madelyn Farragher,31030,Ithaca College,,,,9.45,Saturday,8,3,2025
Madison Villani,31030,Utica,,,,9.375,Saturday,8,3,2025
Madison Zimmerman,31030,Ursinus College,,9.8,,9.55,Saturday,8,3,2025
Maren Eramo,31030,Brockport,9.075,,,9.75,Saturday,8,3,2025
Marlena Bailey,31030,Ithaca College,9.3,,,,Saturday,8,3,2025
Maya Belog,31030,Springfield College,8.525,9.825,,,Saturday,8,3,2025
Maya Pecoraro,31030,Brockport,,9.55,,,Saturday,8,3,2025
Megan Matteucci,31030,Ursinus College,,,9.825,9.5,Saturday,8,3,2025
Melissa Ainsley Pinkard,31030,Utica,8.975,,,9.225,Saturday,8,3,2025
Michaela Duffy,31030,Ursinus College,,,,9.65,Saturday,8,3,2025
Mya John,31030,Ithaca College,9.725,9.675,,9.575,Saturday,8,3,2025
Natalie Steed,31030,Ithaca College,,9.225,,9.65,Saturday,8,3,2025
Nicole Lonski,31030,Ithaca College,9.325,,,,Saturday,8,3,2025
Ninabella English,31030,Cortland State,9.2,,,,Saturday,8,3,2025
Olivia Keyes,31030,Rhode Island College,9.325,9.725,9.9,9.5,Saturday,8,3,2025
Olivia Rosen,31030,Utica,,,9.6,,Saturday,8,3,2025
Payton Greene,31030,Rhode Island College,9.275,,,9.65,Saturday,8,3,2025
Payton Smith,31030,Rhode Island College,9.175,,,,Saturday,8,3,2025
Presley Cuen,31030,Rhode Island College,,,9.65,,Saturday,8,3,2025
Reagan Charlton,31030,Springfield College,,,,9.225,Saturday,8,3,2025
Rianna Adams,31030,Cortland State,9.525,,,,Saturday,8,3,2025
Rory Allan,31030,Cortland State,,,,9.475,Saturday,8,3,2025
Sage Kaplan,31030,Springfield College,9.25,9.125,9.675,9.475,Saturday,8,3,2025
Samantha Meadows,31030,Cortland State,,9.5,9.775,9.625,Saturday,8,3,2025
Sarah Brownstein,31030,Springfield College,8.175,,,,Saturday,8,3,2025
Scarlette Ayakawa,31030,Springfield College,,9.7,,,Saturday,8,3,2025
Shannon Gibbs,31030,Brockport,,,,9.65,Saturday,8,3,2025
Sidney Schreiber,31030,Ursinus College,,,9.675,9.5,Saturday,8,3,2025
Sienna Blake,31030,Ithaca College,9.275,,,,Saturday,8,3,2025
Sophia Damiano,31030,Rhode Island College,,,,9.5,Saturday,8,3,2025
Stacy Taylor,31030,Springfield College,,,9.725,9.6,Saturday,8,3,2025
Tayah Graham,31030,Cortland State,,,,9.625,Saturday,8,3,2025
Taylor Goldstein,31030,Cortland State,,9.65,,,Saturday,8,3,2025
Tessa Sutton,31030,Cortland State,,9.125,9.6,,Saturday,8,3,2025
Victoria Cave,31030,Cortland State,,9.775,9.65,,Saturday,8,3,2025
Amelie Morgan,31037,Utah,9.825,9.825,,,Saturday,8,3,2025
Ashley Glynn,31037,Utah,9.725,,9.825,9.8,Saturday,8,3,2025
Avery Neff,31037,Utah,9.825,9.925,9.85,9.675,Saturday,8,3,2025
Caitlin McWilliams,31037,Washington,9.65,,9.825,9.725,Saturday,8,3,2025
Camie Winger,31037,Utah,,9.7,,9.775,Saturday,8,3,2025
Chelsea Hallinan,31037,Washington,,9.9,,,Saturday,8,3,2025
Elizabeth Gantner,31037,Utah,,9.775,,,Saturday,8,3,2025
Ella Zirbes,31037,Utah,9.9,,9.9,9.8,Saturday,8,3,2025
Emily Innes,31037,Washington,,9.8,9.875,9.7,Saturday,8,3,2025
Grace McCallum,31037,Utah,9.9,9.95,9.85,9.825,Saturday,8,3,2025
Jaylene Gilstrap,31037,Utah,,,9.9,,Saturday,8,3,2025
Kira Bolden,31037,Washington,,,,9.8,Saturday,8,3,2025
Kristin Lin,31037,Washington,9.775,9.8,9.85,9.725,Saturday,8,3,2025
Lex Mouyenga,31037,Washington,9.65,,,9.675,Saturday,8,3,2025
Makenna Smith,31037,Utah,9.85,9.875,9.925,9.95,Saturday,8,3,2025
Mary McDonough,31037,Washington,9.825,9.2,9.875,9.725,Saturday,8,3,2025
Olivia Oppegard,31037,Washington,9.75,9.85,9.825,,Saturday,8,3,2025
Taylor Russon,31037,Washington,9.8,9.8,9.775,,Saturday,8,3,2025
Alisha Werlen,31039,Pennsylvania,,9.775,9.7,9.7,Saturday,8,3,2025
Ashley Ruedy,31039,William & Mary,,,9.7,,Saturday,8,3,2025
Brynn Vetrano,31039,William & Mary,,,9.525,,Saturday,8,3,2025
Caroline Blatchford,31039,William & Mary,8.625,8.15,,9.175,Saturday,8,3,2025
Catherine Bare,31039,William & Mary,9.75,,,,Saturday,8,3,2025
Emma Davies,31039,Pennsylvania,,,9.725,,Saturday,8,3,2025
Hannah Burke,31039,William & Mary,,,9.775,9.725,Saturday,8,3,2025
Jordan Barrow,31039,Pennsylvania,9.8,9.125,,9.825,Saturday,8,3,2025
Madeline Frazier,31039,William & Mary,,9.825,,,Saturday,8,3,2025
Manama Fofana,31039,Pennsylvania,,9.85,9.8,9.85,Saturday,8,3,2025
Marissa Lassiter,31039,Pennsylvania,9.675,,9.75,9.8,Saturday,8,3,2025
Melanie Faulkner,31039,William & Mary,,9.8,,,Saturday,8,3,2025
Melissa Gao,31039,William & Mary,9.65,9.775,,9.675,Saturday,8,3,2025
Michelle Ngo,31039,William & Mary,9.65,9.575,9.725,,Saturday,8,3,2025
Mimi Fletcher,31039,Pennsylvania,9.75,9.875,,,Saturday,8,3,2025
Olivia Vanhorn,31039,Pennsylvania,,,,9.725,Saturday,8,3,2025
Sally Wood,31039,William & Mary,,,9.7,9.625,Saturday,8,3,2025
Samantha Burd,31039,William & Mary,,,,9.65,Saturday,8,3,2025
Samantha Wu,31039,Pennsylvania,,9.65,,,Saturday,8,3,2025
Sarah Kuper,31039,William & Mary,9.7,9.725,,9.625,Saturday,8,3,2025
Sarah Wozniak,31039,William & Mary,8.85,,,,Saturday,8,3,2025
Skyelar Kerico,31039,Pennsylvania,9.8,9.8,9.825,9.75,Saturday,8,3,2025
Sophia Paris,31039,Pennsylvania,9.625,,,,Saturday,8,3,2025
Summer Penzi,31039,William & Mary,,,9.425,,Saturday,8,3,2025
Zara Gazdak,31039,Pennsylvania,9.775,,9.65,,Saturday,8,3,2025
Alana Laster,31041,Illinois State,,,9.875,9.825,Saturday,8,3,2025
Ally Lau,31041,Illinois State,,9.8,,,Saturday,8,3,2025
Ava Stewart,31041,Minnesota,9.825,9.85,,9.9,Saturday,8,3,2025
Brooklyn Rowray,31041,Minnesota,,9.775,,,Saturday,8,3,2025
Emily Koch,31041,Minnesota,,9.75,9.85,,Saturday,8,3,2025
Jada Beswick,31041,Illinois State,9.8,,,,Saturday,8,3,2025
Jaly Jones,31041,Illinois State,9.625,9.775,9.75,,Saturday,8,3,2025
Jaye Mack,31041,Illinois State,,9.65,9.875,9.9,Saturday,8,3,2025
Jordyn Lyden,31041,Minnesota,9.9,9.9,,,Saturday,8,3,2025
Joy Ziegenfelder,31041,Illinois State,,9.1,,,Saturday,8,3,2025
Kaitlyn Donovan,31041,Illinois State,,,9.775,,Saturday,8,3,2025
Lauren Pearl,31041,Minnesota,,9.85,9.85,9.825,Saturday,8,3,2025
Leah Davis,31041,Illinois State,,9.825,,,Saturday,8,3,2025
Leah Gonsiorowski,31041,Minnesota,,,9.9,,Saturday,8,3,2025
Marissa Jencks,31041,Minnesota,9.775,,9.875,9.8,Saturday,8,3,2025
McCauley Harrington,31041,Minnesota,9.725,,,,Saturday,8,3,2025
Mya Hooten,31041,Minnesota,9.825,,9.95,9.925,Saturday,8,3,2025
Mya Robinson,31041,Illinois State,9.675,,9.8,9.825,Saturday,8,3,2025
Reese Grolla,31041,Illinois State,9.7,9.2,,,Saturday,8,3,2025
Sammie Wolff,31041,Illinois State,,,,9.775,Saturday,8,3,2025
Sara Wabi,31041,Illinois State,9.8,,9.85,9.8,Saturday,8,3,2025
Sarah Moraw,31041,Minnesota,,9.825,,9.1,Saturday,8,3,2025
Savannah Ray,31041,Illinois State,9.675,,,9.675,Saturday,8,3,2025
Sophie Swartzmiller,31041,Minnesota,,,9.875,,Saturday,8,3,2025
Teryn Crump,31041,Minnesota,9.85,,,9.85,Saturday,8,3,2025
Ally Schaupp,31043,Western Michigan,,,9.825,,Saturday,8,3,2025
Amelia Knight,31043,Illinois,9.775,9.775,9.75,,Saturday,8,3,2025
Ariana Light,31043,Central Michigan,,9.5,,,Saturday,8,3,2025
Ava Wellmeier,31043,Central Michigan,,,9.825,9.75,Saturday,8,3,2025
Avah Bootz,31043,Central Michigan,,,9.725,9.8,Saturday,8,3,2025
Brooke Gelesko,31043,Western Michigan,,,,9.725,Saturday,8,3,2025
Cassie St. Clair,31043,Western Michigan,,,9.9,9.75,Saturday,8,3,2025
Chloe Cho,31043,Illinois,9.8,9.225,9.675,9.775,Saturday,8,3,2025
Danielle Johnson,31043,Wilberforce,6.525,,,,Saturday,8,3,2025
Destiny Denning,31043,Illinois,9.8,,,,Saturday,8,3,2025
Diamond Cook,31043,Wilberforce,,8.45,8.675,9.075,Saturday,8,3,2025
DonnaKathryn Roy,31043,Western Michigan,,,9.85,9.75,Saturday,8,3,2025
Eden King,31043,Illinois,,9.425,9.9,9.9,Saturday,8,3,2025
Emmalise Nock,31043,Illinois,9.6,,9.85,,Saturday,8,3,2025
Gabrielle Johnson,31043,Central Michigan,9.675,,,,Saturday,8,3,2025
Halle Faulkner,31043,Western Michigan,,,,9.825,Saturday,8,3,2025
Hannah Appleget,31043,Central Michigan,9.825,9.8,9.875,9.75,Saturday,8,3,2025
Hannah Milton,31043,Western Michigan,,9.775,9.85,9.725,Saturday,8,3,2025
Jaidyn Bryant,31043,Wilberforce,8.8,8.7,,,Saturday,8,3,2025
Julie Korfhage,31043,Western Michigan,9.725,9.825,,,Saturday,8,3,2025
Kaitlyn Schwab,31043,Central Michigan,9.775,,,,Saturday,8,3,2025
Kennedy Brown,31043,Illinois,9.725,,,9.75,Saturday,8,3,2025
Kennedy Cooper,31043,Western Michigan,,,9.725,,Saturday,8,3,2025
Kiora Peart-Williams,31043,Wilberforce,9.5,9.475,9.425,9.625,Saturday,8,3,2025
Lia Kmieciak,31043,Central Michigan,9.9,,,9.825,Saturday,8,3,2025
Luciana Alvarado-Reid,31043,Central Michigan,9.85,9.85,9.9,9.65,Saturday,8,3,2025
Lyden Saltness,31043,Illinois,,9.85,,,Saturday,8,3,2025
Mackenzie Butler,31043,Wilberforce,,8.8,,,Saturday,8,3,2025
Madison Kelly,31043,Wilberforce,8.675,9.4,9.0,9.25,Saturday,8,3,2025
Makayla Green,31043,Illinois,9.825,,,,Saturday,8,3,2025
Makenna King,31043,Western Michigan,9.175,,,,Saturday,8,3,2025
Mareli Muller,31043,Illinois,,,,9.775,Saturday,8,3,2025
Mikayla Clements,31043,Wilberforce,,,7.125,8.95,Saturday,8,3,2025
Molly Freeman,31043,Western Michigan,9.775,,,,Saturday,8,3,2025
Mya Gordon,31043,Illinois,,,9.675,9.675,Saturday,8,3,2025
Olivia Coppola,31043,Illinois,,9.55,,9.8,Saturday,8,3,2025
Promise Jean-Marie,31043,Wilberforce,8.95,9.475,9.325,9.375,Saturday,8,3,2025
Quinn Skrupa,31043,Central Michigan,,9.775,9.725,,Saturday,8,3,2025
Reese Samuelson,31043,Western Michigan,9.825,9.85,,,Saturday,8,3,2025
Reilan Garvey,31043,Western Michigan,9.675,9.75,9.85,,Saturday,8,3,2025
Ruthuja Nataraj,31043,Illinois,,9.8,,,Saturday,8,3,2025
Samantha Shannon,31043,Central Michigan,9.85,9.675,,9.775,Saturday,8,3,2025
Sarah Moravansky,31043,Western Michigan,9.75,9.4,,9.75,Saturday,8,3,2025
Tali Joelson,31043,Illinois,,,9.8,,Saturday,8,3,2025
Tricia Mills,31043,Western Michigan,,9.75,,,Saturday,8,3,2025
Zoe Zimmerman,31043,Central Michigan,,,9.825,,Saturday,8,3,2025
Zoie Pelfrey,31043,Central Michigan,,8.0,,,Saturday,8,3,2025
Aiyana Thomas,31047,Fisk,8.475,,,,Saturday,8,3,2025
Aliyah Reed-Hammon,31047,Fisk,,9.725,,9.6,Saturday,8,3,2025
Allie Berkley,31047,Fisk,9.55,9.575,9.6,9.7,Saturday,8,3,2025
Brooke Murdock,31047,Centenary College,,9.1,8.875,,Saturday,8,3,2025
Cecelia Paredes,31047,Centenary College,,,9.475,,Saturday,8,3,2025
Chloe Gilbert,31047,Centenary College,,9.775,,,Saturday,8,3,2025
Ciniah Rosby,31047,Fisk,9.7,9.725,9.7,9.7,Saturday,8,3,2025
Claire Flores,31047,Centenary College,9.7,,9.7,9.65,Saturday,8,3,2025
Emma Lavelle,31047,Centenary College,9.5,9.75,9.6,,Saturday,8,3,2025
Erin Pinder,31047,Centenary College,9.575,,,,Saturday,8,3,2025
Hayden Cagle,31047,Centenary College,,8.2,,9.525,Saturday,8,3,2025
Jada Reece,31047,Fisk,,,9.675,9.6,Saturday,8,3,2025
Kaylei McDonald,31047,Fisk,,9.15,9.65,,Saturday,8,3,2025
Kendall Guy,31047,Fisk,,,,8.95,Saturday,8,3,2025
Kiara Richmon,31047,Fisk,9.625,,,,Saturday,8,3,2025
Liberty Mora,31047,Fisk,,9.775,9.725,,Saturday,8,3,2025
Molly English,31047,Centenary College,,,,9.525,Saturday,8,3,2025
Mylia Vidtor,31047,Centenary College,,9.7,,,Saturday,8,3,2025
Naimah Muhammad,31047,Fisk,,,9.325,,Saturday,8,3,2025
Olivia Montgomery,31047,Centenary College,,,,9.6,Saturday,8,3,2025
Olivia Stratmann,31047,Centenary College,9.725,,,,Saturday,8,3,2025
Olivia Williams,31047,Centenary College,9.425,,9.8,,Saturday,8,3,2025
Peyton Burford,31047,Centenary College,,,,9.575,Saturday,8,3,2025
Sophie Schmitz,31047,Centenary College,9.65,9.725,9.525,9.475,Saturday,8,3,2025
Sydney Smith,31047,Fisk,9.7,,,,Saturday,8,3,2025
Zyia Coleman,31047,Fisk,9.6,9.6,,9.5,Saturday,8,3,2025
Ailey Kuehn,31049,S.E. Missouri,,9.625,,8.925,Saturday,8,3,2025
Alessia Russo,31049,Greenville,9.75,9.65,,,Saturday,8,3,2025
Amara Nelson,31049,Greenville,8.65,9.05,9.725,9.7,Saturday,8,3,2025
Ashlie Leage,31049,Greenville,9.8,8.875,9.65,9.55,Saturday,8,3,2025
Ava Johnston,31049,S.E. Missouri,9.625,,,,Saturday,8,3,2025
Courtney Henry,31049,S.E. Missouri,8.675,,,,Saturday,8,3,2025
Ellery Gilmer,31049,Greenville,,,9.65,9.55,Saturday,8,3,2025
Elli Schnieders,31049,Greenville,9.2,,,9.325,Saturday,8,3,2025
Emma Brannon,31049,Greenville,8.225,,,,Saturday,8,3,2025
Faye Jones,31049,Greenville,,,8.0,,Saturday,8,3,2025
Gracie Jones,31049,S.E. Missouri,9.7,,,,Saturday,8,3,2025
Isabella Feltman,31049,Greenville,,9.575,9.375,9.575,Saturday,8,3,2025
Jaidan Kossuth,31049,S.E. Missouri,,9.725,,9.675,Saturday,8,3,2025
Joselene Hernandez,31049,S.E. Missouri,,9.65,,9.775,Saturday,8,3,2025
Kailyn Hamilton,31049,S.E. Missouri,9.575,,9.825,,Saturday,8,3,2025
Leah Parton,31049,S.E. Missouri,,9.7,9.8,,Saturday,8,3,2025
Madison Carter,31049,Greenville,9.525,8.875,,,Saturday,8,3,2025
Madison Ford,31049,Greenville,,9.575,,,Saturday,8,3,2025
Madison Greene,31049,S.E. Missouri,,,9.725,9.825,Saturday,8,3,2025
Nyah Reader,31049,S.E. Missouri,,9.75,9.525,9.525,Saturday,8,3,2025
Rachel Miller,31049,Greenville,,,8.85,9.75,Saturday,8,3,2025
Sydney Crouch,31049,S.E. Missouri,9.525,,9.775,,Saturday,8,3,2025
Taylor Ingle,31049,S.E. Missouri,9.75,9.05,9.875,9.775,Saturday,8,3,2025
Aine Reade,31051,New Hampshire,9.775,9.75,9.875,9.85,Saturday,8,3,2025
Allie Gard,31051,Nebraska,,,9.825,,Saturday,8,3,2025
Alyssa Beaulieu,31051,New Hampshire,,9.7,,,Saturday,8,3,2025
Anne Challman,31051,New Hampshire,,9.75,9.875,,Saturday,8,3,2025
Ayzhia Hall,31051,Nebraska,,9.5,,9.575,Saturday,8,3,2025
Emma Simpton,31051,Nebraska,9.9,9.8,,,Saturday,8,3,2025
Emma Spence,31051,Nebraska,9.9,,,9.725,Saturday,8,3,2025
Gracy Mowers,31051,New Hampshire,,,9.85,9.55,Saturday,8,3,2025
Gwen Ockerbloom,31051,New Hampshire,,,,9.825,Saturday,8,3,2025
Isabel Sikon,31051,Nebraska,9.75,9.85,,9.85,Saturday,8,3,2025
Jenna Sartoretto,31051,Nebraska,,,,9.65,Saturday,8,3,2025
Julia Before,31051,New Hampshire,9.65,,,,Saturday,8,3,2025
Lauren Hollifield,31051,Nebraska,9.775,,,,Saturday,8,3,2025
Lauren Homecillo,31051,Nebraska,,9.75,9.875,,Saturday,8,3,2025
Leah Moreno,31051,New Hampshire,9.75,,,9.725,Saturday,8,3,2025
Mady Harvey,31051,New Hampshire,,9.775,,,Saturday,8,3,2025
McCall McMullen,31051,New Hampshire,,9.725,9.825,9.75,Saturday,8,3,2025
Nya Kraus,31051,Nebraska,,,9.85,,Saturday,8,3,2025
Poulina Minaev,31051,New Hampshire,,,9.7,,Saturday,8,3,2025
Reese Baechle,31051,Nebraska,,,9.8,,Saturday,8,3,2025
Serena Mullin,31051,New Hampshire,9.725,9.325,9.525,9.775,Saturday,8,3,2025
Sophia McClelland,31051,Nebraska,9.775,9.825,9.925,9.725,Saturday,8,3,2025
Summer Simpkins,31051,New Hampshire,9.7,,,,Saturday,8,3,2025
Whitney Jencks,31051,Nebraska,9.9,9.825,9.9,9.725,Saturday,8,3,2025
Zoe Arthur,31051,New Hampshire,9.825,,,,Saturday,8,3,2025
Abby Mueller,31053,Missouri,,9.8,,,Sunday,9,3,2025
Addison Lawrence,31053,Missouri,,9.925,,,Sunday,9,3,2025
Alex Irvine,31053,Auburn,9.875,,,,Sunday,9,3,2025
Amari Celestine,31053,Missouri,9.875,9.875,9.975,9.925,Sunday,9,3,2025
Amy Wier,31053,Missouri,,9.85,,,Sunday,9,3,2025
Caroline Leonard,31053,Auburn,9.725,,,,Sunday,9,3,2025
Elise Tisler,31053,Missouri,,,9.75,9.875,Sunday,9,3,2025
Emma Grace Boyd,31053,Auburn,9.325,,,,Sunday,9,3,2025
Gabby McLaughlin,31053,Auburn,,9.975,9.9,,Sunday,9,3,2025
Hannah Horton,31053,Missouri,9.85,,9.925,9.9,Sunday,9,3,2025
Helen Hu,31053,Missouri,,9.9,,,Sunday,9,3,2025
Jocelyn Moore,31053,Missouri,9.95,,9.95,9.85,Sunday,9,3,2025
Julianne Huff,31053,Auburn,,,,9.9,Sunday,9,3,2025
Kaia Tanskanen,31053,Missouri,,,,9.825,Sunday,9,3,2025
Kennedy Griffin,31053,Missouri,,,9.925,9.8,Sunday,9,3,2025
Kyra Burns,31053,Missouri,9.925,,,,Sunday,9,3,2025
Mara Titarsolej,31053,Missouri,9.95,,,,Sunday,9,3,2025
Marissa Neal,31053,Auburn,9.75,9.875,,,Sunday,9,3,2025
Olivia Ahern,31053,Auburn,,9.8,9.85,,Sunday,9,3,2025
Olivia Greaves,31053,Auburn,9.95,9.825,9.825,,Sunday,9,3,2025
Olivia Kelly,31053,Missouri,9.875,9.9,,,Sunday,9,3,2025
Paige Zancan,31053,Auburn,,9.925,9.875,9.875,Sunday,9,3,2025
Rayna Light,31053,Missouri,,,9.925,,Sunday,9,3,2025
Sara Hubbard,31053,Auburn,,,,9.9,Sunday,9,3,2025
Sarah Zois,31053,Auburn,,,,9.775,Sunday,9,3,2025
Sophia Bell,31053,Auburn,,,9.925,9.8,Sunday,9,3,2025
Sophia Groth,31053,Auburn,9.775,9.8,9.85,,Sunday,9,3,2025
Sydney Schumaker,31053,Auburn,,,,9.8,Sunday,9,3,2025
Allison Kaempfer,31055,Penn State,,,9.875,9.8,Sunday,9,3,2025
Alyssa Kramer,31055,Penn State,,,9.9,,Sunday,9,3,2025
Ashley Maul,31055,Penn State,,9.875,9.7,,Sunday,9,3,2025
Brie Clark,31055,Clemson,,9.8,9.925,,Sunday,9,3,2025
Cassi Barbanente,31055,Penn State,9.875,,,,Sunday,9,3,2025
Dani Latronica,31055,Penn State,9.875,9.85,,,Sunday,9,3,2025
Deana Sheremeta,31055,George Washington,9.775,7.85,9.825,,Sunday,9,3,2025
Delaney DeHaan,31055,George Washington,9.8,9.2,9.9,9.85,Sunday,9,3,2025
Elina Vihrova,31055,Penn State,9.725,,9.0,9.825,Sunday,9,3,2025
Elizabeth Leary,31055,Penn State,9.825,9.85,9.85,9.8,Sunday,9,3,2025
Ellie Monahan,31055,Penn State,,9.775,9.75,9.825,Sunday,9,3,2025
Eve Jackson,31055,Clemson,9.775,,9.9,9.775,Sunday,9,3,2025
Gabrielle Gallentine,31055,Penn State,9.9,,,,Sunday,9,3,2025
Hannah Clark,31055,Clemson,9.75,9.75,,,Sunday,9,3,2025
Isabella Salcedo,31055,Penn State,,9.275,,9.9,Sunday,9,3,2025
Kasey Burke,31055,George Washington,,,9.875,9.825,Sunday,9,3,2025
Kate Bryant,31055,Clemson,,,,9.8,Sunday,9,3,2025
Kendall Whitman,31055,George Washington,,9.875,9.95,9.875,Sunday,9,3,2025
Kylie Kazmierski,31055,George Washington,,,9.875,,Sunday,9,3,2025
Lauren Rutherford,31055,Clemson,9.8,,,,Sunday,9,3,2025
Lola Montevago,31055,George Washington,9.9,9.85,,9.725,Sunday,9,3,2025
Maddie Johnston,31055,Penn State,9.85,9.65,,9.925,Sunday,9,3,2025
Madi McMullen,31055,George Washington,9.75,,9.775,,Sunday,9,3,2025
Madison Minner,31055,Clemson,,,9.875,9.85,Sunday,9,3,2025
Maggie Holman,31055,Clemson,,9.775,9.8,9.875,Sunday,9,3,2025
Maya Peters,31055,George Washington,,9.825,,,Sunday,9,3,2025
Molly Arnold,31055,Clemson,,,9.875,,Sunday,9,3,2025
Nancy Kiner,31055,George Washington,,9.05,,,Sunday,9,3,2025
Quinn Kuhl,31055,Clemson,9.8,9.85,,9.875,Sunday,9,3,2025
Rachel Katz,31055,George Washington,9.825,,,9.7,Sunday,9,3,2025
Rebecca Wells,31055,Clemson,9.65,,,,Sunday,9,3,2025
Sierra Church,31055,Clemson,,9.875,,,Sunday,9,3,2025
Sophia Tyeryar,31055,George Washington,8.875,,,,Sunday,9,3,2025
Takoda Berry,31055,Clemson,9.7,,,,Sunday,9,3,2025
Tara Walsh,31055,Clemson,,9.6,9.725,9.825,Sunday,9,3,2025
Zoe Safran,31055,George Washington,,,,9.7,Sunday,9,3,2025
Alauna Simms,31058,Ball State,,,9.8,,Sunday,9,3,2025
Alyssa Guns,31058,Kent State,,9.8,9.9,,Sunday,9,3,2025
Ashley Morgan,31058,Kent State,,9.85,9.875,9.75,Sunday,9,3,2025
Ashley Szymanski,31058,Ball State,9.85,9.825,,,Sunday,9,3,2025
Ava Molina,31058,Ball State,9.775,9.825,9.8,,Sunday,9,3,2025
Avery Compson,31058,Kent State,,,,9.725,Sunday,9,3,2025
Brynne Tsipis,31058,Kent State,9.85,,,,Sunday,9,3,2025
Cai Afalla,31058,Ball State,,,9.875,9.7,Sunday,9,3,2025
Carissa Martinez,31058,Ball State,,,9.825,,Sunday,9,3,2025
Charlie Behner,31058,Kent State,9.85,,9.875,9.85,Sunday,9,3,2025
Delaney McMahon,31058,Ball State,,9.375,,,Sunday,9,3,2025
Gabby Riley,31058,Kent State,,9.775,9.875,9.75,Sunday,9,3,2025
Grace Sumner,31058,Ball State,9.775,9.25,,,Sunday,9,3,2025
Hannah Ruthberg,31058,Ball State,9.775,,,9.825,Sunday,9,3,2025
Heidi Schultz,31058,Kent State,9.775,9.925,9.825,,Sunday,9,3,2025
Isabella Marques,31058,Kent State,9.7,,,,Sunday,9,3,2025
Jersey Bingman,31058,Kent State,,,9.85,,Sunday,9,3,2025
Karli Mercer,31058,Ball State,,,,9.775,Sunday,9,3,2025
Lindsay Fuller,31058,Ball State,,9.75,,,Sunday,9,3,2025
Lindsay Girard,31058,Ball State,,,9.8,9.725,Sunday,9,3,2025
Mary Rose Bellan,31058,Ball State,9.85,,,,Sunday,9,3,2025
Mya Migliore,31058,Kent State,,9.775,,9.7,Sunday,9,3,2025
Nastia Rudnitskaya,31058,Kent State,9.825,,,9.8,Sunday,9,3,2025
Sophia Balko,31058,Kent State,9.725,,,,Sunday,9,3,2025
Suki Pfister,31058,Ball State,,,,9.925,Sunday,9,3,2025
Zoe Middleton,31058,Ball State,9.8,9.825,9.875,9.8,Sunday,9,3,2025
Zoe Rankin,31058,Kent State,,9.725,,,Sunday,9,3,2025
Aliyah Kelly,31060,Northern Illinois,9.75,9.8,8.85,9.65,Sunday,9,3,2025
Audrey Brenner,31060,Northern Illinois,,,9.725,9.825,Sunday,9,3,2025
Charniya Brown,31060,Bowling Green,,,,9.75,Sunday,9,3,2025
Dawsyn Sallee,31060,Northern Illinois,,9.775,9.75,9.75,Sunday,9,3,2025
Elise Brzoska,31060,Bowling Green,,9.7,,,Sunday,9,3,2025
Ellery Werner,31060,Northern Illinois,,9.85,,,Sunday,9,3,2025
Faye Dubin,31060,Bowling Green,,9.7,,,Sunday,9,3,2025
Isabella Ross,31060,Northern Illinois,9.575,9.75,9.775,9.55,Sunday,9,3,2025
Jocelyn Harbeck,31060,Northern Illinois,9.55,,9.7,9.7,Sunday,9,3,2025
Kate Ferguson,31060,Northern Illinois,9.8,,,,Sunday,9,3,2025
Katrina Mendez Abolnik,31060,Bowling Green,,,,9.875,Sunday,9,3,2025
Kayla Shaw,31060,Bowling Green,9.65,,9.8,,Sunday,9,3,2025
Keira Thornton,31060,Bowling Green,9.7,,9.775,,Sunday,9,3,2025
Kennedy Krienbrink,31060,Bowling Green,9.7,,,,Sunday,9,3,2025
Kiera O'Shea,31060,Northern Illinois,9.6,9.15,,9.8,Sunday,9,3,2025
Landyn Williams,31060,Bowling Green,,,9.55,,Sunday,9,3,2025
Love Akpan,31060,Bowling Green,9.6,9.8,,9.675,Sunday,9,3,2025
Madison Coburn,31060,Bowling Green,,,9.75,9.775,Sunday,9,3,2025
Megan Bingham,31060,Bowling Green,9.7,9.8,9.725,9.85,Sunday,9,3,2025
Megan Dzialo,31060,Bowling Green,9.575,,9.675,9.725,Sunday,9,3,2025
Mikayla Brown,31060,Northern Illinois,,9.15,9.8,,Sunday,9,3,2025
Nadia Parente,31060,Bowling Green,,9.2,,,Sunday,9,3,2025
Natalia Kraus,31060,Northern Illinois,9.75,,,,Sunday,9,3,2025
Teegan Milligan,31060,Bowling Green,,9.1,,,Sunday,9,3,2025
Alexa Rothenbuescher,31066,Maryland,9.9,9.825,8.95,,Sunday,9,3,2025
Alina Danilchenko,31066,LIU,,9.575,9.725,,Sunday,9,3,2025
Angelina Hogan,31066,LIU,9.75,,,,Sunday,9,3,2025
Brisa Carraro,31066,LIU,9.8,,,,Sunday,9,3,2025
Brooke Burkhart,31066,LIU,,,,9.65,Sunday,9,3,2025
Caroline Kliewer,31066,LIU,9.75,,,,Sunday,9,3,2025
Chloe DeJoy,31066,Yale,9.8,,9.8,,Sunday,9,3,2025
Danyella Holmes,31066,LIU,9.6,,9.775,9.525,Sunday,9,3,2025
Ella Barrington,31066,LIU,,,9.675,,Sunday,9,3,2025
Ella Tashjian,31066,Yale,,9.7,9.9,9.725,Sunday,9,3,2025
Ellie Kearns,31066,Yale,9.85,9.65,9.825,,Sunday,9,3,2025
Ellorie Cane,31066,LIU,,9.825,,,Sunday,9,3,2025
Evangeline Chu,31066,Yale,,9.725,,,Sunday,9,3,2025
Gigi Sabatini,31066,Yale,9.775,9.6,9.875,9.7,Sunday,9,3,2025
Hailey Kriz,31066,Yale,9.825,9.15,,9.725,Sunday,9,3,2025
Hailey Merchant,31066,Maryland,9.85,,,,Sunday,9,3,2025
Haleigh Welch,31066,LIU,9.775,,,,Sunday,9,3,2025
Hana Strause,31066,Yale,,9.8,9.775,,Sunday,9,3,2025
Kady Bills-McCoy,31066,LIU,,9.775,,,Sunday,9,3,2025
Kaira Cartwright,31066,LIU,,9.825,9.725,9.725,Sunday,9,3,2025
Kira Sanchez,31066,LIU,9.725,,9.725,9.45,Sunday,9,3,2025
Lauren Brendlinger,31066,Maryland,,9.7,9.7,,Sunday,9,3,2025
Lauren Burt,31066,Yale,,,,9.725,Sunday,9,3,2025
Lauren Holt,31066,Yale,9.7,,,,Sunday,9,3,2025
Lauren Luu,31066,Yale,9.125,,,,Sunday,9,3,2025
Logan Buckmon,31066,Maryland,,,,9.75,Sunday,9,3,2025
Maddie Komoroski,31066,Maryland,,9.875,9.85,,Sunday,9,3,2025
Maggie Murphy,31066,Maryland,,,,9.675,Sunday,9,3,2025
Megan Brueck,31066,Yale,,,9.825,,Sunday,9,3,2025
Meridith Donovan,31066,Yale,,,,9.6,Sunday,9,3,2025
Natalie Martin,31066,Maryland,,9.75,9.85,9.85,Sunday,9,3,2025
Oren Aviad,31066,Yale,,,,9.575,Sunday,9,3,2025
Raphaelle Perreault,31066,LIU,,9.675,9.725,9.675,Sunday,9,3,2025
Rayna Engelmayer,31066,Maryland,,9.825,,9.825,Sunday,9,3,2025
Renee Figueroa,31066,LIU,,9.675,,,Sunday,9,3,2025
Rhea Leblanc,31066,Maryland,9.8,,9.85,9.825,Sunday,9,3,2025
Sarah Saville,31066,Maryland,9.75,,,,Sunday,9,3,2025
Tasha Brozowski,31066,Maryland,9.775,,,,Sunday,9,3,2025
Taylor Rech,31066,Maryland,,,9.7,9.775,Sunday,9,3,2025
Victoria Gatzendorfer,31066,Maryland,9.775,9.8,,,Sunday,9,3,2025
Zoe Claiborne,31066,LIU,,,,9.725,Sunday,9,3,2025
Abigail Kenney,31069,Bridgeport,9.725,9.75,9.8,9.175,Sunday,9,3,2025
Avery Walters,31069,Brown,9.8,9.125,9.825,,Sunday,9,3,2025
Daisy Fallon,31069,Brown,9.65,,9.675,,Sunday,9,3,2025
Emily Ford,31069,Brown,9.6,9.875,,,Sunday,9,3,2025
Gabby Mautner,31069,Brown,,,,8.6,Sunday,9,3,2025
Gracie Walker,31069,Bridgeport,,,,9.675,Sunday,9,3,2025
Hannah Barry,31069,Bridgeport,,8.7,,,Sunday,9,3,2025
Jessica Lin,31069,Brown,,9.625,,9.525,Sunday,9,3,2025
Julia Bedell,31069,Brown,,,9.725,9.75,Sunday,9,3,2025
Lindsay Van Eyk,31069,Brown,,9.8,,,Sunday,9,3,2025
Lindsey Yang,31069,Brown,,9.725,9.8,9.525,Sunday,9,3,2025
Liza Marcus,31069,Brown,9.75,9.025,,,Sunday,9,3,2025
Lola Sepulveda,31069,Bridgeport,9.65,9.475,9.75,9.7,Sunday,9,3,2025
Madelyn Viles,31069,Bridgeport,,9.7,9.725,,Sunday,9,3,2025
Margaret Coyle,31069,Bridgeport,,,9.85,,Sunday,9,3,2025
Maya Davis,31069,Brown,9.85,,9.85,,Sunday,9,3,2025
Nicole Pujals,31069,Bridgeport,9.725,,,,Sunday,9,3,2025
Nova Staruk,31069,Bridgeport,,,9.575,9.825,Sunday,9,3,2025
Olivia Imbarlina,31069,Bridgeport,9.55,9.6,,,Sunday,9,3,2025
Rae Solis,31069,Bridgeport,9.425,,,9.5,Sunday,9,3,2025
Samantha Krenzel,31069,Bridgeport,,9.625,,,Sunday,9,3,2025
Samantha Nokes,31069,Bridgeport,8.475,,,,Sunday,9,3,2025
Savannah Lindley,31069,Bridgeport,,,,9.45,Sunday,9,3,2025
Skyler Vulchev,31069,Bridgeport,,,9.75,,Sunday,9,3,2025
Sophia Dewar,31069,Brown,9.725,,9.35,9.75,Sunday,9,3,2025
Umi El Mammann,31069,Brown,,,,9.75,Sunday,9,3,2025
Abbie Thompson,31071,Denver,,9.8,,,Sunday,9,3,2025
Amanda Hargraves,31071,Denver,,,,9.85,Sunday,9,3,2025
Bella Mabanta,31071,Denver,,9.65,9.925,9.775,Sunday,9,3,2025
Caroline Lichtman,31071,Arizona State,,9.725,,9.825,Sunday,9,3,2025
Cecilia Cooley,31071,Denver,9.775,8.925,,,Sunday,9,3,2025
Emily White,31071,Arizona State,9.875,9.875,9.9,9.775,Sunday,9,3,2025
Halle Braaflat,31071,Arizona State,,,9.5,9.725,Sunday,9,3,2025
Halle Gregoire,31071,Arizona State,9.825,,,9.775,Sunday,9,3,2025
Jada Mangahas,31071,Arizona State,9.7,8.95,9.85,9.85,Sunday,9,3,2025
Kayla Lee,31071,Arizona State,,9.7,,,Sunday,9,3,2025
Kiley Rorich,31071,Denver,9.075,,9.9,,Sunday,9,3,2025
Kimberly Smith,31071,Arizona State,9.925,9.65,9.575,,Sunday,9,3,2025
Lilia Purler,31071,Arizona State,,,9.625,9.675,Sunday,9,3,2025
Maddison Reidenbach,31071,Denver,,,9.825,9.85,Sunday,9,3,2025
Madison Ulrich,31071,Denver,9.925,9.825,9.925,9.8,Sunday,9,3,2025
Mia Hebinck,31071,Denver,9.925,,,,Sunday,9,3,2025
Mila Brusch,31071,Denver,,,9.625,9.8,Sunday,9,3,2025
Momoko Iwai,31071,Denver,,9.75,9.825,,Sunday,9,3,2025
Rosie Casali,31071,Denver,9.875,,,9.875,Sunday,9,3,2025
Rylie Mundell,31071,Denver,9.9,9.7,,,Sunday,9,3,2025
Sarah Clark,31071,Arizona State,9.5,9.8,9.8,,Sunday,9,3,2025
Tiara Platkin,31071,Arizona State,9.8,,,,Sunday,9,3,2025
Amber Lowe,31073,West Virginia,9.8,9.8,9.8,,Sunday,9,3,2025
Anna Leigh,31073,West Virginia,9.775,9.85,9.875,,Sunday,9,3,2025
Brooke Alban,31073,West Virginia,9.825,,9.775,9.875,Sunday,9,3,2025
Brooke Irwin,31073,West Virginia,9.675,,,,Sunday,9,3,2025
Carlee Nelson,31073,West Virginia,,9.8,,9.725,Sunday,9,3,2025
Darbi Simcox,31073,Pittsburgh,,9.925,,,Sunday,9,3,2025
Eden Webster,31073,West Virginia,,9.85,,,Sunday,9,3,2025
Elizabeth Cesarone,31073,Pittsburgh,,9.7,9.875,9.825,Sunday,9,3,2025
Emerson Smith,31073,West Virginia,,,9.925,9.75,Sunday,9,3,2025
Emily Todd,31073,Pittsburgh,9.775,9.075,9.625,,Sunday,9,3,2025
Jah'Liyah Bedminster,31073,Pittsburgh,9.85,,9.85,9.825,Sunday,9,3,2025
Jaime Pratt,31073,Pittsburgh,9.8,,9.9,9.825,Sunday,9,3,2025
Jayden McDonnell,31073,West Virginia,9.7,,,,Sunday,9,3,2025
Jordyn Ewing,31073,Pittsburgh,9.75,,9.825,,Sunday,9,3,2025
Julia Brown,31073,West Virginia,,9.8,,,Sunday,9,3,2025
Julie Madso,31073,Pittsburgh,9.825,9.8,,,Sunday,9,3,2025
Karleigh DiCello,31073,West Virginia,,9.125,,9.75,Sunday,9,3,2025
Kennedy Duke,31073,Pittsburgh,9.85,9.775,,9.8,Sunday,9,3,2025
Lila Pileggi,31073,Pittsburgh,,,,9.75,Sunday,9,3,2025
Meika Lee,31073,Pittsburgh,,9.85,9.9,,Sunday,9,3,2025
Olivia Giunta,31073,Pittsburgh,,,,9.8,Sunday,9,3,2025
Riley Maness,31073,West Virginia,,,9.85,,Sunday,9,3,2025
Sophia Rice,31073,West Virginia,,,9.85,9.825,Sunday,9,3,2025
Taylor Tuohy,31073,West Virginia,,,,9.7,Sunday,9,3,2025
Trinity Macy,31073,West Virginia,9.85,,,,Sunday,9,3,2025
Abby Brushwood,31075,Eastern Michigan,,,9.875,9.575,Sunday,9,3,2025
Alana Fisher,31075,Eastern Michigan,,9.875,9.75,9.85,Sunday,9,3,2025
Analiah Solorio,31075,Eastern Michigan,9.8,9.65,,,Sunday,9,3,2025
Athena Jones,31075,Sacramento State,9.725,9.775,9.675,,Sunday,9,3,2025
Brianna Lucas,31075,Eastern Michigan,,,,9.55,Sunday,9,3,2025
Chloe Cohen,31075,Sacramento State,9.675,,,,Sunday,9,3,2025
Ella Chemotti,31075,Eastern Michigan,9.725,9.85,9.7,,Sunday,9,3,2025
Emma Morgenthaler,31075,Sacramento State,9.775,9.725,9.825,9.8,Sunday,9,3,2025
Gianna Antonio,31075,Eastern Michigan,,,9.675,,Sunday,9,3,2025
Grace Gilman,31075,Sacramento State,,9.775,9.65,9.75,Sunday,9,3,2025
Gwendelyn Cantu,31075,Eastern Michigan,,,,9.7,Sunday,9,3,2025
Hannah Sitzman,31075,Sacramento State,9.825,,,,Sunday,9,3,2025
Kaitlyn Driessen,31075,Sacramento State,,9.75,,9.725,Sunday,9,3,2025
Kara Houghton,31075,Sacramento State,9.8,9.675,9.75,,Sunday,9,3,2025
Katin Childress,31075,Eastern Michigan,,9.475,,,Sunday,9,3,2025
Keeley Kohler,31075,Eastern Michigan,9.8,,,,Sunday,9,3,2025
Kyrie Lowe,31075,Eastern Michigan,9.775,9.825,9.675,9.675,Sunday,9,3,2025
Lexi Frank,31075,Sacramento State,,,,9.625,Sunday,9,3,2025
Raisa Boris,31075,Eastern Michigan,9.75,9.85,9.8,9.675,Sunday,9,3,2025
Rylin Zimmerman,31075,Sacramento State,,,,9.75,Sunday,9,3,2025
Sanai Evans,31075,Eastern Michigan,9.65,,,,Sunday,9,3,2025
Sarah Lutrel,31075,Sacramento State,9.7,9.875,9.725,9.725,Sunday,9,3,2025
Simone Dumas-Guzman,31075,Sacramento State,,,9.775,,Sunday,9,3,2025
Ava Johnson,31077,San Jose State,,,9.85,,Sunday,9,3,2025
Devyn Valuch,31077,San Jose State,9.75,9.725,9.75,9.825,Sunday,9,3,2025
Francesca Caso,31077,Oregon State,9.825,,,,Sunday,9,3,2025
Jade Carey,31077,Oregon State,9.925,9.975,9.95,9.975,Sunday,9,3,2025
Jaudai Lopes,31077,San Jose State,9.7,,9.825,9.85,Sunday,9,3,2025
Jennifer McMillan,31077,Oregon State,9.85,9.8,,,Sunday,9,3,2025
Kaitlin Garcia,31077,Oregon State,,,9.9,9.825,Sunday,9,3,2025
Katherine Weyhmiller,31077,San Jose State,9.85,9.775,9.65,,Sunday,9,3,2025
Kaviana Jurries,31077,San Jose State,9.6,,,9.775,Sunday,9,3,2025
Lauren Letzsch,31077,Oregon State,,9.875,,,Sunday,9,3,2025
Madison Gustitus,31077,San Jose State,,9.875,9.6,,Sunday,9,3,2025
Madison Kirsch,31077,San Jose State,,9.725,,9.825,Sunday,9,3,2025
Marissa Ashton,31077,San Jose State,,9.8,,,Sunday,9,3,2025
Mikaela Pitts,31077,San Jose State,,,,9.85,Sunday,9,3,2025
Natalie Briones,31077,Oregon State,9.8,,,9.75,Sunday,9,3,2025
Olivia Buckner,31077,Oregon State,,9.15,8.85,9.75,Sunday,9,3,2025
Olivia Reardon,31077,San Jose State,9.7,,9.725,9.725,Sunday,9,3,2025
Sage Thompson,31077,Oregon State,9.875,,9.825,9.825,Sunday,9,3,2025
Samantha Macasu,31077,San Jose State,,9.85,,,Sunday,9,3,2025
Savannah Miller,31077,Oregon State,,,9.675,,Sunday,9,3,2025
Sophia Esposito,31077,Oregon State,,9.9,9.85,9.85,Sunday,9,3,2025
Sophia Konieczny,31077,San Jose State,9.8,,,,Sunday,9,3,2025
Sydney Gonzales,31077,Oregon State,,9.775,,,Sunday,9,3,2025
Taylor DeVries,31077,Oregon State,9.775,,,,Sunday,9,3,2025
Alaina Reid,31079,Texas Woman's,,,,9.625,Sunday,9,3,2025
Ashley Knight,31079,North Carolina State,,,9.875,9.925,Sunday,9,3,2025
Ava Myers,31079,North Carolina State,9.775,,,9.775,Sunday,9,3,2025
Bailey Bourgeois,31079,Texas Woman's,9.875,,9.1,,Sunday,9,3,2025
Bailey Upton,31079,Texas Woman's,,9.825,9.85,9.775,Sunday,9,3,2025
Brooke Ferrari,31079,Texas Woman's,9.8,,,,Sunday,9,3,2025
Brooke Smead,31079,North Carolina State,,9.8,,,Sunday,9,3,2025
Caroline Bowns,31079,Texas Woman's,9.9,,,,Sunday,9,3,2025
Caroline Volk,31079,North Carolina State,9.925,9.55,,,Sunday,9,3,2025
Chloe Negrete,31079,North Carolina State,,9.9,9.875,9.8,Sunday,9,3,2025
Elle Hadrick,31079,North Carolina State,9.85,,9.875,,Sunday,9,3,2025
Emma Brkljacic,31079,Texas Woman's,,9.125,,,Sunday,9,3,2025
Kailee Adomaites,31079,North Carolina State,9.775,,,,Sunday,9,3,2025
Kaitlyn Hoiland,31079,Texas Woman's,9.875,9.85,,9.8,Sunday,9,3,2025
Kami Zarlengo,31079,Texas Woman's,9.825,,9.775,,Sunday,9,3,2025
Katie Harper,31079,North Carolina State,9.85,9.35,9.775,,Sunday,9,3,2025
Krista Zultevicz,31079,North Carolina State,,,9.85,9.85,Sunday,9,3,2025
Kyleigh Ghanbari,31079,Texas Woman's,,,9.85,,Sunday,9,3,2025
Lainey Hunt,31079,Texas Woman's,9.85,,,,Sunday,9,3,2025
Lauren Wright,31079,North Carolina State,,,,9.7,Sunday,9,3,2025
Madeline Reid,31079,North Carolina State,9.875,,,,Sunday,9,3,2025
Meg Adler,31079,North Carolina State,,9.85,9.825,9.85,Sunday,9,3,2025
Peyton Childs,31079,North Carolina State,,9.8,,,Sunday,9,3,2025
Sophia Isbell,31079,Texas Woman's,,9.825,9.775,9.825,Sunday,9,3,2025
Sophie Hernandez,31079,Texas Woman's,,9.85,9.875,,Sunday,9,3,2025
Steelie King,31079,Texas Woman's,,9.825,,9.775,Sunday,9,3,2025
Trinity Caffey,31079,Texas Woman's,,,,9.8,Sunday,9,3,2025
Abbey Scanlon,31082,California,,9.9,,,Sunday,9,3,2025
Amy Doyle,31082,Michigan State,9.75,,,9.65,Sunday,9,3,2025
Annalise Newman-Achee,31082,California,9.875,,,,Sunday,9,3,2025
Bella Miller,31082,North Carolina,,,9.75,,Sunday,9,3,2025
Cady Duplissis,31082,Michigan State,,9.875,,,Sunday,9,3,2025
Casey Brown,31082,California,9.8,,,,Sunday,9,3,2025
Chloe LaCoursiere,31082,Alabama,9.925,9.85,9.05,,Sunday,9,3,2025
Claire Stippich,31082,North Carolina,9.825,,9.75,,Sunday,9,3,2025
Corinne Bunagan,31082,Alabama,,,,9.8,Sunday,9,3,2025
Delanie Harkness,31082,Michigan State,9.825,,9.85,,Sunday,9,3,2025
Ella Cesario,31082,California,9.85,9.7,9.875,9.75,Sunday,9,3,2025
Elle Beaufait,31082,Michigan State,,,9.675,,Sunday,9,3,2025
Elly King,31082,North Carolina,,,,9.75,Sunday,9,3,2025
Emma Misenheimer,31082,Michigan State,,9.8,,,Sunday,9,3,2025
Gabby Gladieux,31082,Alabama,9.8,9.9,9.95,9.875,Sunday,9,3,2025
Gabby Ladanyi,31082,Alabama,,9.925,,,Sunday,9,3,2025
Gabrielle Stephen,31082,Michigan State,9.8,9.95,9.9,9.9,Sunday,9,3,2025
Giana Kalefe,31082,Michigan State,,9.875,,,Sunday,9,3,2025
Gwen Fink,31082,North Carolina,9.725,9.7,,,Sunday,9,3,2025
Isabelle Schaefer,31082,North Carolina,9.825,,,,Sunday,9,3,2025
Jamison Sears,31082,Alabama,,,9.675,,Sunday,9,3,2025
Jessica Naranjo,31082,North Carolina,,9.55,9.8,,Sunday,9,3,2025
JoJo Valahovic,31082,North Carolina,,9.85,9.725,9.875,Sunday,9,3,2025
Jordan Kane,31082,California,,,9.7,,Sunday,9,3,2025
Jordyn Paradise,31082,Alabama,,,,9.825,Sunday,9,3,2025
Julia Knower,31082,North Carolina,9.75,9.775,9.825,9.8,Sunday,9,3,2025
Karis German,31082,Alabama,,,,9.85,Sunday,9,3,2025
Kaya Forbes,31082,North Carolina,,,9.725,9.775,Sunday,9,3,2025
Kyen Mayhew,31082,California,,,9.825,9.8,Sunday,9,3,2025
Kylee Kvamme,31082,Alabama,,,,9.725,Sunday,9,3,2025
Lali Dekanoidze,31082,North Carolina,9.9,,,9.75,Sunday,9,3,2025
Lilly Hudson,31082,Alabama,9.725,9.9,9.95,9.925,Sunday,9,3,2025
MaKayla Tucker,31082,Michigan State,,,9.85,9.75,Sunday,9,3,2025
Madelyn Williams,31082,California,9.95,9.85,9.85,9.775,Sunday,9,3,2025
Mya Lauzon,31082,California,9.825,9.925,9.95,9.85,Sunday,9,3,2025
Mya Wiley,31082,California,,,,9.825,Sunday,9,3,2025
Neve King,31082,North Carolina,9.7,9.75,,9.725,Sunday,9,3,2025
Nikki Smith,31082,Michigan State,9.825,9.775,9.825,9.875,Sunday,9,3,2025
Olivia Zsarmani,31082,Michigan State,8.775,,,9.85,Sunday,9,3,2025
Ondine Achampong,31082,California,,9.875,,,Sunday,9,3,2025
Paityn Walker,31082,Alabama,9.725,,,,Sunday,9,3,2025
Rachel Rybicki,31082,Alabama,,9.8,9.575,,Sunday,9,3,2025
Regan McBride,31082,North Carolina,,9.725,,,Sunday,9,3,2025
Ryan Fuller,31082,Alabama,9.925,9.9,,,Sunday,9,3,2025
Sage Kellerman,31082,Michigan State,9.875,,,9.95,Sunday,9,3,2025
Shania Adams,31082,Alabama,8.65,,9.875,,Sunday,9,3,2025
Skyla Schulte,31082,Michigan State,,9.925,9.9,,Sunday,9,3,2025
eMjae Frazier,31082,California,9.875,9.85,9.925,9.7,Sunday,9,3,2025
Alana Walker,31085,Stanford,,,9.75,,Sunday,9,3,2025
Anapaula Gutierrez,31085,Stanford,9.925,,,9.875,Sunday,9,3,2025
Anna Roberts,31085,Stanford,9.925,9.85,9.85,9.825,Sunday,9,3,2025
Ashley Carter,31085,Stanford,,9.9,9.75,,Sunday,9,3,2025
Ava Sorrento,31085,Stanford,9.65,,,,Sunday,9,3,2025
Brenna Neault,31085,Stanford,9.85,9.95,9.85,9.8,Sunday,9,3,2025
Brooklyn Moors,31085,UCLA,,9.9,9.925,9.825,Sunday,9,3,2025
Chae Campbell,31085,UCLA,9.75,9.9,9.825,9.9,Sunday,9,3,2025
Ciena Alipio,31085,UCLA,,9.925,,,Sunday,9,3,2025
Claire Dean,31085,Stanford,,9.875,9.8,,Sunday,9,3,2025
Emily Lee,31085,UCLA,,9.925,9.75,9.825,Sunday,9,3,2025
Emma Malabuyo,31085,UCLA,9.875,9.925,9.9,,Sunday,9,3,2025
Frida Esparza,31085,UCLA,9.775,,,,Sunday,9,3,2025
Jordan Chiles,31085,UCLA,9.95,9.9,9.95,9.95,Sunday,9,3,2025
Kendra Chang,31085,Stanford,9.8,,,9.85,Sunday,9,3,2025
Macy McGowan,31085,UCLA,9.825,,9.925,9.725,Sunday,9,3,2025
Mika Webster-Longin,31085,UCLA,9.925,,,9.675,Sunday,9,3,2025
Sienna Robinson,31085,Stanford,,9.225,9.875,,Sunday,9,3,2025
Taralyn Nguyen,31085,Stanford,,,,9.625,Sunday,9,3,2025
Temple Landry,31085,Stanford,,9.925,,,Sunday,9,3,2025
Ui Soma,31085,Stanford,9.85,,,9.775,Sunday,9,3,2025
Addy Rothstein,31087,Cornell,9.775,,9.85,9.65,Friday,14,3,2025
Anne MacKenzie,31087,Cornell,,8.975,,,Friday,14,3,2025
Avery Byun,31087,Cornell,9.725,9.725,,9.65,Friday,14,3,2025
Bridget Sullivan,31087,West Chester,,,9.875,9.4,Friday,14,3,2025
Cami Whitaker,31087,Cornell,,,9.85,9.65,Friday,14,3,2025
Caroline Cascadden,31087,West Chester,,9.7,9.875,,Friday,14,3,2025
Catherine Keener,31087,West Chester,,,9.825,,Friday,14,3,2025
Corinne Gruber,31087,West Chester,,,,9.5,Friday,14,3,2025
Dahlia Jhaveri,31087,Cornell,9.7,,,9.575,Friday,14,3,2025
EmmaGrace Kelly,31087,West Chester,,9.675,9.675,,Friday,14,3,2025
Jordan Coleman,31087,West Chester,9.675,,,,Friday,14,3,2025
Karah Vargo,31087,West Chester,8.95,,,9.375,Friday,14,3,2025
Kate Michelini,31087,Cornell,,,9.675,,Friday,14,3,2025
Lily McFarland,31087,West Chester,,9.8,9.9,9.525,Friday,14,3,2025
Lydia Stoner,31087,West Chester,,,9.7,,Friday,14,3,2025
Macarthy Keane,31087,West Chester,,9.7,,9.4,Friday,14,3,2025
Melina Ringas,31087,West Chester,9.775,,,,Friday,14,3,2025
Michaela DeFranscisco,31087,Cornell,,,9.7,9.475,Friday,14,3,2025
Mikayla Burton,31087,Cornell,,8.875,,,Friday,14,3,2025
Morgen Shambo,31087,Cornell,9.75,8.95,,,Friday,14,3,2025
Natalia Tehrani,31087,Cornell,9.25,9.575,,,Friday,14,3,2025
Natalie Marshall,31087,West Chester,,9.65,,,Friday,14,3,2025
Rylee Harada,31087,West Chester,8.525,,,9.625,Friday,14,3,2025
Sarah Eskew,31087,West Chester,8.4,,,,Friday,14,3,2025
Sarah Goetter,31087,Cornell,,,9.55,,Friday,14,3,2025
Sydney Beers,31087,Cornell,8.65,9.725,9.675,9.75,Friday,14,3,2025
Tatum McGuinn,31087,West Chester,9.55,9.7,,,Friday,14,3,2025
Abigayle Martin,31089,Arizona,9.85,9.825,9.9,9.8,Friday,14,3,2025
Alysen Fears,31089,Arizona,9.75,9.85,9.85,9.825,Friday,14,3,2025
Angel Stuart,31089,Utah State,,,9.7,9.625,Friday,14,3,2025
Aubrey Krohnfeldt,31089,Arizona,9.75,,9.8,,Friday,14,3,2025
Avery Bibbey,31089,Utah State,9.8,,,,Friday,14,3,2025
Brianna Brooks,31089,Utah State,9.85,9.875,,9.625,Friday,14,3,2025
Dani Kirstine,31089,Utah State,9.8,,,,Friday,14,3,2025
Elena Deets,31089,Arizona,9.825,9.875,,,Friday,14,3,2025
Elizabeth Larusso,31089,Arizona,,,9.9,9.725,Friday,14,3,2025
Emily Mueller,31089,Arizona,8.95,9.7,9.9,9.825,Friday,14,3,2025
Emma Strom,31089,Arizona,,,9.875,9.825,Friday,14,3,2025
Gianna Lenczner,31089,Arizona,,9.725,,,Friday,14,3,2025
Isabella Vater,31089,Utah State,,9.725,9.875,,Friday,14,3,2025
Jenna Eagles,31089,Utah State,,9.775,9.8,9.65,Friday,14,3,2025
Kaylie Medrano,31089,Utah State,,9.85,9.85,9.825,Friday,14,3,2025
Lundyn Vander Toolen,31089,Utah State,9.825,,,9.75,Friday,14,3,2025
Marley Peterson,31089,Utah State,,,8.9,,Friday,14,3,2025
Olivia Orengo,31089,Utah State,9.775,9.825,9.825,,Friday,14,3,2025
Payton Gatzlaff,31089,Utah State,,,,9.75,Friday,14,3,2025
Sophie Derr,31089,Arizona,9.8,,,9.75,Friday,14,3,2025
Sydney Jelen,31089,Utah State,9.725,9.85,,,Friday,14,3,2025
Tirzah Wise,31089,Arizona,,9.1,,,Friday,14,3,2025
Aliyah Kelly,31091,Northern Illinois,9.825,9.625,9.75,9.65,Friday,14,3,2025
Ariana Light,31091,Central Michigan,,9.525,,,Friday,14,3,2025
Audrey Brenner,31091,Northern Illinois,,,9.725,9.725,Friday,14,3,2025
Ava Wellmeier,31091,Central Michigan,,,9.825,9.825,Friday,14,3,2025
Avah Bootz,31091,Central Michigan,,,9.775,9.775,Friday,14,3,2025
Dawsyn Sallee,31091,Northern Illinois,,9.025,9.75,9.8,Friday,14,3,2025
Ellery Werner,31091,Northern Illinois,,9.5,,,Friday,14,3,2025
Gabrielle Johnson,31091,Central Michigan,9.825,,,,Friday,14,3,2025
Hannah Appleget,31091,Central Michigan,9.175,9.775,9.8,9.675,Friday,14,3,2025
Isabella Ross,31091,Northern Illinois,9.55,9.675,9.625,9.425,Friday,14,3,2025
Jocelyn Harbeck,31091,Northern Illinois,8.75,,9.725,9.8,Friday,14,3,2025
Kaitlyn Schwab,31091,Central Michigan,9.725,,,,Friday,14,3,2025
Kate Ferguson,31091,Northern Illinois,9.725,,,,Friday,14,3,2025
Kiera O'Shea,31091,Northern Illinois,9.525,9.85,,9.85,Friday,14,3,2025
Lia Kmieciak,31091,Central Michigan,9.8,,,9.85,Friday,14,3,2025
Luciana Alvarado-Reid,31091,Central Michigan,9.95,9.25,9.725,9.725,Friday,14,3,2025
Mikayla Brown,31091,Northern Illinois,,9.8,9.35,,Friday,14,3,2025
Natalia Kraus,31091,Northern Illinois,9.7,,,,Friday,14,3,2025
Quinn Skrupa,31091,Central Michigan,,9.025,9.8,,Friday,14,3,2025
Samantha Shannon,31091,Central Michigan,9.875,9.0,,9.775,Friday,14,3,2025
Zoe Zimmerman,31091,Central Michigan,,,9.8,,Friday,14,3,2025
Zoie Pelfrey,31091,Central Michigan,,9.7,,,Friday,14,3,2025
Abby Brushwood,31093,Eastern Michigan,,,9.825,9.725,Friday,14,3,2025
Alana Fisher,31093,Eastern Michigan,,9.875,9.825,9.725,Friday,14,3,2025
Alauna Simms,31093,Ball State,,,9.775,,Friday,14,3,2025
Analiah Solorio,31093,Eastern Michigan,9.725,9.75,,,Friday,14,3,2025
Ashley Szymanski,31093,Ball State,9.825,9.775,,,Friday,14,3,2025
Ava Molina,31093,Ball State,9.725,9.575,9.75,,Friday,14,3,2025
Brianna Lucas,31093,Eastern Michigan,,,,9.675,Friday,14,3,2025
Carissa Martinez,31093,Ball State,,,9.675,9.75,Friday,14,3,2025
Ella Chemotti,31093,Eastern Michigan,9.55,9.8,9.7,,Friday,14,3,2025
Grace Sumner,31093,Ball State,9.775,9.8,,,Friday,14,3,2025
Gwendelyn Cantu,31093,Eastern Michigan,9.6,,,9.725,Friday,14,3,2025
Hannah Ruthberg,31093,Ball State,9.2,9.775,9.825,9.775,Friday,14,3,2025
Karli Mercer,31093,Ball State,,9.45,,9.725,Friday,14,3,2025
Katin Childress,31093,Eastern Michigan,,9.8,,,Friday,14,3,2025
Keeley Kohler,31093,Eastern Michigan,9.85,,,,Friday,14,3,2025
Kyrie Lowe,31093,Eastern Michigan,9.9,9.775,9.725,8.975,Friday,14,3,2025
Lindsay Fuller,31093,Ball State,,9.8,,,Friday,14,3,2025
Lindsay Girard,31093,Ball State,,,9.7,9.8,Friday,14,3,2025
Mary Rose Bellan,31093,Ball State,9.725,,,,Friday,14,3,2025
Priya Karle,31093,Eastern Michigan,,,9.775,,Friday,14,3,2025
Raisa Boris,31093,Eastern Michigan,9.825,9.825,9.75,9.75,Friday,14,3,2025
Suki Pfister,31093,Ball State,,,,8.975,Friday,14,3,2025
Zoe Middleton,31093,Ball State,9.075,,6.725,9.8,Friday,14,3,2025
Adriana Hoffman,31095,Towson,,,9.85,9.85,Friday,14,3,2025
Alexa Rothenbuescher,31095,Maryland,9.775,9.65,,9.775,Friday,14,3,2025
Ana Kenefick,31095,Towson,,9.725,,,Friday,14,3,2025
Ashley Knight,31095,North Carolina State,,,9.85,9.825,Friday,14,3,2025
Ava Harper,31095,Towson,9.75,,,9.85,Friday,14,3,2025
Ava Myers,31095,North Carolina State,9.8,,,9.85,Friday,14,3,2025
Brissa Portillo,31095,Towson,,9.0,,,Friday,14,3,2025
Brooke Smead,31095,North Carolina State,,9.875,,,Friday,14,3,2025
Carmella Calafati,31095,Towson,,,9.825,,Friday,14,3,2025
Caroline Volk,31095,North Carolina State,9.8,9.75,,,Friday,14,3,2025
Celia Trotter,31095,Towson,,9.825,,,Friday,14,3,2025
Chloe Negrete,31095,North Carolina State,,9.95,9.85,9.9,Friday,14,3,2025
Clara Hong,31095,Towson,9.675,9.75,9.875,,Friday,14,3,2025
Deana Sheremeta,31095,George Washington,9.475,9.875,9.85,,Friday,14,3,2025
Delaney DeHaan,31095,George Washington,9.725,9.75,9.9,9.825,Friday,14,3,2025
Elle Hadrick,31095,North Carolina State,9.85,,9.825,,Friday,14,3,2025
Gianna Ruffing,31095,Maryland,,,9.675,,Friday,14,3,2025
Hailey Merchant,31095,Maryland,9.3,,,,Friday,14,3,2025
Isabella DeCroo,31095,Towson,,,9.8,9.85,Friday,14,3,2025
Isabella Minervini,31095,Towson,9.85,9.75,9.85,9.825,Friday,14,3,2025
Kailee Adomaites,31095,North Carolina State,9.775,,,,Friday,14,3,2025
Kasey Burke,31095,George Washington,,,9.65,9.775,Friday,14,3,2025
Katie Harper,31095,North Carolina State,9.875,9.775,9.75,,Friday,14,3,2025
Kendall Whitman,31095,George Washington,,9.65,9.875,9.85,Friday,14,3,2025
Krista Zultevicz,31095,North Carolina State,,,9.85,9.675,Friday,14,3,2025
Kylie Kazmierski,31095,George Washington,,,9.8,,Friday,14,3,2025
Lauren Brendlinger,31095,Maryland,,9.675,9.7,,Friday,14,3,2025
Lauren Greene,31095,Towson,9.125,,,,Friday,14,3,2025
Lauren Keener,31095,Towson,9.675,9.675,,,Friday,14,3,2025
Layla Hammer,31095,Maryland,,9.725,,,Friday,14,3,2025
Logan Buckmon,31095,Maryland,,,,9.85,Friday,14,3,2025
Lola Montevago,31095,George Washington,9.8,9.8,,9.775,Friday,14,3,2025
Lucy Lehman,31095,North Carolina State,,,,9.775,Friday,14,3,2025
Maddie Komoroski,31095,Maryland,,9.0,9.825,,Friday,14,3,2025
Madeline Reid,31095,North Carolina State,9.8,,,,Friday,14,3,2025
Madi McMullen,31095,George Washington,9.625,9.525,9.8,,Friday,14,3,2025
Maya Peters,31095,George Washington,,8.925,,,Friday,14,3,2025
Meg Adler,31095,North Carolina State,,9.575,9.825,9.85,Friday,14,3,2025
Natalie Martin,31095,Maryland,,9.8,9.625,9.825,Friday,14,3,2025
Peyton Childs,31095,North Carolina State,,9.8,,,Friday,14,3,2025
Polina Belanovski,31095,Towson,9.7,,9.75,9.85,Friday,14,3,2025
Rachel Katz,31095,George Washington,9.7,,,9.25,Friday,14,3,2025
Rayna Engelmayer,31095,Maryland,,,,9.675,Friday,14,3,2025
Reese Toland,31095,Towson,,,,9.775,Friday,14,3,2025
Rhea Leblanc,31095,Maryland,9.825,,9.825,9.725,Friday,14,3,2025
Sarah Saville,31095,Maryland,9.85,,,,Friday,14,3,2025
Sierra Kondo,31095,Maryland,9.85,,,,Friday,14,3,2025
Sophia Tyeryar,31095,George Washington,9.625,,,,Friday,14,3,2025
Taylor Rech,31095,Maryland,,,9.8,9.825,Friday,14,3,2025
Victoria Gatzendorfer,31095,Maryland,9.775,9.75,,,Friday,14,3,2025
Zoe Safran,31095,George Washington,,,,9.7,Friday,14,3,2025
Alisha Werlen,31099,Pennsylvania,,9.8,,9.675,Friday,14,3,2025
Amber Lowe,31099,West Virginia,9.85,9.75,9.775,,Friday,14,3,2025
Anna Leigh,31099,West Virginia,8.8,9.675,9.9,,Friday,14,3,2025
Brooke Alban,31099,West Virginia,9.75,,9.825,9.775,Friday,14,3,2025
Brooke Irwin,31099,West Virginia,9.6,,,,Friday,14,3,2025
Carlee Nelson,31099,West Virginia,,9.8,,9.775,Friday,14,3,2025
Eden Webster,31099,West Virginia,,9.8,,,Friday,14,3,2025
Emerson Smith,31099,West Virginia,,,9.825,9.725,Friday,14,3,2025
Jackie Tunney,31099,Pennsylvania,,,9.675,,Friday,14,3,2025
Jayden McDonnell,31099,West Virginia,9.7,,,,Friday,14,3,2025
Jordan Barrow,31099,Pennsylvania,9.825,9.775,,9.825,Friday,14,3,2025
Julia Brown,31099,West Virginia,,9.8,,,Friday,14,3,2025
Karleigh DiCello,31099,West Virginia,,9.925,,9.875,Friday,14,3,2025
Manama Fofana,31099,Pennsylvania,,9.75,9.85,9.775,Friday,14,3,2025
Marissa Lassiter,31099,Pennsylvania,9.675,,9.8,9.725,Friday,14,3,2025
Mimi Fletcher,31099,Pennsylvania,9.65,9.8,9.725,,Friday,14,3,2025
Olivia Vanhorn,31099,Pennsylvania,,,,9.65,Friday,14,3,2025
Riley Maness,31099,West Virginia,,,9.625,,Friday,14,3,2025
Samantha Wu,31099,Pennsylvania,,9.65,,,Friday,14,3,2025
Skyelar Kerico,31099,Pennsylvania,9.15,9.825,9.875,9.925,Friday,14,3,2025
Sophia Paris,31099,Pennsylvania,9.8,,,,Friday,14,3,2025
Sophia Rice,31099,West Virginia,,,9.85,9.9,Friday,14,3,2025
Taylor Tuohy,31099,West Virginia,,,,9.8,Friday,14,3,2025
Trinity Macy,31099,West Virginia,9.725,,,,Friday,14,3,2025
Zara Gazdak,31099,Pennsylvania,9.75,,9.8,,Friday,14,3,2025
Abbie Thompson,31101,Denver,,9.925,,,Friday,14,3,2025
Alana Walker,31101,Stanford,,,9.8,,Friday,14,3,2025
Amanda Hargraves,31101,Denver,,,,9.775,Friday,14,3,2025
Anapaula Gutierrez,31101,Stanford,9.8,,,9.9,Friday,14,3,2025
Anna Roberts,31101,Stanford,9.875,9.9,9.9,9.775,Friday,14,3,2025
Ashley Carter,31101,Stanford,,9.525,9.875,,Friday,14,3,2025
Ashley Gallen,31101,Denver,,9.825,,,Friday,14,3,2025
Ava Sorrento,31101,Stanford,9.85,,,,Friday,14,3,2025
Bella Mabanta,31101,Denver,,,9.875,9.7,Friday,14,3,2025
Brenna Neault,31101,Stanford,9.85,9.9,,9.825,Friday,14,3,2025
Cecilia Cooley,31101,Denver,9.85,9.825,9.85,,Friday,14,3,2025
Claire Dean,31101,Stanford,,9.9,9.875,,Friday,14,3,2025
Kendra Chang,31101,Stanford,,,,9.775,Friday,14,3,2025
Kiley Rorich,31101,Denver,9.825,,9.825,,Friday,14,3,2025
Maddison Reidenbach,31101,Denver,,,,9.525,Friday,14,3,2025
Madison Ulrich,31101,Denver,9.825,9.8,9.75,9.8,Friday,14,3,2025
Mia Hebinck,31101,Denver,9.8,,,,Friday,14,3,2025
Mila Brusch,31101,Denver,,,9.85,9.75,Friday,14,3,2025
Momoko Iwai,31101,Denver,,9.85,9.8,,Friday,14,3,2025
Rosie Casali,31101,Denver,9.65,,,9.775,Friday,14,3,2025
Rylie Mundell,31101,Denver,9.95,9.775,,,Friday,14,3,2025
Sienna Robinson,31101,Stanford,9.85,9.875,9.775,,Friday,14,3,2025
Taralyn Nguyen,31101,Stanford,,,9.85,9.85,Friday,14,3,2025
Temple Landry,31101,Stanford,,9.875,,,Friday,14,3,2025
Ui Soma,31101,Stanford,9.85,,,9.8,Friday,14,3,2025
Alyssa Arana,31103,Florida,9.95,9.85,,,Friday,14,3,2025
Annie Reigert,31103,Kentucky,9.8,,,,Friday,14,3,2025
Anya Pilgrim,31103,Florida,9.9,9.925,,9.875,Friday,14,3,2025
Cecily Rizo,31103,Kentucky,9.825,,,9.85,Friday,14,3,2025
Chesney Bennett,31103,Kentucky,,9.675,,,Friday,14,3,2025
Creslyn Brose,31103,Kentucky,,9.95,9.925,,Friday,14,3,2025
Danie Ferris,31103,Florida,,,9.9,10.0,Friday,14,3,2025
Delaynee Rodriguez,31103,Kentucky,9.85,9.9,9.9,,Friday,14,3,2025
Gabby Disidore,31103,Florida,,,9.9,9.875,Friday,14,3,2025
Hailey Davis,31103,Kentucky,9.925,,9.925,,Friday,14,3,2025
Isabella Magnelli,31103,Kentucky,,9.9,9.8,9.85,Friday,14,3,2025
Jillian Procasky,31103,Kentucky,9.875,,9.775,9.85,Friday,14,3,2025
Leanne Wong,31103,Florida,9.875,9.95,10.0,9.9,Friday,14,3,2025
Makenzie Wilson,31103,Kentucky,,,,9.9,Friday,14,3,2025
Riley McCusker,31103,Florida,9.2,,,,Friday,14,3,2025
Ryan Noonan,31103,Kentucky,,,,9.75,Friday,14,3,2025
Selena Harris-Miranda,31103,Florida,9.95,10.0,9.95,9.975,Friday,14,3,2025
Sharon Lee,31103,Kentucky,,9.9,,,Friday,14,3,2025
Skye Blakely,31103,Florida,9.875,,,,Friday,14,3,2025
Skylar Draser,31103,Florida,,9.9,,,Friday,14,3,2025
Skylar Killough-Wilhelm,31103,Kentucky,9.825,9.925,9.925,9.925,Friday,14,3,2025
Taylor Clark,31103,Florida,,,9.95,,Friday,14,3,2025
Victoria Nguyen,31103,Florida,,9.875,9.925,9.95,Friday,14,3,2025
Abby Mueller,31105,Missouri,,9.7,,,Friday,14,3,2025
Addison Lawrence,31105,Missouri,,9.95,,,Friday,14,3,2025
Amari Celestine,31105,Missouri,9.8,,9.925,9.875,Friday,14,3,2025
Amy Wier,31105,Missouri,,9.85,,,Friday,14,3,2025
Cally Swaney,31105,Arkansas,9.8,9.8,,,Friday,14,3,2025
Cami Weaver,31105,Arkansas,,,,9.75,Friday,14,3,2025
Dakota Essenpries,31105,Arkansas,,,,9.85,Friday,14,3,2025
Elise Tisler,31105,Missouri,,,9.875,9.8,Friday,14,3,2025
Frankie Price,31105,Arkansas,,,9.925,9.8,Friday,14,3,2025
Hailey Klein,31105,Arkansas,,9.825,9.75,9.875,Friday,14,3,2025
Hannah Horton,31105,Missouri,9.8,,9.85,9.95,Friday,14,3,2025
Helen Hu,31105,Missouri,,10.0,,,Friday,14,3,2025
Ja'Leigh Lang,31105,Arkansas,,,,9.825,Friday,14,3,2025
Jocelyn Moore,31105,Missouri,9.875,,9.875,9.85,Friday,14,3,2025
Joscelyn Roberson,31105,Arkansas,9.825,9.925,9.925,9.85,Friday,14,3,2025
Kaitlyn Ewald,31105,Arkansas,9.85,,,,Friday,14,3,2025
Kalyxta Gamiao,31105,Arkansas,,9.9,9.9,,Friday,14,3,2025
Kennedy Griffin,31105,Missouri,,,9.875,9.875,Friday,14,3,2025
Kyra Burns,31105,Missouri,9.9,,,,Friday,14,3,2025
Maddie Jones,31105,Arkansas,9.875,,9.825,,Friday,14,3,2025
Mara Titarsolej,31105,Missouri,9.975,,,,Friday,14,3,2025
Mati Waligora,31105,Arkansas,9.875,9.875,9.85,,Friday,14,3,2025
Olivia Kelly,31105,Missouri,9.9,9.9,,9.825,Friday,14,3,2025
Priscilla Park,31105,Arkansas,9.125,9.85,,,Friday,14,3,2025
Railey Jackson,31105,Missouri,,9.875,,,Friday,14,3,2025
Rayna Light,31105,Missouri,,,9.825,,Friday,14,3,2025
Aleah Finnegan,31107,LSU,9.95,9.875,9.975,9.9,Friday,14,3,2025
Alex Irvine,31107,Auburn,9.875,,,,Friday,14,3,2025
Amari Drayton,31107,LSU,,,9.925,9.8,Friday,14,3,2025
Ashley Cowan,31107,LSU,9.9,,,,Friday,14,3,2025
Caroline Leonard,31107,Auburn,9.875,,,,Friday,14,3,2025
Emma Grace Boyd,31107,Auburn,9.85,,,,Friday,14,3,2025
Gabby McLaughlin,31107,Auburn,,9.825,9.925,,Friday,14,3,2025
Haleigh Bryant,31107,LSU,9.975,9.95,9.95,9.9,Friday,14,3,2025
Julianne Huff,31107,Auburn,,,,9.8,Friday,14,3,2025
KJ Johnson,31107,LSU,,,,9.875,Friday,14,3,2025
Kailin Chio,31107,LSU,9.9,9.825,9.925,10.0,Friday,14,3,2025
Konnor McClain,31107,LSU,9.875,9.9,,,Friday,14,3,2025
Kylie Coen,31107,LSU,,9.825,9.875,,Friday,14,3,2025
Lexi Zeiss,31107,LSU,9.85,,,9.9,Friday,14,3,2025
Marissa Neal,31107,Auburn,9.825,9.575,,,Friday,14,3,2025
Olivia Ahern,31107,Auburn,,9.85,9.875,,Friday,14,3,2025
Olivia Greaves,31107,Auburn,9.975,9.75,9.8,,Friday,14,3,2025
Paige Zancan,31107,Auburn,,9.9,9.925,9.975,Friday,14,3,2025
Sara Hubbard,31107,Auburn,,,,9.9,Friday,14,3,2025
Sarah Zois,31107,Auburn,,,,9.85,Friday,14,3,2025
Sierra Ballard,31107,LSU,,9.825,9.875,,Friday,14,3,2025
Sophia Bell,31107,Auburn,,,9.925,9.825,Friday,14,3,2025
Sophia Groth,31107,Auburn,9.8,9.825,9.925,,Friday,14,3,2025
Sydney Schumaker,31107,Auburn,,,,9.875,Friday,14,3,2025
Alex Routsis,31109,Southern Utah,9.85,,,,Friday,14,3,2025
Alyssa Fernandez,31109,Southern Utah,,,9.825,,Friday,14,3,2025
Alyssa Vulaj,31109,Boise State,,9.8,9.875,9.8,Friday,14,3,2025
Blake Pascal,31109,Boise State,,,9.9,,Friday,14,3,2025
Bridget Kemp,31109,Boise State,,,9.8,9.775,Friday,14,3,2025
Brinlee Christensen,31109,Southern Utah,9.9,9.825,9.9,9.825,Friday,14,3,2025
Carly Buell,31109,Boise State,9.875,,,,Friday,14,3,2025
Elaina McGovern,31109,Boise State,,,9.875,,Friday,14,3,2025
Ellie Cacciola,31109,Southern Utah,,9.325,9.875,9.85,Friday,14,3,2025
Ellie Thomson,31109,Southern Utah,,,,9.775,Friday,14,3,2025
Elliot Bringhurst,31109,Southern Utah,,9.725,,,Friday,14,3,2025
Emily Lopez,31109,Boise State,9.925,9.85,,9.825,Friday,14,3,2025
Emma Loyim,31109,Boise State,,9.725,9.825,,Friday,14,3,2025
Isabella Neff,31109,Southern Utah,8.35,,,,Friday,14,3,2025
Julia Kryzwanski,31109,Boise State,,,,9.775,Friday,14,3,2025
Julia Melchert,31109,Boise State,,,9.925,,Friday,14,3,2025
Kristina Shchennikova,31109,Boise State,9.85,9.875,,,Friday,14,3,2025
Mackenzie Kelly,31109,Southern Utah,,,,9.85,Friday,14,3,2025
Mahleea Werline,31109,Boise State,9.825,,,,Friday,14,3,2025
Maria Ferguson,31109,Southern Utah,9.8,9.8,,,Friday,14,3,2025
Mia Hampton,31109,Southern Utah,9.8,,9.825,9.825,Friday,14,3,2025
Niya Randolph,31109,Southern Utah,9.825,9.8,9.875,9.8,Friday,14,3,2025
Noelle Ball,31109,Boise State,9.825,,,9.725,Friday,14,3,2025
Rylee Miller,31109,Southern Utah,,9.1,,,Friday,14,3,2025
Sydney Kho,31109,Boise State,,9.825,,9.725,Friday,14,3,2025
Sydney Leitch,31109,Boise State,9.875,9.775,,,Friday,14,3,2025
Taylor Gull,31109,Southern Utah,,,9.85,,Friday,14,3,2025
Abbey Scanlon,31111,California,,9.75,,,Friday,14,3,2025
Addison Glazier,31111,BYU,9.8,,,,Friday,14,3,2025
Alilah Alvarado,31111,BYU,9.8,9.175,,,Friday,14,3,2025
Anna Bramblett-Wilde,31111,BYU,8.0,,,,Friday,14,3,2025
Annalise Newman-Achee,31111,California,9.875,,,,Friday,14,3,2025
Brynlee Andersen,31111,BYU,,9.875,9.875,,Friday,14,3,2025
CJ Keuneke,31111,California,,,9.9,,Friday,14,3,2025
Caitlin McWilliams,31111,Washington,9.8,,9.8,9.725,Friday,14,3,2025
Caroline Lichtman,31111,Arizona State,,9.7,,9.75,Friday,14,3,2025
Casey Brown,31111,California,9.9,,,9.825,Friday,14,3,2025
Chelsea Hallinan,31111,Washington,,9.7,,,Friday,14,3,2025
Chloe Seaga,31111,Arizona State,,9.725,,,Friday,14,3,2025
Chloee Hoke,31111,BYU,,9.825,,9.75,Friday,14,3,2025
Deb Silva,31111,BYU,,,,9.925,Friday,14,3,2025
Eliza Millar-Crossman,31111,BYU,,9.775,9.8,,Friday,14,3,2025
Ella Cesario,31111,California,9.9,9.75,9.875,,Friday,14,3,2025
Emily Innes,31111,Washington,,9.85,9.9,9.75,Friday,14,3,2025
Emily White,31111,Arizona State,9.875,9.25,9.875,9.875,Friday,14,3,2025
Halle Braaflat,31111,Arizona State,,,9.825,9.8,Friday,14,3,2025
Halle Gregoire,31111,Arizona State,9.8,,9.875,9.875,Friday,14,3,2025
Heidi Schooley-Meyers,31111,BYU,,,9.875,,Friday,14,3,2025
Jada Mangahas,31111,Arizona State,9.85,,9.875,9.9,Friday,14,3,2025
Kayla Lee,31111,Arizona State,,9.85,,,Friday,14,3,2025
Kimberly Smith,31111,Arizona State,9.85,9.775,9.85,9.85,Friday,14,3,2025
Kira Bolden,31111,Washington,8.375,,,9.8,Friday,14,3,2025
Kristin Lin,31111,Washington,9.775,9.775,9.7,9.8,Friday,14,3,2025
Kyen Mayhew,31111,California,,,9.85,9.9,Friday,14,3,2025
Kylie Eaquinto,31111,BYU,9.875,,9.8,9.8,Friday,14,3,2025
Lex Mouyenga,31111,Washington,,,,9.85,Friday,14,3,2025
Madelyn Williams,31111,California,9.925,9.875,9.875,9.875,Friday,14,3,2025
Mary McDonough,31111,Washington,9.9,9.85,9.85,9.85,Friday,14,3,2025
Melissa Earl,31111,BYU,9.7,,,9.8,Friday,14,3,2025
Mina Margraf-Benson,31111,BYU,,9.775,,,Friday,14,3,2025
Mya Kirkham,31111,BYU,9.775,,,9.825,Friday,14,3,2025
Mya Lauzon,31111,California,9.85,9.95,9.925,9.825,Friday,14,3,2025
Mya Wiley,31111,California,,,,9.875,Friday,14,3,2025
Olivia Matern,31111,BYU,,,9.825,,Friday,14,3,2025
Olivia Oppegard,31111,Washington,8.95,9.825,9.725,,Friday,14,3,2025
Ondine Achampong,31111,California,,9.85,,,Friday,14,3,2025
Sarah Clark,31111,Arizona State,9.925,9.85,9.675,,Friday,14,3,2025
Sophie Dudley,31111,BYU,,9.7,9.85,9.85,Friday,14,3,2025
Taylor Russon,31111,Washington,9.925,9.825,9.675,,Friday,14,3,2025
Tiara Platkin,31111,Arizona State,9.125,,,,Friday,14,3,2025
eMjae Frazier,31111,California,9.9,9.925,9.925,9.925,Friday,14,3,2025
Addison Fatta,31115,Oklahoma,9.875,9.925,9.95,9.9,Friday,14,3,2025
Ady Wahl,31115,Georgia,9.875,,9.925,9.825,Friday,14,3,2025
Anaya Smith,31115,Georgia,,,,9.9,Friday,14,3,2025
Anya Turner,31115,Georgia,,9.8,,,Friday,14,3,2025
Audrey Davis,31115,Oklahoma,9.85,9.9,9.875,,Friday,14,3,2025
Ava Siegfeldt,31115,Oklahoma,,9.925,,,Friday,14,3,2025
Brooke Gleichowski,31115,Georgia,,9.85,,,Friday,14,3,2025
Csenge Bacskay,31115,Georgia,9.9,,9.925,9.8,Friday,14,3,2025
Danielle Sievers,31115,Oklahoma,9.9,,9.875,,Friday,14,3,2025
Elle Mueller,31115,Oklahoma,,,9.9,9.875,Friday,14,3,2025
Eryn Williams,31115,Georgia,,,9.875,,Friday,14,3,2025
Faith Torrez,31115,Oklahoma,9.9,9.975,9.95,9.925,Friday,14,3,2025
Holly Snyder,31115,Georgia,9.875,,,,Friday,14,3,2025
Ja' Free Scott,31115,Georgia,9.95,9.9,,9.875,Friday,14,3,2025
Jordan Bowers,31115,Oklahoma,9.95,9.95,9.95,9.9,Friday,14,3,2025
Kara Eaker,31115,Georgia,,9.925,,,Friday,14,3,2025
Keira Wells,31115,Oklahoma,,,,9.95,Friday,14,3,2025
Lily Pederson,31115,Oklahoma,9.925,9.875,,9.95,Friday,14,3,2025
Lily Smith,31115,Georgia,9.975,9.75,9.95,,Friday,14,3,2025
Naya Howard,31115,Georgia,,9.9,,9.8,Friday,14,3,2025
Nicole King,31115,Georgia,,,9.9,,Friday,14,3,2025
Nyla Aquino,31115,Georgia,,,9.975,9.95,Friday,14,3,2025
Sadie Jane Berry,31115,Georgia,9.75,,,,Friday,14,3,2025
Ally Schaupp,31117,Western Michigan,,,9.675,,Friday,14,3,2025
Bella Miller,31117,North Carolina,,,9.825,,Friday,14,3,2025
Brooke Gelesko,31117,Western Michigan,,,,9.775,Friday,14,3,2025
Cassie St. Clair,31117,Western Michigan,,,9.825,9.9,Friday,14,3,2025
Claire Stippich,31117,North Carolina,9.85,,9.875,,Friday,14,3,2025
DonnaKathryn Roy,31117,Western Michigan,,,9.775,9.75,Friday,14,3,2025
Elly King,31117,North Carolina,,,,9.825,Friday,14,3,2025
Gwen Fink,31117,North Carolina,9.775,9.725,,,Friday,14,3,2025
Halle Faulkner,31117,Western Michigan,,,,9.875,Friday,14,3,2025
Hannah Milton,31117,Western Michigan,,9.65,9.7,9.65,Friday,14,3,2025
Isabelle Schaefer,31117,North Carolina,9.875,,,,Friday,14,3,2025
Jessica Naranjo,31117,North Carolina,,9.925,9.8,,Friday,14,3,2025
JoJo Valahovic,31117,North Carolina,,9.8,9.9,9.85,Friday,14,3,2025
Julia Knower,31117,North Carolina,9.825,9.8,9.825,9.675,Friday,14,3,2025
Julie Korfhage,31117,Western Michigan,9.775,9.625,,,Friday,14,3,2025
Kaya Forbes,31117,North Carolina,,,9.9,9.9,Friday,14,3,2025
Kennedy Cooper,31117,Western Michigan,,,9.075,,Friday,14,3,2025
Lali Dekanoidze,31117,North Carolina,9.925,,,9.8,Friday,14,3,2025
Makenna King,31117,Western Michigan,9.7,,,,Friday,14,3,2025
Molly Freeman,31117,Western Michigan,9.75,,,,Friday,14,3,2025
Neve King,31117,North Carolina,9.8,9.75,,9.775,Friday,14,3,2025
Reese Samuelson,31117,Western Michigan,9.775,9.825,,,Friday,14,3,2025
Regan McBride,31117,North Carolina,,9.6,,,Friday,14,3,2025
Reilan Garvey,31117,Western Michigan,9.775,9.725,9.75,,Friday,14,3,2025
Sarah Moravansky,31117,Western Michigan,9.8,9.775,,9.775,Friday,14,3,2025
Tricia Mills,31117,Western Michigan,,9.075,,,Friday,14,3,2025
Alana Kim,31119,UC Davis,,,,9.75,Friday,14,3,2025
Amelia Moneymaker,31119,UC Davis,9.9,9.85,9.95,9.85,Friday,14,3,2025
Athena Jones,31119,Sacramento State,9.575,9.75,9.825,,Friday,14,3,2025
Avah Reichow,31119,UC Davis,,,9.775,9.75,Friday,14,3,2025
Ayumi Oshiro,31119,UC Davis,9.75,9.85,9.85,,Friday,14,3,2025
Cady Chiu,31119,UC Davis,,8.875,,,Friday,14,3,2025
Chloe Cohen,31119,Sacramento State,9.75,,,,Friday,14,3,2025
Eleanor Wyly,31119,UC Davis,,9.65,9.875,9.725,Friday,14,3,2025
Emma Morgenthaler,31119,Sacramento State,9.275,9.625,9.825,9.8,Friday,14,3,2025
Grace Gilman,31119,Sacramento State,,9.525,9.8,9.75,Friday,14,3,2025
Hannah Sitzman,31119,Sacramento State,9.9,,,,Friday,14,3,2025
Isabella Fitz-Gerald,31119,UC Davis,9.65,,,,Friday,14,3,2025
Jehaan Poonja,31119,UC Davis,9.675,9.625,,,Friday,14,3,2025
Kaitlyn Driessen,31119,Sacramento State,,9.75,,9.75,Friday,14,3,2025
Kara Houghton,31119,Sacramento State,9.75,9.8,9.7,,Friday,14,3,2025
Keanna Abraham,31119,UC Davis,,,9.75,9.825,Friday,14,3,2025
Lexi Frank,31119,Sacramento State,,,,9.7,Friday,14,3,2025
McKenna Knecht,31119,UC Davis,9.725,,,,Friday,14,3,2025
Megan Ray,31119,UC Davis,,9.8,9.85,9.85,Friday,14,3,2025
Milla Gideon,31119,UC Davis,9.65,,,,Friday,14,3,2025
Rylin Zimmerman,31119,Sacramento State,,,,9.825,Friday,14,3,2025
Sarah Lutrel,31119,Sacramento State,9.6,9.8,9.8,9.775,Friday,14,3,2025
Simone Dumas-Guzman,31119,Sacramento State,,,9.8,,Friday,14,3,2025
Allison Kaempfer,31121,Penn State,,,9.7,9.7,Friday,14,3,2025
Alyssa Kramer,31121,Penn State,,,9.85,,Friday,14,3,2025
Ashley Maul,31121,Penn State,,9.875,9.725,,Friday,14,3,2025
Bella Misiura,31121,Penn State,,,9.825,,Friday,14,3,2025
Brie Clark,31121,Clemson,,9.825,9.925,,Friday,14,3,2025
Cassi Barbanente,31121,Penn State,9.8,,,,Friday,14,3,2025
Dani Latronica,31121,Penn State,9.85,9.8,,,Friday,14,3,2025
Elina Vihrova,31121,Penn State,9.8,,,9.725,Friday,14,3,2025
Elizabeth Leary,31121,Penn State,9.8,9.7,9.825,9.775,Friday,14,3,2025
Ellie Monahan,31121,Penn State,,9.8,9.75,9.725,Friday,14,3,2025
Eve Jackson,31121,Clemson,9.85,,9.875,9.825,Friday,14,3,2025
Gabrielle Gallentine,31121,Penn State,9.85,,,,Friday,14,3,2025
Hannah Clark,31121,Clemson,9.825,9.775,,,Friday,14,3,2025
Isabella Salcedo,31121,Penn State,,9.875,,9.75,Friday,14,3,2025
Lauren Rutherford,31121,Clemson,9.65,,,,Friday,14,3,2025
Lilly Lippeatt,31121,Clemson,,9.8,9.825,,Friday,14,3,2025
Maddie Johnston,31121,Penn State,9.8,9.875,,9.875,Friday,14,3,2025
Madison Minner,31121,Clemson,,,9.8,9.75,Friday,14,3,2025
Maggie Holman,31121,Clemson,,,9.85,9.8,Friday,14,3,2025
Molly Arnold,31121,Clemson,,,9.875,9.8,Friday,14,3,2025
Quinn Kuhl,31121,Clemson,9.825,9.825,,9.725,Friday,14,3,2025
Rebecca Wells,31121,Clemson,9.8,,,,Friday,14,3,2025
Sierra Church,31121,Clemson,,9.7,,,Friday,14,3,2025
Takoda Berry,31121,Clemson,9.75,,,,Friday,14,3,2025
Tara Walsh,31121,Clemson,,9.85,,9.8,Friday,14,3,2025
Alyssa Bigler,31128,Air Force,9.825,9.55,9.65,9.75,Saturday,15,3,2025
Anna Bacott,31128,Air Force,,9.725,,,Saturday,15,3,2025
Chelsea Boyer,31128,Air Force,9.75,,,,Saturday,15,3,2025
Francesca Caso,31128,Oregon State,9.75,,,,Saturday,15,3,2025
Gabriella Hartley,31128,Air Force,9.575,8.75,,,Saturday,15,3,2025
Gabriella Meccia,31128,Air Force,,,9.725,9.775,Saturday,15,3,2025
Gianna Martyna,31128,Air Force,,,9.65,,Saturday,15,3,2025
Hailey Santana,31128,Air Force,9.45,,,,Saturday,15,3,2025
Jade Carey,31128,Oregon State,9.975,10.0,10.0,9.95,Saturday,15,3,2025
Jennifer McMillan,31128,Oregon State,9.75,9.875,,,Saturday,15,3,2025
Kaitlin Garcia,31128,Oregon State,,,9.95,9.85,Saturday,15,3,2025
Kylee Greene,31128,Air Force,,9.725,9.8,9.75,Saturday,15,3,2025
Lauren Letzsch,31128,Oregon State,,9.95,,,Saturday,15,3,2025
Maggie Slife,31128,Air Force,9.75,9.875,9.875,9.8,Saturday,15,3,2025
Natalie Briones,31128,Oregon State,9.8,,,9.85,Saturday,15,3,2025
Olivia Buckner,31128,Oregon State,,9.85,9.85,9.825,Saturday,15,3,2025
Olivia Raife,31128,Air Force,,,,9.725,Saturday,15,3,2025
Rosa Juarez Baez,31128,Air Force,,,,9.675,Saturday,15,3,2025
Sage Thompson,31128,Oregon State,9.925,,9.9,9.8,Saturday,15,3,2025
Sarah Willis,31128,Air Force,,,9.7,,Saturday,15,3,2025
Savannah Miller,31128,Oregon State,,,9.775,,Saturday,15,3,2025
Sophia Esposito,31128,Oregon State,,9.85,9.925,9.85,Saturday,15,3,2025
Sydney Gonzales,31128,Oregon State,,9.15,,,Saturday,15,3,2025
Taylor DeVries,31128,Oregon State,9.775,,,,Saturday,15,3,2025
Velandra Brochi,31128,Air Force,9.675,9.7,,,Saturday,15,3,2025
Ailey Kuehn,31130,S.E. Missouri,,9.75,,9.575,Saturday,15,3,2025
Alana Laster,31130,Illinois State,,9.75,9.825,9.85,Saturday,15,3,2025
Ally Lau,31130,Illinois State,,9.6,,,Saturday,15,3,2025
Anna Lee Phillips,31130,S.E. Missouri,,,9.475,,Saturday,15,3,2025
Ava Johnston,31130,S.E. Missouri,9.775,,,,Saturday,15,3,2025
Gracie Jones,31130,S.E. Missouri,9.675,,,,Saturday,15,3,2025
Jada Beswick,31130,Illinois State,9.85,,,,Saturday,15,3,2025
Jaidan Kossuth,31130,S.E. Missouri,,9.725,,9.475,Saturday,15,3,2025
Jaly Jones,31130,Illinois State,9.8,9.725,9.725,,Saturday,15,3,2025
Jaye Mack,31130,Illinois State,,9.75,9.875,9.875,Saturday,15,3,2025
Jordan Napolitano,31130,S.E. Missouri,,,,9.45,Saturday,15,3,2025
Joselene Hernandez,31130,S.E. Missouri,,9.675,,9.575,Saturday,15,3,2025
Kailyn Hamilton,31130,S.E. Missouri,9.7,,9.5,,Saturday,15,3,2025
Kaitlyn Donovan,31130,Illinois State,,,9.75,,Saturday,15,3,2025
Leah Davis,31130,Illinois State,,9.325,,,Saturday,15,3,2025
Leah Parton,31130,S.E. Missouri,,9.675,9.675,,Saturday,15,3,2025
Madison Greene,31130,S.E. Missouri,,,9.725,9.575,Saturday,15,3,2025
Mya Robinson,31130,Illinois State,9.65,,9.8,9.8,Saturday,15,3,2025
Nyah Reader,31130,S.E. Missouri,8.25,9.775,,,Saturday,15,3,2025
Reese Grolla,31130,Illinois State,9.875,9.875,,,Saturday,15,3,2025
Sammie Wolff,31130,Illinois State,,,,9.75,Saturday,15,3,2025
Sara Wabi,31130,Illinois State,9.875,,9.775,9.675,Saturday,15,3,2025
Savannah Ray,31130,Illinois State,9.775,,,9.7,Saturday,15,3,2025
Sydney Crouch,31130,S.E. Missouri,9.4,,8.75,,Saturday,15,3,2025
Taylor Ingle,31130,S.E. Missouri,9.85,9.85,9.775,9.725,Saturday,15,3,2025
Audrey Sanger,31132,Michigan,,,9.75,,Saturday,15,3,2025
Ava Jordan,31132,Michigan,9.775,,,9.75,Saturday,15,3,2025
Carly Bauman,31132,Michigan,9.825,9.85,9.875,,Saturday,15,3,2025
Chloe LaCoursiere,31132,Alabama,9.825,9.775,,,Saturday,15,3,2025
Gabby Gladieux,31132,Alabama,9.825,9.875,9.8,9.825,Saturday,15,3,2025
Gabby Ladanyi,31132,Alabama,,9.925,,,Saturday,15,3,2025
Haylen Zabrowski,31132,Michigan,9.775,,,,Saturday,15,3,2025
Jacey Vore,31132,Michigan,9.85,9.85,,,Saturday,15,3,2025
Jahzara Ranger,31132,Michigan,,9.85,9.85,9.8,Saturday,15,3,2025
Jamison Sears,31132,Alabama,,,9.625,9.85,Saturday,15,3,2025
Jenna Mulligan,31132,Michigan,,9.85,,9.8,Saturday,15,3,2025
Jordyn Paradise,31132,Alabama,,,,9.9,Saturday,15,3,2025
Karis German,31132,Alabama,,,,9.8,Saturday,15,3,2025
Kayli Boozer,31132,Michigan,,9.725,,9.65,Saturday,15,3,2025
Kylee Kvamme,31132,Alabama,,,,9.825,Saturday,15,3,2025
Lilly Hudson,31132,Alabama,9.775,9.975,9.875,9.875,Saturday,15,3,2025
Paityn Walker,31132,Alabama,9.775,,9.75,,Saturday,15,3,2025
Peyton Davis,31132,Michigan,,,9.85,9.775,Saturday,15,3,2025
Rachel Rybicki,31132,Alabama,,9.825,9.85,,Saturday,15,3,2025
Ryan Fuller,31132,Alabama,9.9,9.65,,,Saturday,15,3,2025
Shania Adams,31132,Alabama,9.925,,9.875,,Saturday,15,3,2025
Sophia Diaz,31132,Michigan,9.875,,9.825,9.875,Saturday,15,3,2025
Sophie Parenti,31132,Michigan,9.85,9.825,9.875,,Saturday,15,3,2025
Alaina Reid,31134,Texas Woman's,9.75,9.8,,9.7,Saturday,15,3,2025
Allie Gard,31134,Nebraska,,,9.825,,Saturday,15,3,2025
Amelia Budd,31134,Temple,,,,9.725,Saturday,15,3,2025
Aubree Guinee,31134,Iowa State,,,9.775,,Saturday,15,3,2025
Ayzhia Hall,31134,Nebraska,,9.775,,9.85,Saturday,15,3,2025
Bailey Bourgeois,31134,Texas Woman's,9.7,,9.75,,Saturday,15,3,2025
Bailey Upton,31134,Texas Woman's,,9.125,9.825,9.65,Saturday,15,3,2025
Brooke Donabedian,31134,Temple,,9.8,9.85,,Saturday,15,3,2025
Brooke Ferrari,31134,Texas Woman's,9.825,,,,Saturday,15,3,2025
Caroline Bowns,31134,Texas Woman's,9.625,,,,Saturday,15,3,2025
Ella Schell,31134,Iowa State,,,9.8,,Saturday,15,3,2025
Emma Ricks,31134,Iowa State,9.725,,,,Saturday,15,3,2025
Emma Simpton,31134,Nebraska,9.75,9.925,,,Saturday,15,3,2025
Emma Spence,31134,Nebraska,9.9,9.85,9.75,9.725,Saturday,15,3,2025
Frederique Sgarbossa,31134,Iowa State,9.85,9.775,,9.85,Saturday,15,3,2025
Hannah Weklar,31134,Temple,9.775,,9.75,9.775,Saturday,15,3,2025
Haylee Hardin,31134,Iowa State,,,9.9,9.85,Saturday,15,3,2025
Isabel Sikon,31134,Nebraska,,9.875,,9.8,Saturday,15,3,2025
Josie Bergstrom-Te Slaa,31134,Iowa State,9.725,9.825,9.85,9.8,Saturday,15,3,2025
Kaia Bochow,31134,Iowa State,8.9,,,,Saturday,15,3,2025
Kaitlyn Hoiland,31134,Texas Woman's,9.775,9.9,,9.825,Saturday,15,3,2025
Kami Zarlengo,31134,Texas Woman's,9.8,,9.775,,Saturday,15,3,2025
Katie Kuenemann,31134,Nebraska,,,,9.725,Saturday,15,3,2025
Krystin Johnson,31134,Temple,8.9,,9.825,9.9,Saturday,15,3,2025
Kyleigh Ghanbari,31134,Texas Woman's,,,9.925,,Saturday,15,3,2025
Lauren Hollifield,31134,Nebraska,8.95,,,,Saturday,15,3,2025
Lauren Homecillo,31134,Nebraska,,,9.75,,Saturday,15,3,2025
Lauren O'Brochta,31134,Iowa State,,9.675,,,Saturday,15,3,2025
Lauren Thomas,31134,Iowa State,9.75,9.725,,,Saturday,15,3,2025
Madison Dorunda,31134,Temple,,9.825,9.65,,Saturday,15,3,2025
Mariella Brueck,31134,Temple,8.275,,,,Saturday,15,3,2025
Megan White,31134,Temple,9.65,9.75,,,Saturday,15,3,2025
Nikk Rengifo,31134,Temple,,,,9.1,Saturday,15,3,2025
Noelle Adams,31134,Iowa State,,9.85,9.9,9.8,Saturday,15,3,2025
Olivia Burns,31134,Nebraska,9.7,,,,Saturday,15,3,2025
Paige Wills,31134,Iowa State,9.8,,,9.8,Saturday,15,3,2025
Rachel Wilke,31134,Iowa State,,8.525,9.85,9.775,Saturday,15,3,2025
Reese Baechle,31134,Nebraska,,,9.8,,Saturday,15,3,2025
Reese DeHaan,31134,Temple,9.625,,,,Saturday,15,3,2025
Renee Schugman,31134,Temple,,9.775,9.85,9.825,Saturday,15,3,2025
Robyn Dunn,31134,Temple,,9.775,,,Saturday,15,3,2025
Sarah Stallings,31134,Temple,9.7,,,,Saturday,15,3,2025
Sophia Isbell,31134,Texas Woman's,,9.7,9.825,9.825,Saturday,15,3,2025
Sophia McClelland,31134,Nebraska,9.825,9.8,9.95,9.725,Saturday,15,3,2025
Sophie Hernandez,31134,Texas Woman's,,9.8,9.825,,Saturday,15,3,2025
Steelie King,31134,Texas Woman's,,9.85,,9.825,Saturday,15,3,2025
Summer Ruskey,31134,Temple,,9.7,9.725,9.75,Saturday,15,3,2025
Trinity Caffey,31134,Texas Woman's,,,,9.725,Saturday,15,3,2025
Whitney Jencks,31134,Nebraska,9.9,9.825,9.85,9.825,Saturday,15,3,2025
Amelie Morgan,31138,Utah,9.875,9.875,,,Saturday,15,3,2025
Ana Padurariu,31138,Utah,,9.85,,,Saturday,15,3,2025
Ashley Glynn,31138,Utah,9.85,,9.825,9.8,Saturday,15,3,2025
Avery Neff,31138,Utah,9.925,9.925,9.875,9.95,Saturday,15,3,2025
Brooklyn Moors,31138,UCLA,,9.65,9.95,9.875,Saturday,15,3,2025
Camie Winger,31138,Utah,,9.95,,,Saturday,15,3,2025
Chae Campbell,31138,UCLA,9.775,9.95,9.9,9.9,Saturday,15,3,2025
Ciena Alipio,31138,UCLA,,9.9,,,Saturday,15,3,2025
Ella Zirbes,31138,Utah,9.85,,9.9,9.85,Saturday,15,3,2025
Emily Lee,31138,UCLA,,9.9,,,Saturday,15,3,2025
Emma Malabuyo,31138,UCLA,9.875,9.9,9.85,,Saturday,15,3,2025
Frida Esparza,31138,UCLA,9.95,,,,Saturday,15,3,2025
Grace McCallum,31138,Utah,9.925,10.0,9.9,9.85,Saturday,15,3,2025
Jaylene Gilstrap,31138,Utah,,,9.9,,Saturday,15,3,2025
Jordan Chiles,31138,UCLA,9.925,,9.825,9.775,Saturday,15,3,2025
Macy McGowan,31138,UCLA,9.9,,9.65,9.875,Saturday,15,3,2025
Makenna Smith,31138,Utah,9.95,9.85,9.975,9.925,Saturday,15,3,2025
Mika Webster-Longin,31138,UCLA,9.775,9.8,9.85,9.75,Saturday,15,3,2025
Riley Jenkins,31138,UCLA,,,,9.75,Saturday,15,3,2025
Zoe Johnson,31138,Utah,,,,9.85,Saturday,15,3,2025
Adriana Hoffman,31140,Towson,,,9.75,9.775,Sunday,16,3,2025
Alexa Rothenbuescher,31140,Maryland,9.875,9.75,9.65,9.75,Sunday,16,3,2025
Ana Kenefick,31140,Towson,,9.725,9.75,,Sunday,16,3,2025
Ava Harper,31140,Towson,9.8,,,9.8,Sunday,16,3,2025
Brissa Portillo,31140,Towson,,9.85,,,Sunday,16,3,2025
Callie Gardner,31140,Towson,,,,9.8,Sunday,16,3,2025
Carmella Calafati,31140,Towson,,,9.775,,Sunday,16,3,2025
Celia Trotter,31140,Towson,,9.175,,,Sunday,16,3,2025
Chelsey Dennis,31140,Towson,9.85,,,,Sunday,16,3,2025
Chloe DeJoy,31140,Yale,9.55,,9.675,,Sunday,16,3,2025
Clara Hong,31140,Towson,9.95,9.8,9.825,,Sunday,16,3,2025
Deana Sheremeta,31140,George Washington,9.4,9.9,9.85,,Sunday,16,3,2025
Delaney DeHaan,31140,George Washington,9.825,9.775,9.9,9.875,Sunday,16,3,2025
Ella Tashjian,31140,Yale,,9.15,9.7,9.775,Sunday,16,3,2025
Ellie Kearns,31140,Yale,9.675,9.7,9.775,,Sunday,16,3,2025
Evangeline Chu,31140,Yale,,9.075,,,Sunday,16,3,2025
Gianna Ruffing,31140,Maryland,,,9.775,,Sunday,16,3,2025
Gigi Sabatini,31140,Yale,,9.75,9.725,9.475,Sunday,16,3,2025
Hailey Kriz,31140,Yale,9.725,9.75,,,Sunday,16,3,2025
Hailey Merchant,31140,Maryland,9.925,,,,Sunday,16,3,2025
Hana Strause,31140,Yale,,9.725,9.75,,Sunday,16,3,2025
Isabella DeCroo,31140,Towson,,,9.85,9.75,Sunday,16,3,2025
Isabella Minervini,31140,Towson,9.9,9.725,9.8,9.725,Sunday,16,3,2025
Kasey Burke,31140,George Washington,,,8.825,9.775,Sunday,16,3,2025
Kendall Whitman,31140,George Washington,,9.775,9.625,9.75,Sunday,16,3,2025
Kylie Kazmierski,31140,George Washington,,,9.775,,Sunday,16,3,2025
Lauren Brendlinger,31140,Maryland,,9.8,,,Sunday,16,3,2025
Lauren Burt,31140,Yale,,,,9.75,Sunday,16,3,2025
Lauren Greene,31140,Towson,9.775,,,,Sunday,16,3,2025
Lauren Holt,31140,Yale,9.725,,,,Sunday,16,3,2025
Lauren Keener,31140,Towson,9.8,9.725,,,Sunday,16,3,2025
Lauren Luu,31140,Yale,9.725,,,,Sunday,16,3,2025
Layla Hammer,31140,Maryland,,9.75,,,Sunday,16,3,2025
Lily Aucoin,31140,Yale,9.6,,,9.7,Sunday,16,3,2025
Logan Buckmon,31140,Maryland,,,,9.7,Sunday,16,3,2025
Lola Montevago,31140,George Washington,9.7,9.725,,9.725,Sunday,16,3,2025
Maddie Komoroski,31140,Maryland,,9.9,9.825,,Sunday,16,3,2025
Madi McMullen,31140,George Washington,9.725,9.05,9.7,,Sunday,16,3,2025
Maya Peters,31140,George Washington,,9.8,,,Sunday,16,3,2025
Megan Brueck,31140,Yale,,,9.725,,Sunday,16,3,2025
Meridith Donovan,31140,Yale,,,,9.575,Sunday,16,3,2025
Natalie Martin,31140,Maryland,,9.8,9.525,9.85,Sunday,16,3,2025
Oren Aviad,31140,Yale,,,,9.6,Sunday,16,3,2025
Rachel Katz,31140,George Washington,9.75,,,9.85,Sunday,16,3,2025
Rayna Engelmayer,31140,Maryland,,,,9.725,Sunday,16,3,2025
Reese Toland,31140,Towson,,,,9.725,Sunday,16,3,2025
Rhea Leblanc,31140,Maryland,9.775,,9.85,9.775,Sunday,16,3,2025
Sierra Kondo,31140,Maryland,9.9,,,,Sunday,16,3,2025
Sophia Tyeryar,31140,George Washington,9.45,,,,Sunday,16,3,2025
Tasha Brozowski,31140,Maryland,9.825,,,,Sunday,16,3,2025
Taylor Rech,31140,Maryland,,,9.775,9.8,Sunday,16,3,2025
Victoria Gatzendorfer,31140,Maryland,9.8,9.825,,,Sunday,16,3,2025
Zoe Safran,31140,George Washington,,,,9.7,Sunday,16,3,2025
Aliyah Kelly,31144,Northern Illinois,9.775,9.7,9.75,9.625,Sunday,16,3,2025
Audrey Brenner,31144,Northern Illinois,,,9.7,9.725,Sunday,16,3,2025
Chloe Cho,31144,Illinois,9.8,9.3,9.875,9.825,Sunday,16,3,2025
Dawsyn Sallee,31144,Northern Illinois,,9.0,9.725,9.8,Sunday,16,3,2025
Destiny Denning,31144,Illinois,9.8,,,,Sunday,16,3,2025
Eden King,31144,Illinois,,9.775,9.875,9.75,Sunday,16,3,2025
Ellery Werner,31144,Northern Illinois,,9.625,,,Sunday,16,3,2025
Emmalise Nock,31144,Illinois,9.7,,9.85,,Sunday,16,3,2025
Isabella Ross,31144,Northern Illinois,8.7,9.7,9.725,,Sunday,16,3,2025
Jocelyn Harbeck,31144,Northern Illinois,9.2,,,9.725,Sunday,16,3,2025
Kate Ferguson,31144,Northern Illinois,9.125,,,,Sunday,16,3,2025
Kennedy Brown,31144,Illinois,9.675,,9.85,9.775,Sunday,16,3,2025
Kiera O'Shea,31144,Northern Illinois,9.6,9.775,9.725,9.8,Sunday,16,3,2025
Makayla Green,31144,Illinois,9.8,,,,Sunday,16,3,2025
Mareli Muller,31144,Illinois,,,,9.825,Sunday,16,3,2025
Megan Sapp,31144,Illinois,,9.175,,,Sunday,16,3,2025
Mikayla Brown,31144,Northern Illinois,,9.8,9.85,9.575,Sunday,16,3,2025
Mya Gordon,31144,Illinois,9.65,,,,Sunday,16,3,2025
Natalia Kraus,31144,Northern Illinois,9.725,,,,Sunday,16,3,2025
Olivia Coppola,31144,Illinois,,9.8,9.825,9.8,Sunday,16,3,2025
Ruthuja Nataraj,31144,Illinois,,9.8,,,Sunday,16,3,2025
Tali Joelson,31144,Illinois,,8.375,9.825,9.75,Sunday,16,3,2025
Abby Royer,31146,Southern Conn.,,,9.7,,Sunday,16,3,2025
Abigail Kenney,31146,Bridgeport,9.675,9.85,9.75,9.725,Sunday,16,3,2025
Alexa Melanson,31146,Southern Conn.,,9.475,,,Sunday,16,3,2025
Anabella Mills,31146,Southern Conn.,9.15,,,,Sunday,16,3,2025
Angel Lee,31146,Southern Conn.,,9.65,,,Sunday,16,3,2025
Angelina Stanfa,31146,Southern Conn.,,9.575,,,Sunday,16,3,2025
Ashley Ruedy,31146,William & Mary,,,9.625,,Sunday,16,3,2025
Ava Kelly,31146,Southern Conn.,,,9.65,9.575,Sunday,16,3,2025
Avery Walters,31146,Brown,9.35,9.525,9.875,,Sunday,16,3,2025
Brianna Dorr,31146,Southern Conn.,,,,9.675,Sunday,16,3,2025
Brynn Vetrano,31146,William & Mary,,,9.2,,Sunday,16,3,2025
Caroline Blatchford,31146,William & Mary,9.55,9.5,,9.675,Sunday,16,3,2025
Catherine Bare,31146,William & Mary,9.6,,,,Sunday,16,3,2025
Daisy Fallon,31146,Brown,9.675,,9.6,,Sunday,16,3,2025
Emily Ford,31146,Brown,,9.9,,,Sunday,16,3,2025
Emily Hernandez,31146,Bridgeport,9.775,9.475,,9.75,Sunday,16,3,2025
Erica Beyer,31146,Southern Conn.,,,9.65,,Sunday,16,3,2025
Gabby Mautner,31146,Brown,,,,9.5,Sunday,16,3,2025
Gabriela Dinisoe,31146,Southern Conn.,9.325,9.55,,,Sunday,16,3,2025
Grace Christensen,31146,Southern Conn.,9.45,,,,Sunday,16,3,2025
Gracie Walker,31146,Bridgeport,,,,9.675,Sunday,16,3,2025
Haley Fitzgerald,31146,Southern Conn.,,,9.325,,Sunday,16,3,2025
Hanna Zebdi,31146,Southern Conn.,,9.15,9.475,9.525,Sunday,16,3,2025
Hannah Barry,31146,Bridgeport,,9.5,,,Sunday,16,3,2025
Hannah Burke,31146,William & Mary,,,9.7,9.65,Sunday,16,3,2025
Jessica Lin,31146,Brown,,9.8,,9.6,Sunday,16,3,2025
Julia Bedell,31146,Brown,,,9.825,9.675,Sunday,16,3,2025
Kylie Sitty,31146,Southern Conn.,8.125,,,9.75,Sunday,16,3,2025
Lexi Bracher,31146,Southern Conn.,,,,9.625,Sunday,16,3,2025
Lindsay Van Eyk,31146,Brown,,9.825,,,Sunday,16,3,2025
Lindsey Yang,31146,Brown,,9.875,9.85,9.5,Sunday,16,3,2025
Liza Marcus,31146,Brown,9.675,9.65,9.55,,Sunday,16,3,2025
Lola Sepulveda,31146,Bridgeport,,,9.75,9.725,Sunday,16,3,2025
Madeline Frazier,31146,William & Mary,,9.725,,,Sunday,16,3,2025
Madelyn Viles,31146,Bridgeport,,9.675,9.625,,Sunday,16,3,2025
Margaret Coyle,31146,Bridgeport,,,9.8,,Sunday,16,3,2025
Maria Damiano,31146,Southern Conn.,,9.65,,,Sunday,16,3,2025
Maya Davis,31146,Brown,9.75,,9.85,,Sunday,16,3,2025
Melanie Faulkner,31146,William & Mary,,9.5,,,Sunday,16,3,2025
Melissa Gao,31146,William & Mary,8.875,9.7,,9.575,Sunday,16,3,2025
Michelle Ngo,31146,William & Mary,9.625,9.6,9.725,,Sunday,16,3,2025
Nicole Pujals,31146,Bridgeport,9.625,,,,Sunday,16,3,2025
Nova Staruk,31146,Bridgeport,,,9.65,9.825,Sunday,16,3,2025
Olivia Imbarlina,31146,Bridgeport,9.625,9.725,,,Sunday,16,3,2025
Rae Solis,31146,Bridgeport,9.525,,,9.475,Sunday,16,3,2025
Sally Wood,31146,William & Mary,,,9.575,9.65,Sunday,16,3,2025
Samantha Burd,31146,William & Mary,,,,9.6,Sunday,16,3,2025
Samantha Krenzel,31146,Bridgeport,,8.85,,,Sunday,16,3,2025
Samantha Nokes,31146,Bridgeport,9.65,,,,Sunday,16,3,2025
Sarah Kuper,31146,William & Mary,9.575,9.6,,9.525,Sunday,16,3,2025
Sarah Wozniak,31146,William & Mary,9.65,,,,Sunday,16,3,2025
Shreya Munshi,31146,Southern Conn.,9.275,,,,Sunday,16,3,2025
Sidney Wilson,31146,Southern Conn.,,,9.525,9.7,Sunday,16,3,2025
Skyler Vulchev,31146,Bridgeport,,,9.775,,Sunday,16,3,2025
Sophia Dewar,31146,Brown,9.55,,,9.775,Sunday,16,3,2025
Summer Penzi,31146,William & Mary,,,9.25,,Sunday,16,3,2025
Umi El Mammann,31146,Brown,,,,9.675,Sunday,16,3,2025
Zoe Axell,31146,Southern Conn.,9.225,,,,Sunday,16,3,2025
Abbey Scanlon,31150,California,,9.85,,,Sunday,16,3,2025
Anapaula Gutierrez,31150,Stanford,9.85,,,9.825,Sunday,16,3,2025
Anna Roberts,31150,Stanford,9.9,9.6,9.825,9.9,Sunday,16,3,2025
Annalise Newman-Achee,31150,California,9.75,,,,Sunday,16,3,2025
Ashley Carter,31150,Stanford,,9.8,9.875,,Sunday,16,3,2025
Ava East,31150,San Jose State,,,9.75,,Sunday,16,3,2025
Ava Johnson,31150,San Jose State,,,9.85,,Sunday,16,3,2025
Ava Sorrento,31150,Stanford,9.75,,,,Sunday,16,3,2025
Brenna Neault,31150,Stanford,9.825,9.9,9.85,9.775,Sunday,16,3,2025
CJ Keuneke,31150,California,,,9.875,,Sunday,16,3,2025
Caroline Lichtman,31150,Arizona State,,9.7,,9.8,Sunday,16,3,2025
Casey Brown,31150,California,9.875,,,9.775,Sunday,16,3,2025
Chloe Seaga,31150,Arizona State,,9.2,,,Sunday,16,3,2025
Claire Dean,31150,Stanford,,9.825,9.9,,Sunday,16,3,2025
Devyn Valuch,31150,San Jose State,9.55,9.675,9.7,9.725,Sunday,16,3,2025
Ella Cesario,31150,California,9.9,9.9,9.75,,Sunday,16,3,2025
Emily White,31150,Arizona State,9.775,9.65,9.925,9.75,Sunday,16,3,2025
Halle Braaflat,31150,Arizona State,,,9.725,9.85,Sunday,16,3,2025
Halle Gregoire,31150,Arizona State,9.7,,9.85,9.85,Sunday,16,3,2025
Jada Mangahas,31150,Arizona State,9.8,,9.85,9.85,Sunday,16,3,2025
Jaudai Lopes,31150,San Jose State,9.7,,9.825,9.7,Sunday,16,3,2025
Katherine Weyhmiller,31150,San Jose State,9.225,9.75,,,Sunday,16,3,2025
Kaviana Jurries,31150,San Jose State,9.625,,,9.775,Sunday,16,3,2025
Kayla Lee,31150,Arizona State,9.675,9.85,,,Sunday,16,3,2025
Kendra Chang,31150,Stanford,,,,9.775,Sunday,16,3,2025
Kimberly Smith,31150,Arizona State,9.85,9.8,9.85,9.8,Sunday,16,3,2025
Kyen Mayhew,31150,California,,,9.9,9.85,Sunday,16,3,2025
Lilia Purler,31150,Arizona State,,,9.8,,Sunday,16,3,2025
Madelyn Williams,31150,California,9.95,9.825,9.85,9.85,Sunday,16,3,2025
Madison Gustitus,31150,San Jose State,,9.675,9.7,,Sunday,16,3,2025
Madison Kirsch,31150,San Jose State,,9.85,,9.825,Sunday,16,3,2025
Marissa Ashton,31150,San Jose State,,9.725,,,Sunday,16,3,2025
Mikaela Pitts,31150,San Jose State,,,,9.3,Sunday,16,3,2025
Mya Lauzon,31150,California,9.925,9.975,9.95,9.825,Sunday,16,3,2025
Mya Wiley,31150,California,,,,9.825,Sunday,16,3,2025
Olivia Reardon,31150,San Jose State,6.775,,9.7,9.75,Sunday,16,3,2025
Ondine Achampong,31150,California,,9.775,,,Sunday,16,3,2025
Samantha Macasu,31150,San Jose State,,9.775,,,Sunday,16,3,2025
Sarah Clark,31150,Arizona State,9.85,9.85,,,Sunday,16,3,2025
Sienna Robinson,31150,Stanford,9.9,9.225,9.65,,Sunday,16,3,2025
Sophia Konieczny,31150,San Jose State,9.675,,,,Sunday,16,3,2025
Taralyn Nguyen,31150,Stanford,,,9.875,9.925,Sunday,16,3,2025
Temple Landry,31150,Stanford,,9.875,,,Sunday,16,3,2025
Ui Soma,31150,Stanford,9.95,,,9.8,Sunday,16,3,2025
eMjae Frazier,31150,California,9.85,9.925,9.9,9.875,Sunday,16,3,2025
Amy Doyle,31154,Michigan State,9.825,,,9.85,Sunday,16,3,2025
Cady Duplissis,31154,Michigan State,,9.875,,,Sunday,16,3,2025
Charniya Brown,31154,Bowling Green,,,,9.75,Sunday,16,3,2025
Delanie Harkness,31154,Michigan State,9.85,,9.825,,Sunday,16,3,2025
Elise Brzoska,31154,Bowling Green,,9.4,,,Sunday,16,3,2025
Elle Beaufait,31154,Michigan State,,,9.95,,Sunday,16,3,2025
Emma Misenheimer,31154,Michigan State,,9.8,,,Sunday,16,3,2025
Faye Dubin,31154,Bowling Green,,9.7,,,Sunday,16,3,2025
Gabrielle Stephen,31154,Michigan State,9.9,9.275,9.875,9.9,Sunday,16,3,2025
Giana Kalefe,31154,Michigan State,,9.875,,,Sunday,16,3,2025
Katrina Mendez Abolnik,31154,Bowling Green,,,,9.775,Sunday,16,3,2025
Kayla Shaw,31154,Bowling Green,9.225,,9.8,,Sunday,16,3,2025
Keira Thornton,31154,Bowling Green,9.65,,9.775,,Sunday,16,3,2025
Kennedy Krienbrink,31154,Bowling Green,9.625,,,,Sunday,16,3,2025
Landyn Williams,31154,Bowling Green,,,9.75,,Sunday,16,3,2025
Love Akpan,31154,Bowling Green,9.35,9.475,,9.7,Sunday,16,3,2025
MaKayla Tucker,31154,Michigan State,,,9.9,9.8,Sunday,16,3,2025
Madison Coburn,31154,Bowling Green,,,9.775,9.75,Sunday,16,3,2025
Megan Bingham,31154,Bowling Green,9.075,9.25,9.75,9.75,Sunday,16,3,2025
Megan Dzialo,31154,Bowling Green,9.55,,9.7,9.675,Sunday,16,3,2025
Nadia Parente,31154,Bowling Green,,9.75,,,Sunday,16,3,2025
Nikki Smith,31154,Michigan State,9.925,9.825,9.85,9.9,Sunday,16,3,2025
Olivia Zsarmani,31154,Michigan State,9.65,,,9.8,Sunday,16,3,2025
Sage Kellerman,31154,Michigan State,9.925,,,9.6,Sunday,16,3,2025
Skyla Schulte,31154,Michigan State,,9.85,9.9,,Sunday,16,3,2025
Teegan Milligan,31154,Bowling Green,,9.2,,,Sunday,16,3,2025
Aine Reade,31156,New Hampshire,9.7,9.5,9.875,9.725,Sunday,16,3,2025
Alyssa Beaulieu,31156,New Hampshire,,9.725,,,Sunday,16,3,2025
Anna Pagliaro,31156,Rutgers,,9.825,,9.8,Sunday,16,3,2025
Anne Challman,31156,New Hampshire,,9.875,9.875,,Sunday,16,3,2025
Avery Balser,31156,Rutgers,9.825,,,,Sunday,16,3,2025
Delaney Adrian,31156,Rutgers,9.825,9.825,9.875,9.775,Sunday,16,3,2025
Donna Uhlenberg,31156,Rutgers,9.5,,,,Sunday,16,3,2025
Elia Aird,31156,Rutgers,,,9.825,9.825,Sunday,16,3,2025
Elliot Goldsmith,31156,Rutgers,9.775,,9.775,,Sunday,16,3,2025
Gabrielle Dildy,31156,Rutgers,,9.9,9.875,9.825,Sunday,16,3,2025
Ginger Richards,31156,Rutgers,9.825,,,,Sunday,16,3,2025
Gracy Mowers,31156,New Hampshire,,,9.75,9.8,Sunday,16,3,2025
Gwen Ockerbloom,31156,New Hampshire,,,,9.8,Sunday,16,3,2025
Jackie Manifold,31156,Rutgers,,9.275,,,Sunday,16,3,2025
Julia Before,31156,New Hampshire,9.775,,,,Sunday,16,3,2025
Leah Moreno,31156,New Hampshire,9.825,,,9.8,Sunday,16,3,2025
Lisa Chevaire,31156,Rutgers,,,9.7,9.725,Sunday,16,3,2025
Mady Harvey,31156,New Hampshire,,9.8,,,Sunday,16,3,2025
Matis Rains,31156,Rutgers,,9.85,,,Sunday,16,3,2025
Maya Jones,31156,Rutgers,,,9.825,,Sunday,16,3,2025
McCall McMullen,31156,New Hampshire,,9.725,9.15,9.825,Sunday,16,3,2025
Poulina Minaev,31156,New Hampshire,,,9.725,,Sunday,16,3,2025
Rachael Riley,31156,Rutgers,,9.85,,9.85,Sunday,16,3,2025
Reagan Schenkel,31156,Rutgers,9.8,,,,Sunday,16,3,2025
Serena Mullin,31156,New Hampshire,9.85,9.875,,9.775,Sunday,16,3,2025
Summer Simpkins,31156,New Hampshire,9.725,,9.65,,Sunday,16,3,2025
Zoe Arthur,31156,New Hampshire,9.15,,,,Sunday,16,3,2025
Alyssa Guns,31158,Kent State,,9.7,9.85,,Sunday,16,3,2025
Amber Lowe,31158,West Virginia,9.8,9.725,9.825,,Sunday,16,3,2025
Anna Leigh,31158,West Virginia,9.675,9.75,9.875,,Sunday,16,3,2025
Ashley Morgan,31158,Kent State,,9.85,9.8,9.65,Sunday,16,3,2025
Avery Compson,31158,Kent State,,,,9.75,Sunday,16,3,2025
Brooke Alban,31158,West Virginia,9.125,,9.775,9.65,Sunday,16,3,2025
Brooke Irwin,31158,West Virginia,9.75,,,,Sunday,16,3,2025
Brynne Tsipis,31158,Kent State,9.775,,,,Sunday,16,3,2025
Cameron Smith,31158,Ohio State,,9.85,,9.9,Sunday,16,3,2025
Carlee Nelson,31158,West Virginia,,9.525,,9.775,Sunday,16,3,2025
Charlie Behner,31158,Kent State,9.9,,9.875,9.825,Sunday,16,3,2025
Darbi Simcox,31158,Pittsburgh,,9.7,,,Sunday,16,3,2025
Eden Webster,31158,West Virginia,,9.55,,,Sunday,16,3,2025
Elizabeth Cesarone,31158,Pittsburgh,,9.825,9.8,9.825,Sunday,16,3,2025
Emerson Smith,31158,West Virginia,,,9.9,9.825,Sunday,16,3,2025
Emily Todd,31158,Pittsburgh,9.825,9.775,,,Sunday,16,3,2025
Gabby Riley,31158,Kent State,,9.775,9.625,9.75,Sunday,16,3,2025
Grace Walker,31158,Ohio State,9.825,9.75,,,Sunday,16,3,2025
Heidi Schultz,31158,Kent State,9.85,9.825,8.95,,Sunday,16,3,2025
Isabella Marques,31158,Kent State,9.775,,,,Sunday,16,3,2025
Jah'Liyah Bedminster,31158,Pittsburgh,9.85,,9.75,9.9,Sunday,16,3,2025
Jaime Pratt,31158,Pittsburgh,9.875,,8.7,9.85,Sunday,16,3,2025
Jayden McDonnell,31158,West Virginia,9.675,,,,Sunday,16,3,2025
Jojo Warga,31158,Ohio State,,9.7,,,Sunday,16,3,2025
Jordyn Ewing,31158,Pittsburgh,9.8,,9.675,,Sunday,16,3,2025
Julia Brown,31158,West Virginia,,9.8,,,Sunday,16,3,2025
Julie Madso,31158,Pittsburgh,9.825,9.775,,,Sunday,16,3,2025
Kaitlyn Grimes,31158,Ohio State,,,9.875,9.875,Sunday,16,3,2025
Karleigh DiCello,31158,West Virginia,,9.9,,9.9,Sunday,16,3,2025
Karleigh Reutzel,31158,Ohio State,7.95,,,9.875,Sunday,16,3,2025
Kate Parks,31158,Ohio State,9.75,,,,Sunday,16,3,2025
Kaylee Larson,31158,Pittsburgh,,,9.675,,Sunday,16,3,2025
Kennedy Duke,31158,Pittsburgh,9.55,9.025,,9.85,Sunday,16,3,2025
Maisyn Rader,31158,Ohio State,9.875,9.85,9.725,,Sunday,16,3,2025
Mallory Gregory,31158,Ohio State,,,9.825,,Sunday,16,3,2025
Meika Lee,31158,Pittsburgh,,9.75,9.85,9.675,Sunday,16,3,2025
Mya Migliore,31158,Kent State,,9.7,,9.825,Sunday,16,3,2025
Nastia Rudnitskaya,31158,Kent State,9.8,,9.7,9.7,Sunday,16,3,2025
Olivia Giunta,31158,Pittsburgh,,,,9.75,Sunday,16,3,2025
Riley Maness,31158,West Virginia,,,9.775,,Sunday,16,3,2025
Rylee Guevara,31158,Ohio State,,9.8,9.85,9.825,Sunday,16,3,2025
Sidney Washington,31158,Ohio State,9.775,,9.925,9.75,Sunday,16,3,2025
Sophia Balko,31158,Kent State,9.05,,,,Sunday,16,3,2025
Sophia Rice,31158,West Virginia,,,9.7,9.975,Sunday,16,3,2025
Taylor Tuohy,31158,West Virginia,,,,9.75,Sunday,16,3,2025
Tory Vetter,31158,Ohio State,9.875,9.9,9.85,9.825,Sunday,16,3,2025
Trinity Macy,31158,West Virginia,9.85,,,,Sunday,16,3,2025
Zoe Rankin,31158,Kent State,,9.6,,,Sunday,16,3,2025
Ailey Kuehn,31161,S.E. Missouri,,9.75,,9.7,Friday,21,3,2025
Alaina Reid,31161,Texas Woman's,8.4,9.55,,9.75,Friday,21,3,2025
Alana Laster,31161,Illinois State,,9.7,9.85,9.875,Friday,21,3,2025
Anna Ichiba,31161,Centenary College,,9.625,,,Friday,21,3,2025
Anna Lee Phillips,31161,S.E. Missouri,,,9.7,,Friday,21,3,2025
Ava Johnston,31161,S.E. Missouri,9.775,,,,Friday,21,3,2025
Bailey Bourgeois,31161,Texas Woman's,9.825,,,,Friday,21,3,2025
Bailey Upton,31161,Texas Woman's,,9.7,9.725,9.8,Friday,21,3,2025
Brooke Ferrari,31161,Texas Woman's,9.85,,,,Friday,21,3,2025
Brooke Murdock,31161,Centenary College,,9.05,9.5,,Friday,21,3,2025
Cecelia Paredes,31161,Centenary College,,,8.65,,Friday,21,3,2025
Chloe Gilbert,31161,Centenary College,,9.1,,9.45,Friday,21,3,2025
Claire Flores,31161,Centenary College,9.625,,9.5,9.575,Friday,21,3,2025
Emma Lavelle,31161,Centenary College,9.625,9.7,8.175,,Friday,21,3,2025
Erin Pinder,31161,Centenary College,9.55,,,,Friday,21,3,2025
Gracie Jones,31161,S.E. Missouri,8.85,,,,Friday,21,3,2025
Hayden Cagle,31161,Centenary College,,,,9.45,Friday,21,3,2025
Jada Beswick,31161,Illinois State,9.8,,,,Friday,21,3,2025
Jaidan Kossuth,31161,S.E. Missouri,,9.7,,9.625,Friday,21,3,2025
Jaly Jones,31161,Illinois State,9.8,9.5,9.8,,Friday,21,3,2025
Jaye Mack,31161,Illinois State,,9.8,9.9,9.85,Friday,21,3,2025
Jordan Napolitano,31161,S.E. Missouri,,9.8,,9.6,Friday,21,3,2025
Joselene Hernandez,31161,S.E. Missouri,9.6,,,9.7,Friday,21,3,2025
Kailyn Hamilton,31161,S.E. Missouri,9.675,,9.6,,Friday,21,3,2025
Kaitlyn Donovan,31161,Illinois State,,,9.75,,Friday,21,3,2025
Kaitlyn Hoiland,31161,Texas Woman's,9.275,9.725,,9.85,Friday,21,3,2025
Kami Zarlengo,31161,Texas Woman's,9.8,,9.625,,Friday,21,3,2025
Kyleigh Ghanbari,31161,Texas Woman's,,,9.85,,Friday,21,3,2025
Lainey Hunt,31161,Texas Woman's,9.45,,,,Friday,21,3,2025
Leah Davis,31161,Illinois State,,9.75,,,Friday,21,3,2025
Leah Parton,31161,S.E. Missouri,,9.85,9.725,,Friday,21,3,2025
Madison Greene,31161,S.E. Missouri,,,9.825,9.675,Friday,21,3,2025
Mya Robinson,31161,Illinois State,9.7,9.7,9.75,9.75,Friday,21,3,2025
Mylia Vidtor,31161,Centenary College,,8.95,,,Friday,21,3,2025
Nyah Reader,31161,S.E. Missouri,,9.8,,,Friday,21,3,2025
Olivia Montgomery,31161,Centenary College,,,,9.55,Friday,21,3,2025
Olivia Stratmann,31161,Centenary College,9.7,,,,Friday,21,3,2025
Olivia Williams,31161,Centenary College,9.35,,9.65,,Friday,21,3,2025
Peyton Burford,31161,Centenary College,,,,9.3,Friday,21,3,2025
Reese Grolla,31161,Illinois State,9.825,9.775,,,Friday,21,3,2025
Sammie Wolff,31161,Illinois State,,,,9.775,Friday,21,3,2025
Sara Wabi,31161,Illinois State,9.875,,9.825,9.825,Friday,21,3,2025
Savannah Ray,31161,Illinois State,9.8,,,9.75,Friday,21,3,2025
Sophia Isbell,31161,Texas Woman's,,9.725,9.8,9.85,Friday,21,3,2025
Sophie Hernandez,31161,Texas Woman's,,9.75,9.85,,Friday,21,3,2025
Sophie Schmitz,31161,Centenary College,9.6,9.4,9.575,9.325,Friday,21,3,2025
Steelie King,31161,Texas Woman's,,9.8,9.6,9.75,Friday,21,3,2025
Sydney Crouch,31161,S.E. Missouri,9.5,,9.725,,Friday,21,3,2025
Taylor Ingle,31161,S.E. Missouri,9.825,9.85,9.825,9.8,Friday,21,3,2025
Trinity Caffey,31161,Texas Woman's,,,,9.8,Friday,21,3,2025
Addison Glazier,31173,BYU,9.775,,,,Saturday,22,3,2025
Alilah Alvarado,31173,BYU,9.65,,,,Saturday,22,3,2025
Amber Lowe,31173,West Virginia,9.35,9.725,9.75,,Saturday,22,3,2025
Anna Bramblett-Wilde,31173,BYU,9.925,,,,Saturday,22,3,2025
Anna Leigh,31173,West Virginia,9.725,9.725,9.85,,Saturday,22,3,2025
Aubree Guinee,31173,Iowa State,,,9.725,,Saturday,22,3,2025
Ava Jorgensen,31173,BYU,9.7,,,,Saturday,22,3,2025
Brooke Alban,31173,West Virginia,9.7,,9.825,9.675,Saturday,22,3,2025
Brooke Irwin,31173,West Virginia,9.625,,,,Saturday,22,3,2025
Brynlee Andersen,31173,BYU,,9.875,9.8,,Saturday,22,3,2025
Carlee Nelson,31173,West Virginia,,9.75,,9.7,Saturday,22,3,2025
Chloee Hoke,31173,BYU,,9.775,,9.725,Saturday,22,3,2025
Deb Silva,31173,BYU,,9.775,,9.85,Saturday,22,3,2025
Eden Webster,31173,West Virginia,,9.8,,,Saturday,22,3,2025
Eliza Millar-Crossman,31173,BYU,,9.85,9.825,,Saturday,22,3,2025
Ella Schell,31173,Iowa State,,,9.825,,Saturday,22,3,2025
Emerson Smith,31173,West Virginia,,,9.75,9.675,Saturday,22,3,2025
Emma Ricks,31173,Iowa State,9.775,,,,Saturday,22,3,2025
Frederique Sgarbossa,31173,Iowa State,9.8,9.875,,9.625,Saturday,22,3,2025
Haylee Hardin,31173,Iowa State,,,9.85,9.75,Saturday,22,3,2025
Heidi Schooley-Meyers,31173,BYU,,,9.825,,Saturday,22,3,2025
Jayden McDonnell,31173,West Virginia,8.975,,,,Saturday,22,3,2025
Josie Bergstrom-Te Slaa,31173,Iowa State,9.65,9.8,9.8,9.75,Saturday,22,3,2025
Julia Brown,31173,West Virginia,,9.85,,,Saturday,22,3,2025
Kaia Bochow,31173,Iowa State,9.8,,,,Saturday,22,3,2025
Karleigh DiCello,31173,West Virginia,,9.85,,9.75,Saturday,22,3,2025
Kylie Eaquinto,31173,BYU,9.85,,9.825,9.8,Saturday,22,3,2025
Lauren O'Brochta,31173,Iowa State,,9.825,,,Saturday,22,3,2025
Lauren Thomas,31173,Iowa State,9.7,9.85,,,Saturday,22,3,2025
Melissa Earl,31173,BYU,,,,9.775,Saturday,22,3,2025
Mina Margraf-Benson,31173,BYU,,9.65,,,Saturday,22,3,2025
Mya Kirkham,31173,BYU,9.8,,,9.75,Saturday,22,3,2025
Noelle Adams,31173,Iowa State,,8.775,9.85,9.75,Saturday,22,3,2025
Olivia Matern,31173,BYU,,,9.85,,Saturday,22,3,2025
Paige Wills,31173,Iowa State,9.75,,,9.825,Saturday,22,3,2025
Rachel Wilke,31173,Iowa State,,9.75,8.9,9.725,Saturday,22,3,2025
Riley Maness,31173,West Virginia,,,9.775,,Saturday,22,3,2025
Sophia Rice,31173,West Virginia,,,9.9,9.8,Saturday,22,3,2025
Sophie Dudley,31173,BYU,,9.875,9.85,9.725,Saturday,22,3,2025
Taylor Tuohy,31173,West Virginia,,,,9.75,Saturday,22,3,2025
Trinity Macy,31173,West Virginia,9.725,,,,Saturday,22,3,2025
Abby Royer,31178,Southern Conn.,,,9.75,,Saturday,22,3,2025
Addy Rothstein,31178,Cornell,8.725,,9.875,9.7,Saturday,22,3,2025
Alexa Melanson,31178,Southern Conn.,,8.9,,,Saturday,22,3,2025
Angel Lee,31178,Southern Conn.,,9.25,,,Saturday,22,3,2025
Angelina Stanfa,31178,Southern Conn.,,9.525,,,Saturday,22,3,2025
Ashley Ruedy,31178,William & Mary,,,9.675,,Saturday,22,3,2025
Ava Kelly,31178,Southern Conn.,,,9.7,9.675,Saturday,22,3,2025
Avery Byun,31178,Cornell,8.45,9.7,,9.5,Saturday,22,3,2025
Brianna Dorr,31178,Southern Conn.,,,,9.725,Saturday,22,3,2025
Bridget Sullivan,31178,West Chester,,,9.7,9.575,Saturday,22,3,2025
Brynn Vetrano,31178,William & Mary,,,9.55,,Saturday,22,3,2025
Cami Whitaker,31178,Cornell,,,9.825,9.675,Saturday,22,3,2025
Caroline Blatchford,31178,William & Mary,9.85,9.7,,9.55,Saturday,22,3,2025
Caroline Cascadden,31178,West Chester,,,9.0,,Saturday,22,3,2025
Catherine Bare,31178,William & Mary,9.775,,,,Saturday,22,3,2025
Catherine Keener,31178,West Chester,,,9.775,,Saturday,22,3,2025
Corinne Gruber,31178,West Chester,,,,9.45,Saturday,22,3,2025
Dahlia Jhaveri,31178,Cornell,9.65,,,9.625,Saturday,22,3,2025
EmmaGrace Kelly,31178,West Chester,,9.85,9.65,,Saturday,22,3,2025
Erica Beyer,31178,Southern Conn.,,,9.775,,Saturday,22,3,2025
Gabriela Dinisoe,31178,Southern Conn.,9.475,9.575,,,Saturday,22,3,2025
Grace Christensen,31178,Southern Conn.,9.425,,,,Saturday,22,3,2025
Hanna Zebdi,31178,Southern Conn.,,9.45,9.75,9.55,Saturday,22,3,2025
Hannah Burke,31178,William & Mary,,,9.475,9.8,Saturday,22,3,2025
Hannah Fitzgerald,31178,Southern Conn.,9.5,,,,Saturday,22,3,2025
Jordan Coleman,31178,West Chester,9.625,,,,Saturday,22,3,2025
Karah Vargo,31178,West Chester,9.4,,,,Saturday,22,3,2025
Kate Michelini,31178,Cornell,,,9.05,,Saturday,22,3,2025
Kylie Sitty,31178,Southern Conn.,9.45,,,9.725,Saturday,22,3,2025
Lexi Bracher,31178,Southern Conn.,,,,9.5,Saturday,22,3,2025
Libby Allen,31178,Southern Conn.,,,9.825,,Saturday,22,3,2025
Lily McFarland,31178,West Chester,,9.6,9.8,9.6,Saturday,22,3,2025
Lydia Stoner,31178,West Chester,,9.725,9.575,,Saturday,22,3,2025
Macarthy Keane,31178,West Chester,,9.85,,9.55,Saturday,22,3,2025
Madeline Frazier,31178,William & Mary,,9.6,,,Saturday,22,3,2025
Maria Damiano,31178,Southern Conn.,,9.05,,,Saturday,22,3,2025
Melanie Faulkner,31178,William & Mary,,9.8,,,Saturday,22,3,2025
Melina Ringas,31178,West Chester,9.7,,,,Saturday,22,3,2025
Melissa Gao,31178,William & Mary,9.675,9.6,,9.775,Saturday,22,3,2025
Michaela DeFranscisco,31178,Cornell,,,9.65,9.55,Saturday,22,3,2025
Michelle Ngo,31178,William & Mary,8.55,9.7,9.725,,Saturday,22,3,2025
Mikayla Burton,31178,Cornell,,9.65,,,Saturday,22,3,2025
Morgen Shambo,31178,Cornell,9.75,9.65,,,Saturday,22,3,2025
Natalia Tehrani,31178,Cornell,9.5,9.75,,,Saturday,22,3,2025
Natalie Marshall,31178,West Chester,,9.75,,,Saturday,22,3,2025
Nora Sherman,31178,Cornell,,,9.75,,Saturday,22,3,2025
Rylee Harada,31178,West Chester,9.525,,,9.625,Saturday,22,3,2025
Sally Wood,31178,William & Mary,,,9.675,9.75,Saturday,22,3,2025
Samantha Burd,31178,William & Mary,,,,9.525,Saturday,22,3,2025
Sarah Eskew,31178,West Chester,8.9,,,,Saturday,22,3,2025
Sarah Kuper,31178,William & Mary,9.525,9.55,,9.625,Saturday,22,3,2025
Sarah Wozniak,31178,William & Mary,8.925,,,,Saturday,22,3,2025
Savanna Kokaly,31178,Cornell,,9.725,,,Saturday,22,3,2025
Shannon Carroll,31178,West Chester,,,,9.2,Saturday,22,3,2025
Shreya Munshi,31178,Southern Conn.,9.475,,,,Saturday,22,3,2025
Sidney Wilson,31178,Southern Conn.,,,9.6,9.525,Saturday,22,3,2025
Summer Penzi,31178,William & Mary,,,9.7,,Saturday,22,3,2025
Sydney Beers,31178,Cornell,9.45,8.975,9.875,9.85,Saturday,22,3,2025
Tatum McGuinn,31178,West Chester,8.675,9.65,,,Saturday,22,3,2025
Zoe Axell,31178,Southern Conn.,8.05,,,,Saturday,22,3,2025
Abby Brushwood,31182,Eastern Michigan,,,9.9,9.8,Saturday,22,3,2025
Alana Anderson,31182,Northern Illinois,,,9.85,,Saturday,22,3,2025
Alana Fisher,31182,Eastern Michigan,,9.675,9.875,9.825,Saturday,22,3,2025
Alauna Simms,31182,Ball State,,,9.775,,Saturday,22,3,2025
Aliyah Kelly,31182,Northern Illinois,9.65,9.675,9.75,9.7,Saturday,22,3,2025
Ally Schaupp,31182,Western Michigan,,,9.85,,Saturday,22,3,2025
Alyssa Guns,31182,Kent State,,9.775,9.9,,Saturday,22,3,2025
Analiah Solorio,31182,Eastern Michigan,9.675,9.6,,,Saturday,22,3,2025
Ariana Light,31182,Central Michigan,,9.725,,,Saturday,22,3,2025
Ashley Morgan,31182,Kent State,,9.6,9.825,9.75,Saturday,22,3,2025
Ashley Szymanski,31182,Ball State,9.875,9.75,,,Saturday,22,3,2025
Audrey Brenner,31182,Northern Illinois,,,,9.65,Saturday,22,3,2025
Ava Molina,31182,Ball State,9.725,9.6,9.85,,Saturday,22,3,2025
Ava Wellmeier,31182,Central Michigan,,,9.85,9.725,Saturday,22,3,2025
Avah Bootz,31182,Central Michigan,,,9.85,9.8,Saturday,22,3,2025
Avery Compson,31182,Kent State,,,,9.8,Saturday,22,3,2025
Brianna Lucas,31182,Eastern Michigan,,,,9.525,Saturday,22,3,2025
Brooke Gelesko,31182,Western Michigan,,,,9.75,Saturday,22,3,2025
Brynne Tsipis,31182,Kent State,9.675,,,,Saturday,22,3,2025
Cai Afalla,31182,Ball State,,,9.625,9.55,Saturday,22,3,2025
Carissa Martinez,31182,Ball State,,,9.85,,Saturday,22,3,2025
Cassie St. Clair,31182,Western Michigan,,,9.875,9.75,Saturday,22,3,2025
Charlie Behner,31182,Kent State,9.75,,9.85,9.775,Saturday,22,3,2025
Charniya Brown,31182,Bowling Green,,,,9.05,Saturday,22,3,2025
Dawsyn Sallee,31182,Northern Illinois,,9.6,9.8,9.75,Saturday,22,3,2025
DonnaKathryn Roy,31182,Western Michigan,,,9.8,9.675,Saturday,22,3,2025
Elise Brzoska,31182,Bowling Green,,9.025,,,Saturday,22,3,2025
Ella Chemotti,31182,Eastern Michigan,9.625,9.8,9.85,,Saturday,22,3,2025
Ellery Werner,31182,Northern Illinois,,9.825,,,Saturday,22,3,2025
Faye Dubin,31182,Bowling Green,,9.6,,,Saturday,22,3,2025
Gabby Riley,31182,Kent State,,9.775,9.775,9.85,Saturday,22,3,2025
Gabrielle Johnson,31182,Central Michigan,9.8,,,,Saturday,22,3,2025
Gigi Singh,31182,Western Michigan,,9.825,,,Saturday,22,3,2025
Grace Sumner,31182,Ball State,9.675,9.7,,,Saturday,22,3,2025
Gwendelyn Cantu,31182,Eastern Michigan,9.625,,,9.775,Saturday,22,3,2025
Halle Faulkner,31182,Western Michigan,,,,9.8,Saturday,22,3,2025
Hannah Appleget,31182,Central Michigan,9.775,9.8,9.9,9.775,Saturday,22,3,2025
Hannah Milton,31182,Western Michigan,,8.95,9.85,9.75,Saturday,22,3,2025
Hannah Ruthberg,31182,Ball State,9.725,9.025,9.85,9.75,Saturday,22,3,2025
Heidi Schultz,31182,Kent State,9.775,9.875,,,Saturday,22,3,2025
Isabella Marques,31182,Kent State,9.55,,,,Saturday,22,3,2025
Isabella Ross,31182,Northern Illinois,9.375,9.625,9.85,,Saturday,22,3,2025
Jersey Bingman,31182,Kent State,,,9.7,,Saturday,22,3,2025
Jocelyn Harbeck,31182,Northern Illinois,8.3,,,9.625,Saturday,22,3,2025
Jordanna Phillis,31182,Ball State,9.775,,,9.775,Saturday,22,3,2025
Julie Korfhage,31182,Western Michigan,9.0,9.825,,,Saturday,22,3,2025
Kaitlyn Schwab,31182,Central Michigan,9.7,,,,Saturday,22,3,2025
Karli Mercer,31182,Ball State,,9.5,,9.7,Saturday,22,3,2025
Kate Ferguson,31182,Northern Illinois,8.525,,,,Saturday,22,3,2025
Katin Childress,31182,Eastern Michigan,,9.8,,,Saturday,22,3,2025
Katrina Mendez Abolnik,31182,Bowling Green,,,,9.825,Saturday,22,3,2025
Kayla Shaw,31182,Bowling Green,9.7,,9.775,,Saturday,22,3,2025
Keeley Kohler,31182,Eastern Michigan,9.8,,,,Saturday,22,3,2025
Keira Thornton,31182,Bowling Green,9.725,,9.85,,Saturday,22,3,2025
Kennedy Cooper,31182,Western Michigan,,,9.75,,Saturday,22,3,2025
Kennedy Krienbrink,31182,Bowling Green,7.2,,,,Saturday,22,3,2025
Kiera O'Shea,31182,Northern Illinois,9.45,9.725,9.85,9.775,Saturday,22,3,2025
Kyrie Lowe,31182,Eastern Michigan,9.8,9.7,9.7,9.75,Saturday,22,3,2025
Landyn Williams,31182,Bowling Green,,,9.675,,Saturday,22,3,2025
Lia Kmieciak,31182,Central Michigan,9.825,,,9.85,Saturday,22,3,2025
Lindsay Fuller,31182,Ball State,,9.7,,,Saturday,22,3,2025
Lindsay Girard,31182,Ball State,,,9.85,9.75,Saturday,22,3,2025
Love Akpan,31182,Bowling Green,8.975,9.6,,9.675,Saturday,22,3,2025
Luciana Alvarado-Reid,31182,Central Michigan,9.8,9.275,9.925,9.7,Saturday,22,3,2025
Madison Coburn,31182,Bowling Green,,,9.775,9.75,Saturday,22,3,2025
Makenna King,31182,Western Michigan,9.775,,,,Saturday,22,3,2025
Mary Rose Bellan,31182,Ball State,9.3,,,,Saturday,22,3,2025
Megan Bingham,31182,Bowling Green,9.75,9.125,,8.7,Saturday,22,3,2025
Megan Dzialo,31182,Bowling Green,9.65,,9.825,9.725,Saturday,22,3,2025
Mikayla Brown,31182,Northern Illinois,,9.625,9.825,9.7,Saturday,22,3,2025
Molly Freeman,31182,Western Michigan,9.675,,,,Saturday,22,3,2025
Mya Migliore,31182,Kent State,9.7,9.65,,9.725,Saturday,22,3,2025
Nadia Parente,31182,Bowling Green,,8.875,9.725,,Saturday,22,3,2025
Nastia Rudnitskaya,31182,Kent State,9.3,,9.85,9.8,Saturday,22,3,2025
Natalia Kraus,31182,Northern Illinois,9.7,,,,Saturday,22,3,2025
Priya Karle,31182,Eastern Michigan,,,9.8,,Saturday,22,3,2025
Quinn Skrupa,31182,Central Michigan,,9.7,9.85,,Saturday,22,3,2025
Raisa Boris,31182,Eastern Michigan,9.825,9.6,9.875,9.775,Saturday,22,3,2025
Reese Samuelson,31182,Western Michigan,9.725,9.775,,,Saturday,22,3,2025
Reilan Garvey,31182,Western Michigan,9.65,9.75,9.8,,Saturday,22,3,2025
Samantha Shannon,31182,Central Michigan,9.8,9.125,,9.8,Saturday,22,3,2025
Sarah Moravansky,31182,Western Michigan,9.75,9.625,,9.7,Saturday,22,3,2025
Suki Pfister,31182,Ball State,,,,9.9,Saturday,22,3,2025
Teegan Milligan,31182,Bowling Green,,9.575,,,Saturday,22,3,2025
Zoe Rankin,31182,Kent State,,8.9,,,Saturday,22,3,2025
Zoe Zimmerman,31182,Central Michigan,,,9.9,,Saturday,22,3,2025
Zoie Pelfrey,31182,Central Michigan,,9.85,,,Saturday,22,3,2025
Alana Kim,31188,UC Davis,,,,9.775,Saturday,22,3,2025
Alyssa Fernandez,31188,Southern Utah,,,9.775,,Saturday,22,3,2025
Amelia Moneymaker,31188,UC Davis,9.9,9.9,9.9,9.8,Saturday,22,3,2025
Ariana DeSouza,31188,Alaska,,,9.8,,Saturday,22,3,2025
Athena Jones,31188,Sacramento State,9.7,9.1,9.775,,Saturday,22,3,2025
Ava Scafani,31188,UC Davis,9.525,,,,Saturday,22,3,2025
Avah Reichow,31188,UC Davis,,,9.85,8.675,Saturday,22,3,2025
Avery Tillmanns,31188,Alaska,8.775,,,,Saturday,22,3,2025
Ayumi Oshiro,31188,UC Davis,9.8,9.75,9.725,,Saturday,22,3,2025
Breeann Spain,31188,Alaska,,9.225,9.45,,Saturday,22,3,2025
Brinlee Christensen,31188,Southern Utah,9.875,9.75,9.925,9.725,Saturday,22,3,2025
Chloe Cohen,31188,Sacramento State,9.8,,,,Saturday,22,3,2025
Claudia Lessig,31188,Alaska,9.6,9.625,,,Saturday,22,3,2025
Eleanor Wyly,31188,UC Davis,,9.8,9.825,9.725,Saturday,22,3,2025
Ellie Cacciola,31188,Southern Utah,,9.4,9.825,9.85,Saturday,22,3,2025
Ellie Thomson,31188,Southern Utah,,,,9.65,Saturday,22,3,2025
Elliot Bringhurst,31188,Southern Utah,,9.8,,,Saturday,22,3,2025
Emma Morgenthaler,31188,Sacramento State,9.75,9.8,9.775,9.525,Saturday,22,3,2025
Grace Costello,31188,Alaska,,9.75,9.7,9.65,Saturday,22,3,2025
Grace Gilman,31188,Sacramento State,,9.225,9.75,9.675,Saturday,22,3,2025
Hannah Boyd,31188,Alaska,8.775,9.625,9.7,9.75,Saturday,22,3,2025
Hannah Sitzman,31188,Sacramento State,9.2,,,,Saturday,22,3,2025
Isabella Fitz-Gerald,31188,UC Davis,9.8,,,,Saturday,22,3,2025
Isabella Neff,31188,Southern Utah,9.875,,,,Saturday,22,3,2025
Jada Niles,31188,Alaska,9.8,,,,Saturday,22,3,2025
Jamilia Duffus,31188,Alaska,8.2,,,9.6,Saturday,22,3,2025
Jehaan Poonja,31188,UC Davis,,9.825,,,Saturday,22,3,2025
Kaitlyn Driessen,31188,Sacramento State,,9.725,,9.825,Saturday,22,3,2025
Kara Houghton,31188,Sacramento State,9.6,9.175,9.725,,Saturday,22,3,2025
Keanna Abraham,31188,UC Davis,,9.725,9.9,9.8,Saturday,22,3,2025
Kendall McGuire,31188,Southern Utah,9.8,,,,Saturday,22,3,2025
Lexi Frank,31188,Sacramento State,,,,9.7,Saturday,22,3,2025
Mackenzie Kelly,31188,Southern Utah,,,,9.75,Saturday,22,3,2025
Madelyn Gomez,31188,Alaska,9.575,,9.5,,Saturday,22,3,2025
Maria Ferguson,31188,Southern Utah,9.75,9.875,,,Saturday,22,3,2025
Maribelle Albert,31188,Alaska,,,,9.65,Saturday,22,3,2025
McKenna Knecht,31188,UC Davis,9.725,,,,Saturday,22,3,2025
Megan Ray,31188,UC Davis,,9.825,9.825,9.9,Saturday,22,3,2025
Mia Hampton,31188,Southern Utah,9.8,,9.875,9.85,Saturday,22,3,2025
Milla Gideon,31188,UC Davis,9.775,,,,Saturday,22,3,2025
Montana Fairbairn,31188,Alaska,,9.675,9.825,9.75,Saturday,22,3,2025
Niya Randolph,31188,Southern Utah,9.875,9.8,9.925,9.825,Saturday,22,3,2025
Rylee Miller,31188,Southern Utah,,9.85,,,Saturday,22,3,2025
Rylin Zimmerman,31188,Sacramento State,,,,9.775,Saturday,22,3,2025
Sarah Lutrel,31188,Sacramento State,9.7,9.775,9.825,9.775,Saturday,22,3,2025
Simone Dumas-Guzman,31188,Sacramento State,,,9.625,,Saturday,22,3,2025
Taylor Gull,31188,Southern Utah,,,9.625,,Saturday,22,3,2025
Verena Wong,31188,Alaska,,9.65,,9.7,Saturday,22,3,2025
Aaliyah Krause,31194,Rhode Island College,9.525,9.675,9.625,9.55,Saturday,22,3,2025
Abigail Bunch,31194,Rhode Island College,9.225,8.875,,,Saturday,22,3,2025
Aladiana Tosado,31194,Brockport,7.825,,,,Saturday,22,3,2025
Alayna Fern,31194,UW-Whitewater,,,,9.625,Saturday,22,3,2025
Aleah Radojevich,31194,UW-Oshkosh,,,9.5,,Saturday,22,3,2025
Alexis Schulman,31194,Brockport,,9.275,,,Saturday,22,3,2025
Amara Nelson,31194,Greenville,9.225,9.675,9.75,9.725,Saturday,22,3,2025
Amaya McConkay,31194,UW-Oshkosh,8.9,,,9.6,Saturday,22,3,2025
Amelia York,31194,Brockport,,8.95,,,Saturday,22,3,2025
Anna Lee Dobson,31194,Cortland State,,9.0,,9.55,Saturday,22,3,2025
Ariana Goodwin,31194,UW-Whitewater,,,9.775,,Saturday,22,3,2025
Ashlie Leage,31194,Greenville,9.775,,,,Saturday,22,3,2025
Ashlyn Barker,31194,UW-La Crosse,9.6,,,,Saturday,22,3,2025
Ashnaya Gupta,31194,UW-Whitewater,,9.475,,,Saturday,22,3,2025
Autumn Adkins,31194,Cortland State,9.675,,9.65,,Saturday,22,3,2025
Ava Miranov,31194,Cortland State,9.375,,,,Saturday,22,3,2025
Ava Pesch,31194,UW-Whitewater,9.625,,,9.675,Saturday,22,3,2025
Averie Evans,31194,UW-Oshkosh,9.65,,,9.75,Saturday,22,3,2025
Brianna Balian,31194,UW-Whitewater,,,,9.5,Saturday,22,3,2025
Bryce Stoltz,31194,Winona State,,9.8,,,Saturday,22,3,2025
Cali Czarcinski,31194,Brockport,,,9.725,,Saturday,22,3,2025
Carleigh Moore,31194,UW-Whitewater,,,9.825,9.65,Saturday,22,3,2025
Carley Scott,31194,UW-Whitewater,9.55,,,,Saturday,22,3,2025
Carson Ann Whitt,31194,Rhode Island College,,,9.65,,Saturday,22,3,2025
Charlotte Raymond,31194,Brockport,9.55,,,,Saturday,22,3,2025
Chloe Hammond,31194,UW-Whitewater,,9.825,9.7,9.625,Saturday,22,3,2025
Claire Robbins,31194,UW-La Crosse,9.6,9.85,9.775,,Saturday,22,3,2025
Corey Foster,31194,Ithaca College,,,9.75,,Saturday,22,3,2025
Darby Savage,31194,UW-La Crosse,,,,9.475,Saturday,22,3,2025
Delaney Cienkus,31194,UW-Oshkosh,,9.775,9.8,,Saturday,22,3,2025
Effie Ferguson,31194,UW-Stout,,9.225,,,Saturday,22,3,2025
Elaine Copeland,31194,UW-Whitewater,9.5,,9.825,9.575,Saturday,22,3,2025
Ella Montgomery,31194,UW-Eau Claire,,9.725,,,Saturday,22,3,2025
Emily Kobusky,31194,Ithaca College,,9.725,,,Saturday,22,3,2025
Emma Brookins,31194,Brockport,9.5,9.55,9.8,,Saturday,22,3,2025
Emma Langdon,31194,Brockport,,,,9.3,Saturday,22,3,2025
Emma Steele,31194,UW-Oshkosh,,9.65,,,Saturday,22,3,2025
Emma Tucker,31194,Rhode Island College,,9.75,9.85,9.55,Saturday,22,3,2025
Emmy Graff,31194,Utica,9.075,9.45,9.6,9.225,Saturday,22,3,2025
Erin Roe,31194,Ursinus College,9.675,8.8,9.6,9.75,Saturday,22,3,2025
Gabby Kraft,31194,Winona State,,,9.8,,Saturday,22,3,2025
Gianna Mirigliano,31194,Cortland State,,9.675,9.7,9.725,Saturday,22,3,2025
Gillian Cummins,31194,UW-Stout,9.7,9.625,9.775,9.175,Saturday,22,3,2025
Grace Edwards,31194,UW-La Crosse,,,9.825,,Saturday,22,3,2025
Grace Kehr,31194,UW-La Crosse,,,9.875,9.85,Saturday,22,3,2025
Grace Marra,31194,Utica,9.0,9.525,9.825,9.425,Saturday,22,3,2025
Grace Murray,31194,Ithaca College,,,9.85,9.6,Saturday,22,3,2025
Gracie Weaver,31194,Brockport,,,,9.375,Saturday,22,3,2025
Hayden Gough,31194,UW-Whitewater,9.15,,,,Saturday,22,3,2025
Hunter Matulka,31194,UW-La Crosse,,,9.775,,Saturday,22,3,2025
Isabela Krulich,31194,UW-Stout,,,9.775,,Saturday,22,3,2025
Ivy Jimenez,31194,Rhode Island College,,9.675,,9.325,Saturday,22,3,2025
Jamarie Saravia,31194,Brockport,9.45,,9.775,,Saturday,22,3,2025
Jamie Beatty,31194,UW-Stout,9.775,9.675,9.775,9.575,Saturday,22,3,2025
Jay Ratkowski,31194,UW-Oshkosh,,9.6,9.775,,Saturday,22,3,2025
Jessica Taylor,31194,UW-La Crosse,,,9.9,,Saturday,22,3,2025
Jessisca Miley,31194,Winona State,9.55,,,,Saturday,22,3,2025
Julia Klucinec,31194,Brockport,9.375,,,,Saturday,22,3,2025
Jurnee Warkentien,31194,UW-Oshkosh,,9.575,9.775,,Saturday,22,3,2025
Kaelyn Tally,31194,Simpson,,,,9.725,Saturday,22,3,2025
Kathryn McSweeney,31194,Cortland State,9.625,,9.6,,Saturday,22,3,2025
Kelsey Kollhoff,31194,UW-Whitewater,9.75,9.675,9.8,,Saturday,22,3,2025
Kennedy O'Connor,31194,Winona State,,,,9.75,Saturday,22,3,2025
Kiana Wong,31194,Cortland State,9.275,,,,Saturday,22,3,2025
Kiara Hockman,31194,Brockport,,9.75,9.775,9.825,Saturday,22,3,2025
Kyla Dickson,31194,UW-La Crosse,,9.85,9.825,9.6,Saturday,22,3,2025
Lauren Babineaux,31194,Ithaca College,8.7,,,,Saturday,22,3,2025
Lauren Main,31194,UW-La Crosse,9.575,9.775,,,Saturday,22,3,2025
Lienna Kay,31194,Brockport,8.55,9.85,,9.65,Saturday,22,3,2025
Lili Guy,31194,Gustavus Adolphus,,,9.6,9.425,Saturday,22,3,2025
Lilly Millington,31194,UW-La Crosse,,,,9.625,Saturday,22,3,2025
Liz Romano,31194,UW-Oshkosh,,8.85,,,Saturday,22,3,2025
Lucy Warren,31194,UW-La Crosse,,9.625,,,Saturday,22,3,2025
Lydia Hayden,31194,UW-Oshkosh,9.7,9.8,,,Saturday,22,3,2025
Madalyn McCormick,31194,UW-La Crosse,9.625,9.725,,,Saturday,22,3,2025
Madeline Brandt,31194,Rhode Island College,,9.725,9.775,,Saturday,22,3,2025
Marina DelVecchio,31194,Brockport,,,,9.575,Saturday,22,3,2025
Maya Belog,31194,Springfield College,,9.225,,,Saturday,22,3,2025
Maya Pecoraro,31194,Brockport,,9.55,9.7,,Saturday,22,3,2025
Megan Matteucci,31194,Ursinus College,,,9.575,,Saturday,22,3,2025
Meghan Dahlin,31194,UW-Eau Claire,,9.75,,,Saturday,22,3,2025
Mia Lucero,31194,UW-Oshkosh,,,9.775,9.75,Saturday,22,3,2025
Mia Passarella,31194,UW-Oshkosh,,,,9.575,Saturday,22,3,2025
Molly Pompeii,31194,Rhode Island College,,,,9.5,Saturday,22,3,2025
Morgan Engels,31194,UW-La Crosse,9.625,,,,Saturday,22,3,2025
Mya John,31194,Ithaca College,9.625,,,,Saturday,22,3,2025
Natalie Steed,31194,Ithaca College,,,,9.5,Saturday,22,3,2025
Olivia Keyes,31194,Rhode Island College,9.65,9.8,9.875,9.325,Saturday,22,3,2025
Paige Breckwoldt,31194,UW-La Crosse,,,,9.75,Saturday,22,3,2025
Paige Magel,31194,UW-Whitewater,9.55,9.85,,,Saturday,22,3,2025
Payton Greene,31194,Rhode Island College,9.15,,,9.7,Saturday,22,3,2025
Payton Smith,31194,Rhode Island College,9.175,,,,Saturday,22,3,2025
Presley Cuen,31194,Rhode Island College,5.75,,9.725,,Saturday,22,3,2025
Raina Christenson,31194,UW-La Crosse,,9.85,,,Saturday,22,3,2025
Reanna McGibboney,31194,UW-Oshkosh,9.7,,9.525,9.65,Saturday,22,3,2025
Rianna Adams,31194,Cortland State,9.5,,,,Saturday,22,3,2025
Rory Allan,31194,Cortland State,,,,9.625,Saturday,22,3,2025
Samantha Meadows,31194,Cortland State,,9.775,9.55,9.675,Saturday,22,3,2025
Samantha Zeilinger,31194,UW-Oshkosh,9.05,,,9.375,Saturday,22,3,2025
Sarah Best,31194,UW-La Crosse,9.75,,,,Saturday,22,3,2025
Sarah Lutz,31194,UW-Stout,9.525,,,,Saturday,22,3,2025
Sarah Pastore,31194,UW-La Crosse,,,,9.65,Saturday,22,3,2025
Shannon Gibbs,31194,Brockport,,,9.675,9.3,Saturday,22,3,2025
Sophia Spadafora,31194,UW-Whitewater,,9.675,,,Saturday,22,3,2025
Tayah Graham,31194,Cortland State,,,,9.75,Saturday,22,3,2025
Taylar Schaefer,31194,UW-Stout,,,,9.65,Saturday,22,3,2025
Taylor Goldstein,31194,Cortland State,9.425,9.575,,,Saturday,22,3,2025
Tegan Haberstock,31194,UW-Whitewater,,9.85,,,Saturday,22,3,2025
Tessa Sutton,31194,Cortland State,,9.05,9.775,9.575,Saturday,22,3,2025
Victoria Cave,31194,Cortland State,,9.6,9.625,,Saturday,22,3,2025
Zoe Jenks-Recker,31194,UW-Whitewater,,,9.8,,Saturday,22,3,2025
Zoe Krull,31194,UW-Oshkosh,9.625,,,,Saturday,22,3,2025
Alyssa Bigler,31210,Air Force,9.8,,9.725,9.8,Saturday,22,3,2025
Alyssa Vulaj,31210,Boise State,,9.575,9.725,9.8,Saturday,22,3,2025
Angel Stuart,31210,Utah State,,,9.75,,Saturday,22,3,2025
Anna Bacott,31210,Air Force,,9.8,,,Saturday,22,3,2025
Ava East,31210,San Jose State,,,9.775,,Saturday,22,3,2025
Ava Johnson,31210,San Jose State,,,9.85,,Saturday,22,3,2025
Avery Bibbey,31210,Utah State,9.825,,,,Saturday,22,3,2025
Blake Pascal,31210,Boise State,,,9.775,,Saturday,22,3,2025
Brianna Brooks,31210,Utah State,9.9,9.85,,9.75,Saturday,22,3,2025
Bridget Kemp,31210,Boise State,,,9.85,9.775,Saturday,22,3,2025
Carly Buell,31210,Boise State,9.8,,,,Saturday,22,3,2025
Chelsea Boyer,31210,Air Force,9.6,,,,Saturday,22,3,2025
Clara Wallace,31210,Air Force,9.775,,,,Saturday,22,3,2025
Dani Kirstine,31210,Utah State,9.875,,,,Saturday,22,3,2025
Devyn Valuch,31210,San Jose State,9.775,9.75,9.85,9.725,Saturday,22,3,2025
Elaina McGovern,31210,Boise State,,,9.85,,Saturday,22,3,2025
Emily Lopez,31210,Boise State,9.9,9.825,,9.85,Saturday,22,3,2025
Emma Loyim,31210,Boise State,,9.8,9.875,,Saturday,22,3,2025
Gabriella Hartley,31210,Air Force,9.75,9.775,,,Saturday,22,3,2025
Gabriella Meccia,31210,Air Force,,,9.725,9.775,Saturday,22,3,2025
Isabella Vater,31210,Utah State,,9.75,9.85,,Saturday,22,3,2025
Jaudai Lopes,31210,San Jose State,9.8,,9.85,9.775,Saturday,22,3,2025
Jenna Eagles,31210,Utah State,,9.725,9.775,9.75,Saturday,22,3,2025
Julia Kryzwanski,31210,Boise State,,,,9.65,Saturday,22,3,2025
Katherine Weyhmiller,31210,San Jose State,9.75,9.825,,,Saturday,22,3,2025
Kaviana Jurries,31210,San Jose State,9.75,,,9.75,Saturday,22,3,2025
Kaylie Medrano,31210,Utah State,,9.75,9.775,9.8,Saturday,22,3,2025
Kristina Shchennikova,31210,Boise State,9.825,9.725,,,Saturday,22,3,2025
Kylee Greene,31210,Air Force,,9.75,9.525,9.75,Saturday,22,3,2025
Lundyn Vander Toolen,31210,Utah State,9.825,,,9.8,Saturday,22,3,2025
Madison Gustitus,31210,San Jose State,,9.875,8.875,,Saturday,22,3,2025
Madison Kirsch,31210,San Jose State,,9.725,,9.85,Saturday,22,3,2025
Maggie Slife,31210,Air Force,9.8,9.875,9.825,9.75,Saturday,22,3,2025
Mahleea Werline,31210,Boise State,9.85,,,,Saturday,22,3,2025
Marissa Ashton,31210,San Jose State,,9.85,,,Saturday,22,3,2025
Marley Peterson,31210,Utah State,,,9.85,,Saturday,22,3,2025
Mikaela Pitts,31210,San Jose State,,,,9.85,Saturday,22,3,2025
Noelle Ball,31210,Boise State,9.85,,,9.7,Saturday,22,3,2025
Olivia Orengo,31210,Utah State,9.775,9.75,9.8,9.725,Saturday,22,3,2025
Olivia Raife,31210,Air Force,,,,9.7,Saturday,22,3,2025
Olivia Reardon,31210,San Jose State,9.75,,8.95,9.825,Saturday,22,3,2025
Payton Gatzlaff,31210,Utah State,,,,9.8,Saturday,22,3,2025
Rosa Juarez Baez,31210,Air Force,,9.05,,9.375,Saturday,22,3,2025
Samantha Macasu,31210,San Jose State,,9.75,,,Saturday,22,3,2025
Sarah Willis,31210,Air Force,,,9.625,,Saturday,22,3,2025
Sophia Konieczny,31210,San Jose State,9.9,,,,Saturday,22,3,2025
Sydney Jelen,31210,Utah State,9.5,9.85,,,Saturday,22,3,2025
Sydney Kho,31210,Boise State,,9.85,,9.725,Saturday,22,3,2025
Sydney Leitch,31210,Boise State,9.725,8.35,9.75,,Saturday,22,3,2025
Velandra Brochi,31210,Air Force,9.65,9.75,9.75,,Saturday,22,3,2025
Ady Wahl,31212,Georgia,9.7,,9.775,9.725,Saturday,22,3,2025
Alex Irvine,31212,Auburn,9.875,,,,Saturday,22,3,2025
Anaya Smith,31212,Georgia,,,,9.8,Saturday,22,3,2025
Annie Reigert,31212,Kentucky,9.75,,,,Saturday,22,3,2025
Anya Turner,31212,Georgia,,9.85,,,Saturday,22,3,2025
Brooke Gleichowski,31212,Georgia,,9.775,,,Saturday,22,3,2025
Bryn Bartman,31212,Auburn,9.8,,,,Saturday,22,3,2025
Caroline Leonard,31212,Auburn,9.85,,,,Saturday,22,3,2025
Cecily Rizo,31212,Kentucky,9.8,,,9.85,Saturday,22,3,2025
Chesney Bennett,31212,Kentucky,,9.775,,,Saturday,22,3,2025
Chloe LaCoursiere,31212,Alabama,9.725,9.825,,,Saturday,22,3,2025
Corinne Bunagan,31212,Alabama,,,,9.825,Saturday,22,3,2025
Creslyn Brose,31212,Kentucky,,9.75,9.925,,Saturday,22,3,2025
Csenge Bacskay,31212,Georgia,9.875,,9.85,9.8,Saturday,22,3,2025
Delaynee Rodriguez,31212,Kentucky,9.85,9.85,9.8,,Saturday,22,3,2025
Emma Grace Boyd,31212,Auburn,9.85,,,,Saturday,22,3,2025
Eryn Williams,31212,Georgia,,,9.875,,Saturday,22,3,2025
Gabby Gladieux,31212,Alabama,9.85,9.85,9.9,9.9,Saturday,22,3,2025
Gabby Ladanyi,31212,Alabama,,9.9,,,Saturday,22,3,2025
Gabby McLaughlin,31212,Auburn,,9.05,9.875,,Saturday,22,3,2025
Hailey Davis,31212,Kentucky,9.8,,9.9,,Saturday,22,3,2025
Holly Snyder,31212,Georgia,9.375,,,,Saturday,22,3,2025
Isabella Magnelli,31212,Kentucky,,9.9,9.875,9.85,Saturday,22,3,2025
Ja' Free Scott,31212,Georgia,9.875,9.8,,9.8,Saturday,22,3,2025
Jamison Sears,31212,Alabama,,,9.85,,Saturday,22,3,2025
Jillian Procasky,31212,Kentucky,9.25,,9.85,9.8,Saturday,22,3,2025
Jordyn Paradise,31212,Alabama,,,,9.8,Saturday,22,3,2025
Julianne Huff,31212,Auburn,,,,9.75,Saturday,22,3,2025
Kara Eaker,31212,Georgia,,8.5,,,Saturday,22,3,2025
Karis German,31212,Alabama,,,,9.75,Saturday,22,3,2025
Kylee Kvamme,31212,Alabama,,,,9.85,Saturday,22,3,2025
Lilly Hudson,31212,Alabama,9.875,9.8,9.7,9.925,Saturday,22,3,2025
Lily Smith,31212,Georgia,9.925,9.6,9.925,,Saturday,22,3,2025
Makenzie Wilson,31212,Kentucky,,,,9.825,Saturday,22,3,2025
Marissa Neal,31212,Auburn,,9.85,,,Saturday,22,3,2025
Naya Howard,31212,Georgia,,9.8,,,Saturday,22,3,2025
Nicole King,31212,Georgia,,,9.7,9.725,Saturday,22,3,2025
Nyla Aquino,31212,Georgia,,,9.525,9.875,Saturday,22,3,2025
Olivia Ahern,31212,Auburn,,9.725,9.85,,Saturday,22,3,2025
Olivia Greaves,31212,Auburn,9.3,9.7,9.875,,Saturday,22,3,2025
Paige Zancan,31212,Auburn,,9.85,9.75,9.85,Saturday,22,3,2025
Paityn Walker,31212,Alabama,9.85,,9.85,,Saturday,22,3,2025
Rachel Rybicki,31212,Alabama,,9.8,9.8,,Saturday,22,3,2025
Ryan Fuller,31212,Alabama,9.95,,,,Saturday,22,3,2025
Ryan Noonan,31212,Kentucky,,,,9.8,Saturday,22,3,2025
Sadie Jane Berry,31212,Georgia,9.825,,,,Saturday,22,3,2025
Sara Hubbard,31212,Auburn,,,,9.2,Saturday,22,3,2025
Sarah Zois,31212,Auburn,,,,9.725,Saturday,22,3,2025
Shania Adams,31212,Alabama,9.75,9.9,9.85,,Saturday,22,3,2025
Sharon Lee,31212,Kentucky,,9.8,,,Saturday,22,3,2025
Skylar Killough-Wilhelm,31212,Kentucky,9.925,9.775,9.875,9.75,Saturday,22,3,2025
Sophia Bell,31212,Auburn,,,9.85,9.825,Saturday,22,3,2025
Sophia Groth,31212,Auburn,9.1,9.875,9.9,,Saturday,22,3,2025
Sydney Schumaker,31212,Auburn,,,,9.775,Saturday,22,3,2025
Brie Clark,31218,Clemson,,9.75,9.9,,Saturday,22,3,2025
Camryn Chiu,31218,Pittsburgh,9.75,,,9.8,Saturday,22,3,2025
Darbi Simcox,31218,Pittsburgh,,9.425,,,Saturday,22,3,2025
Elizabeth Cesarone,31218,Pittsburgh,,9.75,9.8,9.85,Saturday,22,3,2025
Emily Todd,31218,Pittsburgh,9.9,9.675,9.65,,Saturday,22,3,2025
Eve Jackson,31218,Clemson,9.8,,9.825,9.7,Saturday,22,3,2025
Hannah Clark,31218,Clemson,9.825,8.85,,,Saturday,22,3,2025
Jah'Liyah Bedminster,31218,Pittsburgh,9.825,,9.5,9.775,Saturday,22,3,2025
Jaime Pratt,31218,Pittsburgh,9.85,,9.875,9.75,Saturday,22,3,2025
Jordyn Ewing,31218,Pittsburgh,9.75,,9.8,,Saturday,22,3,2025
Julie Madso,31218,Pittsburgh,9.85,9.725,,,Saturday,22,3,2025
Kate Bryant,31218,Clemson,5.075,,,,Saturday,22,3,2025
Kennedy Duke,31218,Pittsburgh,,,,9.8,Saturday,22,3,2025
Kielyn McCright,31218,Clemson,,9.875,,,Saturday,22,3,2025
Lauren Rutherford,31218,Clemson,9.825,,,,Saturday,22,3,2025
Madison Minner,31218,Clemson,,,9.9,9.875,Saturday,22,3,2025
Maggie Holman,31218,Clemson,,,9.85,9.75,Saturday,22,3,2025
Meika Lee,31218,Pittsburgh,,9.725,9.8,,Saturday,22,3,2025
Molly Arnold,31218,Clemson,,,9.825,9.15,Saturday,22,3,2025
Olivia Giunta,31218,Pittsburgh,,,,9.6,Saturday,22,3,2025
Quinn Kuhl,31218,Clemson,9.85,9.7,,9.775,Saturday,22,3,2025
Reyna Garvey,31218,Pittsburgh,,9.85,,,Saturday,22,3,2025
Sierra Church,31218,Clemson,,9.775,,,Saturday,22,3,2025
Takoda Berry,31218,Clemson,9.7,,,,Saturday,22,3,2025
Tara Walsh,31218,Clemson,,9.775,9.825,9.9,Saturday,22,3,2025
Adriana Hoffman,31232,Towson,,,9.875,9.775,Saturday,22,3,2025
Aine Reade,31232,New Hampshire,9.85,9.325,9.9,9.85,Saturday,22,3,2025
Alina Danilchenko,31232,LIU,,9.7,9.725,,Saturday,22,3,2025
Alyssa Beaulieu,31232,New Hampshire,,9.725,,,Saturday,22,3,2025
Amelia Budd,31232,Temple,,,,9.7,Saturday,22,3,2025
Ana Kenefick,31232,Towson,,9.75,9.85,,Saturday,22,3,2025
Angelina Hogan,31232,LIU,9.65,,,,Saturday,22,3,2025
Annalisa Page,31232,LIU,,,,9.75,Saturday,22,3,2025
Anne Challman,31232,New Hampshire,,9.7,9.925,,Saturday,22,3,2025
Ava Harper,31232,Towson,9.3,,,9.85,Saturday,22,3,2025
Brisa Carraro,31232,LIU,9.675,,,,Saturday,22,3,2025
Brissa Portillo,31232,Towson,,9.65,,,Saturday,22,3,2025
Brooke Burkhart,31232,LIU,,,,9.725,Saturday,22,3,2025
Brooke Donabedian,31232,Temple,,9.875,9.875,,Saturday,22,3,2025
Callie Gardner,31232,Towson,,,,9.825,Saturday,22,3,2025
Carmella Calafati,31232,Towson,,,9.85,,Saturday,22,3,2025
Caroline Kliewer,31232,LIU,9.7,,,,Saturday,22,3,2025
Celia Trotter,31232,Towson,,9.85,,,Saturday,22,3,2025
Chelsey Dennis,31232,Towson,9.675,,,,Saturday,22,3,2025
Clara Hong,31232,Towson,9.65,9.9,9.8,,Saturday,22,3,2025
Danyella Holmes,31232,LIU,9.7,,9.775,9.625,Saturday,22,3,2025
Deana Sheremeta,31232,George Washington,9.825,9.0,9.875,,Saturday,22,3,2025
Delaney DeHaan,31232,George Washington,9.825,9.75,9.9,9.875,Saturday,22,3,2025
Ella Barrington,31232,LIU,,,9.85,,Saturday,22,3,2025
Ellorie Cane,31232,LIU,,9.8,,,Saturday,22,3,2025
Gracy Mowers,31232,New Hampshire,,,9.7,9.75,Saturday,22,3,2025
Gwen Ockerbloom,31232,New Hampshire,,9.575,,9.85,Saturday,22,3,2025
Haleigh Welch,31232,LIU,9.75,,,,Saturday,22,3,2025
Hannah Weklar,31232,Temple,9.775,,,9.725,Saturday,22,3,2025
Isabella DeCroo,31232,Towson,,,9.825,9.8,Saturday,22,3,2025
Isabella Minervini,31232,Towson,9.9,9.825,9.85,9.85,Saturday,22,3,2025
Julia Before,31232,New Hampshire,9.775,,,,Saturday,22,3,2025
Kady Bills-McCoy,31232,LIU,,8.975,,,Saturday,22,3,2025
Kaira Cartwright,31232,LIU,,9.725,9.8,9.8,Saturday,22,3,2025
Kendall Whitman,31232,George Washington,,9.8,9.95,9.85,Saturday,22,3,2025
Kira Sanchez,31232,LIU,9.675,,9.7,,Saturday,22,3,2025
Krystin Johnson,31232,Temple,9.075,,9.9,9.825,Saturday,22,3,2025
Kylie Kazmierski,31232,George Washington,,,9.8,,Saturday,22,3,2025
Lauren Greene,31232,Towson,9.1,,,,Saturday,22,3,2025
Lauren Keener,31232,Towson,9.8,9.675,,,Saturday,22,3,2025
Leah Moreno,31232,New Hampshire,9.775,,,9.775,Saturday,22,3,2025
Lola Montevago,31232,George Washington,9.9,9.8,9.575,9.75,Saturday,22,3,2025
Madi McMullen,31232,George Washington,9.7,9.4,9.725,,Saturday,22,3,2025
Madison Dorunda,31232,Temple,,9.825,9.825,,Saturday,22,3,2025
Mady Harvey,31232,New Hampshire,,9.8,,,Saturday,22,3,2025
Maya Peters,31232,George Washington,,9.85,,,Saturday,22,3,2025
McCall McMullen,31232,New Hampshire,,,9.75,9.825,Saturday,22,3,2025
Megan White,31232,Temple,9.675,9.725,,,Saturday,22,3,2025
Natalie Thomas,31232,George Washington,,,,9.75,Saturday,22,3,2025
Nikk Rengifo,31232,Temple,,,9.85,9.575,Saturday,22,3,2025
Polina Belanovski,31232,Towson,,,,9.675,Saturday,22,3,2025
Poulina Minaev,31232,New Hampshire,,,9.775,,Saturday,22,3,2025
Rachel Katz,31232,George Washington,9.775,,,9.775,Saturday,22,3,2025
Raphaelle Perreault,31232,LIU,,8.95,9.825,9.725,Saturday,22,3,2025
Reese DeHaan,31232,Temple,9.7,,,,Saturday,22,3,2025
Renee Figueroa,31232,LIU,,9.575,,,Saturday,22,3,2025
Renee Schugman,31232,Temple,,9.725,9.9,9.8,Saturday,22,3,2025
Robyn Dunn,31232,Temple,9.75,9.675,,,Saturday,22,3,2025
Sarah Stallings,31232,Temple,9.8,,,,Saturday,22,3,2025
Serena Mullin,31232,New Hampshire,9.75,9.825,9.875,9.8,Saturday,22,3,2025
Sophia Tyeryar,31232,George Washington,9.725,,,,Saturday,22,3,2025
Summer Ruskey,31232,Temple,,9.725,9.85,9.775,Saturday,22,3,2025
Summer Simpkins,31232,New Hampshire,9.6,,,,Saturday,22,3,2025
Zoe Arthur,31232,New Hampshire,9.075,,,,Saturday,22,3,2025
Zoe Claiborne,31232,LIU,,,,9.75,Saturday,22,3,2025
Zoe Safran,31232,George Washington,,,,9.8,Saturday,22,3,2025
Allie Gard,31262,Nebraska,,,9.75,,Friday,21,3,2025
Anna Pagliaro,31262,Rutgers,,9.2,,9.775,Friday,21,3,2025
Avery Balser,31262,Rutgers,9.875,,,,Friday,21,3,2025
Ayzhia Hall,31262,Nebraska,,9.875,,9.75,Friday,21,3,2025
Caitlin McWilliams,31262,Washington,9.75,,9.775,9.725,Friday,21,3,2025
Cameron Smith,31262,Ohio State,,9.825,,9.725,Friday,21,3,2025
Chelsea Hallinan,31262,Washington,,9.75,,,Friday,21,3,2025
Delaney Adrian,31262,Rutgers,9.875,9.875,9.825,9.7,Friday,21,3,2025
Donna Uhlenberg,31262,Rutgers,9.825,,,,Friday,21,3,2025
Elia Aird,31262,Rutgers,,,9.8,9.7,Friday,21,3,2025
Elliot Goldsmith,31262,Rutgers,,,9.825,,Friday,21,3,2025
Emalee Frost,31262,Nebraska,9.45,,,,Friday,21,3,2025
Emily Innes,31262,Washington,,9.875,9.9,9.825,Friday,21,3,2025
Emma Simpton,31262,Nebraska,9.8,9.875,,,Friday,21,3,2025
Emma Spence,31262,Nebraska,9.975,9.9,9.875,9.825,Friday,21,3,2025
Gabrielle Dildy,31262,Rutgers,,9.85,9.85,9.8,Friday,21,3,2025
Ginger Richards,31262,Rutgers,9.775,,,,Friday,21,3,2025
Grace Walker,31262,Ohio State,9.75,9.8,,,Friday,21,3,2025
Isabel Sikon,31262,Nebraska,,9.825,,9.7,Friday,21,3,2025
Jackie Manifold,31262,Rutgers,,9.775,,,Friday,21,3,2025
Jojo Warga,31262,Ohio State,,9.875,,,Friday,21,3,2025
Kaitlyn Grimes,31262,Ohio State,,,9.85,9.85,Friday,21,3,2025
Karleigh Reutzel,31262,Ohio State,9.675,,,9.8,Friday,21,3,2025
Kate Parks,31262,Ohio State,9.6,,,,Friday,21,3,2025
Katie Kuenemann,31262,Nebraska,,,,9.725,Friday,21,3,2025
Keeley Smith,31262,Rutgers,9.85,,,,Friday,21,3,2025
Kira Bolden,31262,Washington,,,,9.775,Friday,21,3,2025
Kristin Lin,31262,Washington,9.775,9.75,9.775,9.675,Friday,21,3,2025
Lauren Homecillo,31262,Nebraska,,,9.775,,Friday,21,3,2025
Lex Mouyenga,31262,Washington,9.725,,,9.775,Friday,21,3,2025
Lisa Chevaire,31262,Rutgers,,,9.8,9.75,Friday,21,3,2025
Maisyn Rader,31262,Ohio State,9.8,9.7,9.8,,Friday,21,3,2025
Mallory Gregory,31262,Ohio State,,,9.8,,Friday,21,3,2025
Mary McDonough,31262,Washington,9.9,9.825,9.825,9.775,Friday,21,3,2025
Matis Rains,31262,Rutgers,,9.8,,,Friday,21,3,2025
Maya Jones,31262,Rutgers,,,9.775,,Friday,21,3,2025
Olivia Burns,31262,Nebraska,9.75,,,,Friday,21,3,2025
Olivia Oppegard,31262,Washington,9.8,9.75,9.75,,Friday,21,3,2025
Rachael Riley,31262,Rutgers,,9.775,,9.75,Friday,21,3,2025
Reagan Schenkel,31262,Rutgers,9.85,,,,Friday,21,3,2025
Reese Baechle,31262,Nebraska,,,9.8,,Friday,21,3,2025
Rylee Guevara,31262,Ohio State,,9.85,9.9,9.775,Friday,21,3,2025
Sidney Washington,31262,Ohio State,9.75,,9.8,9.8,Friday,21,3,2025
Sophia McClelland,31262,Nebraska,9.525,9.95,9.9,9.725,Friday,21,3,2025
Taylor Russon,31262,Washington,9.875,9.925,9.75,,Friday,21,3,2025
Tory Vetter,31262,Ohio State,9.9,9.825,9.9,9.725,Friday,21,3,2025
Whitney Jencks,31262,Nebraska,9.8,9.85,9.8,9.525,Friday,21,3,2025
Alessia Russo,31297,Greenville,9.625,9.625,,,Sunday,9,2,2025
Allie Misenheimer,31297,Air Force,9.725,9.85,,,Sunday,9,2,2025
Alyssa Bigler,31297,Air Force,9.325,9.75,9.225,9.775,Sunday,9,2,2025
Alyssa Vulaj,31297,Boise State,,9.875,9.75,9.7,Sunday,9,2,2025
Amara Nelson,31297,Greenville,9.5,9.625,8.975,9.55,Sunday,9,2,2025
Anna Bacott,31297,Air Force,,9.8,,,Sunday,9,2,2025
Anna Ferguson,31297,Boise State,,,9.85,,Sunday,9,2,2025
Ashlie Leage,31297,Greenville,9.8,9.775,9.625,,Sunday,9,2,2025
Ayla McKean,31297,Air Force,9.775,,,,Sunday,9,2,2025
Blake Pascal,31297,Boise State,,,9.85,,Sunday,9,2,2025
Bridget Kemp,31297,Boise State,,,9.875,9.65,Sunday,9,2,2025
Carly Buell,31297,Boise State,9.85,,,,Sunday,9,2,2025
Chelsea Boyer,31297,Air Force,9.025,,,,Sunday,9,2,2025
Dani Nakayma,31297,Boise State,,,,9.65,Sunday,9,2,2025
Ellery Gilmer,31297,Greenville,,,9.675,9.55,Sunday,9,2,2025
Elli Schnieders,31297,Greenville,9.2,8.95,,9.625,Sunday,9,2,2025
Emily Lopez,31297,Boise State,9.85,9.875,,9.8,Sunday,9,2,2025
Emma Brannon,31297,Greenville,8.05,,,,Sunday,9,2,2025
Emma Loyim,31297,Boise State,,9.325,,,Sunday,9,2,2025
Gabriella Meccia,31297,Air Force,,,9.85,9.675,Sunday,9,2,2025
Hailey Santana,31297,Air Force,,,,9.6,Sunday,9,2,2025
Isabella Feltman,31297,Greenville,,,9.4,8.925,Sunday,9,2,2025
Kristina Shchennikova,31297,Boise State,9.8,9.9,,,Sunday,9,2,2025
Kylee Greene,31297,Air Force,,9.775,9.825,9.625,Sunday,9,2,2025
Madison Carter,31297,Greenville,9.375,9.525,,,Sunday,9,2,2025
Maggie Slife,31297,Air Force,9.925,9.7,9.925,9.675,Sunday,9,2,2025
Mahleea Werline,31297,Boise State,9.825,,,,Sunday,9,2,2025
Noelle Ball,31297,Boise State,9.825,,,9.675,Sunday,9,2,2025
Olivia Raife,31297,Air Force,,,,9.65,Sunday,9,2,2025
Olivia Tocco,31297,Greenville,,9.35,,9.6,Sunday,9,2,2025
Rachel Miller,31297,Greenville,,,9.625,9.5,Sunday,9,2,2025
Sarah Willis,31297,Air Force,,,9.85,,Sunday,9,2,2025
Sydney Kho,31297,Boise State,,9.8,,9.675,Sunday,9,2,2025
Sydney Leitch,31297,Boise State,9.825,9.7,9.825,,Sunday,9,2,2025
Taylor Templin,31297,Greenville,,,9.625,,Sunday,9,2,2025
Velandra Brochi,31297,Air Force,9.55,9.75,9.7,,Sunday,9,2,2025
Aine Reade,31300,New Hampshire,9.675,,9.8,9.75,Sunday,5,1,2025
Alisha Werlen,31300,Pennsylvania,,9.775,,,Sunday,5,1,2025
Allison Kaempfer,31300,Penn State,,,9.6,9.7,Sunday,5,1,2025
Alyssa Kramer,31300,Penn State,,,9.8,,Sunday,5,1,2025
Alyssa Rosen,31300,Pennsylvania,,,9.725,,Sunday,5,1,2025
Amani Herring,31300,Penn State,,9.75,,,Sunday,5,1,2025
Anne Challman,31300,New Hampshire,,9.75,9.825,,Sunday,5,1,2025
Ashley Maul,31300,Penn State,,9.85,9.775,,Sunday,5,1,2025
Carly Oniki,31300,Pennsylvania,9.7,9.725,,,Sunday,5,1,2025
Cassi Barbanente,31300,Penn State,9.825,,,,Sunday,5,1,2025
Cleante The`oret,31300,New Hampshire,,9.7,,,Sunday,5,1,2025
Elina Vihrova,31300,Penn State,,,,9.55,Sunday,5,1,2025
Elizabeth Leary,31300,Penn State,9.8,9.7,9.8,9.75,Sunday,5,1,2025
Ellie Monahan,31300,Penn State,,9.775,,,Sunday,5,1,2025
Emma Davies,31300,Pennsylvania,,,9.725,,Sunday,5,1,2025
Gabrielle Gallentine,31300,Penn State,9.675,,,,Sunday,5,1,2025
Gwen Ockerbloom,31300,New Hampshire,,9.675,,9.8,Sunday,5,1,2025
Isabel Song,31300,Pennsylvania,,,,9.65,Sunday,5,1,2025
Jessica Johanson,31300,Penn State,9.825,,9.85,9.7,Sunday,5,1,2025
Jordan Barrow,31300,Pennsylvania,9.8,9.65,,9.725,Sunday,5,1,2025
Julia Before,31300,New Hampshire,8.75,,,,Sunday,5,1,2025
Kalea McElligott,31300,Penn State,9.725,9.825,9.85,9.75,Sunday,5,1,2025
Leah Moreno,31300,New Hampshire,9.5,,,9.725,Sunday,5,1,2025
Maddie Johnston,31300,Penn State,9.85,9.775,,9.8,Sunday,5,1,2025
Mady Harvey,31300,New Hampshire,,9.825,,9.675,Sunday,5,1,2025
Manama Fofana,31300,Pennsylvania,,9.8,9.725,9.65,Sunday,5,1,2025
Marissa Lassiter,31300,Pennsylvania,9.65,9.75,9.7,9.775,Sunday,5,1,2025
McCall McMullen,31300,New Hampshire,,9.35,9.725,9.75,Sunday,5,1,2025
Poulina Minaev,31300,New Hampshire,,,9.6,,Sunday,5,1,2025
Serena Mullin,31300,New Hampshire,8.4,9.65,9.75,9.625,Sunday,5,1,2025
Sienna Zuccaro,31300,Pennsylvania,,,,9.65,Sunday,5,1,2025
Skyelar Kerico,31300,Pennsylvania,9.825,9.3,9.8,9.85,Sunday,5,1,2025
Sophia Paris,31300,Pennsylvania,9.1,,,,Sunday,5,1,2025
Summer Simpkins,31300,New Hampshire,9.55,,8.95,,Sunday,5,1,2025
Zara Gazdak,31300,Pennsylvania,9.6,,9.825,,Sunday,5,1,2025
Zoe Arthur,31300,New Hampshire,8.55,,,,Sunday,5,1,2025
Adriana Hoffman,31303,Towson,,,9.825,9.675,Sunday,9,3,2025
Alyssa Manley,31303,Alaska,8.975,,,,Sunday,9,3,2025
Ana Kenefick,31303,Towson,,9.65,,,Sunday,9,3,2025
Ariana DeSouza,31303,Alaska,,9.35,9.75,,Sunday,9,3,2025
Ava Harper,31303,Towson,,,,9.775,Sunday,9,3,2025
Avery Tillmanns,31303,Alaska,9.775,,9.15,,Sunday,9,3,2025
Breeann Spain,31303,Alaska,,9.65,9.45,,Sunday,9,3,2025
Bridget Sullivan,31303,West Chester,,,9.575,9.45,Sunday,9,3,2025
Brissa Portillo,31303,Towson,,9.575,,,Sunday,9,3,2025
Carmella Calafati,31303,Towson,,,9.775,,Sunday,9,3,2025
Caroline Cascadden,31303,West Chester,,9.75,9.5,,Sunday,9,3,2025
Catherine Keener,31303,West Chester,,,9.75,,Sunday,9,3,2025
Celia Trotter,31303,Towson,,9.75,,,Sunday,9,3,2025
Chelsey Dennis,31303,Towson,9.6,,,,Sunday,9,3,2025
Clara Hong,31303,Towson,9.8,9.85,9.85,,Sunday,9,3,2025
Claudia Lessig,31303,Alaska,9.725,8.9,,9.35,Sunday,9,3,2025
Corinne Gruber,31303,West Chester,,,,9.425,Sunday,9,3,2025
EmmaGrace Kelly,31303,West Chester,,9.775,9.65,,Sunday,9,3,2025
Grace Costello,31303,Alaska,,9.65,9.675,9.625,Sunday,9,3,2025
Hannah Boyd,31303,Alaska,9.8,,,,Sunday,9,3,2025
Isabella DeCroo,31303,Towson,,,9.825,9.5,Sunday,9,3,2025
Isabella Minervini,31303,Towson,9.9,9.775,9.825,9.8,Sunday,9,3,2025
Jamilia Duffus,31303,Alaska,9.8,,,9.425,Sunday,9,3,2025
Jordan Coleman,31303,West Chester,9.65,,,,Sunday,9,3,2025
Karah Vargo,31303,West Chester,9.3,,,9.375,Sunday,9,3,2025
Lauren Greene,31303,Towson,9.825,,,,Sunday,9,3,2025
Lauren Keener,31303,Towson,9.8,9.575,,,Sunday,9,3,2025
Lily McFarland,31303,West Chester,,9.65,9.725,9.6,Sunday,9,3,2025
Macarthy Keane,31303,West Chester,8.8,9.625,,9.425,Sunday,9,3,2025
Madelyn Gomez,31303,Alaska,9.8,,9.3,,Sunday,9,3,2025
Maribelle Albert,31303,Alaska,,,,9.55,Sunday,9,3,2025
Melina Ringas,31303,West Chester,9.7,,,,Sunday,9,3,2025
Montana Fairbairn,31303,Alaska,,9.375,9.825,9.25,Sunday,9,3,2025
Natalie Marshall,31303,West Chester,,9.675,9.5,,Sunday,9,3,2025
Polina Belanovski,31303,Towson,9.85,,9.825,9.575,Sunday,9,3,2025
Reese Toland,31303,Towson,,,,9.7,Sunday,9,3,2025
Rylee Harada,31303,West Chester,9.55,,,9.625,Sunday,9,3,2025
Sarah Eskew,31303,West Chester,8.85,,,,Sunday,9,3,2025
Tatum McGuinn,31303,West Chester,,9.7,,,Sunday,9,3,2025
Verena Wong,31303,Alaska,,9.55,,9.3,Sunday,9,3,2025
Alana Laster,31310,Illinois State,,9.7,9.725,9.85,Saturday,11,1,2025
Ally Lau,31310,Illinois State,,9.325,,,Saturday,11,1,2025
Ally Schaupp,31310,Western Michigan,,9.175,9.675,,Saturday,11,1,2025
Brooke Izzo,31310,George Washington,,9.7,9.825,,Saturday,11,1,2025
Camryn Chiu,31310,Pittsburgh,,8.875,,,Saturday,11,1,2025
Cassie St. Clair,31310,Western Michigan,,,9.875,9.8,Saturday,11,1,2025
Deana Sheremeta,31310,George Washington,,9.8,9.825,,Saturday,11,1,2025
Delaney DeHaan,31310,George Washington,9.7,9.75,9.825,9.825,Saturday,11,1,2025
DonnaKathryn Roy,31310,Western Michigan,8.225,,9.75,9.65,Saturday,11,1,2025
Elizabeth Cesarone,31310,Pittsburgh,,,9.775,9.85,Saturday,11,1,2025
Emily Krzciok,31310,Western Michigan,,9.1,,,Saturday,11,1,2025
Emily Todd,31310,Pittsburgh,9.825,9.775,8.925,,Saturday,11,1,2025
Halle Faulkner,31310,Western Michigan,,,,9.775,Saturday,11,1,2025
Hallie Copperwheat,31310,Pittsburgh,9.8,9.75,9.75,,Saturday,11,1,2025
Hannah Milton,31310,Western Michigan,,,9.825,9.7,Saturday,11,1,2025
Jada Beswick,31310,Illinois State,9.775,,,,Saturday,11,1,2025
Jah'Liyah Bedminster,31310,Pittsburgh,9.85,,9.85,9.725,Saturday,11,1,2025
Jaime Pratt,31310,Pittsburgh,9.825,,,,Saturday,11,1,2025
Jaly Jones,31310,Illinois State,9.775,9.75,9.8,,Saturday,11,1,2025
Jaye Mack,31310,Illinois State,,9.7,9.825,9.825,Saturday,11,1,2025
Jordyn Ewing,31310,Pittsburgh,,,9.9,,Saturday,11,1,2025
Julia Heiner,31310,Illinois State,9.8,,,,Saturday,11,1,2025
Julie Korfhage,31310,Western Michigan,9.825,,,,Saturday,11,1,2025
Kaitlyn Donovan,31310,Illinois State,,,9.825,9.725,Saturday,11,1,2025
Kasey Burke,31310,George Washington,9.675,,9.55,9.725,Saturday,11,1,2025
Kendall Whitman,31310,George Washington,,9.825,9.175,9.775,Saturday,11,1,2025
Kennedy Cooper,31310,Western Michigan,,,9.775,,Saturday,11,1,2025
Kennedy Duke,31310,Pittsburgh,9.725,9.725,,9.8,Saturday,11,1,2025
Kylie Kazmierski,31310,George Washington,,,9.575,,Saturday,11,1,2025
Leah Davis,31310,Illinois State,,9.775,,,Saturday,11,1,2025
Lila Pileggi,31310,Pittsburgh,,,,9.775,Saturday,11,1,2025
Lola Montevago,31310,George Washington,9.725,9.325,,,Saturday,11,1,2025
Madison Baucom,31310,Illinois State,8.225,,,,Saturday,11,1,2025
Maya Peters,31310,George Washington,,9.525,,,Saturday,11,1,2025
Meika Lee,31310,Pittsburgh,9.2,9.75,9.725,9.725,Saturday,11,1,2025
Molly Freeman,31310,Western Michigan,9.7,,,,Saturday,11,1,2025
Mya Robinson,31310,Illinois State,,8.575,9.675,9.8,Saturday,11,1,2025
Natalie Thomas,31310,George Washington,,,,9.55,Saturday,11,1,2025
Olivia Giunta,31310,Pittsburgh,,,,9.7,Saturday,11,1,2025
Rachel Katz,31310,George Washington,9.725,,,9.6,Saturday,11,1,2025
Reese Grolla,31310,Illinois State,9.675,,,,Saturday,11,1,2025
Reese Samuelson,31310,Western Michigan,9.775,9.825,,,Saturday,11,1,2025
Reilan Garvey,31310,Western Michigan,9.55,9.125,9.8,9.45,Saturday,11,1,2025
Reyna Garvey,31310,Pittsburgh,,9.675,,,Saturday,11,1,2025
Sammie Wolff,31310,Illinois State,,,,9.775,Saturday,11,1,2025
Sara Wabi,31310,Illinois State,9.8,,9.825,9.775,Saturday,11,1,2025
Sarah Moravansky,31310,Western Michigan,9.8,8.85,,9.775,Saturday,11,1,2025
Sophia Tyeryar,31310,George Washington,9.725,,,,Saturday,11,1,2025
Tricia Mills,31310,Western Michigan,,9.25,,,Saturday,11,1,2025
Zoe Safran,31310,George Washington,9.55,,,9.7,Saturday,11,1,2025
Abbey Scanlon,31312,California,,9.725,,,Friday,14,2,2025
Alaina Reid,31312,Texas Woman's,8.7,,,9.725,Friday,14,2,2025
Angel Stuart,31312,Utah State,,,9.825,,Friday,14,2,2025
Annalise Newman-Achee,31312,California,9.875,,,,Friday,14,2,2025
Avery Bibbey,31312,Utah State,9.875,,,,Friday,14,2,2025
Bailey Bourgeois,31312,Texas Woman's,9.625,,9.55,,Friday,14,2,2025
Bailey Upton,31312,Texas Woman's,,9.725,9.825,9.725,Friday,14,2,2025
Brianna Brooks,31312,Utah State,9.875,9.875,,9.75,Friday,14,2,2025
Brooke Ferrari,31312,Texas Woman's,9.775,,,,Friday,14,2,2025
CJ Keuneke,31312,California,,,9.9,,Friday,14,2,2025
Dani Kirstine,31312,Utah State,9.85,,,,Friday,14,2,2025
Ella Cesario,31312,California,9.825,9.6,9.9,9.7,Friday,14,2,2025
Emma Brkljacic,31312,Texas Woman's,,9.875,,,Friday,14,2,2025
Isabella Vater,31312,Utah State,,,9.75,,Friday,14,2,2025
Jenna Eagles,31312,Utah State,,9.7,9.825,,Friday,14,2,2025
Kaitlyn Hoiland,31312,Texas Woman's,9.775,9.125,,9.9,Friday,14,2,2025
Kami Zarlengo,31312,Texas Woman's,9.725,,9.775,,Friday,14,2,2025
Kaylie Medrano,31312,Utah State,,9.725,9.85,9.75,Friday,14,2,2025
Kyen Mayhew,31312,California,,9.75,9.875,9.825,Friday,14,2,2025
Kyleigh Ghanbari,31312,Texas Woman's,,,9.875,,Friday,14,2,2025
Lainey Hunt,31312,Texas Woman's,9.775,,,,Friday,14,2,2025
Lundyn Vander Toolen,31312,Utah State,9.875,,,9.775,Friday,14,2,2025
Maddy Murphy,31312,Texas Woman's,,,,9.75,Friday,14,2,2025
Madelyn Williams,31312,California,9.925,9.875,9.925,9.75,Friday,14,2,2025
Miki Aderinto,31312,California,9.9,,,,Friday,14,2,2025
Mya Lauzon,31312,California,9.875,9.7,9.975,9.825,Friday,14,2,2025
Mya Wiley,31312,California,,,,9.85,Friday,14,2,2025
Mya Witte,31312,Utah State,,9.8,,9.675,Friday,14,2,2025
Nyla Morabito,31312,Utah State,,,9.875,9.825,Friday,14,2,2025
Olivia Orengo,31312,Utah State,9.8,9.8,9.875,,Friday,14,2,2025
Payton Gatzlaff,31312,Utah State,,,,9.8,Friday,14,2,2025
Sophia Isbell,31312,Texas Woman's,,9.65,9.775,9.825,Friday,14,2,2025
Sophie Hernandez,31312,Texas Woman's,,9.725,9.75,,Friday,14,2,2025
Steelie King,31312,Texas Woman's,,9.8,,9.7,Friday,14,2,2025
Sydney Jelen,31312,Utah State,9.7,9.85,,,Friday,14,2,2025
eMjae Frazier,31312,California,9.85,9.875,9.9,9.85,Friday,14,2,2025
Aliyah Reed-Hammon,31315,Fisk,,9.575,,9.575,Friday,21,3,2025
Allie Berkley,31315,Fisk,7.25,9.6,9.7,9.725,Friday,21,3,2025
Ciniah Rosby,31315,Fisk,9.5,9.75,9.7,9.675,Friday,21,3,2025
Francesca Caso,31315,Oregon State,9.725,,,,Friday,21,3,2025
Jada Reece,31315,Fisk,,,9.525,9.475,Friday,21,3,2025
Jade Carey,31315,Oregon State,9.975,9.975,10.0,9.9,Friday,21,3,2025
Jennifer McMillan,31315,Oregon State,9.875,9.925,9.575,,Friday,21,3,2025
Kaitlin Garcia,31315,Oregon State,,,9.975,9.75,Friday,21,3,2025
Kaylei McDonald,31315,Fisk,,9.625,9.575,,Friday,21,3,2025
Kendall Guy,31315,Fisk,,,,9.625,Friday,21,3,2025
Kiara Richmon,31315,Fisk,9.45,,,,Friday,21,3,2025
Lauren Letzsch,31315,Oregon State,,9.85,,,Friday,21,3,2025
Morgan Price,31315,Fisk,9.725,9.9,9.825,9.9,Friday,21,3,2025
Natalie Briones,31315,Oregon State,9.825,,,9.775,Friday,21,3,2025
Olivia Buckner,31315,Oregon State,,9.15,,9.725,Friday,21,3,2025
Sage Thompson,31315,Oregon State,9.875,,9.9,9.775,Friday,21,3,2025
Savannah Miller,31315,Oregon State,,,9.85,,Friday,21,3,2025
Sophia Esposito,31315,Oregon State,,9.725,9.875,9.825,Friday,21,3,2025
Sydney Gonzales,31315,Oregon State,,9.925,,,Friday,21,3,2025
Sydney Smith,31315,Fisk,9.6,,,,Friday,21,3,2025
Taylor DeVries,31315,Oregon State,9.8,,,,Friday,21,3,2025
Zyia Coleman,31315,Fisk,9.3,9.05,9.475,,Friday,21,3,2025
Alessia Russo,31326,Greenville,8.175,9.3,,,Sunday,16,2,2025
Allie Berkley,31326,Fisk,9.35,9.35,8.875,9.675,Sunday,16,2,2025
Amara Nelson,31326,Greenville,9.125,9.775,9.725,9.55,Sunday,16,2,2025
Ashlie Leage,31326,Greenville,9.5,9.5,9.5,9.4,Sunday,16,2,2025
Ciniah Rosby,31326,Fisk,9.5,9.825,9.525,9.35,Sunday,16,2,2025
Danielle Johnson,31326,Wilberforce,6.85,,,8.0,Sunday,16,2,2025
Diamond Cook,31326,Wilberforce,,8.85,9.725,9.3,Sunday,16,2,2025
Ellery Gilmer,31326,Greenville,,,9.75,9.225,Sunday,16,2,2025
Elli Schnieders,31326,Greenville,6.9,8.375,,8.775,Sunday,16,2,2025
Emily Herrera,31326,Wilberforce,,,,9.1,Sunday,16,2,2025
Emma Brannon,31326,Greenville,8.15,,,,Sunday,16,2,2025
Isabella Feltman,31326,Greenville,,,9.2,8.25,Sunday,16,2,2025
Jada Reece,31326,Fisk,,,9.7,9.4,Sunday,16,2,2025
Jaidyn Bryant,31326,Wilberforce,8.65,9.5,8.5,,Sunday,16,2,2025
Kaylei McDonald,31326,Fisk,,9.625,,,Sunday,16,2,2025
Kiara Richmon,31326,Fisk,8.45,,,9.275,Sunday,16,2,2025
Kiora Peart-Williams,31326,Wilberforce,9.5,9.575,9.375,9.625,Sunday,16,2,2025
Liberty Mora,31326,Fisk,,9.5,9.55,,Sunday,16,2,2025
Mackenzie Butler,31326,Wilberforce,,8.625,,,Sunday,16,2,2025
Madison Carter,31326,Greenville,8.525,9.2,,,Sunday,16,2,2025
Madison Kelly,31326,Wilberforce,7.55,,,,Sunday,16,2,2025
Mikayla Clements,31326,Wilberforce,,,6.55,8.925,Sunday,16,2,2025
Morgan Price,31326,Fisk,9.225,9.725,9.775,9.825,Sunday,16,2,2025
Olivia Tocco,31326,Greenville,,9.15,,,Sunday,16,2,2025
Promise Jean-Marie,31326,Wilberforce,8.75,9.0,8.6,9.075,Sunday,16,2,2025
Rachel Miller,31326,Greenville,,,9.725,9.575,Sunday,16,2,2025
Saniah Smith,31326,Wilberforce,5.325,9.25,8.9,,Sunday,16,2,2025
Sophia Pratt,31326,Fisk,7.1,8.7,,,Sunday,16,2,2025
Taylor Templin,31326,Greenville,,,9.675,,Sunday,16,2,2025
Zyia Coleman,31326,Fisk,9.15,,9.4,9.25,Sunday,16,2,2025
Addison Dack,31327,Gustavus Adolphus,,9.05,,,Saturday,8,3,2025
Alayna Fern,31327,UW-Whitewater,,,,9.7,Saturday,8,3,2025
Aleah Radojevich,31327,UW-Oshkosh,,,9.775,,Saturday,8,3,2025
Amaya McConkay,31327,UW-Oshkosh,9.8,,,9.775,Saturday,8,3,2025
Amy Fridley,31327,UW-Eau Claire,,,9.075,9.725,Saturday,8,3,2025
Anna Johnson,31327,Hamline,,,,8.325,Saturday,8,3,2025
Anna Mielke,31327,UW-Stout,,,9.625,9.4,Saturday,8,3,2025
Anna Preussner,31327,UW-Eau Claire,,,9.6,,Saturday,8,3,2025
Annelise Smaby,31327,Hamline,,8.425,,,Saturday,8,3,2025
Ariana Goodwin,31327,UW-Whitewater,9.525,,9.7,,Saturday,8,3,2025
Ashley Phillips,31327,Winona State,9.225,,,,Saturday,8,3,2025
Ashley Savell,31327,Hamline,,,,9.025,Saturday,8,3,2025
Ashnaya Gupta,31327,UW-Whitewater,,9.15,,,Saturday,8,3,2025
Aspen Peters,31327,Winona State,,9.4,,9.525,Saturday,8,3,2025
Ava Obermoller,31327,UW-Eau Claire,9.325,,,9.325,Saturday,8,3,2025
Ava Pesch,31327,UW-Whitewater,9.65,,,9.8,Saturday,8,3,2025
Averie Evans,31327,UW-Oshkosh,9.45,,,9.675,Saturday,8,3,2025
Bella Dix,31327,Simpson,,,9.425,,Saturday,8,3,2025
Brianna Balian,31327,UW-Whitewater,,,,9.45,Saturday,8,3,2025
Brianna Weikel,31327,Hamline,9.275,8.975,9.675,,Saturday,8,3,2025
Brooke Reardon,31327,Hamline,,9.25,,,Saturday,8,3,2025
Brooklen Morgan,31327,Simpson,,9.65,9.7,,Saturday,8,3,2025
Brooklynn Clapp,31327,Winona State,9.35,,,,Saturday,8,3,2025
Brooklynn Einck,31327,UW-Eau Claire,9.125,,,,Saturday,8,3,2025
Bryce Stoltz,31327,Winona State,,9.75,9.45,9.725,Saturday,8,3,2025
Cadence Cordova,31327,UW-Eau Claire,9.25,,,9.75,Saturday,8,3,2025
Cailey Price,31327,Hamline,,8.95,,9.4,Saturday,8,3,2025
Camdyn McSweeney,31327,Winona State,,,9.725,,Saturday,8,3,2025
Cara Wong,31327,Gustavus Adolphus,9.225,9.375,9.05,9.45,Saturday,8,3,2025
Carleigh Moore,31327,UW-Whitewater,,,9.7,9.5,Saturday,8,3,2025
Cassidy Lennard,31327,UW-Stout,,9.475,,,Saturday,8,3,2025
Catelyn Zack,31327,Hamline,,,9.375,,Saturday,8,3,2025
Chloe Hammond,31327,UW-Whitewater,,9.675,9.75,9.7,Saturday,8,3,2025
Claire Robbins,31327,UW-La Crosse,9.55,9.65,9.75,,Saturday,8,3,2025
Courtney Knutson,31327,Winona State,,,9.65,9.6,Saturday,8,3,2025
Darby Savage,31327,UW-La Crosse,,,,9.675,Saturday,8,3,2025
Delaney Cienkus,31327,UW-Oshkosh,,9.675,9.7,,Saturday,8,3,2025
Effie Ferguson,31327,UW-Stout,8.85,9.725,9.75,,Saturday,8,3,2025
Elaine Copeland,31327,UW-Whitewater,,,9.625,9.75,Saturday,8,3,2025
Elena Bailey,31327,Hamline,8.425,,9.175,9.45,Saturday,8,3,2025
Ella Denno,31327,Winona State,9.1,,,,Saturday,8,3,2025
Ella Montgomery,31327,UW-Eau Claire,9.25,9.775,,,Saturday,8,3,2025
Emily Leese,31327,UW-Eau Claire,,,9.65,9.5,Saturday,8,3,2025
Emma Brittingham,31327,UW-Stout,7.95,,,,Saturday,8,3,2025
Emma Steele,31327,UW-Oshkosh,,9.35,,,Saturday,8,3,2025
Emma Tolbert,31327,Simpson,,9.5,9.7,9.175,Saturday,8,3,2025
Emmie Barton,31327,Simpson,,9.425,,9.575,Saturday,8,3,2025
Erin Baugh,31327,Simpson,9.3,,,,Saturday,8,3,2025
Evalyn Resnick,31327,Simpson,9.075,,,,Saturday,8,3,2025
Gabby Kraft,31327,Winona State,,9.65,9.75,9.725,Saturday,8,3,2025
Gabrielle Winstead,31327,UW-Stout,,,,9.65,Saturday,8,3,2025
Georgia Guynn,31327,UW-Eau Claire,,9.55,,,Saturday,8,3,2025
Gillian Cummins,31327,UW-Stout,9.675,9.625,9.575,9.75,Saturday,8,3,2025
Grace Edwards,31327,UW-La Crosse,,,9.625,,Saturday,8,3,2025
Grace Gerster,31327,UW-Eau Claire,,,9.5,9.7,Saturday,8,3,2025
Grace Kehr,31327,UW-La Crosse,,,9.525,9.625,Saturday,8,3,2025
Gracie Talley,31327,UW-Whitewater,9.375,,,,Saturday,8,3,2025
Hanna Riha,31327,UW-Eau Claire,,,9.0,,Saturday,8,3,2025
Hareet Gehlon,31327,UW-Eau Claire,,9.4,,,Saturday,8,3,2025
Hayden Gough,31327,UW-Whitewater,9.7,,,,Saturday,8,3,2025
Hunter Matulka,31327,UW-La Crosse,,,9.65,,Saturday,8,3,2025
Irene Kearney,31327,Winona State,9.2,,,,Saturday,8,3,2025
Isabela Krulich,31327,UW-Stout,,9.525,9.8,,Saturday,8,3,2025
Izzy Brown,31327,Simpson,8.1,8.55,9.625,,Saturday,8,3,2025
Jamie Beatty,31327,UW-Stout,9.725,9.575,9.75,9.55,Saturday,8,3,2025
Jay Ratkowski,31327,UW-Oshkosh,,9.6,9.825,,Saturday,8,3,2025
Jessica Qualich,31327,UW-Stout,,,,9.725,Saturday,8,3,2025
Jessica Taylor,31327,UW-La Crosse,,,8.525,,Saturday,8,3,2025
Jessisca Miley,31327,Winona State,9.6,,8.95,9.775,Saturday,8,3,2025
Jordan Halcom,31327,UW-La Crosse,9.425,,,,Saturday,8,3,2025
Julia Cheely,31327,Hamline,9.3,8.925,,8.8,Saturday,8,3,2025
Jurnee Warkentien,31327,UW-Oshkosh,,9.475,9.775,,Saturday,8,3,2025
Kaelyn Duman,31327,Winona State,,9.55,,,Saturday,8,3,2025
Kaelyn Tally,31327,Simpson,,,9.725,9.775,Saturday,8,3,2025
Kate Clairmont,31327,Gustavus Adolphus,,9.55,,,Saturday,8,3,2025
Katie Chai-Mulkerin,31327,Hamline,8.55,,,,Saturday,8,3,2025
Kaylee Bateman,31327,Winona State,9.575,9.2,,,Saturday,8,3,2025
Kaylee Paige,31327,Simpson,9.05,,,,Saturday,8,3,2025
Kaylie Kassing,31327,UW-Stout,,,9.75,,Saturday,8,3,2025
Kelsey Donovan,31327,UW-Eau Claire,,,9.65,,Saturday,8,3,2025
Kelsey Kollhoff,31327,UW-Whitewater,9.7,9.425,9.775,,Saturday,8,3,2025
Kennedy O'Connor,31327,Winona State,,,,9.825,Saturday,8,3,2025
Kristen Swiebocki,31327,UW-Whitewater,,9.375,,,Saturday,8,3,2025
Kyla Dickson,31327,UW-La Crosse,,9.675,9.75,9.725,Saturday,8,3,2025
Lauren Main,31327,UW-La Crosse,8.825,8.9,,,Saturday,8,3,2025
Lili Guy,31327,Gustavus Adolphus,9.125,,9.775,9.725,Saturday,8,3,2025
Lilly Millington,31327,UW-La Crosse,,,,9.6,Saturday,8,3,2025
Lily Horsch,31327,Gustavus Adolphus,8.875,,9.05,9.725,Saturday,8,3,2025
Lily Ramsdell,31327,Hamline,8.725,,,,Saturday,8,3,2025
Lindsay Bangs,31327,Gustavus Adolphus,,,9.65,9.5,Saturday,8,3,2025
Linnea Vasali,31327,UW-Eau Claire,,9.0,,,Saturday,8,3,2025
Liz Romano,31327,UW-Oshkosh,,9.7,,,Saturday,8,3,2025
Lucy Warren,31327,UW-La Crosse,,9.825,,,Saturday,8,3,2025
Lydia Hayden,31327,UW-Oshkosh,9.7,9.725,,,Saturday,8,3,2025
Madalyn McCormick,31327,UW-La Crosse,9.525,9.625,,,Saturday,8,3,2025
Maddox Lee,31327,Gustavus Adolphus,9.475,9.5,,,Saturday,8,3,2025
Madison Daly,31327,UW-Eau Claire,8.95,9.15,,,Saturday,8,3,2025
Malia Narciso,31327,Gustavus Adolphus,,,,9.55,Saturday,8,3,2025
Marley Michaud,31327,Gustavus Adolphus,8.825,8.75,9.75,9.525,Saturday,8,3,2025
Maura Erickson,31327,Hamline,,,,9.175,Saturday,8,3,2025
Meghan Dahlin,31327,UW-Eau Claire,,9.625,,,Saturday,8,3,2025
Meighan White,31327,Hamline,,,9.175,,Saturday,8,3,2025
Mia Lucero,31327,UW-Oshkosh,,,9.8,9.75,Saturday,8,3,2025
Mia Passarella,31327,UW-Oshkosh,,,,9.575,Saturday,8,3,2025
Mia Schafer,31327,Hamline,,8.675,,,Saturday,8,3,2025
Morgan Engels,31327,UW-La Crosse,9.45,,,,Saturday,8,3,2025
Olivia Hedary,31327,Simpson,8.575,9.2,9.3,9.65,Saturday,8,3,2025
Olivia Jahnke,31327,Gustavus Adolphus,,9.525,9.725,,Saturday,8,3,2025
Paige Breckwoldt,31327,UW-La Crosse,,,,9.7,Saturday,8,3,2025
Paige Magel,31327,UW-Whitewater,9.65,,,,Saturday,8,3,2025
Rachel Hettiarachchy,31327,UW-Eau Claire,9.25,,,9.4,Saturday,8,3,2025
Rachel Welch,31327,Simpson,,9.4,,9.525,Saturday,8,3,2025
Raina Christenson,31327,UW-La Crosse,,9.825,,,Saturday,8,3,2025
Reagan Kelly,31327,Winona State,,9.6,,,Saturday,8,3,2025
Reanna McGibboney,31327,UW-Oshkosh,9.75,,9.7,9.7,Saturday,8,3,2025
Riley Gianotti,31327,Hamline,7.25,,,,Saturday,8,3,2025
Rocio Madalena,31327,Gustavus Adolphus,7.7,,,,Saturday,8,3,2025
Samantha Zeilinger,31327,UW-Oshkosh,9.55,,,9.55,Saturday,8,3,2025
Sarah Best,31327,UW-La Crosse,9.6,,,,Saturday,8,3,2025
Sarah Lutz,31327,UW-Stout,9.45,,,,Saturday,8,3,2025
Sarah Pastore,31327,UW-La Crosse,,,,9.8,Saturday,8,3,2025
Sophia Spadafora,31327,UW-Whitewater,,9.575,,,Saturday,8,3,2025
Sydney Stoenner,31327,Hamline,,,9.125,,Saturday,8,3,2025
Taylar Schaefer,31327,UW-Stout,8.3,9.65,,9.8,Saturday,8,3,2025
Taylor Magierka,31327,Winona State,,,9.775,,Saturday,8,3,2025
Tegan Haberstock,31327,UW-Whitewater,,9.575,,,Saturday,8,3,2025
Wynter Poolaw,31327,Simpson,8.45,,,9.575,Saturday,8,3,2025
Zoe Jenks-Recker,31327,UW-Whitewater,,,9.625,,Saturday,8,3,2025
Zoe Krull,31327,UW-Oshkosh,9.6,,,,Saturday,8,3,2025
Zoey Danzinger,31327,Hamline,,,9.575,,Saturday,8,3,2025
Adeline Kenlin,31330,Iowa,,9.9,,,Sunday,16,3,2025
Alina Danilchenko,31330,LIU,,9.7,9.625,,Sunday,16,3,2025
Angelina Hogan,31330,LIU,9.65,,,,Sunday,16,3,2025
Anna Ichiba,31330,Centenary College,,9.425,,,Sunday,16,3,2025
Aurelie Tran,31330,Iowa,9.925,9.9,9.825,9.85,Sunday,16,3,2025
Ava Stewart,31330,Minnesota,9.825,9.825,,9.825,Sunday,16,3,2025
Avery Chambers,31330,Iowa,,,,9.675,Sunday,16,3,2025
Brooke Burkhart,31330,LIU,,,,9.625,Sunday,16,3,2025
Brooke Murdock,31330,Centenary College,,8.9,8.75,,Sunday,16,3,2025
Brooklyn Rowray,31330,Minnesota,,9.775,,,Sunday,16,3,2025
Caroline Kliewer,31330,LIU,9.725,,,,Sunday,16,3,2025
Chloe Gilbert,31330,Centenary College,,9.75,,9.375,Sunday,16,3,2025
Claire Flores,31330,Centenary College,9.45,,9.625,9.35,Sunday,16,3,2025
Danyella Holmes,31330,LIU,9.675,,9.525,9.5,Sunday,16,3,2025
Ella Barrington,31330,LIU,,,9.75,,Sunday,16,3,2025
Ellorie Cane,31330,LIU,,9.75,,,Sunday,16,3,2025
Emily Erb,31330,Iowa,,,9.9,,Sunday,16,3,2025
Emily Koch,31330,Minnesota,,9.9,9.9,,Sunday,16,3,2025
Emma Lavelle,31330,Centenary College,8.7,9.1,9.45,,Sunday,16,3,2025
Erin Pinder,31330,Centenary College,9.4,,,,Sunday,16,3,2025
Eva Volpe,31330,Iowa,,9.75,9.85,9.775,Sunday,16,3,2025
Gianna Masella,31330,Iowa,9.775,,,9.85,Sunday,16,3,2025
Haleigh Welch,31330,LIU,9.7,,,,Sunday,16,3,2025
Haley Tyson,31330,Iowa,,9.775,9.8,,Sunday,16,3,2025
Hanna Castillo,31330,Iowa,,,9.85,9.775,Sunday,16,3,2025
Hayden Cagle,31330,Centenary College,,,,9.375,Sunday,16,3,2025
Ilka Juk,31330,Iowa,9.825,9.825,,,Sunday,16,3,2025
Jordyn Lyden,31330,Minnesota,9.925,9.8,,,Sunday,16,3,2025
Kady Bills-McCoy,31330,LIU,,8.975,,,Sunday,16,3,2025
Kaia Vanney,31330,Iowa,8.75,,,,Sunday,16,3,2025
Kaira Cartwright,31330,LIU,,9.175,9.7,9.775,Sunday,16,3,2025
Karina Munoz,31330,Iowa,9.825,9.825,9.875,9.825,Sunday,16,3,2025
Kira Sanchez,31330,LIU,9.675,,9.475,9.425,Sunday,16,3,2025
Lauren Pearl,31330,Minnesota,,9.875,9.9,9.725,Sunday,16,3,2025
Leah Gonsiorowski,31330,Minnesota,,,9.875,,Sunday,16,3,2025
Marissa Jencks,31330,Minnesota,9.825,,9.9,9.7,Sunday,16,3,2025
McCauley Harrington,31330,Minnesota,9.8,,,,Sunday,16,3,2025
Mya Hooten,31330,Minnesota,9.825,,9.95,9.8,Sunday,16,3,2025
Mylia Vidtor,31330,Centenary College,,8.8,,,Sunday,16,3,2025
Olivia Montgomery,31330,Centenary College,,,,9.425,Sunday,16,3,2025
Olivia Stratmann,31330,Centenary College,8.925,,,,Sunday,16,3,2025
Olivia Williams,31330,Centenary College,9.225,,9.55,,Sunday,16,3,2025
Peyton Burford,31330,Centenary College,,,,9.4,Sunday,16,3,2025
Raphaelle Perreault,31330,LIU,,9.775,9.625,9.55,Sunday,16,3,2025
Renee Figueroa,31330,LIU,,8.825,,,Sunday,16,3,2025
Sarah Moraw,31330,Minnesota,,9.85,,9.825,Sunday,16,3,2025
Sophie Schmitz,31330,Centenary College,9.7,8.875,9.525,9.2,Sunday,16,3,2025
Sophie Swartzmiller,31330,Minnesota,,,9.9,,Sunday,16,3,2025
Sydney Turner,31330,Iowa,9.75,,,,Sunday,16,3,2025
Teryn Crump,31330,Minnesota,9.925,,,9.85,Sunday,16,3,2025
Zoe Claiborne,31330,LIU,,,,9.4,Sunday,16,3,2025
Amy Doyle,31336,Michigan State,9.875,,,9.85,Saturday,22,3,2025
Audrey Sanger,31336,Michigan,,,9.875,,Saturday,22,3,2025
Ava Jordan,31336,Michigan,9.9,,,9.8,Saturday,22,3,2025
Ava Stewart,31336,Minnesota,9.9,9.925,,9.875,Saturday,22,3,2025
Brooklyn Moors,31336,UCLA,,,10.0,9.85,Saturday,22,3,2025
Brooklyn Rowray,31336,Minnesota,,9.825,,,Saturday,22,3,2025
Cady Duplissis,31336,Michigan State,,9.925,,,Saturday,22,3,2025
Carly Bauman,31336,Michigan,9.875,9.9,9.95,,Saturday,22,3,2025
Chae Campbell,31336,UCLA,9.9,9.95,9.95,9.925,Saturday,22,3,2025
Ciena Alipio,31336,UCLA,,10.0,,,Saturday,22,3,2025
Delanie Harkness,31336,Michigan State,9.85,9.8,9.875,,Saturday,22,3,2025
Elle Beaufait,31336,Michigan State,,,9.9,,Saturday,22,3,2025
Emily Koch,31336,Minnesota,,9.9,9.9,,Saturday,22,3,2025
Emily Lee,31336,UCLA,,9.825,,9.775,Saturday,22,3,2025
Emma Malabuyo,31336,UCLA,9.9,9.95,9.95,,Saturday,22,3,2025
Emma Misenheimer,31336,Michigan State,,9.85,,,Saturday,22,3,2025
Frida Esparza,31336,UCLA,9.95,,,,Saturday,22,3,2025
Gabrielle Stephen,31336,Michigan State,9.9,10.0,9.925,9.85,Saturday,22,3,2025
Haylen Zabrowski,31336,Michigan,9.8,,,,Saturday,22,3,2025
Jacey Vore,31336,Michigan,9.825,9.875,,,Saturday,22,3,2025
Jahzara Ranger,31336,Michigan,,9.9,9.95,9.85,Saturday,22,3,2025
Jenna Mulligan,31336,Michigan,,9.8,,9.825,Saturday,22,3,2025
Jordan Chiles,31336,UCLA,9.9,9.925,10.0,9.825,Saturday,22,3,2025
Jordyn Lyden,31336,Minnesota,9.95,9.9,,,Saturday,22,3,2025
Katelyn Rosen,31336,UCLA,,9.925,9.875,,Saturday,22,3,2025
Kayli Boozer,31336,Michigan,,9.75,,9.775,Saturday,22,3,2025
Lauren Pearl,31336,Minnesota,,9.875,9.9,9.775,Saturday,22,3,2025
Leah Gonsiorowski,31336,Minnesota,,,9.9,,Saturday,22,3,2025
MaKayla Tucker,31336,Michigan State,,,9.85,9.9,Saturday,22,3,2025
Macy McGowan,31336,UCLA,9.9,,9.9,9.825,Saturday,22,3,2025
Marissa Jencks,31336,Minnesota,9.775,,9.85,,Saturday,22,3,2025
McCauley Harrington,31336,Minnesota,9.75,,,,Saturday,22,3,2025
Megan Steensland,31336,Minnesota,,,,9.75,Saturday,22,3,2025
Mika Webster-Longin,31336,UCLA,9.9,,,9.925,Saturday,22,3,2025
Mya Hooten,31336,Minnesota,9.825,,9.875,9.875,Saturday,22,3,2025
Nikki Smith,31336,Michigan State,9.9,9.825,9.925,9.9,Saturday,22,3,2025
Olivia Zsarmani,31336,Michigan State,9.825,,,9.975,Saturday,22,3,2025
Peyton Davis,31336,Michigan,,,9.9,9.825,Saturday,22,3,2025
Sage Kellerman,31336,Michigan State,9.95,,,9.95,Saturday,22,3,2025
Sarah Moraw,31336,Minnesota,,9.925,,9.8,Saturday,22,3,2025
Skyla Schulte,31336,Michigan State,,9.9,9.975,,Saturday,22,3,2025
Sophia Diaz,31336,Michigan,9.875,,9.875,9.825,Saturday,22,3,2025
Sophie Parenti,31336,Michigan,9.85,9.85,9.85,,Saturday,22,3,2025
Sophie Swartzmiller,31336,Minnesota,,,9.85,,Saturday,22,3,2025
Teryn Crump,31336,Minnesota,9.875,,,9.825,Saturday,22,3,2025
Adeline Kenlin,31340,Iowa,,9.5,,,Saturday,22,3,2025
Alexa Rothenbuescher,31340,Maryland,9.825,,,,Saturday,22,3,2025
Allison Kaempfer,31340,Penn State,,,9.725,9.725,Saturday,22,3,2025
Alyssa Kramer,31340,Penn State,,,9.9,,Saturday,22,3,2025
Amelia Knight,31340,Illinois,9.85,9.85,,,Saturday,22,3,2025
Arielle Ward,31340,Illinois,9.8,,,9.175,Saturday,22,3,2025
Ashley Maul,31340,Penn State,,9.875,9.5,,Saturday,22,3,2025
Aurelie Tran,31340,Iowa,9.95,9.9,9.875,9.8,Saturday,22,3,2025
Avery Chambers,31340,Iowa,,,,9.75,Saturday,22,3,2025
Bella Misiura,31340,Penn State,,,9.825,,Saturday,22,3,2025
Cassi Barbanente,31340,Penn State,9.85,,,,Saturday,22,3,2025
Chloe Cho,31340,Illinois,9.85,9.9,9.875,9.85,Saturday,22,3,2025
Dani Latronica,31340,Penn State,9.85,9.875,,,Saturday,22,3,2025
Destiny Denning,31340,Illinois,9.725,,,,Saturday,22,3,2025
Eden King,31340,Illinois,,9.85,9.8,9.825,Saturday,22,3,2025
Elina Vihrova,31340,Penn State,9.7,,,9.75,Saturday,22,3,2025
Elizabeth Leary,31340,Penn State,9.8,9.8,9.825,9.8,Saturday,22,3,2025
Ellie Monahan,31340,Penn State,,,9.7,9.675,Saturday,22,3,2025
Emily Erb,31340,Iowa,,,9.75,,Saturday,22,3,2025
Emmalise Nock,31340,Illinois,,,9.825,,Saturday,22,3,2025
Eva Volpe,31340,Iowa,,9.825,9.85,9.725,Saturday,22,3,2025
Gabrielle Gallentine,31340,Penn State,9.8,,,,Saturday,22,3,2025
Gianna Masella,31340,Iowa,9.75,,,9.8,Saturday,22,3,2025
Gianna Ruffing,31340,Maryland,,,9.8,,Saturday,22,3,2025
Hailey Merchant,31340,Maryland,9.875,,,,Saturday,22,3,2025
Haley Tyson,31340,Iowa,,9.8,9.9,,Saturday,22,3,2025
Hanna Castillo,31340,Iowa,,,9.875,9.825,Saturday,22,3,2025
Ilka Juk,31340,Iowa,9.825,9.925,,,Saturday,22,3,2025
Isabella Salcedo,31340,Penn State,,9.625,,9.75,Saturday,22,3,2025
Kaia Vanney,31340,Iowa,9.675,,,,Saturday,22,3,2025
Kalea McElligott,31340,Penn State,,9.45,,,Saturday,22,3,2025
Karina Munoz,31340,Iowa,9.875,9.775,9.025,9.85,Saturday,22,3,2025
Kennedy Brown,31340,Illinois,9.7,,9.8,9.75,Saturday,22,3,2025
Lauren Brendlinger,31340,Maryland,,8.55,9.85,,Saturday,22,3,2025
Layla Hammer,31340,Maryland,,9.15,,,Saturday,22,3,2025
Logan Buckmon,31340,Maryland,,,,9.8,Saturday,22,3,2025
Maddie Johnston,31340,Penn State,9.85,9.9,,9.825,Saturday,22,3,2025
Maddie Komoroski,31340,Maryland,,9.925,9.825,,Saturday,22,3,2025
Maggie Murphy,31340,Maryland,,,,9.65,Saturday,22,3,2025
Makayla Green,31340,Illinois,9.925,,,,Saturday,22,3,2025
Mareli Muller,31340,Illinois,,,,9.725,Saturday,22,3,2025
Megan Sapp,31340,Illinois,,9.575,,,Saturday,22,3,2025
Natalie Martin,31340,Maryland,,9.825,9.85,9.875,Saturday,22,3,2025
Olivia Coppola,31340,Illinois,,9.85,9.8,9.775,Saturday,22,3,2025
Rayna Engelmayer,31340,Maryland,,9.775,,9.6,Saturday,22,3,2025
Rhea Leblanc,31340,Maryland,9.8,,9.85,9.75,Saturday,22,3,2025
Ruthuja Nataraj,31340,Illinois,,9.875,,,Saturday,22,3,2025
Sarah Saville,31340,Maryland,9.85,,,,Saturday,22,3,2025
Sierra Kondo,31340,Maryland,9.875,,,,Saturday,22,3,2025
Sydney Turner,31340,Iowa,9.875,,,,Saturday,22,3,2025
Tali Joelson,31340,Illinois,,,9.775,,Saturday,22,3,2025
Taylor Rech,31340,Maryland,,,9.8,9.75,Saturday,22,3,2025
Victoria Gatzendorfer,31340,Maryland,9.725,9.8,,,Saturday,22,3,2025
Abbie Thompson,31344,Denver,,9.75,,,Saturday,22,3,2025
Abigayle Martin,31344,Arizona,9.875,9.925,9.8,9.75,Saturday,22,3,2025
Alysen Fears,31344,Arizona,9.875,9.75,9.875,9.825,Saturday,22,3,2025
Amanda Hargraves,31344,Denver,,,,9.775,Saturday,22,3,2025
Amelia Rock,31344,Arizona,,9.825,,,Saturday,22,3,2025
Amelie Morgan,31344,Utah,9.875,9.875,,,Saturday,22,3,2025
Ana Padurariu,31344,Utah,,9.95,,,Saturday,22,3,2025
Ashley Gallen,31344,Denver,,9.75,,,Saturday,22,3,2025
Ashley Glynn,31344,Utah,9.85,,9.85,9.9,Saturday,22,3,2025
Aubrey Krohnfeldt,31344,Arizona,9.85,,,,Saturday,22,3,2025
Avery Neff,31344,Utah,9.85,9.95,9.875,9.825,Saturday,22,3,2025
Bella Mabanta,31344,Denver,,9.875,,9.9,Saturday,22,3,2025
Camie Winger,31344,Utah,,9.925,,,Saturday,22,3,2025
Caroline Lichtman,31344,Arizona State,,9.7,,9.7,Saturday,22,3,2025
Cecilia Cooley,31344,Denver,9.775,9.85,9.825,,Saturday,22,3,2025
Chloe Seaga,31344,Arizona State,,9.7,,,Saturday,22,3,2025
Elena Deets,31344,Arizona,9.875,9.85,,,Saturday,22,3,2025
Elizabeth Larusso,31344,Arizona,,,9.85,9.85,Saturday,22,3,2025
Ella Zirbes,31344,Utah,9.875,,9.875,9.85,Saturday,22,3,2025
Emily Mueller,31344,Arizona,9.8,9.8,9.8,9.75,Saturday,22,3,2025
Emily White,31344,Arizona State,9.775,9.875,9.875,9.75,Saturday,22,3,2025
Emma Strom,31344,Arizona,,,9.725,9.825,Saturday,22,3,2025
Gianna Lenczner,31344,Arizona,,9.775,,,Saturday,22,3,2025
Grace McCallum,31344,Utah,9.825,9.925,9.9,9.9,Saturday,22,3,2025
Halle Gregoire,31344,Arizona State,9.75,,9.8,9.75,Saturday,22,3,2025
Jada Mangahas,31344,Arizona State,9.8,,9.8,9.8,Saturday,22,3,2025
Jaylene Gilstrap,31344,Utah,,,9.875,,Saturday,22,3,2025
Jessa Janicke,31344,Arizona,,,,9.85,Saturday,22,3,2025
Kayla Lee,31344,Arizona State,9.725,9.85,,,Saturday,22,3,2025
Kiley Rorich,31344,Denver,9.825,,9.825,,Saturday,22,3,2025
Kimberly Smith,31344,Arizona State,9.8,9.85,9.65,9.775,Saturday,22,3,2025
Lilia Purler,31344,Arizona State,,,9.75,9.75,Saturday,22,3,2025
Maddison Reidenbach,31344,Denver,,,9.85,9.85,Saturday,22,3,2025
Madison Ulrich,31344,Denver,9.675,9.3,9.75,9.775,Saturday,22,3,2025
Makenna Smith,31344,Utah,9.925,9.3,9.925,9.85,Saturday,22,3,2025
Mia Hebinck,31344,Denver,9.725,,,,Saturday,22,3,2025
Mila Brusch,31344,Denver,,,9.8,9.9,Saturday,22,3,2025
Momoko Iwai,31344,Denver,,9.9,9.85,,Saturday,22,3,2025
Rosie Casali,31344,Denver,9.725,,,9.8,Saturday,22,3,2025
Rylie Mundell,31344,Denver,9.85,,,,Saturday,22,3,2025
Sarah Clark,31344,Arizona State,9.9,9.85,9.775,,Saturday,22,3,2025
Sophie Derr,31344,Arizona,9.6,,9.8,,Saturday,22,3,2025
Zoe Johnson,31344,Utah,,,,9.225,Saturday,22,3,2025
Abigail Kenney,31347,Bridgeport,9.75,9.05,9.7,9.05,Saturday,22,3,2025
Alisha Werlen,31347,Pennsylvania,,9.225,,9.7,Saturday,22,3,2025
Allie Forbes,31347,Yale,,9.675,,,Saturday,22,3,2025
Avery Walters,31347,Brown,9.125,9.75,9.75,,Saturday,22,3,2025
Chloe DeJoy,31347,Yale,9.625,,9.8,,Saturday,22,3,2025
Daisy Fallon,31347,Brown,9.65,,,,Saturday,22,3,2025
Ella Tashjian,31347,Yale,,9.725,9.8,9.65,Saturday,22,3,2025
Ellie Kearns,31347,Yale,9.65,9.625,9.8,9.65,Saturday,22,3,2025
Emily Ford,31347,Brown,8.9,9.325,,,Saturday,22,3,2025
Emily Hernandez,31347,Bridgeport,9.7,9.55,,9.65,Saturday,22,3,2025
Emma Davies,31347,Pennsylvania,,,9.575,,Saturday,22,3,2025
Evangeline Chu,31347,Yale,,9.5,,,Saturday,22,3,2025
Gabby Mautner,31347,Brown,,,,9.625,Saturday,22,3,2025
Gigi Sabatini,31347,Yale,,,,9.65,Saturday,22,3,2025
Gracie Walker,31347,Bridgeport,,,,9.575,Saturday,22,3,2025
Hailey Kriz,31347,Yale,9.625,9.5,,9.775,Saturday,22,3,2025
Hana Strause,31347,Yale,,9.775,9.0,,Saturday,22,3,2025
Hannah Barry,31347,Bridgeport,,9.425,,,Saturday,22,3,2025
Jessica Lin,31347,Brown,,9.6,,9.525,Saturday,22,3,2025
Jordan Barrow,31347,Pennsylvania,9.75,9.875,,9.775,Saturday,22,3,2025
Julia Bedell,31347,Brown,,,9.8,9.725,Saturday,22,3,2025
Lauren Burt,31347,Yale,,,,9.75,Saturday,22,3,2025
Lauren Holt,31347,Yale,9.7,,9.675,,Saturday,22,3,2025
Lauren Luu,31347,Yale,9.8,,,,Saturday,22,3,2025
Lily Aucoin,31347,Yale,8.875,,,9.75,Saturday,22,3,2025
Lindsay Van Eyk,31347,Brown,,9.075,,,Saturday,22,3,2025
Lindsey Yang,31347,Brown,,9.275,9.775,9.45,Saturday,22,3,2025
Liza Marcus,31347,Brown,9.75,9.7,9.625,,Saturday,22,3,2025
Lola Sepulveda,31347,Bridgeport,,,9.675,9.8,Saturday,22,3,2025
Madelyn Viles,31347,Bridgeport,,9.475,9.625,,Saturday,22,3,2025
Manama Fofana,31347,Pennsylvania,,9.85,9.775,9.75,Saturday,22,3,2025
Margaret Coyle,31347,Bridgeport,,,9.75,,Saturday,22,3,2025
Marissa Lassiter,31347,Pennsylvania,9.725,,9.8,9.875,Saturday,22,3,2025
Maya Davis,31347,Brown,9.825,,9.9,,Saturday,22,3,2025
Megan Brueck,31347,Yale,,,9.775,,Saturday,22,3,2025
Mimi Fletcher,31347,Pennsylvania,9.725,9.7,9.7,,Saturday,22,3,2025
Nicole Pujals,31347,Bridgeport,9.075,,,,Saturday,22,3,2025
Nova Staruk,31347,Bridgeport,,,9.575,9.8,Saturday,22,3,2025
Olivia Imbarlina,31347,Bridgeport,9.675,9.8,,,Saturday,22,3,2025
Olivia Vanhorn,31347,Pennsylvania,,,,9.7,Saturday,22,3,2025
Rae Solis,31347,Bridgeport,9.625,,,,Saturday,22,3,2025
Samantha Krenzel,31347,Bridgeport,,9.525,,,Saturday,22,3,2025
Samantha Nokes,31347,Bridgeport,9.75,,,,Saturday,22,3,2025
Samantha Wu,31347,Pennsylvania,,9.7,,,Saturday,22,3,2025
Skyelar Kerico,31347,Pennsylvania,9.9,9.85,9.75,9.925,Saturday,22,3,2025
Skyler Vulchev,31347,Bridgeport,,,9.675,,Saturday,22,3,2025
Sophia Dewar,31347,Brown,9.65,,9.65,9.75,Saturday,22,3,2025
Sophia Paris,31347,Pennsylvania,9.825,,,,Saturday,22,3,2025
Tamyra Singletary,31347,Bridgeport,,,,9.625,Saturday,22,3,2025
Umi El Mammann,31347,Brown,,,,9.725,Saturday,22,3,2025
Zara Gazdak,31347,Pennsylvania,9.8,,9.675,,Saturday,22,3,2025
Abbey Scanlon,31351,California,,9.8,,,Saturday,22,3,2025
Alana Walker,31351,Stanford,,,9.9,,Saturday,22,3,2025
Anapaula Gutierrez,31351,Stanford,9.95,,,9.85,Saturday,22,3,2025
Anna Roberts,31351,Stanford,9.925,9.8,9.95,9.95,Saturday,22,3,2025
Annalise Newman-Achee,31351,California,9.95,,,,Saturday,22,3,2025
Ashley Carter,31351,Stanford,,9.775,,,Saturday,22,3,2025
Ashley Knight,31351,North Carolina State,,,9.9,9.9,Saturday,22,3,2025
Ava Myers,31351,North Carolina State,9.825,,,9.7,Saturday,22,3,2025
Ava Sorrento,31351,Stanford,9.825,,,,Saturday,22,3,2025
Bella Miller,31351,North Carolina,,,9.775,,Saturday,22,3,2025
Brenna Neault,31351,Stanford,9.9,9.85,9.85,9.8,Saturday,22,3,2025
Brooke Smead,31351,North Carolina State,,9.775,,,Saturday,22,3,2025
CJ Keuneke,31351,California,,,9.875,,Saturday,22,3,2025
Caroline Volk,31351,North Carolina State,9.8,9.7,,,Saturday,22,3,2025
Casey Brown,31351,California,9.825,,,9.9,Saturday,22,3,2025
Chloe Negrete,31351,North Carolina State,,9.85,9.8,9.875,Saturday,22,3,2025
Claire Dean,31351,Stanford,,9.85,9.9,,Saturday,22,3,2025
Claire Stippich,31351,North Carolina,9.85,,9.8,,Saturday,22,3,2025
Ella Cesario,31351,California,9.4,9.45,9.775,,Saturday,22,3,2025
Elle Hadrick,31351,North Carolina State,9.9,,9.9,,Saturday,22,3,2025
Elly King,31351,North Carolina,,,,9.775,Saturday,22,3,2025
Gwen Fink,31351,North Carolina,9.9,9.9,,,Saturday,22,3,2025
Isabelle Schaefer,31351,North Carolina,9.875,,,,Saturday,22,3,2025
Jessica Naranjo,31351,North Carolina,,9.85,9.875,,Saturday,22,3,2025
JoJo Valahovic,31351,North Carolina,,9.875,9.9,9.875,Saturday,22,3,2025
Julia Knower,31351,North Carolina,9.825,9.675,9.875,9.875,Saturday,22,3,2025
Kailee Adomaites,31351,North Carolina State,9.85,,,,Saturday,22,3,2025
Katie Harper,31351,North Carolina State,9.9,9.7,9.775,,Saturday,22,3,2025
Kaya Forbes,31351,North Carolina,,,9.9,9.925,Saturday,22,3,2025
Kendra Chang,31351,Stanford,,,,9.8,Saturday,22,3,2025
Krista Zultevicz,31351,North Carolina State,,,9.8,9.85,Saturday,22,3,2025
Kyen Mayhew,31351,California,,,9.925,9.85,Saturday,22,3,2025
Lali Dekanoidze,31351,North Carolina,10.0,,,9.9,Saturday,22,3,2025
Lucy Lehman,31351,North Carolina State,,,,9.775,Saturday,22,3,2025
Madeline Reid,31351,North Carolina State,9.875,,,,Saturday,22,3,2025
Madelyn Williams,31351,California,9.95,9.8,9.95,9.85,Saturday,22,3,2025
Meg Adler,31351,North Carolina State,,9.175,9.825,9.75,Saturday,22,3,2025
Mya Lauzon,31351,California,9.95,9.9,9.95,9.825,Saturday,22,3,2025
Mya Wiley,31351,California,,,,9.85,Saturday,22,3,2025
Neve King,31351,North Carolina,9.85,9.625,,,Saturday,22,3,2025
Ondine Achampong,31351,California,,9.875,,,Saturday,22,3,2025
Paige Prejean,31351,North Carolina,,,,9.85,Saturday,22,3,2025
Peyton Childs,31351,North Carolina State,,9.75,,,Saturday,22,3,2025
Sienna Robinson,31351,Stanford,9.875,9.675,9.9,,Saturday,22,3,2025
Taralyn Nguyen,31351,Stanford,,,9.925,9.975,Saturday,22,3,2025
Taylor Schulze,31351,North Carolina,,9.675,,,Saturday,22,3,2025
Temple Landry,31351,Stanford,,9.9,,,Saturday,22,3,2025
Ui Soma,31351,Stanford,10.0,,,9.7,Saturday,22,3,2025
eMjae Frazier,31351,California,9.95,9.875,9.775,9.85,Saturday,22,3,2025
Abby Mueller,31355,Missouri,,9.725,,,Saturday,22,3,2025
Addison Fatta,31355,Oklahoma,9.925,9.875,9.8,9.875,Saturday,22,3,2025
Addison Lawrence,31355,Missouri,,9.8,,,Saturday,22,3,2025
Aleah Finnegan,31355,LSU,9.95,9.925,9.9,9.9,Saturday,22,3,2025
Alyssa Arana,31355,Florida,9.95,9.775,,,Saturday,22,3,2025
Amari Celestine,31355,Missouri,9.875,9.75,9.925,9.85,Saturday,22,3,2025
Amari Drayton,31355,LSU,,,9.95,9.8,Saturday,22,3,2025
Amy Wier,31355,Missouri,,9.8,,,Saturday,22,3,2025
Anya Pilgrim,31355,Florida,9.9,9.8,,9.925,Saturday,22,3,2025
Ashley Cowan,31355,LSU,9.9,,,,Saturday,22,3,2025
Audrey Davis,31355,Oklahoma,9.975,9.9,9.875,,Saturday,22,3,2025
Ava Siegfeldt,31355,Oklahoma,,9.4,,,Saturday,22,3,2025
Danie Ferris,31355,Florida,,,9.8,9.825,Saturday,22,3,2025
Danielle Sievers,31355,Oklahoma,9.8,,9.8,,Saturday,22,3,2025
Elise Tisler,31355,Missouri,,,9.825,9.8,Saturday,22,3,2025
Elle Mueller,31355,Oklahoma,,,9.85,9.95,Saturday,22,3,2025
Faith Torrez,31355,Oklahoma,9.775,9.925,10.0,9.85,Saturday,22,3,2025
Gabby Disidore,31355,Florida,,,9.85,,Saturday,22,3,2025
Haleigh Bryant,31355,LSU,9.9,9.925,9.95,9.95,Saturday,22,3,2025
Hannah Horton,31355,Missouri,9.875,,9.875,9.775,Saturday,22,3,2025
Helen Hu,31355,Missouri,,9.925,,,Saturday,22,3,2025
Jocelyn Moore,31355,Missouri,9.925,,9.95,9.875,Saturday,22,3,2025
Jordan Bowers,31355,Oklahoma,9.9,9.875,9.95,9.8,Saturday,22,3,2025
KJ Johnson,31355,LSU,,,,9.875,Saturday,22,3,2025
Kailin Chio,31355,LSU,9.95,9.85,9.95,9.9,Saturday,22,3,2025
Keira Wells,31355,Oklahoma,,,,9.9,Saturday,22,3,2025
Kennedy Griffin,31355,Missouri,,,9.95,9.8,Saturday,22,3,2025
Konnor McClain,31355,LSU,9.9,9.9,,,Saturday,22,3,2025
Kylie Coen,31355,LSU,,9.85,9.875,,Saturday,22,3,2025
Kyra Burns,31355,Missouri,9.9,,,,Saturday,22,3,2025
Leanne Wong,31355,Florida,10.0,9.675,9.85,9.875,Saturday,22,3,2025
Lexi Zeiss,31355,LSU,9.875,,,9.9,Saturday,22,3,2025
Lily Pederson,31355,Oklahoma,9.95,9.9,,9.85,Saturday,22,3,2025
Ly Bui,31355,Florida,,,,9.85,Saturday,22,3,2025
Mara Titarsolej,31355,Missouri,10.0,,,,Saturday,22,3,2025
Olivia Kelly,31355,Missouri,9.85,9.85,,9.775,Saturday,22,3,2025
Rayna Light,31355,Missouri,,,9.9,,Saturday,22,3,2025
Riley McCusker,31355,Florida,10.0,,,,Saturday,22,3,2025
Selena Harris-Miranda,31355,Florida,9.95,9.825,9.9,10.0,Saturday,22,3,2025
Sierra Ballard,31355,LSU,,9.85,9.775,,Saturday,22,3,2025
Skye Blakely,31355,Florida,9.95,,,,Saturday,22,3,2025
Skylar Draser,31355,Florida,,9.85,,,Saturday,22,3,2025
Taylor Clark,31355,Florida,,,9.9,,Saturday,22,3,2025
Victoria Nguyen,31355,Florida,,9.85,9.875,9.85,Saturday,22,3,2025
Alexa Rothenbuescher,31359,Maryland,9.85,9.55,,9.75,Wednesday,2,4,2025
Amber Lowe,31359,West Virginia,9.75,9.7,9.7,,Wednesday,2,4,2025
Anna Leigh,31359,West Virginia,9.7,9.8,9.875,,Wednesday,2,4,2025
Brooke Alban,31359,West Virginia,8.9,,9.775,9.675,Wednesday,2,4,2025
Brooke Irwin,31359,West Virginia,9.7,,,,Wednesday,2,4,2025
Carlee Nelson,31359,West Virginia,,9.725,,9.65,Wednesday,2,4,2025
Eden Webster,31359,West Virginia,,9.825,,,Wednesday,2,4,2025
Emerson Smith,31359,West Virginia,,,9.775,9.8,Wednesday,2,4,2025
Gianna Ruffing,31359,Maryland,,,9.8,,Wednesday,2,4,2025
Hailey Merchant,31359,Maryland,9.825,,,,Wednesday,2,4,2025
Jayden McDonnell,31359,West Virginia,9.675,,,,Wednesday,2,4,2025
Julia Brown,31359,West Virginia,,9.9,,,Wednesday,2,4,2025
Karleigh DiCello,31359,West Virginia,,9.775,,9.725,Wednesday,2,4,2025
Lauren Brendlinger,31359,Maryland,,9.75,9.85,,Wednesday,2,4,2025
Layla Hammer,31359,Maryland,,9.725,,,Wednesday,2,4,2025
Logan Buckmon,31359,Maryland,,,,9.75,Wednesday,2,4,2025
Maddie Komoroski,31359,Maryland,,9.9,9.85,,Wednesday,2,4,2025
Natalie Martin,31359,Maryland,,9.85,,9.85,Wednesday,2,4,2025
Rayna Engelmayer,31359,Maryland,,,,9.725,Wednesday,2,4,2025
Rhea Leblanc,31359,Maryland,9.8,,9.9,9.625,Wednesday,2,4,2025
Riley Maness,31359,West Virginia,,,9.8,,Wednesday,2,4,2025
Sarah Saville,31359,Maryland,9.85,,,,Wednesday,2,4,2025
Sophia Rice,31359,West Virginia,,,9.825,9.75,Wednesday,2,4,2025
Tasha Brozowski,31359,Maryland,9.8,,,,Wednesday,2,4,2025
Taylor Rech,31359,Maryland,,,9.85,9.775,Wednesday,2,4,2025
Taylor Tuohy,31359,West Virginia,,,,9.75,Wednesday,2,4,2025
Trinity Macy,31359,West Virginia,9.725,,,,Wednesday,2,4,2025
Victoria Gatzendorfer,31359,Maryland,9.825,9.775,,,Wednesday,2,4,2025
Addison Glazier,31362,BYU,9.825,,,,Wednesday,2,4,2025
Alilah Alvarado,31362,BYU,9.75,,,,Wednesday,2,4,2025
Angel Stuart,31362,Utah State,,,9.75,,Wednesday,2,4,2025
Anna Bramblett-Wilde,31362,BYU,9.2,,,,Wednesday,2,4,2025
Ava Jorgensen,31362,BYU,9.775,,,9.825,Wednesday,2,4,2025
Avery Bibbey,31362,Utah State,9.75,,,,Wednesday,2,4,2025
Brianna Brooks,31362,Utah State,9.8,9.8,,9.7,Wednesday,2,4,2025
Brynlee Andersen,31362,BYU,,9.9,9.65,,Wednesday,2,4,2025
Chloee Hoke,31362,BYU,,9.85,,,Wednesday,2,4,2025
Dani Kirstine,31362,Utah State,9.775,,,,Wednesday,2,4,2025
Deb Silva,31362,BYU,,9.775,,9.8,Wednesday,2,4,2025
Eliza Millar-Crossman,31362,BYU,,9.775,9.0,,Wednesday,2,4,2025
Heidi Schooley-Meyers,31362,BYU,,,9.85,,Wednesday,2,4,2025
Isabella Vater,31362,Utah State,,9.75,9.025,,Wednesday,2,4,2025
Jenna Eagles,31362,Utah State,,9.775,9.725,9.75,Wednesday,2,4,2025
Kaylie Medrano,31362,Utah State,,9.2,9.75,9.8,Wednesday,2,4,2025
Kylie Eaquinto,31362,BYU,9.825,,9.875,9.825,Wednesday,2,4,2025
Lundyn Vander Toolen,31362,Utah State,9.8,,,9.775,Wednesday,2,4,2025
Marley Peterson,31362,Utah State,,,9.75,,Wednesday,2,4,2025
Melissa Earl,31362,BYU,,,,9.7,Wednesday,2,4,2025
Mina Margraf-Benson,31362,BYU,,9.775,,,Wednesday,2,4,2025
Mya Kirkham,31362,BYU,9.775,,,9.775,Wednesday,2,4,2025
Mya Witte,31362,Utah State,,9.825,,,Wednesday,2,4,2025
Olivia Matern,31362,BYU,,,9.8,,Wednesday,2,4,2025
Olivia Orengo,31362,Utah State,9.775,,,8.975,Wednesday,2,4,2025
Payton Gatzlaff,31362,Utah State,,,,9.8,Wednesday,2,4,2025
Sophie Dudley,31362,BYU,,9.7,9.8,9.725,Wednesday,2,4,2025
Sydney Jelen,31362,Utah State,9.8,9.55,,,Wednesday,2,4,2025
Allison Kaempfer,31369,Penn State,,,9.75,9.8,Thursday,3,4,2025
Alyssa Kramer,31369,Penn State,,,9.85,,Thursday,3,4,2025
Amy Doyle,31369,Michigan State,9.85,,,9.85,Thursday,3,4,2025
Annie Reigert,31369,Kentucky,9.825,,,,Thursday,3,4,2025
Ashley Maul,31369,Penn State,,9.8,9.775,,Thursday,3,4,2025
Bella Misiura,31369,Penn State,,,9.8,,Thursday,3,4,2025
Cady Duplissis,31369,Michigan State,,9.775,,,Thursday,3,4,2025
Cameron Smith,31369,Ohio State,,9.75,,9.9,Thursday,3,4,2025
Cassi Barbanente,31369,Penn State,9.75,,,,Thursday,3,4,2025
Cecily Rizo,31369,Kentucky,9.8,,9.825,9.8,Thursday,3,4,2025
Chesney Bennett,31369,Kentucky,,9.9,,,Thursday,3,4,2025
Clara Hong,31369,Towson,,9.5,,,Thursday,3,4,2025
Creslyn Brose,31369,Kentucky,,9.675,9.95,,Thursday,3,4,2025
Dani Latronica,31369,Penn State,9.8,9.85,,,Thursday,3,4,2025
Deana Sheremeta,31369,George Washington,,9.15,9.825,,Thursday,3,4,2025
Delaney DeHaan,31369,George Washington,9.1,9.825,9.85,9.825,Thursday,3,4,2025
Delanie Harkness,31369,Michigan State,9.825,9.85,9.9,,Thursday,3,4,2025
Delaynee Rodriguez,31369,Kentucky,9.9,9.85,9.575,9.85,Thursday,3,4,2025
Elina Vihrova,31369,Penn State,9.775,,,9.725,Thursday,3,4,2025
Elizabeth Cesarone,31369,Pittsburgh,,,,9.8,Thursday,3,4,2025
Elizabeth Leary,31369,Penn State,9.825,9.85,9.85,9.85,Thursday,3,4,2025
Elle Beaufait,31369,Michigan State,,,9.85,,Thursday,3,4,2025
Ellie Monahan,31369,Penn State,,,,9.75,Thursday,3,4,2025
Emma Misenheimer,31369,Michigan State,,9.75,,,Thursday,3,4,2025
Gabrielle Gallentine,31369,Penn State,9.825,,,,Thursday,3,4,2025
Gabrielle Stephen,31369,Michigan State,9.95,9.9,9.9,10.0,Thursday,3,4,2025
Grace Walker,31369,Ohio State,9.825,9.7,,,Thursday,3,4,2025
Isabella Magnelli,31369,Kentucky,,9.95,9.875,9.875,Thursday,3,4,2025
Isabella Minervini,31369,Towson,9.9,9.8,9.85,9.8,Thursday,3,4,2025
Isabella Rivelli,31369,Kentucky,9.9,,,,Thursday,3,4,2025
Isabella Salcedo,31369,Penn State,,9.825,,9.725,Thursday,3,4,2025
Jillian Procasky,31369,Kentucky,9.925,,9.85,9.9,Thursday,3,4,2025
Jojo Warga,31369,Ohio State,,9.825,,,Thursday,3,4,2025
Kaitlyn Grimes,31369,Ohio State,,,9.85,9.85,Thursday,3,4,2025
Kalea McElligott,31369,Penn State,,9.825,9.875,,Thursday,3,4,2025
Karleigh Reutzel,31369,Ohio State,9.75,,,9.775,Thursday,3,4,2025
Kate Parks,31369,Ohio State,9.75,,,,Thursday,3,4,2025
Kendall Whitman,31369,George Washington,,,9.85,,Thursday,3,4,2025
Lola Montevago,31369,George Washington,9.85,,,,Thursday,3,4,2025
MaKayla Tucker,31369,Michigan State,,,9.825,9.85,Thursday,3,4,2025
Maddie Johnston,31369,Penn State,9.025,9.75,,9.825,Thursday,3,4,2025
Maisyn Rader,31369,Ohio State,9.825,9.8,9.75,,Thursday,3,4,2025
Makenzie Wilson,31369,Kentucky,,,,9.9,Thursday,3,4,2025
Mallory Gregory,31369,Ohio State,,,9.75,,Thursday,3,4,2025
Nikki Smith,31369,Michigan State,9.925,9.875,9.9,9.85,Thursday,3,4,2025
Olivia Zsarmani,31369,Michigan State,9.85,,,9.9,Thursday,3,4,2025
Rylee Guevara,31369,Ohio State,,9.8,9.85,9.75,Thursday,3,4,2025
Sage Kellerman,31369,Michigan State,9.875,,,9.925,Thursday,3,4,2025
Sharon Lee,31369,Kentucky,,9.75,,,Thursday,3,4,2025
Sidney Washington,31369,Ohio State,9.8,,9.8,9.85,Thursday,3,4,2025
Skyla Schulte,31369,Michigan State,,9.85,9.85,,Thursday,3,4,2025
Skylar Killough-Wilhelm,31369,Kentucky,9.875,9.9,9.9,9.825,Thursday,3,4,2025
Tory Vetter,31369,Ohio State,9.8,9.9,9.85,9.85,Thursday,3,4,2025
Anna Pagliaro,31370,Rutgers,,9.725,,9.725,Thursday,3,4,2025
Avery Balser,31370,Rutgers,9.75,,,,Thursday,3,4,2025
Brie Clark,31370,Clemson,,9.75,9.9,,Thursday,3,4,2025
Delaney Adrian,31370,Rutgers,8.925,9.1,9.825,9.725,Thursday,3,4,2025
Donna Uhlenberg,31370,Rutgers,9.65,,,,Thursday,3,4,2025
Elia Aird,31370,Rutgers,,,9.775,9.75,Thursday,3,4,2025
Elliot Goldsmith,31370,Rutgers,,,9.825,,Thursday,3,4,2025
Eve Jackson,31370,Clemson,9.725,,9.9,9.625,Thursday,3,4,2025
Gabrielle Dildy,31370,Rutgers,,8.9,9.85,9.75,Thursday,3,4,2025
Ginger Richards,31370,Rutgers,9.775,,,,Thursday,3,4,2025
Hannah Clark,31370,Clemson,9.825,9.75,,,Thursday,3,4,2025
Jackie Manifold,31370,Rutgers,,9.7,,,Thursday,3,4,2025
Kate Bryant,31370,Clemson,8.85,,,9.625,Thursday,3,4,2025
Keeley Smith,31370,Rutgers,9.75,,,,Thursday,3,4,2025
Kielyn McCright,31370,Clemson,,9.025,,,Thursday,3,4,2025
Lauren Rutherford,31370,Clemson,9.775,,,,Thursday,3,4,2025
Lisa Chevaire,31370,Rutgers,,,9.725,9.775,Thursday,3,4,2025
Madison Minner,31370,Clemson,,,9.825,9.775,Thursday,3,4,2025
Maggie Holman,31370,Clemson,,,9.85,9.75,Thursday,3,4,2025
Matis Rains,31370,Rutgers,,9.1,,,Thursday,3,4,2025
Maya Jones,31370,Rutgers,,,9.775,,Thursday,3,4,2025
Molly Arnold,31370,Clemson,,,9.8,,Thursday,3,4,2025
Quinn Kuhl,31370,Clemson,9.75,9.675,,9.65,Thursday,3,4,2025
Rachael Riley,31370,Rutgers,,9.8,,9.725,Thursday,3,4,2025
Reagan Schenkel,31370,Rutgers,9.75,,,,Thursday,3,4,2025
Sierra Church,31370,Clemson,,9.825,,,Thursday,3,4,2025
Takoda Berry,31370,Clemson,9.65,,,,Thursday,3,4,2025
Tara Walsh,31370,Clemson,,9.8,,9.8,Thursday,3,4,2025
Alana Kim,31372,UC Davis,,,,9.575,Thursday,3,4,2025
Amelia Knight,31372,Illinois,9.775,,,,Thursday,3,4,2025
Amelia Moneymaker,31372,UC Davis,9.8,9.775,9.9,9.7,Thursday,3,4,2025
Arielle Ward,31372,Illinois,9.8,,,9.675,Thursday,3,4,2025
Ava Scafani,31372,UC Davis,9.7,,,,Thursday,3,4,2025
Avah Reichow,31372,UC Davis,,,9.725,9.575,Thursday,3,4,2025
Ayumi Oshiro,31372,UC Davis,8.85,9.875,9.8,,Thursday,3,4,2025
Chloe Cho,31372,Illinois,9.9,9.85,,9.75,Thursday,3,4,2025
Destiny Denning,31372,Illinois,9.775,,,,Thursday,3,4,2025
Eden King,31372,Illinois,,9.75,9.9,9.8,Thursday,3,4,2025
Eleanor Wyly,31372,UC Davis,,9.175,9.625,9.7,Thursday,3,4,2025
Emmalise Nock,31372,Illinois,,,9.575,,Thursday,3,4,2025
Isabella Fitz-Gerald,31372,UC Davis,9.05,,,,Thursday,3,4,2025
Jehaan Poonja,31372,UC Davis,,9.775,,,Thursday,3,4,2025
Keanna Abraham,31372,UC Davis,,8.9,9.825,9.8,Thursday,3,4,2025
Kennedy Brown,31372,Illinois,9.7,,9.75,,Thursday,3,4,2025
Lyden Saltness,31372,Illinois,,9.75,,,Thursday,3,4,2025
Makayla Green,31372,Illinois,9.925,,,,Thursday,3,4,2025
Mareli Muller,31372,Illinois,,,,9.75,Thursday,3,4,2025
McKenna Knecht,31372,UC Davis,9.7,,,,Thursday,3,4,2025
Megan Ray,31372,UC Davis,,9.8,9.85,9.75,Thursday,3,4,2025
Megan Sapp,31372,Illinois,,9.725,,,Thursday,3,4,2025
Milla Gideon,31372,UC Davis,9.775,,,,Thursday,3,4,2025
Mya Gordon,31372,Illinois,,,9.4,,Thursday,3,4,2025
Olivia Coppola,31372,Illinois,,9.725,9.8,9.65,Thursday,3,4,2025
Ruthuja Nataraj,31372,Illinois,,9.725,,,Thursday,3,4,2025
Tali Joelson,31372,Illinois,,,9.775,9.725,Thursday,3,4,2025
Alex Routsis,31378,Southern Utah,9.8,,,,Thursday,3,4,2025
Alyssa Fernandez,31378,Southern Utah,,,9.8,,Thursday,3,4,2025
Alyssa Vulaj,31378,Boise State,,9.775,9.725,9.875,Thursday,3,4,2025
Ava Stewart,31378,Minnesota,9.9,9.85,,9.8,Thursday,3,4,2025
Blake Pascal,31378,Boise State,,,9.75,,Thursday,3,4,2025
Bridget Kemp,31378,Boise State,,,9.6,9.75,Thursday,3,4,2025
Brinlee Christensen,31378,Southern Utah,9.8,9.675,9.825,9.775,Thursday,3,4,2025
Brooklyn Moors,31378,UCLA,,,9.95,9.925,Thursday,3,4,2025
Brooklyn Rowray,31378,Minnesota,,9.9,,,Thursday,3,4,2025
Carly Buell,31378,Boise State,9.025,,,,Thursday,3,4,2025
Chae Campbell,31378,UCLA,9.8,9.85,9.925,9.875,Thursday,3,4,2025
Ciena Alipio,31378,UCLA,,9.9,,,Thursday,3,4,2025
Elaina McGovern,31378,Boise State,,,9.775,,Thursday,3,4,2025
Ellie Cacciola,31378,Southern Utah,,9.85,9.9,9.775,Thursday,3,4,2025
Ellie Thomson,31378,Southern Utah,,,,9.75,Thursday,3,4,2025
Elliot Bringhurst,31378,Southern Utah,,9.825,,,Thursday,3,4,2025
Emily Koch,31378,Minnesota,,9.85,9.85,,Thursday,3,4,2025
Emily Lee,31378,UCLA,,9.9,,9.85,Thursday,3,4,2025
Emily Lopez,31378,Boise State,9.9,9.05,,9.875,Thursday,3,4,2025
Emma Loyim,31378,Boise State,,9.75,9.75,,Thursday,3,4,2025
Emma Malabuyo,31378,UCLA,9.9,9.9,9.75,,Thursday,3,4,2025
Frederique Sgarbossa,31378,Iowa State,9.7,,,,Thursday,3,4,2025
Frida Esparza,31378,UCLA,9.9,,,,Thursday,3,4,2025
Haylee Hardin,31378,Iowa State,,,9.825,,Thursday,3,4,2025
Isabella Neff,31378,Southern Utah,9.825,,,,Thursday,3,4,2025
Jordan Chiles,31378,UCLA,9.725,9.95,9.975,9.95,Thursday,3,4,2025
Jordyn Lyden,31378,Minnesota,9.9,9.875,,,Thursday,3,4,2025
Josie Bergstrom-Te Slaa,31378,Iowa State,9.725,9.575,8.775,9.825,Thursday,3,4,2025
Julia Kryzwanski,31378,Boise State,,,,9.775,Thursday,3,4,2025
Katelyn Rosen,31378,UCLA,9.85,9.825,9.8,,Thursday,3,4,2025
Kristina Shchennikova,31378,Boise State,9.825,9.8,,,Thursday,3,4,2025
Lauren Pearl,31378,Minnesota,,9.85,9.85,9.775,Thursday,3,4,2025
Leah Gonsiorowski,31378,Minnesota,,,9.875,,Thursday,3,4,2025
Mackenzie Kelly,31378,Southern Utah,,,,9.8,Thursday,3,4,2025
Madison Gustitus,31378,San Jose State,,9.8,,,Thursday,3,4,2025
Maggie Slife,31378,Air Force,9.9,9.9,9.85,9.85,Thursday,3,4,2025
Mahleea Werline,31378,Boise State,9.275,,,,Thursday,3,4,2025
Maria Ferguson,31378,Southern Utah,9.8,9.45,,,Thursday,3,4,2025
Marissa Jencks,31378,Minnesota,9.85,,9.85,,Thursday,3,4,2025
McCauley Harrington,31378,Minnesota,9.7,,,,Thursday,3,4,2025
Megan Steensland,31378,Minnesota,,,,9.825,Thursday,3,4,2025
Mia Hampton,31378,Southern Utah,9.85,,9.8,9.875,Thursday,3,4,2025
Mika Webster-Longin,31378,UCLA,9.85,,9.85,9.85,Thursday,3,4,2025
Mya Hooten,31378,Minnesota,9.875,,9.925,9.85,Thursday,3,4,2025
Niya Randolph,31378,Southern Utah,9.8,9.875,9.85,9.875,Thursday,3,4,2025
Noelle Adams,31378,Iowa State,,,9.775,,Thursday,3,4,2025
Noelle Ball,31378,Boise State,9.75,,,9.8,Thursday,3,4,2025
Paige Anastasi,31378,UCLA,,,,9.725,Thursday,3,4,2025
Rylee Miller,31378,Southern Utah,,9.875,,,Thursday,3,4,2025
Sarah Moraw,31378,Minnesota,,9.75,,9.875,Thursday,3,4,2025
Sophie Swartzmiller,31378,Minnesota,,,9.85,,Thursday,3,4,2025
Sydney Kho,31378,Boise State,,9.725,,9.7,Thursday,3,4,2025
Sydney Leitch,31378,Boise State,9.875,9.65,9.775,,Thursday,3,4,2025
Taylor Gull,31378,Southern Utah,,,9.825,,Thursday,3,4,2025
Teryn Crump,31378,Minnesota,9.85,,,9.8,Thursday,3,4,2025
Aleah Finnegan,31386,LSU,9.9,9.95,9.925,9.85,Thursday,3,4,2025
Alexa Rothenbuescher,31386,Maryland,9.775,9.725,9.9,9.725,Thursday,3,4,2025
Alyssa Guns,31386,Kent State,,,9.725,,Thursday,3,4,2025
Amari Drayton,31386,LSU,,,9.9,9.9,Thursday,3,4,2025
Anna Leigh,31386,West Virginia,,,9.9,,Thursday,3,4,2025
Ashley Cowan,31386,LSU,9.925,,,,Thursday,3,4,2025
Audrey Sanger,31386,Michigan,,,9.775,,Thursday,3,4,2025
Ava Jordan,31386,Michigan,9.85,,,9.85,Thursday,3,4,2025
Cally Swaney,31386,Arkansas,9.9,9.675,,,Thursday,3,4,2025
Cami Weaver,31386,Arkansas,,9.825,,9.9,Thursday,3,4,2025
Carly Bauman,31386,Michigan,9.95,9.85,9.875,,Thursday,3,4,2025
Charlie Behner,31386,Kent State,,,,9.75,Thursday,3,4,2025
Dakota Essenpries,31386,Arkansas,,,,9.9,Thursday,3,4,2025
Frankie Price,31386,Arkansas,,,6.3,9.85,Thursday,3,4,2025
Hailey Klein,31386,Arkansas,,,9.85,9.8,Thursday,3,4,2025
Hailey Merchant,31386,Maryland,9.875,,,,Thursday,3,4,2025
Haleigh Bryant,31386,LSU,9.875,9.9,9.9,9.9,Thursday,3,4,2025
Haylen Zabrowski,31386,Michigan,9.775,,,,Thursday,3,4,2025
Heidi Schultz,31386,Kent State,,9.8,,,Thursday,3,4,2025
Ja'Leigh Lang,31386,Arkansas,,,,9.9,Thursday,3,4,2025
Jacey Vore,31386,Michigan,9.75,9.8,,,Thursday,3,4,2025
Jahzara Ranger,31386,Michigan,,9.75,9.9,9.75,Thursday,3,4,2025
Jenna Mulligan,31386,Michigan,,9.775,,9.875,Thursday,3,4,2025
Joscelyn Roberson,31386,Arkansas,9.875,9.925,9.925,9.875,Thursday,3,4,2025
KJ Johnson,31386,LSU,,,,9.9,Thursday,3,4,2025
Kailin Chio,31386,LSU,9.9,9.9,9.925,9.9,Thursday,3,4,2025
Kaitlyn Ewald,31386,Arkansas,9.9,,,,Thursday,3,4,2025
Kalyxta Gamiao,31386,Arkansas,,9.9,9.85,,Thursday,3,4,2025
Karleigh DiCello,31386,West Virginia,,9.8,,9.825,Thursday,3,4,2025
Kayli Boozer,31386,Michigan,,9.85,,9.8,Thursday,3,4,2025
Konnor McClain,31386,LSU,9.9,9.9,,,Thursday,3,4,2025
Kylie Coen,31386,LSU,,9.875,9.875,,Thursday,3,4,2025
Lauren Brendlinger,31386,Maryland,,9.775,9.825,,Thursday,3,4,2025
Layla Hammer,31386,Maryland,,9.125,,,Thursday,3,4,2025
Lexi Zeiss,31386,LSU,9.9,,,9.9,Thursday,3,4,2025
Logan Buckmon,31386,Maryland,,,,9.8,Thursday,3,4,2025
Maddie Jones,31386,Arkansas,9.95,,9.925,,Thursday,3,4,2025
Maddie Komoroski,31386,Maryland,,9.95,9.85,,Thursday,3,4,2025
Maggie Murphy,31386,Maryland,,,,9.875,Thursday,3,4,2025
Mati Waligora,31386,Arkansas,9.9,9.025,9.925,,Thursday,3,4,2025
Mimi Fletcher,31386,Pennsylvania,,9.625,,,Thursday,3,4,2025
Natalie Martin,31386,Maryland,,9.9,9.875,9.85,Thursday,3,4,2025
Peyton Davis,31386,Michigan,,,9.875,9.85,Thursday,3,4,2025
Priscilla Park,31386,Arkansas,9.75,9.8,,,Thursday,3,4,2025
Rayna Engelmayer,31386,Maryland,,,,9.8,Thursday,3,4,2025
Rhea Leblanc,31386,Maryland,9.8,,9.85,,Thursday,3,4,2025
Sarah Saville,31386,Maryland,9.9,,,,Thursday,3,4,2025
Sierra Ballard,31386,LSU,,9.85,9.9,,Thursday,3,4,2025
Sierra Kondo,31386,Maryland,9.775,,,,Thursday,3,4,2025
Skyelar Kerico,31386,Pennsylvania,9.825,9.925,9.9,9.8,Thursday,3,4,2025
Sophia Diaz,31386,Michigan,9.9,,9.9,9.95,Thursday,3,4,2025
Sophia Rice,31386,West Virginia,,,,9.8,Thursday,3,4,2025
Sophie Parenti,31386,Michigan,9.8,9.8,9.825,,Thursday,3,4,2025
Taylor Rech,31386,Maryland,,,9.85,9.9,Thursday,3,4,2025
Victoria Gatzendorfer,31386,Maryland,9.85,9.725,,,Thursday,3,4,2025
Abbie Thompson,31394,Denver,,9.9,,,Thursday,3,4,2025
Abby Brushwood,31394,Eastern Michigan,,,9.85,,Thursday,3,4,2025
Addison Glazier,31394,BYU,9.8,,,,Thursday,3,4,2025
Alana Walker,31394,Stanford,,,9.9,,Thursday,3,4,2025
Alilah Alvarado,31394,BYU,9.8,,,,Thursday,3,4,2025
Amanda Hargraves,31394,Denver,,,,9.825,Thursday,3,4,2025
Amelie Morgan,31394,Utah,9.9,9.9,,,Thursday,3,4,2025
Ana Padurariu,31394,Utah,,9.8,,,Thursday,3,4,2025
Anapaula Gutierrez,31394,Stanford,9.825,,,9.85,Thursday,3,4,2025
Anna Bramblett-Wilde,31394,BYU,7.925,,,9.8,Thursday,3,4,2025
Anna Roberts,31394,Stanford,9.85,9.875,9.9,9.9,Thursday,3,4,2025
Ashley Carter,31394,Stanford,,9.15,,,Thursday,3,4,2025
Ashley Gallen,31394,Denver,,9.85,,,Thursday,3,4,2025
Ashley Glynn,31394,Utah,9.85,,9.85,9.825,Thursday,3,4,2025
Ava Jorgensen,31394,BYU,9.85,,,9.825,Thursday,3,4,2025
Avery Bibbey,31394,Utah State,9.825,,,,Thursday,3,4,2025
Avery Neff,31394,Utah,9.9,9.9,9.9,9.95,Thursday,3,4,2025
Bella Mabanta,31394,Denver,,9.9,9.875,9.9,Thursday,3,4,2025
Brenna Neault,31394,Stanford,9.825,9.775,9.825,9.85,Thursday,3,4,2025
Brianna Brooks,31394,Utah State,9.9,9.875,,,Thursday,3,4,2025
Brynlee Andersen,31394,BYU,,9.9,9.85,,Thursday,3,4,2025
Camie Winger,31394,Utah,,9.7,,,Thursday,3,4,2025
Cecilia Cooley,31394,Denver,9.85,9.9,9.875,,Thursday,3,4,2025
Chloee Hoke,31394,BYU,,9.875,,,Thursday,3,4,2025
Claire Dean,31394,Stanford,,9.325,9.825,,Thursday,3,4,2025
Deb Silva,31394,BYU,,9.825,,9.8,Thursday,3,4,2025
Eliza Millar-Crossman,31394,BYU,,9.8,9.75,,Thursday,3,4,2025
Ella Zirbes,31394,Utah,9.85,,9.875,9.85,Thursday,3,4,2025
Grace McCallum,31394,Utah,10.0,9.75,9.95,9.8,Thursday,3,4,2025
Heidi Schooley-Meyers,31394,BYU,,,9.8,,Thursday,3,4,2025
Jaylene Gilstrap,31394,Utah,,,9.9,,Thursday,3,4,2025
Kendra Chang,31394,Stanford,8.85,,,9.75,Thursday,3,4,2025
Kiley Rorich,31394,Denver,9.9,,9.85,,Thursday,3,4,2025
Kylie Eaquinto,31394,BYU,9.85,,9.85,9.825,Thursday,3,4,2025
Lundyn Vander Toolen,31394,Utah State,9.8,,,,Thursday,3,4,2025
Maddison Reidenbach,31394,Denver,,,,9.9,Thursday,3,4,2025
Madison Ulrich,31394,Denver,9.9,9.85,9.9,9.925,Thursday,3,4,2025
Makenna Smith,31394,Utah,9.85,9.825,9.95,9.85,Thursday,3,4,2025
Maya Davis,31394,Brown,,,9.825,,Thursday,3,4,2025
Mia Hebinck,31394,Denver,9.825,,,,Thursday,3,4,2025
Mila Brusch,31394,Denver,,,9.725,9.825,Thursday,3,4,2025
Mina Margraf-Benson,31394,BYU,,9.7,,,Thursday,3,4,2025
Momoko Iwai,31394,Denver,,9.85,9.85,,Thursday,3,4,2025
Mya Kirkham,31394,BYU,9.25,,,9.825,Thursday,3,4,2025
Olivia Matern,31394,BYU,,,9.825,,Thursday,3,4,2025
Raisa Boris,31394,Eastern Michigan,9.8,9.7,9.775,9.75,Thursday,3,4,2025
Rosie Casali,31394,Denver,9.85,,,9.95,Thursday,3,4,2025
Rylie Mundell,31394,Denver,9.9,,,,Thursday,3,4,2025
Sienna Robinson,31394,Stanford,9.9,9.775,9.8,,Thursday,3,4,2025
Sophie Dudley,31394,BYU,,9.75,9.85,9.85,Thursday,3,4,2025
Sydney Jelen,31394,Utah State,,9.85,,,Thursday,3,4,2025
Taralyn Nguyen,31394,Stanford,,,9.9,9.825,Thursday,3,4,2025
Temple Landry,31394,Stanford,,9.85,,,Thursday,3,4,2025
Ui Soma,31394,Stanford,9.9,,,9.825,Thursday,3,4,2025
Zoe Johnson,31394,Utah,,,,9.925,Thursday,3,4,2025
Abbey Scanlon,31395,California,,9.275,,,Friday,4,4,2025
Adeline Kenlin,31395,Iowa,,9.9,,,Friday,4,4,2025
Aine Reade,31395,New Hampshire,,,9.9,,Friday,4,4,2025
Annalise Newman-Achee,31395,California,9.825,,,,Friday,4,4,2025
Anne Challman,31395,New Hampshire,,,9.825,,Friday,4,4,2025
Ashley Szymanski,31395,Ball State,9.775,,,,Friday,4,4,2025
Aurelie Tran,31395,Iowa,9.825,9.85,9.8,9.8,Friday,4,4,2025
Avery Chambers,31395,Iowa,,,,9.7,Friday,4,4,2025
Bella Miller,31395,North Carolina,,,9.8,,Friday,4,4,2025
CJ Keuneke,31395,California,,,9.8,,Friday,4,4,2025
Casey Brown,31395,California,9.9,,,9.775,Friday,4,4,2025
Cassie St. Clair,31395,Western Michigan,,,9.85,,Friday,4,4,2025
Chloe LaCoursiere,31395,Alabama,9.9,9.85,,,Friday,4,4,2025
Claire Stippich,31395,North Carolina,9.8,9.875,9.15,,Friday,4,4,2025
Corinne Bunagan,31395,Alabama,,,,9.9,Friday,4,4,2025
Ella Cesario,31395,California,9.875,9.875,9.875,,Friday,4,4,2025
Elly King,31395,North Carolina,,,9.825,9.825,Friday,4,4,2025
Eva Volpe,31395,Iowa,,9.725,9.85,9.6,Friday,4,4,2025
Gabby Gladieux,31395,Alabama,9.8,9.875,9.95,9.775,Friday,4,4,2025
Gabby Ladanyi,31395,Alabama,,9.825,,,Friday,4,4,2025
Gianna Masella,31395,Iowa,9.75,,,9.75,Friday,4,4,2025
Gwen Fink,31395,North Carolina,9.825,9.9,,,Friday,4,4,2025
Haley Tyson,31395,Iowa,,9.8,9.8,,Friday,4,4,2025
Halle Faulkner,31395,Western Michigan,,,,9.8,Friday,4,4,2025
Hanna Castillo,31395,Iowa,,,9.875,9.8,Friday,4,4,2025
Ilka Juk,31395,Iowa,9.75,9.825,,,Friday,4,4,2025
Isabelle Schaefer,31395,North Carolina,9.85,,,,Friday,4,4,2025
Jamison Sears,31395,Alabama,,,9.925,,Friday,4,4,2025
JoJo Valahovic,31395,North Carolina,,9.9,9.65,9.8,Friday,4,4,2025
Jordyn Paradise,31395,Alabama,9.85,,,9.825,Friday,4,4,2025
Julia Knower,31395,North Carolina,9.725,9.825,9.8,9.8,Friday,4,4,2025
Kaia Vanney,31395,Iowa,9.675,,,,Friday,4,4,2025
Karina Munoz,31395,Iowa,9.75,9.1,9.85,9.8,Friday,4,4,2025
Karis German,31395,Alabama,,,,9.75,Friday,4,4,2025
Kaya Forbes,31395,North Carolina,,,9.825,9.875,Friday,4,4,2025
Kiera O'Shea,31395,Northern Illinois,,,,9.575,Friday,4,4,2025
Kyen Mayhew,31395,California,,,9.8,9.85,Friday,4,4,2025
Kylee Kvamme,31395,Alabama,,,,9.8,Friday,4,4,2025
Lali Dekanoidze,31395,North Carolina,9.225,,,9.825,Friday,4,4,2025
Lilly Hudson,31395,Alabama,9.75,9.85,9.95,9.85,Friday,4,4,2025
Madelyn Williams,31395,California,9.95,9.9,9.9,9.875,Friday,4,4,2025
Mya Lauzon,31395,California,9.9,9.95,9.95,9.775,Friday,4,4,2025
Mya Wiley,31395,California,,,,9.85,Friday,4,4,2025
Neve King,31395,North Carolina,9.7,9.825,,,Friday,4,4,2025
Ondine Achampong,31395,California,,9.9,,,Friday,4,4,2025
Paige Prejean,31395,North Carolina,,,,9.8,Friday,4,4,2025
Paityn Walker,31395,Alabama,9.85,,9.85,,Friday,4,4,2025
Rachel Rybicki,31395,Alabama,,9.825,9.875,,Friday,4,4,2025
Reese Samuelson,31395,Western Michigan,9.6,,,,Friday,4,4,2025
Ryan Fuller,31395,Alabama,9.9,,,,Friday,4,4,2025
Shania Adams,31395,Alabama,,9.2,9.9,,Friday,4,4,2025
Sydney Turner,31395,Iowa,9.8,,9.8,,Friday,4,4,2025
Taylor Ingle,31395,S.E. Missouri,9.7,9.7,9.825,9.575,Friday,4,4,2025
Taylor Schulze,31395,North Carolina,,9.75,,,Friday,4,4,2025
eMjae Frazier,31395,California,9.8,9.85,9.95,9.8,Friday,4,4,2025
Aberdeen O'Driscoll,31405,Georgia,,,,9.675,Friday,4,4,2025
Abigayle Martin,31405,Arizona,9.85,9.9,9.825,9.775,Friday,4,4,2025
Addison Lawrence,31405,Missouri,,9.9,,,Friday,4,4,2025
Ady Wahl,31405,Georgia,9.225,,9.8,9.9,Friday,4,4,2025
Alana Laster,31405,Illinois State,,,8.325,9.2,Friday,4,4,2025
Alysen Fears,31405,Arizona,9.8,9.825,9.85,9.85,Friday,4,4,2025
Amari Celestine,31405,Missouri,9.825,9.875,9.8,9.95,Friday,4,4,2025
Amy Wier,31405,Missouri,,9.9,,,Friday,4,4,2025
Anaya Smith,31405,Georgia,,,,9.85,Friday,4,4,2025
Anya Turner,31405,Georgia,,9.9,,,Friday,4,4,2025
Aubrey Krohnfeldt,31405,Arizona,9.25,,,,Friday,4,4,2025
Brooke Gleichowski,31405,Georgia,,9.1,,,Friday,4,4,2025
Caroline Lichtman,31405,Arizona State,,9.8,,9.525,Friday,4,4,2025
Chelsea Hallinan,31405,Washington,,9.875,,,Friday,4,4,2025
Chloe Seaga,31405,Arizona State,,9.05,,,Friday,4,4,2025
Elena Deets,31405,Arizona,9.85,9.2,,,Friday,4,4,2025
Elise Tisler,31405,Missouri,,,,9.775,Friday,4,4,2025
Elizabeth Larusso,31405,Arizona,,,9.825,9.75,Friday,4,4,2025
Emily Innes,31405,Washington,,9.8,9.75,,Friday,4,4,2025
Emily Mueller,31405,Arizona,9.85,9.725,9.875,9.775,Friday,4,4,2025
Emily White,31405,Arizona State,9.85,9.9,9.9,9.7,Friday,4,4,2025
Emma Strom,31405,Arizona,,,9.9,9.75,Friday,4,4,2025
Eryn Williams,31405,Georgia,,,9.75,,Friday,4,4,2025
Gianna Lenczner,31405,Arizona,,9.775,,,Friday,4,4,2025
Halle Braaflat,31405,Arizona State,,,9.575,9.75,Friday,4,4,2025
Halle Gregoire,31405,Arizona State,9.725,,9.75,9.8,Friday,4,4,2025
Hannah Horton,31405,Missouri,9.95,,9.65,9.85,Friday,4,4,2025
Harley Tomlin,31405,Georgia,,9.75,,,Friday,4,4,2025
Helen Hu,31405,Missouri,,10.0,,,Friday,4,4,2025
Holly Snyder,31405,Georgia,9.9,,9.925,,Friday,4,4,2025
Ja' Free Scott,31405,Georgia,9.875,9.9,,9.85,Friday,4,4,2025
Jada Mangahas,31405,Arizona State,9.85,,9.8,9.7,Friday,4,4,2025
Jaye Mack,31405,Illinois State,,,9.85,9.875,Friday,4,4,2025
Jessa Janicke,31405,Arizona,,,,9.825,Friday,4,4,2025
Jocelyn Moore,31405,Missouri,9.85,,9.9,9.85,Friday,4,4,2025
Kaia Tanskanen,31405,Missouri,,,9.875,9.8,Friday,4,4,2025
Kara Eaker,31405,Georgia,,9.3,,,Friday,4,4,2025
Kayla Lee,31405,Arizona State,9.7,9.875,,,Friday,4,4,2025
Kennedy Griffin,31405,Missouri,,,9.85,9.775,Friday,4,4,2025
Kimberly Smith,31405,Arizona State,9.85,9.8,9.825,9.8,Friday,4,4,2025
Kyra Burns,31405,Missouri,9.9,,,,Friday,4,4,2025
Lilia Purler,31405,Arizona State,,,9.675,,Friday,4,4,2025
Lily Smith,31405,Georgia,9.85,9.5,9.925,9.775,Friday,4,4,2025
Mara Titarsolej,31405,Missouri,9.925,,,,Friday,4,4,2025
Mary McDonough,31405,Washington,9.9,9.8,9.85,9.875,Friday,4,4,2025
Nyla Aquino,31405,Georgia,,,9.875,9.875,Friday,4,4,2025
Olivia Kelly,31405,Missouri,9.925,9.9,,,Friday,4,4,2025
Railey Jackson,31405,Missouri,,9.875,,,Friday,4,4,2025
Rayna Light,31405,Missouri,,,9.875,,Friday,4,4,2025
Sadie Jane Berry,31405,Georgia,9.775,,,,Friday,4,4,2025
Sara Wabi,31405,Illinois State,9.8,,,,Friday,4,4,2025
Sarah Clark,31405,Arizona State,9.85,9.85,,,Friday,4,4,2025
Sidney Fitzgerald,31405,Georgia,9.775,,9.875,,Friday,4,4,2025
Sophie Derr,31405,Arizona,9.625,,9.775,,Friday,4,4,2025
Taylor Russon,31405,Washington,8.6,9.9,,,Friday,4,4,2025
Tirzah Wise,31405,Arizona,,9.8,,,Friday,4,4,2025
Addison Fatta,31413,Oklahoma,9.8,9.95,9.9,9.775,Friday,4,4,2025
Alex Irvine,31413,Auburn,9.925,,,,Friday,4,4,2025
Allie Gard,31413,Nebraska,,,9.7,,Friday,4,4,2025
Amelia Knight,31413,Illinois,9.175,9.9,,,Friday,4,4,2025
Amelia Moneymaker,31413,UC Davis,9.85,9.525,9.875,9.7,Friday,4,4,2025
Arielle Ward,31413,Illinois,9.75,,9.8,9.85,Friday,4,4,2025
Audrey Davis,31413,Oklahoma,9.95,9.95,9.9,,Friday,4,4,2025
Ayzhia Hall,31413,Nebraska,,8.85,,9.825,Friday,4,4,2025
Bryn Bartman,31413,Auburn,8.875,,,,Friday,4,4,2025
Caroline Leonard,31413,Auburn,9.6,,,,Friday,4,4,2025
Chloe Cho,31413,Illinois,9.825,9.825,9.675,9.8,Friday,4,4,2025
Danielle Sievers,31413,Oklahoma,9.85,,9.95,,Friday,4,4,2025
Destiny Denning,31413,Illinois,9.75,,,,Friday,4,4,2025
Eden King,31413,Illinois,,9.75,9.85,9.725,Friday,4,4,2025
Elle Mueller,31413,Oklahoma,,,9.9,9.85,Friday,4,4,2025
Emma Grace Boyd,31413,Auburn,9.85,,,,Friday,4,4,2025
Emma Simpton,31413,Nebraska,9.3,9.725,,,Friday,4,4,2025
Emma Spence,31413,Nebraska,9.95,9.8,9.85,9.775,Friday,4,4,2025
Emmalise Nock,31413,Illinois,,,9.825,,Friday,4,4,2025
Faith Torrez,31413,Oklahoma,9.95,10.0,9.975,9.875,Friday,4,4,2025
Gabby McLaughlin,31413,Auburn,,9.925,9.775,,Friday,4,4,2025
Isabel Sikon,31413,Nebraska,9.825,9.9,,9.775,Friday,4,4,2025
Jordan Bowers,31413,Oklahoma,9.95,9.85,9.9,9.8,Friday,4,4,2025
Julianne Huff,31413,Auburn,,,,9.8,Friday,4,4,2025
Katie Kuenemann,31413,Nebraska,,,,9.7,Friday,4,4,2025
Keanna Abraham,31413,UC Davis,,,9.9,9.85,Friday,4,4,2025
Keira Wells,31413,Oklahoma,,9.85,,9.85,Friday,4,4,2025
Kennedy Brown,31413,Illinois,9.725,,,,Friday,4,4,2025
Lauren Homecillo,31413,Nebraska,,9.05,9.85,,Friday,4,4,2025
Lily Pederson,31413,Oklahoma,9.825,9.95,,9.8,Friday,4,4,2025
Lyden Saltness,31413,Illinois,,9.7,,,Friday,4,4,2025
Makayla Green,31413,Illinois,9.825,,,,Friday,4,4,2025
Mareli Muller,31413,Illinois,,,,9.75,Friday,4,4,2025
Marissa Neal,31413,Auburn,,9.85,,,Friday,4,4,2025
Megan Ray,31413,UC Davis,,,,9.775,Friday,4,4,2025
Olivia Ahern,31413,Auburn,,9.85,9.85,,Friday,4,4,2025
Olivia Burns,31413,Nebraska,9.825,,,,Friday,4,4,2025
Olivia Coppola,31413,Illinois,,9.025,9.725,9.775,Friday,4,4,2025
Olivia Greaves,31413,Auburn,9.95,9.625,9.85,9.8,Friday,4,4,2025
Paige Zancan,31413,Auburn,,9.8,9.875,9.5,Friday,4,4,2025
Reese Baechle,31413,Nebraska,,,9.8,,Friday,4,4,2025
Ruthuja Nataraj,31413,Illinois,,9.775,,,Friday,4,4,2025
Sara Hubbard,31413,Auburn,,,,9.825,Friday,4,4,2025
Sophia Bell,31413,Auburn,,,9.9,9.825,Friday,4,4,2025
Sophia Groth,31413,Auburn,9.9,9.9,9.85,,Friday,4,4,2025
Sophia McClelland,31413,Nebraska,9.85,9.85,9.9,9.75,Friday,4,4,2025
Sydney Schumaker,31413,Auburn,,,,9.825,Friday,4,4,2025
Tali Joelson,31413,Illinois,,,9.8,9.375,Friday,4,4,2025
Whitney Jencks,31413,Nebraska,9.85,,9.75,9.775,Friday,4,4,2025
Alyssa Arana,31418,Florida,9.925,9.825,,,Friday,4,4,2025
Anya Pilgrim,31418,Florida,9.9,9.9,,9.775,Friday,4,4,2025
Ashley Knight,31418,North Carolina State,,,9.875,9.7,Friday,4,4,2025
Ava Myers,31418,North Carolina State,9.8,,,9.8,Friday,4,4,2025
Brie Clark,31418,Clemson,,9.875,9.9,,Friday,4,4,2025
Brooke Smead,31418,North Carolina State,,9.85,,,Friday,4,4,2025
Caroline Volk,31418,North Carolina State,9.875,9.775,,,Friday,4,4,2025
Chloe Negrete,31418,North Carolina State,,9.9,3.55,,Friday,4,4,2025
Danie Ferris,31418,Florida,,,9.9,9.9,Friday,4,4,2025
Delaney Adrian,31418,Rutgers,9.8,9.75,9.825,9.75,Friday,4,4,2025
Elle Hadrick,31418,North Carolina State,9.6,,9.85,,Friday,4,4,2025
Eve Jackson,31418,Clemson,9.75,,9.85,9.075,Friday,4,4,2025
Francesca Caso,31418,Oregon State,9.725,,,,Friday,4,4,2025
Gabby Disidore,31418,Florida,,,9.85,,Friday,4,4,2025
Gabrielle Dildy,31418,Rutgers,,9.85,,,Friday,4,4,2025
Hannah Clark,31418,Clemson,9.9,9.825,,,Friday,4,4,2025
Jade Carey,31418,Oregon State,9.95,9.95,10.0,9.95,Friday,4,4,2025
Jennifer McMillan,31418,Oregon State,9.8,9.85,,,Friday,4,4,2025
Kailee Adomaites,31418,North Carolina State,9.675,,,,Friday,4,4,2025
Kaitlin Garcia,31418,Oregon State,,,9.9,9.75,Friday,4,4,2025
Kate Bryant,31418,Clemson,9.575,,,9.725,Friday,4,4,2025
Katie Harper,31418,North Carolina State,9.7,9.8,9.775,,Friday,4,4,2025
Kielyn McCright,31418,Clemson,,9.875,,,Friday,4,4,2025
Krista Zultevicz,31418,North Carolina State,,,9.825,9.8,Friday,4,4,2025
Lauren Letzsch,31418,Oregon State,,9.075,,,Friday,4,4,2025
Lauren Rutherford,31418,Clemson,9.85,,,,Friday,4,4,2025
Lauren Wright,31418,North Carolina State,,,,9.85,Friday,4,4,2025
Leanne Wong,31418,Florida,9.95,9.95,9.925,9.95,Friday,4,4,2025
Luciana Alvarado-Reid,31418,Central Michigan,9.8,9.8,9.85,9.7,Friday,4,4,2025
Lucy Lehman,31418,North Carolina State,,,,9.8,Friday,4,4,2025
Ly Bui,31418,Florida,,,,9.825,Friday,4,4,2025
Madeline Reid,31418,North Carolina State,9.8,,,,Friday,4,4,2025
Madison Minner,31418,Clemson,,,9.825,9.675,Friday,4,4,2025
Maggie Holman,31418,Clemson,,,9.8,9.725,Friday,4,4,2025
Meg Adler,31418,North Carolina State,,9.85,9.8,9.85,Friday,4,4,2025
Mia Heather,31418,Oregon State,,9.825,,,Friday,4,4,2025
Natalie Briones,31418,Oregon State,9.775,,,9.825,Friday,4,4,2025
Olivia Buckner,31418,Oregon State,,,9.85,9.75,Friday,4,4,2025
Peyton Childs,31418,North Carolina State,,9.8,,,Friday,4,4,2025
Quinn Kuhl,31418,Clemson,9.225,9.825,,9.75,Friday,4,4,2025
Rachael Riley,31418,Rutgers,,9.85,,,Friday,4,4,2025
Riley McCusker,31418,Florida,9.875,,,,Friday,4,4,2025
Sage Thompson,31418,Oregon State,9.85,,9.9,9.7,Friday,4,4,2025
Savannah Miller,31418,Oregon State,,,9.85,,Friday,4,4,2025
Selena Harris-Miranda,31418,Florida,9.925,9.95,9.9,9.925,Friday,4,4,2025
Sierra Church,31418,Clemson,,9.9,,,Friday,4,4,2025
Skye Blakely,31418,Florida,9.825,,,,Friday,4,4,2025
Skylar Draser,31418,Florida,,9.85,,,Friday,4,4,2025
Sophia Esposito,31418,Oregon State,,9.875,9.875,9.7,Friday,4,4,2025
Sydney Gonzales,31418,Oregon State,,9.875,,,Friday,4,4,2025
Takoda Berry,31418,Clemson,9.825,,9.675,,Friday,4,4,2025
Tara Walsh,31418,Clemson,,9.85,9.7,9.7,Friday,4,4,2025
Taylor Clark,31418,Florida,,,9.95,,Friday,4,4,2025
Taylor DeVries,31418,Oregon State,9.8,,,,Friday,4,4,2025
Victoria Nguyen,31418,Florida,,9.925,9.9,9.9,Friday,4,4,2025
Aleah Finnegan,31421,LSU,9.85,9.95,9.975,9.825,Saturday,5,4,2025
Amari Drayton,31421,LSU,,,9.925,9.9,Saturday,5,4,2025
Amy Doyle,31421,Michigan State,9.825,,,9.85,Saturday,5,4,2025
Annie Reigert,31421,Kentucky,9.9,,,,Saturday,5,4,2025
Ashley Cowan,31421,LSU,9.875,,,,Saturday,5,4,2025
Cady Duplissis,31421,Michigan State,,9.9,,,Saturday,5,4,2025
Cally Swaney,31421,Arkansas,9.8,9.8,,,Saturday,5,4,2025
Cami Weaver,31421,Arkansas,,9.85,,9.875,Saturday,5,4,2025
Cecily Rizo,31421,Kentucky,9.8,,9.85,9.9,Saturday,5,4,2025
Chesney Bennett,31421,Kentucky,,9.775,,,Saturday,5,4,2025
Creslyn Brose,31421,Kentucky,,9.925,9.95,,Saturday,5,4,2025
Dakota Essenpries,31421,Arkansas,,,,9.825,Saturday,5,4,2025
Delanie Harkness,31421,Michigan State,9.825,9.9,9.85,,Saturday,5,4,2025
Delaynee Rodriguez,31421,Kentucky,9.9,9.925,9.85,9.85,Saturday,5,4,2025
Elle Beaufait,31421,Michigan State,,,9.65,,Saturday,5,4,2025
Emma Misenheimer,31421,Michigan State,,9.775,,,Saturday,5,4,2025
Gabrielle Stephen,31421,Michigan State,9.95,9.3,9.9,9.9,Saturday,5,4,2025
Hailey Klein,31421,Arkansas,,,9.85,9.825,Saturday,5,4,2025
Haleigh Bryant,31421,LSU,9.9,9.925,9.875,9.9,Saturday,5,4,2025
Isabella Magnelli,31421,Kentucky,,9.85,9.9,9.85,Saturday,5,4,2025
Isabella Rivelli,31421,Kentucky,9.85,,,,Saturday,5,4,2025
Ja'Leigh Lang,31421,Arkansas,,,9.625,9.9,Saturday,5,4,2025
Jillian Procasky,31421,Kentucky,9.9,,9.85,9.8,Saturday,5,4,2025
Joscelyn Roberson,31421,Arkansas,9.925,9.95,9.95,9.8,Saturday,5,4,2025
KJ Johnson,31421,LSU,,,,9.9,Saturday,5,4,2025
Kailin Chio,31421,LSU,9.9,9.95,,9.75,Saturday,5,4,2025
Kaitlyn Ewald,31421,Arkansas,9.775,,,9.8,Saturday,5,4,2025
Kalyxta Gamiao,31421,Arkansas,,9.85,9.85,,Saturday,5,4,2025
Konnor McClain,31421,LSU,9.85,9.925,9.9,,Saturday,5,4,2025
Kylie Coen,31421,LSU,,9.925,9.85,,Saturday,5,4,2025
Lexi Zeiss,31421,LSU,9.925,,,9.825,Saturday,5,4,2025
MaKayla Tucker,31421,Michigan State,,,9.875,9.925,Saturday,5,4,2025
Maddie Jones,31421,Arkansas,9.95,,9.95,,Saturday,5,4,2025
Makenzie Wilson,31421,Kentucky,,,,9.825,Saturday,5,4,2025
Mati Waligora,31421,Arkansas,9.35,9.875,9.9,,Saturday,5,4,2025
Nikki Smith,31421,Michigan State,9.975,9.875,9.85,9.95,Saturday,5,4,2025
Olivia Zsarmani,31421,Michigan State,9.9,,,9.925,Saturday,5,4,2025
Priscilla Park,31421,Arkansas,9.8,9.875,,,Saturday,5,4,2025
Sage Kellerman,31421,Michigan State,9.925,,,9.95,Saturday,5,4,2025
Sharon Lee,31421,Kentucky,,9.95,,,Saturday,5,4,2025
Sierra Ballard,31421,LSU,,9.9,9.9,,Saturday,5,4,2025
Skyla Schulte,31421,Michigan State,,9.9,9.95,,Saturday,5,4,2025
Skylar Killough-Wilhelm,31421,Kentucky,9.9,9.875,9.8,9.825,Saturday,5,4,2025
Abbie Thompson,31435,Denver,,9.85,,,Saturday,5,4,2025
Amelie Morgan,31435,Utah,9.85,9.875,,,Saturday,5,4,2025
Ana Padurariu,31435,Utah,,9.8,,,Saturday,5,4,2025
Ashley Gallen,31435,Denver,,9.925,,,Saturday,5,4,2025
Ashley Glynn,31435,Utah,9.9,,9.85,9.925,Saturday,5,4,2025
Ava Stewart,31435,Minnesota,9.85,9.675,,9.8,Saturday,5,4,2025
Avery Neff,31435,Utah,9.0,9.9,9.925,9.85,Saturday,5,4,2025
Bella Mabanta,31435,Denver,,9.95,9.925,9.85,Saturday,5,4,2025
Brooklyn Moors,31435,UCLA,,,9.95,9.775,Saturday,5,4,2025
Brooklyn Rowray,31435,Minnesota,,9.825,,,Saturday,5,4,2025
Camie Winger,31435,Utah,,9.625,,,Saturday,5,4,2025
Cecilia Cooley,31435,Denver,9.85,9.875,9.9,,Saturday,5,4,2025
Chae Campbell,31435,UCLA,9.85,9.875,9.9,9.925,Saturday,5,4,2025
Ciena Alipio,31435,UCLA,,9.9,,,Saturday,5,4,2025
Ella Zirbes,31435,Utah,9.875,,9.85,9.85,Saturday,5,4,2025
Emily Koch,31435,Minnesota,,9.875,9.875,,Saturday,5,4,2025
Emily Lee,31435,UCLA,,9.75,,9.9,Saturday,5,4,2025
Emma Malabuyo,31435,UCLA,9.85,9.9,9.85,,Saturday,5,4,2025
Frida Esparza,31435,UCLA,9.825,,,,Saturday,5,4,2025
Grace McCallum,31435,Utah,10.0,9.95,9.975,9.8,Saturday,5,4,2025
Jaylene Gilstrap,31435,Utah,,,9.95,,Saturday,5,4,2025
Jordan Chiles,31435,UCLA,9.9,9.9,9.825,9.9,Saturday,5,4,2025
Jordyn Lyden,31435,Minnesota,9.875,9.9,,,Saturday,5,4,2025
Katelyn Rosen,31435,UCLA,9.825,9.85,9.85,,Saturday,5,4,2025
Kiley Rorich,31435,Denver,9.9,,9.8,,Saturday,5,4,2025
Lauren Pearl,31435,Minnesota,,9.9,8.1,9.8,Saturday,5,4,2025
Leah Gonsiorowski,31435,Minnesota,,,9.85,,Saturday,5,4,2025
Maddison Reidenbach,31435,Denver,,,9.875,9.625,Saturday,5,4,2025
Madison Ulrich,31435,Denver,9.875,9.9,9.95,9.8,Saturday,5,4,2025
Makenna Smith,31435,Utah,9.8,9.875,9.925,9.8,Saturday,5,4,2025
Marissa Jencks,31435,Minnesota,9.75,,9.7,,Saturday,5,4,2025
McCauley Harrington,31435,Minnesota,9.8,,,,Saturday,5,4,2025
Megan Steensland,31435,Minnesota,,,,9.75,Saturday,5,4,2025
Mia Hebinck,31435,Denver,9.9,,,,Saturday,5,4,2025
Mika Webster-Longin,31435,UCLA,9.85,,9.9,9.95,Saturday,5,4,2025
Mila Brusch,31435,Denver,,,,9.85,Saturday,5,4,2025
Momoko Iwai,31435,Denver,,9.9,9.85,,Saturday,5,4,2025
Mya Hooten,31435,Minnesota,9.85,,9.9,9.875,Saturday,5,4,2025
Riley Jenkins,31435,UCLA,,,,9.8,Saturday,5,4,2025
Rosie Casali,31435,Denver,9.775,,,9.75,Saturday,5,4,2025
Rylie Mundell,31435,Denver,9.875,,,9.65,Saturday,5,4,2025
Sarah Moraw,31435,Minnesota,,9.85,,9.8,Saturday,5,4,2025
Sophie Swartzmiller,31435,Minnesota,,,9.85,,Saturday,5,4,2025
Teryn Crump,31435,Minnesota,9.8,,,9.85,Saturday,5,4,2025
Zoe Johnson,31435,Utah,,,,9.95,Saturday,5,4,2025
Abbey Scanlon,31442,California,,9.875,,,Sunday,6,4,2025
Alyssa Arana,31442,Florida,9.925,9.875,,,Sunday,6,4,2025
Annalise Newman-Achee,31442,California,9.85,,,,Sunday,6,4,2025
Anya Pilgrim,31442,Florida,9.85,9.825,,9.9,Sunday,6,4,2025
CJ Keuneke,31442,California,,,9.65,,Sunday,6,4,2025
Casey Brown,31442,California,9.95,,,9.875,Sunday,6,4,2025
Chloe LaCoursiere,31442,Alabama,9.95,9.825,,,Sunday,6,4,2025
Corinne Bunagan,31442,Alabama,,,,9.9,Sunday,6,4,2025
Danie Ferris,31442,Florida,,,9.875,9.85,Sunday,6,4,2025
Ella Cesario,31442,California,9.85,8.95,9.85,,Sunday,6,4,2025
Ellie Weaver,31442,Oregon State,9.775,,,,Sunday,6,4,2025
Gabby Disidore,31442,Florida,,,9.85,,Sunday,6,4,2025
Gabby Gladieux,31442,Alabama,9.85,9.95,9.925,9.775,Sunday,6,4,2025
Gabby Ladanyi,31442,Alabama,,9.9,,,Sunday,6,4,2025
Jade Carey,31442,Oregon State,9.925,9.95,9.95,9.875,Sunday,6,4,2025
Jamison Sears,31442,Alabama,,,9.9,9.75,Sunday,6,4,2025
Jennifer McMillan,31442,Oregon State,9.85,9.8,,9.75,Sunday,6,4,2025
Jordyn Paradise,31442,Alabama,,,,9.85,Sunday,6,4,2025
Kaitlin Garcia,31442,Oregon State,,,9.875,9.8,Sunday,6,4,2025
Karis German,31442,Alabama,,,,9.8,Sunday,6,4,2025
Kyen Mayhew,31442,California,,,9.85,9.8,Sunday,6,4,2025
Lauren Letzsch,31442,Oregon State,,9.7,,,Sunday,6,4,2025
Leanne Wong,31442,Florida,9.875,9.825,9.95,9.9,Sunday,6,4,2025
Lilly Hudson,31442,Alabama,9.85,9.9,9.95,9.85,Sunday,6,4,2025
Ly Bui,31442,Florida,,,,9.85,Sunday,6,4,2025
Madelyn Williams,31442,California,9.95,9.875,9.875,9.9,Sunday,6,4,2025
Mia Heather,31442,Oregon State,,9.7,,,Sunday,6,4,2025
Mya Lauzon,31442,California,9.65,9.95,9.95,9.8,Sunday,6,4,2025
Mya Wiley,31442,California,,,,9.85,Sunday,6,4,2025
Natalie Briones,31442,Oregon State,9.825,,,9.775,Sunday,6,4,2025
Olivia Buckner,31442,Oregon State,,,9.85,9.825,Sunday,6,4,2025
Ondine Achampong,31442,California,,9.925,,,Sunday,6,4,2025
Paityn Walker,31442,Alabama,9.9,,9.9,,Sunday,6,4,2025
Rachel Rybicki,31442,Alabama,,9.8,9.5,,Sunday,6,4,2025
Riley McCusker,31442,Florida,9.925,,,,Sunday,6,4,2025
Ryan Fuller,31442,Alabama,9.8,,,,Sunday,6,4,2025
Sage Thompson,31442,Oregon State,9.9,,9.9,9.825,Sunday,6,4,2025
Savannah Miller,31442,Oregon State,,,9.825,,Sunday,6,4,2025
Selena Harris-Miranda,31442,Florida,9.9,9.9,9.875,9.85,Sunday,6,4,2025
Shania Adams,31442,Alabama,9.925,9.925,9.85,,Sunday,6,4,2025
Skye Blakely,31442,Florida,9.925,,,,Sunday,6,4,2025
Skylar Draser,31442,Florida,,9.8,,,Sunday,6,4,2025
Sophia Esposito,31442,Oregon State,,9.85,9.9,,Sunday,6,4,2025
Sydney Gonzales,31442,Oregon State,,9.65,,,Sunday,6,4,2025
Taylor Clark,31442,Florida,,,9.9,,Sunday,6,4,2025
Taylor DeVries,31442,Oregon State,9.8,,,,Sunday,6,4,2025
Victoria Nguyen,31442,Florida,,9.875,9.9,9.85,Sunday,6,4,2025
eMjae Frazier,31442,California,9.85,9.825,9.85,9.875,Sunday,6,4,2025
Abigayle Martin,31449,Arizona,9.85,9.75,9.825,9.775,Sunday,6,4,2025
Addison Fatta,31449,Oklahoma,9.9,9.9,9.925,9.85,Sunday,6,4,2025
Addison Lawrence,31449,Missouri,,9.85,,,Sunday,6,4,2025
Alex Irvine,31449,Auburn,9.85,,,,Sunday,6,4,2025
Alysen Fears,31449,Arizona,9.9,9.825,9.875,9.8,Sunday,6,4,2025
Amari Celestine,31449,Missouri,9.85,9.825,9.9,9.875,Sunday,6,4,2025
Amy Wier,31449,Missouri,,8.925,,,Sunday,6,4,2025
Aubrey Krohnfeldt,31449,Arizona,9.8,,,,Sunday,6,4,2025
Audrey Davis,31449,Oklahoma,9.95,9.925,9.9,,Sunday,6,4,2025
Caroline Leonard,31449,Auburn,9.85,,,,Sunday,6,4,2025
Danielle Sievers,31449,Oklahoma,9.8,,9.925,,Sunday,6,4,2025
Elena Deets,31449,Arizona,9.825,9.825,,,Sunday,6,4,2025
Elise Tisler,31449,Missouri,,,,9.8,Sunday,6,4,2025
Elizabeth Larusso,31449,Arizona,,,9.8,9.775,Sunday,6,4,2025
Elle Mueller,31449,Oklahoma,,,9.95,9.9,Sunday,6,4,2025
Emily Mueller,31449,Arizona,9.775,9.65,9.9,9.8,Sunday,6,4,2025
Emma Grace Boyd,31449,Auburn,9.825,,,,Sunday,6,4,2025
Emma Strom,31449,Arizona,,,9.9,9.75,Sunday,6,4,2025
Faith Torrez,31449,Oklahoma,9.9,9.95,10.0,9.85,Sunday,6,4,2025
Gabby McLaughlin,31449,Auburn,,9.85,9.875,,Sunday,6,4,2025
Gianna Lenczner,31449,Arizona,,9.675,,,Sunday,6,4,2025
Hannah Horton,31449,Missouri,9.75,,9.9,9.95,Sunday,6,4,2025
Helen Hu,31449,Missouri,,9.925,,,Sunday,6,4,2025
Jessa Janicke,31449,Arizona,,,,9.075,Sunday,6,4,2025
Jocelyn Moore,31449,Missouri,9.825,,9.95,9.825,Sunday,6,4,2025
Jordan Bowers,31449,Oklahoma,10.0,9.9,10.0,10.0,Sunday,6,4,2025
Julianne Huff,31449,Auburn,,,,9.825,Sunday,6,4,2025
Kaia Tanskanen,31449,Missouri,,,9.875,9.85,Sunday,6,4,2025
Keira Wells,31449,Oklahoma,,9.85,,9.875,Sunday,6,4,2025
Kennedy Griffin,31449,Missouri,,,9.925,9.8,Sunday,6,4,2025
Kyra Burns,31449,Missouri,9.825,,,,Sunday,6,4,2025
Lily Pederson,31449,Oklahoma,9.9,9.85,,9.85,Sunday,6,4,2025
Mara Titarsolej,31449,Missouri,9.95,,,,Sunday,6,4,2025
Marissa Neal,31449,Auburn,9.75,9.85,,,Sunday,6,4,2025
Olivia Ahern,31449,Auburn,,9.725,9.8,,Sunday,6,4,2025
Olivia Greaves,31449,Auburn,9.85,,9.875,,Sunday,6,4,2025
Olivia Kelly,31449,Missouri,9.85,9.825,,,Sunday,6,4,2025
Paige Zancan,31449,Auburn,,9.85,9.85,9.95,Sunday,6,4,2025
Railey Jackson,31449,Missouri,,9.85,,,Sunday,6,4,2025
Rayna Light,31449,Missouri,,,9.875,,Sunday,6,4,2025
Sara Hubbard,31449,Auburn,,,,9.875,Sunday,6,4,2025
Sarah Zois,31449,Auburn,,9.775,,9.775,Sunday,6,4,2025
Sophia Bell,31449,Auburn,,,9.925,9.9,Sunday,6,4,2025
Sophia Groth,31449,Auburn,9.9,9.9,9.85,,Sunday,6,4,2025
Sophie Derr,31449,Arizona,9.825,,9.725,,Sunday,6,4,2025
Sydney Schumaker,31449,Auburn,,,,9.9,Sunday,6,4,2025
Tirzah Wise,31449,Arizona,,9.775,,,Sunday,6,4,2025
Addison Fatta,31457,Oklahoma,9.8375,9.8625,9.875,9.8375,Thursday,17,4,2025
Addison Lawrence,31457,Missouri,,9.9125,,,Thursday,17,4,2025
Ady Wahl,31457,Georgia,,,,9.875,Thursday,17,4,2025
Alyssa Arana,31457,Florida,9.9375,9.825,,,Thursday,17,4,2025
Amari Celestine,31457,Missouri,9.875,9.8125,9.825,9.8125,Thursday,17,4,2025
Amy Wier,31457,Missouri,,9.8625,,,Thursday,17,4,2025
Anya Pilgrim,31457,Florida,9.8625,9.85,,9.7125,Thursday,17,4,2025
Audrey Davis,31457,Oklahoma,9.825,9.825,9.8625,,Thursday,17,4,2025
Brynlee Andersen,31457,BYU,,9.825,,,Thursday,17,4,2025
Chloe LaCoursiere,31457,Alabama,9.9,9.8625,9.85,,Thursday,17,4,2025
Corinne Bunagan,31457,Alabama,,,,9.85,Thursday,17,4,2025
Danie Ferris,31457,Florida,,,9.875,9.9,Thursday,17,4,2025
Danielle Sievers,31457,Oklahoma,9.825,,9.8875,,Thursday,17,4,2025
Elise Tisler,31457,Missouri,,,,9.875,Thursday,17,4,2025
Elle Mueller,31457,Oklahoma,,,9.8625,9.85,Thursday,17,4,2025
Faith Torrez,31457,Oklahoma,9.8875,9.95,9.95,9.85,Thursday,17,4,2025
Gabby Disidore,31457,Florida,,,9.8875,,Thursday,17,4,2025
Gabby Gladieux,31457,Alabama,9.775,9.9,9.8875,9.85,Thursday,17,4,2025
Gabby Ladanyi,31457,Alabama,,9.875,,,Thursday,17,4,2025
Gabby McLaughlin,31457,Auburn,,9.175,,,Thursday,17,4,2025
Hannah Horton,31457,Missouri,9.8875,,9.825,9.2375,Thursday,17,4,2025
Helen Hu,31457,Missouri,,9.9875,,,Thursday,17,4,2025
Jamison Sears,31457,Alabama,,,9.85,,Thursday,17,4,2025
Jocelyn Moore,31457,Missouri,9.8625,,9.875,9.8625,Thursday,17,4,2025
Jordan Bowers,31457,Oklahoma,9.9375,9.9375,9.95,9.8875,Thursday,17,4,2025
Jordyn Paradise,31457,Alabama,9.8,,,9.8125,Thursday,17,4,2025
Kaia Tanskanen,31457,Missouri,,,9.825,9.8,Thursday,17,4,2025
Karis German,31457,Alabama,,,,9.7875,Thursday,17,4,2025
Keira Wells,31457,Oklahoma,,9.775,,9.825,Thursday,17,4,2025
Kennedy Griffin,31457,Missouri,,,9.875,9.775,Thursday,17,4,2025
Kylee Kvamme,31457,Alabama,,9.7875,,9.7375,Thursday,17,4,2025
Kyra Burns,31457,Missouri,9.8375,,,,Thursday,17,4,2025
Leanne Wong,31457,Florida,9.9375,9.8,9.6625,9.8375,Thursday,17,4,2025
Lilly Hudson,31457,Alabama,9.6875,9.7625,9.925,9.825,Thursday,17,4,2025
Lily Pederson,31457,Oklahoma,9.9125,9.275,,9.85,Thursday,17,4,2025
Lily Smith,31457,Georgia,,,9.9375,,Thursday,17,4,2025
Ly Bui,31457,Florida,,,,9.825,Thursday,17,4,2025
Madison Ulrich,31457,Denver,9.8875,9.8875,9.85,9.7,Thursday,17,4,2025
Mara Titarsolej,31457,Missouri,9.9375,,,,Thursday,17,4,2025
Mary McDonough,31457,Washington,9.8375,9.6,9.025,9.8125,Thursday,17,4,2025
Mya Hooten,31457,Minnesota,,,9.8875,,Thursday,17,4,2025
Olivia Greaves,31457,Auburn,9.7875,,,,Thursday,17,4,2025
Olivia Kelly,31457,Missouri,9.8875,9.8875,,,Thursday,17,4,2025
Paityn Walker,31457,Alabama,9.7625,,9.825,,Thursday,17,4,2025
Railey Jackson,31457,Missouri,,9.85,,,Thursday,17,4,2025
Rayna Light,31457,Missouri,,,9.7875,,Thursday,17,4,2025
Riley McCusker,31457,Florida,9.8625,,,,Thursday,17,4,2025
Rosie Casali,31457,Denver,,,,9.7125,Thursday,17,4,2025
Ryan Fuller,31457,Alabama,9.925,,,,Thursday,17,4,2025
Rylie Mundell,31457,Denver,9.875,,,,Thursday,17,4,2025
Selena Harris-Miranda,31457,Florida,9.875,9.95,9.8875,9.75,Thursday,17,4,2025
Shania Adams,31457,Alabama,,9.775,9.825,,Thursday,17,4,2025
Skye Blakely,31457,Florida,9.8625,,,,Thursday,17,4,2025
Skylar Draser,31457,Florida,,9.825,,,Thursday,17,4,2025
Taylor Clark,31457,Florida,,,9.8375,,Thursday,17,4,2025
Victoria Nguyen,31457,Florida,,9.85,9.8625,9.7625,Thursday,17,4,2025
Addison Fatta,31462,Oklahoma,9.8375,9.8625,9.875,9.8375,Thursday,17,4,2025
Addison Lawrence,31462,Missouri,,9.9125,,,Thursday,17,4,2025
Ady Wahl,31462,Georgia,,,,9.875,Thursday,17,4,2025
Alyssa Arana,31462,Florida,9.9375,9.825,,,Thursday,17,4,2025
Amari Celestine,31462,Missouri,9.875,9.8125,9.825,9.8125,Thursday,17,4,2025
Amy Wier,31462,Missouri,,9.8625,,,Thursday,17,4,2025
Anya Pilgrim,31462,Florida,9.8625,9.85,,9.7125,Thursday,17,4,2025
Audrey Davis,31462,Oklahoma,9.825,9.825,9.8625,,Thursday,17,4,2025
Brynlee Andersen,31462,BYU,,9.825,,,Thursday,17,4,2025
Chloe LaCoursiere,31462,Alabama,9.9,9.8625,9.85,,Thursday,17,4,2025
Corinne Bunagan,31462,Alabama,,,,9.85,Thursday,17,4,2025
Danie Ferris,31462,Florida,,,9.875,9.9,Thursday,17,4,2025
Danielle Sievers,31462,Oklahoma,9.825,,9.8875,,Thursday,17,4,2025
Elise Tisler,31462,Missouri,,,,9.875,Thursday,17,4,2025
Elle Mueller,31462,Oklahoma,,,9.8625,9.85,Thursday,17,4,2025
Faith Torrez,31462,Oklahoma,9.8875,9.95,9.95,9.85,Thursday,17,4,2025
Gabby Disidore,31462,Florida,,,9.8875,,Thursday,17,4,2025
Gabby Gladieux,31462,Alabama,9.775,9.9,9.8875,9.85,Thursday,17,4,2025
Gabby Ladanyi,31462,Alabama,,9.875,,,Thursday,17,4,2025
Gabby McLaughlin,31462,Auburn,,9.175,,,Thursday,17,4,2025
Hannah Horton,31462,Missouri,9.8875,,9.825,9.2375,Thursday,17,4,2025
Helen Hu,31462,Missouri,,9.9875,,,Thursday,17,4,2025
Jamison Sears,31462,Alabama,,,9.85,,Thursday,17,4,2025
Jocelyn Moore,31462,Missouri,9.8625,,9.875,9.8625,Thursday,17,4,2025
Jordan Bowers,31462,Oklahoma,9.9375,9.9375,9.95,9.8875,Thursday,17,4,2025
Jordyn Paradise,31462,Alabama,9.8,,,9.8125,Thursday,17,4,2025
Kaia Tanskanen,31462,Missouri,,,9.825,9.8,Thursday,17,4,2025
Karis German,31462,Alabama,,,,9.7875,Thursday,17,4,2025
Keira Wells,31462,Oklahoma,,9.775,,9.825,Thursday,17,4,2025
Kennedy Griffin,31462,Missouri,,,9.875,9.775,Thursday,17,4,2025
Kylee Kvamme,31462,Alabama,,9.7875,,9.7375,Thursday,17,4,2025
Kyra Burns,31462,Missouri,9.8375,,,,Thursday,17,4,2025
Leanne Wong,31462,Florida,9.9375,9.8,9.6625,9.8375,Thursday,17,4,2025
Lilly Hudson,31462,Alabama,9.6875,9.7625,9.925,9.825,Thursday,17,4,2025
Lily Pederson,31462,Oklahoma,9.9125,9.275,,9.85,Thursday,17,4,2025
Lily Smith,31462,Georgia,,,9.9375,,Thursday,17,4,2025
Ly Bui,31462,Florida,,,,9.825,Thursday,17,4,2025
Madison Ulrich,31462,Denver,9.8875,9.8875,9.85,9.7,Thursday,17,4,2025
Mara Titarsolej,31462,Missouri,9.9375,,,,Thursday,17,4,2025
Mary McDonough,31462,Washington,9.8375,9.6,9.025,9.8125,Thursday,17,4,2025
Mya Hooten,31462,Minnesota,,,9.8875,,Thursday,17,4,2025
Olivia Greaves,31462,Auburn,9.7875,,,,Thursday,17,4,2025
Olivia Kelly,31462,Missouri,9.8875,9.8875,,,Thursday,17,4,2025
Paityn Walker,31462,Alabama,9.7625,,9.825,,Thursday,17,4,2025
Railey Jackson,31462,Missouri,,9.85,,,Thursday,17,4,2025
Rayna Light,31462,Missouri,,,9.7875,,Thursday,17,4,2025
Riley McCusker,31462,Florida,9.8625,,,,Thursday,17,4,2025
Rosie Casali,31462,Denver,,,,9.7125,Thursday,17,4,2025
Ryan Fuller,31462,Alabama,9.925,,,,Thursday,17,4,2025
Rylie Mundell,31462,Denver,9.875,,,,Thursday,17,4,2025
Selena Harris-Miranda,31462,Florida,9.875,9.95,9.8875,9.75,Thursday,17,4,2025
Shania Adams,31462,Alabama,,9.775,9.825,,Thursday,17,4,2025
Skye Blakely,31462,Florida,9.8625,,,,Thursday,17,4,2025
Skylar Draser,31462,Florida,,9.825,,,Thursday,17,4,2025
Taylor Clark,31462,Florida,,,9.8375,,Thursday,17,4,2025
Victoria Nguyen,31462,Florida,,9.85,9.8625,9.7625,Thursday,17,4,2025
Aleah Finnegan,31475,LSU,9.85,9.225,9.9375,9.85,Thursday,17,4,2025
Amari Drayton,31475,LSU,,,9.9,9.8125,Thursday,17,4,2025
Amelie Morgan,31475,Utah,9.9125,9.75,,,Thursday,17,4,2025
Amy Doyle,31475,Michigan State,9.8625,,,9.9125,Thursday,17,4,2025
Ana Padurariu,31475,Utah,,9.8875,,,Thursday,17,4,2025
Ashley Cowan,31475,LSU,9.8125,,,,Thursday,17,4,2025
Ashley Glynn,31475,Utah,9.8,,9.8375,9.8375,Thursday,17,4,2025
Avery Neff,31475,Utah,9.925,9.9125,9.875,9.85,Thursday,17,4,2025
Brooklyn Moors,31475,UCLA,,,9.9625,9.8,Thursday,17,4,2025
Cady Duplissis,31475,Michigan State,,9.8625,,,Thursday,17,4,2025
Camie Winger,31475,Utah,,8.975,,,Thursday,17,4,2025
Chae Campbell,31475,UCLA,9.825,9.9125,9.9125,9.9,Thursday,17,4,2025
Ciena Alipio,31475,UCLA,,9.95,,,Thursday,17,4,2025
Creslyn Brose,31475,Kentucky,,,9.9,,Thursday,17,4,2025
Delanie Harkness,31475,Michigan State,9.7875,9.8,9.7875,,Thursday,17,4,2025
Ella Zirbes,31475,Utah,9.9375,,9.9,,Thursday,17,4,2025
Emily Lee,31475,UCLA,,9.6875,,9.85,Thursday,17,4,2025
Emma Malabuyo,31475,UCLA,9.8125,9.975,9.8875,,Thursday,17,4,2025
Emma Misenheimer,31475,Michigan State,,9.85,,,Thursday,17,4,2025
Frida Esparza,31475,UCLA,9.925,,,,Thursday,17,4,2025
Gabi Ortiz,31475,Michigan State,,,9.675,,Thursday,17,4,2025
Gabrielle Stephen,31475,Michigan State,9.9375,9.825,9.8625,9.8375,Thursday,17,4,2025
Grace McCallum,31475,Utah,9.9625,9.8125,9.95,9.95,Thursday,17,4,2025
Haleigh Bryant,31475,LSU,9.875,9.875,9.9125,9.9,Thursday,17,4,2025
Isabella Magnelli,31475,Kentucky,,9.9125,,,Thursday,17,4,2025
Jade Carey,31475,Oregon State,9.9125,9.95,9.9125,9.85,Thursday,17,4,2025
Jaylene Gilstrap,31475,Utah,,,9.925,9.85,Thursday,17,4,2025
Jordan Chiles,31475,UCLA,9.975,9.825,9.9,9.8875,Thursday,17,4,2025
Joscelyn Roberson,31475,Arkansas,9.8,9.9,9.9,9.825,Thursday,17,4,2025
KJ Johnson,31475,LSU,,,,9.8375,Thursday,17,4,2025
Kailin Chio,31475,LSU,9.825,9.875,9.8875,9.975,Thursday,17,4,2025
Katelyn Rosen,31475,UCLA,9.875,9.8875,9.8625,,Thursday,17,4,2025
Kaya Forbes,31475,North Carolina,,,,9.7875,Thursday,17,4,2025
Konnor McClain,31475,LSU,9.875,9.9,9.8625,,Thursday,17,4,2025
Kylie Coen,31475,LSU,,9.8,,,Thursday,17,4,2025
Lexi Zeiss,31475,LSU,9.9,,,9.8,Thursday,17,4,2025
MaKayla Tucker,31475,Michigan State,9.8125,,9.875,9.825,Thursday,17,4,2025
Macy McGowan,31475,UCLA,9.825,,9.85,,Thursday,17,4,2025
Maddie Jones,31475,Arkansas,9.775,,,,Thursday,17,4,2025
Madelyn Williams,31475,California,9.525,,,,Thursday,17,4,2025
Makenna Smith,31475,Utah,9.9125,9.85,9.9125,9.85,Thursday,17,4,2025
Mika Webster-Longin,31475,UCLA,,,,9.4375,Thursday,17,4,2025
Mya Lauzon,31475,California,,9.95,9.9125,,Thursday,17,4,2025
Nikki Smith,31475,Michigan State,,9.8125,9.9,9.725,Thursday,17,4,2025
Olivia Zsarmani,31475,Michigan State,9.925,,,9.8625,Thursday,17,4,2025
Riley Jenkins,31475,UCLA,,,,9.8,Thursday,17,4,2025
Sage Kellerman,31475,Michigan State,9.9125,,,9.95,Thursday,17,4,2025
Sierra Ballard,31475,LSU,,9.875,9.825,,Thursday,17,4,2025
Skyla Schulte,31475,Michigan State,,9.8125,9.9375,,Thursday,17,4,2025
Sophia Diaz,31475,Michigan,,,,9.7125,Thursday,17,4,2025
Zoe Johnson,31475,Utah,,,,9.8375,Thursday,17,4,2025
Addison Fatta,31478,Oklahoma,9.8375,9.9,9.85,9.925,Saturday,19,4,2025
Addison Lawrence,31478,Missouri,,9.85,,,Saturday,19,4,2025
Amari Celestine,31478,Missouri,9.8625,9.8625,9.9125,9.9,Saturday,19,4,2025
Amelie Morgan,31478,Utah,9.875,9.6875,,,Saturday,19,4,2025
Amy Wier,31478,Missouri,,9.85,,,Saturday,19,4,2025
Ana Padurariu,31478,Utah,,9.9,,,Saturday,19,4,2025
Ashley Glynn,31478,Utah,9.6875,,9.875,9.7,Saturday,19,4,2025
Audrey Davis,31478,Oklahoma,9.925,9.9,9.8875,,Saturday,19,4,2025
Avery Neff,31478,Utah,9.825,9.85,9.9125,9.975,Saturday,19,4,2025
Brooklyn Moors,31478,UCLA,,,9.9375,9.825,Saturday,19,4,2025
Chae Campbell,31478,UCLA,9.8625,9.6875,9.925,9.9,Saturday,19,4,2025
Ciena Alipio,31478,UCLA,,9.7875,,,Saturday,19,4,2025
Danielle Sievers,31478,Oklahoma,9.875,,9.9125,,Saturday,19,4,2025
Elise Tisler,31478,Missouri,,,,9.8,Saturday,19,4,2025
Elizabeth Gantner,31478,Utah,,9.875,,,Saturday,19,4,2025
Ella Zirbes,31478,Utah,9.9125,,9.9,,Saturday,19,4,2025
Elle Mueller,31478,Oklahoma,,,9.9,9.8125,Saturday,19,4,2025
Emily Lee,31478,UCLA,,9.925,,9.825,Saturday,19,4,2025
Emma Malabuyo,31478,UCLA,9.8875,9.9375,9.875,,Saturday,19,4,2025
Faith Torrez,31478,Oklahoma,9.85,9.9375,9.9625,9.9375,Saturday,19,4,2025
Frida Esparza,31478,UCLA,9.7625,,,,Saturday,19,4,2025
Grace McCallum,31478,Utah,9.95,9.2875,9.7875,9.825,Saturday,19,4,2025
Hannah Horton,31478,Missouri,9.7875,,9.8375,9.8375,Saturday,19,4,2025
Helen Hu,31478,Missouri,,9.9625,,,Saturday,19,4,2025
Jaylene Gilstrap,31478,Utah,,,9.9,9.775,Saturday,19,4,2025
Jocelyn Moore,31478,Missouri,9.85,,9.9,9.85,Saturday,19,4,2025
Jordan Bowers,31478,Oklahoma,9.8875,9.9375,9.925,9.7375,Saturday,19,4,2025
Jordan Chiles,31478,UCLA,9.9625,9.9375,9.975,9.9,Saturday,19,4,2025
Kaia Tanskanen,31478,Missouri,,,9.8875,9.8125,Saturday,19,4,2025
Katelyn Rosen,31478,UCLA,9.8625,9.725,9.8875,,Saturday,19,4,2025
Keira Wells,31478,Oklahoma,,9.85,,9.9,Saturday,19,4,2025
Kennedy Griffin,31478,Missouri,,,9.95,9.775,Saturday,19,4,2025
Kyra Burns,31478,Missouri,9.825,,,,Saturday,19,4,2025
Lily Pederson,31478,Oklahoma,9.8,9.9375,,9.8625,Saturday,19,4,2025
Macy McGowan,31478,UCLA,9.825,,9.8875,9.8375,Saturday,19,4,2025
Makenna Smith,31478,Utah,9.8875,9.875,9.8875,9.85,Saturday,19,4,2025
Mara Titarsolej,31478,Missouri,9.85,,,,Saturday,19,4,2025
Olivia Kelly,31478,Missouri,9.775,9.8125,,,Saturday,19,4,2025
Railey Jackson,31478,Missouri,,9.8625,,,Saturday,19,4,2025
Rayna Light,31478,Missouri,,,9.7625,,Saturday,19,4,2025
Riley Jenkins,31478,UCLA,,,,9.825,Saturday,19,4,2025
Zoe Johnson,31478,Utah,,,,8.75,Saturday,19,4,2025
Abby Royer,31488,Southern Conn.,,,9.775,,Friday,11,4,2025
Abigail Kenney,31488,Bridgeport,9.725,9.8,9.8,9.625,Friday,11,4,2025
Ailey Kuehn,31488,S.E. Missouri,,9.05,,9.625,Friday,11,4,2025
Alessia Russo,31488,Greenville,8.15,9.75,,,Friday,11,4,2025
Alexa Melanson,31488,Southern Conn.,,9.65,,,Friday,11,4,2025
Allie Berkley,31488,Fisk,,9.675,,9.8,Friday,11,4,2025
Amara Nelson,31488,Greenville,9.2,9.2,9.75,9.525,Friday,11,4,2025
Angel Lee,31488,Southern Conn.,,9.675,,,Friday,11,4,2025
Angelina Stanfa,31488,Southern Conn.,,8.75,,,Friday,11,4,2025
Anna Lee Phillips,31488,S.E. Missouri,,,9.625,,Friday,11,4,2025
Ashlie Leage,31488,Greenville,9.7,9.4,8.875,9.275,Friday,11,4,2025
Ava Johnston,31488,S.E. Missouri,9.75,,,,Friday,11,4,2025
Ava Kelly,31488,Southern Conn.,,,9.55,9.6,Friday,11,4,2025
Brianna Dorr,31488,Southern Conn.,,,,9.625,Friday,11,4,2025
Ciniah Rosby,31488,Fisk,9.7,9.8,9.725,9.675,Friday,11,4,2025
Diamond Cook,31488,Wilberforce,,,9.75,,Friday,11,4,2025
Ellery Gilmer,31488,Greenville,,,9.55,9.475,Friday,11,4,2025
Elli Schnieders,31488,Greenville,8.6,,,9.35,Friday,11,4,2025
Emily Hernandez,31488,Bridgeport,8.975,9.6,,9.675,Friday,11,4,2025
Emma Brannon,31488,Greenville,8.5,,,,Friday,11,4,2025
Erica Beyer,31488,Southern Conn.,,,9.8,,Friday,11,4,2025
Faye Jones,31488,Greenville,,,8.275,,Friday,11,4,2025
Gabriela Dinisoe,31488,Southern Conn.,9.425,9.775,,,Friday,11,4,2025
Grace Christensen,31488,Southern Conn.,8.95,,,,Friday,11,4,2025
Gracie Jones,31488,S.E. Missouri,9.725,,,,Friday,11,4,2025
Gracie Walker,31488,Bridgeport,,,,9.575,Friday,11,4,2025
Haley Fitzgerald,31488,Southern Conn.,,,9.675,,Friday,11,4,2025
Hanna Zebdi,31488,Southern Conn.,,9.75,9.75,9.5,Friday,11,4,2025
Hannah Barry,31488,Bridgeport,,9.625,,,Friday,11,4,2025
Hannah Fitzgerald,31488,Southern Conn.,9.275,,,,Friday,11,4,2025
Isabella Feltman,31488,Greenville,,9.65,9.225,9.35,Friday,11,4,2025
Jaidan Kossuth,31488,S.E. Missouri,,9.775,,9.575,Friday,11,4,2025
Jordan Napolitano,31488,S.E. Missouri,,9.75,,,Friday,11,4,2025
Joselene Hernandez,31488,S.E. Missouri,9.65,,,9.75,Friday,11,4,2025
Kailyn Hamilton,31488,S.E. Missouri,9.6,,9.7,,Friday,11,4,2025
Kylie Sitty,31488,Southern Conn.,9.525,,,9.6,Friday,11,4,2025
Leah Parton,31488,S.E. Missouri,,9.55,9.575,,Friday,11,4,2025
Libby Allen,31488,Southern Conn.,,9.15,9.85,9.6,Friday,11,4,2025
Liberty Mora,31488,Fisk,,9.675,9.575,,Friday,11,4,2025
Lola Sepulveda,31488,Bridgeport,,,9.75,9.7,Friday,11,4,2025
Madelyn Viles,31488,Bridgeport,,9.65,9.7,,Friday,11,4,2025
Madison Carter,31488,Greenville,9.425,9.65,,,Friday,11,4,2025
Madison Ford,31488,Greenville,,9.525,,,Friday,11,4,2025
Madison Greene,31488,S.E. Missouri,,,9.675,9.45,Friday,11,4,2025
Margaret Coyle,31488,Bridgeport,,,9.8,,Friday,11,4,2025
Nicole Pujals,31488,Bridgeport,9.625,,,,Friday,11,4,2025
Nova Staruk,31488,Bridgeport,,,,9.75,Friday,11,4,2025
Nyah Reader,31488,S.E. Missouri,,9.725,,9.475,Friday,11,4,2025
Olivia Imbarlina,31488,Bridgeport,9.625,9.725,,,Friday,11,4,2025
Rachel Miller,31488,Greenville,,,9.75,9.625,Friday,11,4,2025
Rae Solis,31488,Bridgeport,9.375,,,,Friday,11,4,2025
Samantha Krenzel,31488,Bridgeport,,9.725,,,Friday,11,4,2025
Samantha Nokes,31488,Bridgeport,9.3,,,,Friday,11,4,2025
Shreya Munshi,31488,Southern Conn.,8.325,,,,Friday,11,4,2025
Sidney Wilson,31488,Southern Conn.,,,,7.05,Friday,11,4,2025
Skyler Vulchev,31488,Bridgeport,,,9.7,,Friday,11,4,2025
Sydney Crouch,31488,S.E. Missouri,9.5,,9.7,,Friday,11,4,2025
Tamyra Singletary,31488,Bridgeport,,,9.625,9.65,Friday,11,4,2025
Taylor Ingle,31488,S.E. Missouri,9.775,9.825,9.8,9.825,Friday,11,4,2025
Zoe Axell,31488,Southern Conn.,8.95,,,,Friday,11,4,2025
Alaina Reid,31495,Texas Woman's,,,,9.7,Friday,11,4,2025
Aliyah Reed-Hammon,31495,Fisk,,9.85,,9.825,Friday,11,4,2025
Alyssa Manley,31495,Alaska,9.8,,,,Friday,11,4,2025
Anna Ichiba,31495,Centenary College,,9.7,,,Friday,11,4,2025
Aria Roberts,31495,Centenary College,,,9.325,,Friday,11,4,2025
Ariana DeSouza,31495,Alaska,,,9.775,,Friday,11,4,2025
Avery Tillmanns,31495,Alaska,9.1,,8.95,,Friday,11,4,2025
Bailey Bourgeois,31495,Texas Woman's,9.75,,9.6,,Friday,11,4,2025
Bailey Upton,31495,Texas Woman's,,9.8,9.825,9.6,Friday,11,4,2025
Bridget Sullivan,31495,West Chester,,,9.65,9.45,Friday,11,4,2025
Brooke Ferrari,31495,Texas Woman's,9.775,,,,Friday,11,4,2025
Brooke Murdock,31495,Centenary College,,,9.425,,Friday,11,4,2025
Caroline Bowns,31495,Texas Woman's,9.85,,,,Friday,11,4,2025
Caroline Cascadden,31495,West Chester,,9.8,9.6,,Friday,11,4,2025
Catherine Keener,31495,West Chester,,,9.75,,Friday,11,4,2025
Chloe Gilbert,31495,Centenary College,,9.2,,9.4,Friday,11,4,2025
Claire Flores,31495,Centenary College,9.55,,9.675,9.575,Friday,11,4,2025
Claudia Lessig,31495,Alaska,9.6,9.8,,,Friday,11,4,2025
Corinne Gruber,31495,West Chester,,,,9.55,Friday,11,4,2025
Emma Brkljacic,31495,Texas Woman's,,9.775,,,Friday,11,4,2025
Emma Lavelle,31495,Centenary College,8.65,9.75,9.775,,Friday,11,4,2025
EmmaGrace Kelly,31495,West Chester,,9.0,9.625,,Friday,11,4,2025
Erin Pinder,31495,Centenary College,9.475,,,,Friday,11,4,2025
Grace Costello,31495,Alaska,,9.75,9.725,9.325,Friday,11,4,2025
Hannah Boyd,31495,Alaska,,9.675,8.875,9.35,Friday,11,4,2025
Hayden Cagle,31495,Centenary College,,8.85,,9.275,Friday,11,4,2025
Hayley Perkins,31495,Alaska,,,9.35,,Friday,11,4,2025
Jada Niles,31495,Alaska,9.65,9.825,,9.525,Friday,11,4,2025
Jada Reece,31495,Fisk,,,9.5,,Friday,11,4,2025
Jamilia Duffus,31495,Alaska,8.5,,,9.05,Friday,11,4,2025
Jordan Coleman,31495,West Chester,9.875,,,,Friday,11,4,2025
Kaitlyn Hoiland,31495,Texas Woman's,9.8,8.75,,9.8,Friday,11,4,2025
Kami Zarlengo,31495,Texas Woman's,9.7,,9.75,,Friday,11,4,2025
Karah Vargo,31495,West Chester,9.1,,,,Friday,11,4,2025
Kaylei McDonald,31495,Fisk,,9.775,,,Friday,11,4,2025
Kyleigh Ghanbari,31495,Texas Woman's,,,9.9,,Friday,11,4,2025
Lainey Hunt,31495,Texas Woman's,9.75,,,,Friday,11,4,2025
Lily McFarland,31495,West Chester,,9.75,9.8,9.625,Friday,11,4,2025
Lydia Stoner,31495,West Chester,,,9.675,,Friday,11,4,2025
Macarthy Keane,31495,West Chester,8.6,9.675,,9.5,Friday,11,4,2025
Madelyn Gomez,31495,Alaska,8.65,,,,Friday,11,4,2025
Marcela Bonifasi,31495,Alaska,,9.35,,,Friday,11,4,2025
Maribelle Albert,31495,Alaska,,,,9.575,Friday,11,4,2025
Melina Ringas,31495,West Chester,9.7,,,,Friday,11,4,2025
Montana Fairbairn,31495,Alaska,,9.75,9.75,9.7,Friday,11,4,2025
Morgan Price,31495,Fisk,9.85,9.9,9.825,9.775,Friday,11,4,2025
Mylia Vidtor,31495,Centenary College,,9.5,,,Friday,11,4,2025
Natalie Marshall,31495,West Chester,,9.725,,,Friday,11,4,2025
Olivia Montgomery,31495,Centenary College,,,,9.475,Friday,11,4,2025
Olivia Stratmann,31495,Centenary College,9.575,,,,Friday,11,4,2025
Olivia Williams,31495,Centenary College,9.325,,9.75,,Friday,11,4,2025
Peyton Burford,31495,Centenary College,,,,9.325,Friday,11,4,2025
Rylee Harada,31495,West Chester,9.4,,,9.65,Friday,11,4,2025
Sarah Eskew,31495,West Chester,9.75,,,,Friday,11,4,2025
Shannon Carroll,31495,West Chester,,,,9.5,Friday,11,4,2025
Sophia Isbell,31495,Texas Woman's,,9.75,9.75,9.7,Friday,11,4,2025
Sophie Hernandez,31495,Texas Woman's,,9.8,9.85,,Friday,11,4,2025
Sophie Schmitz,31495,Centenary College,9.7,9.375,9.25,9.525,Friday,11,4,2025
Steelie King,31495,Texas Woman's,,9.8,,9.7,Friday,11,4,2025
Tatum McGuinn,31495,West Chester,,9.75,,,Friday,11,4,2025
Trinity Caffey,31495,Texas Woman's,,,,9.875,Friday,11,4,2025
Abigail Kenney,31499,Bridgeport,9.75,9.8,9.775,9.8,Saturday,12,4,2025
Ailey Kuehn,31499,S.E. Missouri,,9.5,,9.7,Saturday,12,4,2025
Alaina Reid,31499,Texas Woman's,,,,9.775,Saturday,12,4,2025
Anna Lee Phillips,31499,S.E. Missouri,,,9.725,,Saturday,12,4,2025
Ava Johnston,31499,S.E. Missouri,9.8,,,,Saturday,12,4,2025
Bailey Bourgeois,31499,Texas Woman's,9.825,,9.75,,Saturday,12,4,2025
Bailey Upton,31499,Texas Woman's,,9.85,9.825,9.675,Saturday,12,4,2025
Bridget Sullivan,31499,West Chester,,,9.65,9.4,Saturday,12,4,2025
Brooke Ferrari,31499,Texas Woman's,9.875,,,,Saturday,12,4,2025
Caroline Bowns,31499,Texas Woman's,9.9,,,,Saturday,12,4,2025
Caroline Cascadden,31499,West Chester,,9.8,9.525,,Saturday,12,4,2025
Catherine Keener,31499,West Chester,,,9.75,,Saturday,12,4,2025
Corinne Gruber,31499,West Chester,,,,9.575,Saturday,12,4,2025
Emily Hernandez,31499,Bridgeport,9.4,9.625,,9.5,Saturday,12,4,2025
Emma Brkljacic,31499,Texas Woman's,,9.85,,,Saturday,12,4,2025
EmmaGrace Kelly,31499,West Chester,,,9.475,,Saturday,12,4,2025
Gracie Jones,31499,S.E. Missouri,9.725,,,,Saturday,12,4,2025
Gracie Walker,31499,Bridgeport,,,,9.6,Saturday,12,4,2025
Hannah Barry,31499,Bridgeport,,9.375,,,Saturday,12,4,2025
Jaidan Kossuth,31499,S.E. Missouri,,9.8,,9.7,Saturday,12,4,2025
Jordan Coleman,31499,West Chester,8.75,,,,Saturday,12,4,2025
Jordan Napolitano,31499,S.E. Missouri,,9.75,,,Saturday,12,4,2025
Joselene Hernandez,31499,S.E. Missouri,9.6,,,9.75,Saturday,12,4,2025
Kailyn Hamilton,31499,S.E. Missouri,9.85,,9.725,,Saturday,12,4,2025
Kaitlyn Hoiland,31499,Texas Woman's,9.775,9.85,,9.8,Saturday,12,4,2025
Kami Zarlengo,31499,Texas Woman's,9.75,,9.75,,Saturday,12,4,2025
Karah Vargo,31499,West Chester,9.25,,,,Saturday,12,4,2025
Kyleigh Ghanbari,31499,Texas Woman's,,,9.325,,Saturday,12,4,2025
Lainey Hunt,31499,Texas Woman's,7.85,,,,Saturday,12,4,2025
Leah Parton,31499,S.E. Missouri,,9.625,9.725,,Saturday,12,4,2025
Lily McFarland,31499,West Chester,,9.725,9.775,9.45,Saturday,12,4,2025
Lola Sepulveda,31499,Bridgeport,,,9.675,9.65,Saturday,12,4,2025
Lydia Stoner,31499,West Chester,,9.475,9.65,,Saturday,12,4,2025
Macarthy Keane,31499,West Chester,,9.55,,9.45,Saturday,12,4,2025
Madelyn Viles,31499,Bridgeport,,9.625,9.6,,Saturday,12,4,2025
Madison Greene,31499,S.E. Missouri,,,9.775,9.725,Saturday,12,4,2025
Margaret Coyle,31499,Bridgeport,,,9.8,,Saturday,12,4,2025
Melina Ringas,31499,West Chester,9.65,,,,Saturday,12,4,2025
Natalie Marshall,31499,West Chester,,9.2,,,Saturday,12,4,2025
Nicole Pujals,31499,Bridgeport,9.675,,,,Saturday,12,4,2025
Nova Staruk,31499,Bridgeport,,,,9.725,Saturday,12,4,2025
Nyah Reader,31499,S.E. Missouri,,9.75,,9.65,Saturday,12,4,2025
Olivia Imbarlina,31499,Bridgeport,9.725,9.45,,,Saturday,12,4,2025
Rae Solis,31499,Bridgeport,9.65,,,,Saturday,12,4,2025
Rylee Harada,31499,West Chester,9.45,,,9.6,Saturday,12,4,2025
Samantha Krenzel,31499,Bridgeport,,9.7,,,Saturday,12,4,2025
Samantha Nokes,31499,Bridgeport,9.675,,,,Saturday,12,4,2025
Sarah Eskew,31499,West Chester,9.7,,,,Saturday,12,4,2025
Shannon Carroll,31499,West Chester,,,,9.35,Saturday,12,4,2025
Skyler Vulchev,31499,Bridgeport,,,9.575,,Saturday,12,4,2025
Sophia Isbell,31499,Texas Woman's,,9.875,9.775,9.775,Saturday,12,4,2025
Sophie Hernandez,31499,Texas Woman's,,9.9,9.8,,Saturday,12,4,2025
Steelie King,31499,Texas Woman's,,9.85,,9.675,Saturday,12,4,2025
Sydney Crouch,31499,S.E. Missouri,9.65,,9.675,,Saturday,12,4,2025
Tamyra Singletary,31499,Bridgeport,,,9.65,9.65,Saturday,12,4,2025
Tatum McGuinn,31499,West Chester,8.2,9.675,,,Saturday,12,4,2025
Taylor Ingle,31499,S.E. Missouri,9.8,9.8,9.8,9.85,Saturday,12,4,2025
Trinity Caffey,31499,Texas Woman's,,,,9.8,Saturday,12,4,2025
Abigail Kenney,31509,Bridgeport,9.3,9.1625,9.825,,Sunday,13,4,2025
Aliyah Reed-Hammon,31509,Fisk,,9.6625,,9.675,Sunday,13,4,2025
Allie Berkley,31509,Fisk,,,,9.625,Sunday,13,4,2025
Alyssa Manley,31509,Alaska,9.775,,,,Sunday,13,4,2025
Ashlie Leage,31509,Greenville,9.8125,,,,Sunday,13,4,2025
Ava Johnston,31509,S.E. Missouri,9.713,,,,Sunday,13,4,2025
Bailey Upton,31509,Texas Woman's,,9.075,9.875,,Sunday,13,4,2025
Caroline Bowns,31509,Texas Woman's,9.637,,,,Sunday,13,4,2025
Caroline Cascadden,31509,West Chester,,9.7125,,,Sunday,13,4,2025
Ciniah Rosby,31509,Fisk,8.975,9.75,,,Sunday,13,4,2025
Claudia Lessig,31509,Alaska,,9.6,,,Sunday,13,4,2025
Emma Lavelle,31509,Centenary College,,,9.8,,Sunday,13,4,2025
Erica Beyer,31509,Southern Conn.,,,9.825,,Sunday,13,4,2025
Gabriela Dinisoe,31509,Southern Conn.,,9.8125,,,Sunday,13,4,2025
Gracie Jones,31509,S.E. Missouri,9.762,,,,Sunday,13,4,2025
Jada Niles,31509,Alaska,,9.6375,,,Sunday,13,4,2025
Jaidan Kossuth,31509,S.E. Missouri,,9.7,,,Sunday,13,4,2025
Jordan Coleman,31509,West Chester,9.6875,,,,Sunday,13,4,2025
Joselene Hernandez,31509,S.E. Missouri,,,,9.637,Sunday,13,4,2025
Kaitlyn Hoiland,31509,Texas Woman's,9.85,,,9.8,Sunday,13,4,2025
Kyleigh Ghanbari,31509,Texas Woman's,,,9.575,,Sunday,13,4,2025
Libby Allen,31509,Southern Conn.,,,9.8125,,Sunday,13,4,2025
Lily McFarland,31509,West Chester,,,9.65,,Sunday,13,4,2025
Lola Sepulveda,31509,Bridgeport,,,,9.662,Sunday,13,4,2025
Margaret Coyle,31509,Bridgeport,,,9.7125,,Sunday,13,4,2025
Montana Fairbairn,31509,Alaska,,,,9.625,Sunday,13,4,2025
Morgan Price,31509,Fisk,9.85,9.8625,9.9,9.825,Sunday,13,4,2025
Nova Staruk,31509,Bridgeport,,,,9.75,Sunday,13,4,2025
Sophia Isbell,31509,Texas Woman's,,,,9.762,Sunday,13,4,2025
Sophie Hernandez,31509,Texas Woman's,,9.838,9.85,,Sunday,13,4,2025
Steelie King,31509,Texas Woman's,,9.775,,,Sunday,13,4,2025
Taylor Ingle,31509,S.E. Missouri,9.8,9.6375,9.8875,9.637,Sunday,13,4,2025
Trinity Caffey,31509,Texas Woman's,,,,9.787,Sunday,13,4,2025
